ISO-10303-21;
HEADER;
/* Generated by software containing ST-Developer
 * from STEP Tools, Inc. (www.steptools.com) 
 */
/* OPTION: using custom renumber hook */

FILE_DESCRIPTION(
/* description */ ('STEP AP242',
'CAx-IF Rec.Pracs.---Representation and Presentation of Product Manufa
cturing Information (PMI)---4.0---2014-10-13',
'CAx-IF Rec.Pracs.---3D Tessellated Geometry---0.4---2014-09-14','2;1'),

/* implementation_level */ '2;1');

FILE_NAME(
/* name */ '689c72295745cd4961c03be4',
/* time_stamp */ '2025-08-13T11:08:26Z',
/* author */ (''),
/* organization */ (''),
/* preprocessor_version */ 'ST-DEVELOPER v20',
/* originating_system */ 'ONSHAPE BY PTC INC, 1.202',
/* authorisation */ '  ');

FILE_SCHEMA (('AP242_MANAGED_MODEL_BASED_3D_ENGINEERING_MIM_LF { 1 0 10303 442 1 1 4 }'));
ENDSEC;

DATA;
#10=SHAPE_REPRESENTATION_RELATIONSHIP('','',#9465,#11);
#11=ADVANCED_BREP_SHAPE_REPRESENTATION('',(#9463),#13877);
#12=B_SPLINE_CURVE_WITH_KNOTS('',3,(#12464,#12465,#12466,#12467,#12468),
 .UNSPECIFIED.,.F.,.F.,(4,1,4),(0.,0.000995391354039112,0.00199078270807822),
 .UNSPECIFIED.);
#13=B_SPLINE_CURVE_WITH_KNOTS('',3,(#12472,#12473,#12474,#12475,#12476),
 .UNSPECIFIED.,.F.,.F.,(4,1,4),(0.,0.000995391354039116,0.00199078270807823),
 .UNSPECIFIED.);
#14=B_SPLINE_CURVE_WITH_KNOTS('',3,(#12486,#12487,#12488,#12489,#12490),
 .UNSPECIFIED.,.F.,.F.,(4,1,4),(2.82425821534429E-17,0.000850287629067065,
0.0017005752581341),.UNSPECIFIED.);
#15=B_SPLINE_CURVE_WITH_KNOTS('',3,(#12519,#12520,#12521,#12522,#12523),
 .UNSPECIFIED.,.F.,.F.,(4,1,4),(1.92807821983625E-10,0.000845880967954902,
0.00169176174310198),.UNSPECIFIED.);
#16=B_SPLINE_CURVE_WITH_KNOTS('',3,(#12849,#12850,#12851,#12852,#12853),
 .UNSPECIFIED.,.F.,.F.,(4,1,4),(0.,0.000995391354039115,0.00199078270807823),
 .UNSPECIFIED.);
#17=B_SPLINE_CURVE_WITH_KNOTS('',3,(#12857,#12858,#12859,#12860,#12861),
 .UNSPECIFIED.,.F.,.F.,(4,1,4),(2.99491103282124E-17,0.000850287632793868,
0.00170057526558771),.UNSPECIFIED.);
#18=B_SPLINE_CURVE_WITH_KNOTS('',3,(#12867,#12868,#12869,#12870,#12871),
 .UNSPECIFIED.,.F.,.F.,(4,1,4),(0.,0.000995391354039113,0.00199078270807823),
 .UNSPECIFIED.);
#19=B_SPLINE_CURVE_WITH_KNOTS('',3,(#12886,#12887,#12888,#12889,#12890),
 .UNSPECIFIED.,.F.,.F.,(4,1,4),(7.67689154456229E-11,0.000845880794218966,
0.00169176151166902),.UNSPECIFIED.);
#20=CIRCLE('',#9480,0.0037592);
#21=CIRCLE('',#9481,0.0037592);
#22=CIRCLE('',#9484,0.0037592);
#23=CIRCLE('',#9486,0.0037592);
#24=CIRCLE('',#9490,0.0037592);
#25=CIRCLE('',#9491,0.0037592);
#26=CIRCLE('',#9494,0.0037592);
#27=CIRCLE('',#9496,0.0037592);
#28=CIRCLE('',#9500,0.0037592);
#29=CIRCLE('',#9501,0.0037592);
#30=CIRCLE('',#9504,0.0037592);
#31=CIRCLE('',#9506,0.0037592);
#32=CIRCLE('',#9510,0.0037592);
#33=CIRCLE('',#9511,0.0037592);
#34=CIRCLE('',#9514,0.0037592);
#35=CIRCLE('',#9516,0.0037592);
#36=CIRCLE('',#9520,0.0037592);
#37=CIRCLE('',#9521,0.0037592);
#38=CIRCLE('',#9524,0.0037592);
#39=CIRCLE('',#9526,0.0037592);
#40=CIRCLE('',#9530,0.0037592);
#41=CIRCLE('',#9531,0.0037592);
#42=CIRCLE('',#9534,0.0037592);
#43=CIRCLE('',#9536,0.0037592);
#44=CIRCLE('',#9540,0.0037592);
#45=CIRCLE('',#9541,0.0037592);
#46=CIRCLE('',#9544,0.0037592);
#47=CIRCLE('',#9546,0.0037592);
#48=CIRCLE('',#9550,0.0037592);
#49=CIRCLE('',#9551,0.0037592);
#50=CIRCLE('',#9554,0.0037592);
#51=CIRCLE('',#9556,0.0037592);
#52=CIRCLE('',#9560,0.0037592);
#53=CIRCLE('',#9561,0.0037592);
#54=CIRCLE('',#9564,0.0037592);
#55=CIRCLE('',#9566,0.0037592);
#56=CIRCLE('',#9570,0.0037592);
#57=CIRCLE('',#9571,0.0037592);
#58=CIRCLE('',#9574,0.0037592);
#59=CIRCLE('',#9576,0.0037592);
#60=CIRCLE('',#9580,0.0037592);
#61=CIRCLE('',#9581,0.0037592);
#62=CIRCLE('',#9584,0.0037592);
#63=CIRCLE('',#9586,0.0037592);
#64=CIRCLE('',#9590,0.0037592);
#65=CIRCLE('',#9591,0.0037592);
#66=CIRCLE('',#9594,0.0037592);
#67=CIRCLE('',#9596,0.0037592);
#68=CIRCLE('',#9605,0.0037465);
#69=CIRCLE('',#9606,0.0037465);
#70=CIRCLE('',#9609,0.0037465);
#71=CIRCLE('',#9610,0.0037465);
#72=CIRCLE('',#9613,0.0037465);
#73=CIRCLE('',#9614,0.0037465);
#74=CIRCLE('',#9617,0.00254);
#75=CIRCLE('',#9618,0.00254);
#76=CIRCLE('',#9620,0.0042291);
#77=CIRCLE('',#9621,0.0042291);
#78=CIRCLE('',#9625,0.0012573);
#79=CIRCLE('',#9626,0.0012573);
#80=CIRCLE('',#9629,0.0015621);
#81=CIRCLE('',#9630,0.0015621);
#82=CIRCLE('',#9632,0.0015621);
#83=CIRCLE('',#9633,0.0015621);
#84=CIRCLE('',#9636,0.0012573);
#85=CIRCLE('',#9637,0.0012573);
#86=CIRCLE('',#9640,0.0012573);
#87=CIRCLE('',#9641,0.0012573);
#88=CIRCLE('',#9644,0.0015621);
#89=CIRCLE('',#9645,0.0015621);
#90=CIRCLE('',#9648,0.0012573);
#91=CIRCLE('',#9649,0.0012573);
#92=CIRCLE('',#9655,0.0015621);
#93=CIRCLE('',#9658,0.0015621);
#94=CIRCLE('',#9660,0.0025908);
#95=CIRCLE('',#9661,0.0025908);
#96=CIRCLE('',#9666,0.001143);
#97=CIRCLE('',#9667,0.001143);
#98=CIRCLE('',#9671,0.0014478);
#99=CIRCLE('',#9675,0.0014478);
#100=CIRCLE('',#9677,0.000508);
#101=CIRCLE('',#9678,0.000508);
#102=CIRCLE('',#9680,0.0015875);
#103=CIRCLE('',#9681,0.0015875);
#104=CIRCLE('',#9683,0.000508);
#105=CIRCLE('',#9684,0.000508);
#106=CIRCLE('',#9687,0.0015875);
#107=CIRCLE('',#9688,0.0015875);
#108=CIRCLE('',#9690,0.000508);
#109=CIRCLE('',#9691,0.000508);
#110=CIRCLE('',#9695,0.000508);
#111=CIRCLE('',#9697,0.000508);
#112=CIRCLE('',#9699,0.0014478);
#113=CIRCLE('',#9701,0.0014478);
#114=CIRCLE('',#9709,0.000762);
#115=CIRCLE('',#9710,0.000762);
#116=CIRCLE('',#9713,0.000762);
#117=CIRCLE('',#9714,0.000762);
#118=CIRCLE('',#9717,0.000762);
#119=CIRCLE('',#9718,0.000762);
#120=CIRCLE('',#9719,0.000762);
#121=CIRCLE('',#9723,0.000762);
#122=CIRCLE('',#9725,0.000762);
#123=CIRCLE('',#9726,0.000762);
#124=CIRCLE('',#9746,0.0014478);
#125=CIRCLE('',#9749,0.001143);
#126=CIRCLE('',#9750,0.001143);
#127=CIRCLE('',#9754,0.0014478);
#128=CIRCLE('',#9756,0.000508);
#129=CIRCLE('',#9757,0.000508);
#130=CIRCLE('',#9759,0.0015875);
#131=CIRCLE('',#9760,0.0015875);
#132=CIRCLE('',#9762,0.000508);
#133=CIRCLE('',#9763,0.000508);
#134=CIRCLE('',#9768,0.000508);
#135=CIRCLE('',#9769,0.000508);
#136=CIRCLE('',#9771,0.0015875);
#137=CIRCLE('',#9772,0.0015875);
#138=CIRCLE('',#9774,0.000508);
#139=CIRCLE('',#9776,0.000508);
#140=CIRCLE('',#9778,0.0014478);
#141=CIRCLE('',#9780,0.0014478);
#142=CIRCLE('',#9945,0.0025908);
#143=CIRCLE('',#9947,0.0025908);
#144=CIRCLE('',#9955,0.0042291);
#145=CIRCLE('',#9956,0.0042291);
#146=CIRCLE('',#9963,0.0014224);
#147=CIRCLE('',#9964,0.0014224);
#148=CIRCLE('',#9966,0.0014224);
#149=CIRCLE('',#9968,0.0014224);
#150=CIRCLE('',#9971,0.00254);
#151=CIRCLE('',#9973,0.00254);
#152=CIRCLE('',#9976,0.0037465);
#153=CIRCLE('',#9978,0.0037465);
#154=CYLINDRICAL_SURFACE('',#9479,0.0037592);
#155=CYLINDRICAL_SURFACE('',#9485,0.0037592);
#156=CYLINDRICAL_SURFACE('',#9489,0.0037592);
#157=CYLINDRICAL_SURFACE('',#9495,0.0037592);
#158=CYLINDRICAL_SURFACE('',#9499,0.0037592);
#159=CYLINDRICAL_SURFACE('',#9505,0.0037592);
#160=CYLINDRICAL_SURFACE('',#9509,0.0037592);
#161=CYLINDRICAL_SURFACE('',#9515,0.0037592);
#162=CYLINDRICAL_SURFACE('',#9519,0.0037592);
#163=CYLINDRICAL_SURFACE('',#9525,0.0037592);
#164=CYLINDRICAL_SURFACE('',#9529,0.0037592);
#165=CYLINDRICAL_SURFACE('',#9535,0.0037592);
#166=CYLINDRICAL_SURFACE('',#9539,0.0037592);
#167=CYLINDRICAL_SURFACE('',#9545,0.0037592);
#168=CYLINDRICAL_SURFACE('',#9549,0.0037592);
#169=CYLINDRICAL_SURFACE('',#9555,0.0037592);
#170=CYLINDRICAL_SURFACE('',#9559,0.0037592);
#171=CYLINDRICAL_SURFACE('',#9565,0.0037592);
#172=CYLINDRICAL_SURFACE('',#9569,0.0037592);
#173=CYLINDRICAL_SURFACE('',#9575,0.0037592);
#174=CYLINDRICAL_SURFACE('',#9579,0.0037592);
#175=CYLINDRICAL_SURFACE('',#9585,0.0037592);
#176=CYLINDRICAL_SURFACE('',#9589,0.0037592);
#177=CYLINDRICAL_SURFACE('',#9595,0.0037592);
#178=CYLINDRICAL_SURFACE('',#9604,0.0037465);
#179=CYLINDRICAL_SURFACE('',#9608,0.0037465);
#180=CYLINDRICAL_SURFACE('',#9612,0.0037465);
#181=CYLINDRICAL_SURFACE('',#9616,0.00254);
#182=CYLINDRICAL_SURFACE('',#9619,0.0042291);
#183=CYLINDRICAL_SURFACE('',#9624,0.0012573);
#184=CYLINDRICAL_SURFACE('',#9628,0.0015621);
#185=CYLINDRICAL_SURFACE('',#9631,0.0015621);
#186=CYLINDRICAL_SURFACE('',#9635,0.0012573);
#187=CYLINDRICAL_SURFACE('',#9639,0.0012573);
#188=CYLINDRICAL_SURFACE('',#9643,0.0015621);
#189=CYLINDRICAL_SURFACE('',#9647,0.0012573);
#190=CYLINDRICAL_SURFACE('',#9657,0.0015621);
#191=CYLINDRICAL_SURFACE('',#9659,0.0025908);
#192=CYLINDRICAL_SURFACE('',#9665,0.001143);
#193=CYLINDRICAL_SURFACE('',#9668,0.001016);
#194=CYLINDRICAL_SURFACE('',#9673,0.001016);
#195=CYLINDRICAL_SURFACE('',#9676,0.000508);
#196=CYLINDRICAL_SURFACE('',#9679,0.0015875);
#197=CYLINDRICAL_SURFACE('',#9682,0.000508);
#198=CYLINDRICAL_SURFACE('',#9686,0.0015875);
#199=CYLINDRICAL_SURFACE('',#9689,0.000508);
#200=CYLINDRICAL_SURFACE('',#9696,0.000508);
#201=CYLINDRICAL_SURFACE('',#9700,0.0014478);
#202=CYLINDRICAL_SURFACE('',#9708,0.000762);
#203=CYLINDRICAL_SURFACE('',#9712,0.000762);
#204=CYLINDRICAL_SURFACE('',#9716,0.000762);
#205=CYLINDRICAL_SURFACE('',#9724,0.000762);
#206=CYLINDRICAL_SURFACE('',#9747,0.001016);
#207=CYLINDRICAL_SURFACE('',#9748,0.001143);
#208=CYLINDRICAL_SURFACE('',#9752,0.001016);
#209=CYLINDRICAL_SURFACE('',#9755,0.000508);
#210=CYLINDRICAL_SURFACE('',#9758,0.0015875);
#211=CYLINDRICAL_SURFACE('',#9761,0.000508);
#212=CYLINDRICAL_SURFACE('',#9767,0.000508);
#213=CYLINDRICAL_SURFACE('',#9770,0.0015875);
#214=CYLINDRICAL_SURFACE('',#9775,0.000508);
#215=CYLINDRICAL_SURFACE('',#9779,0.0014478);
#216=CYLINDRICAL_SURFACE('',#9946,0.0025908);
#217=CYLINDRICAL_SURFACE('',#9954,0.0042291);
#218=CYLINDRICAL_SURFACE('',#9962,0.0014224);
#219=CYLINDRICAL_SURFACE('',#9967,0.0014224);
#220=CYLINDRICAL_SURFACE('',#9972,0.00254);
#221=CYLINDRICAL_SURFACE('',#9977,0.0037465);
#222=ORIENTED_EDGE('',*,*,#2174,.T.);
#223=ORIENTED_EDGE('',*,*,#2175,.F.);
#224=ORIENTED_EDGE('',*,*,#2176,.F.);
#225=ORIENTED_EDGE('',*,*,#2177,.T.);
#226=ORIENTED_EDGE('',*,*,#2178,.T.);
#227=ORIENTED_EDGE('',*,*,#2179,.F.);
#228=ORIENTED_EDGE('',*,*,#2174,.F.);
#229=ORIENTED_EDGE('',*,*,#2180,.T.);
#230=ORIENTED_EDGE('',*,*,#2181,.T.);
#231=ORIENTED_EDGE('',*,*,#2182,.F.);
#232=ORIENTED_EDGE('',*,*,#2178,.F.);
#233=ORIENTED_EDGE('',*,*,#2183,.T.);
#234=ORIENTED_EDGE('',*,*,#2184,.T.);
#235=ORIENTED_EDGE('',*,*,#2185,.F.);
#236=ORIENTED_EDGE('',*,*,#2181,.F.);
#237=ORIENTED_EDGE('',*,*,#2186,.T.);
#238=ORIENTED_EDGE('',*,*,#2187,.T.);
#239=ORIENTED_EDGE('',*,*,#2188,.F.);
#240=ORIENTED_EDGE('',*,*,#2184,.F.);
#241=ORIENTED_EDGE('',*,*,#2189,.T.);
#242=ORIENTED_EDGE('',*,*,#2190,.T.);
#243=ORIENTED_EDGE('',*,*,#2191,.F.);
#244=ORIENTED_EDGE('',*,*,#2187,.F.);
#245=ORIENTED_EDGE('',*,*,#2192,.T.);
#246=ORIENTED_EDGE('',*,*,#2176,.T.);
#247=ORIENTED_EDGE('',*,*,#2193,.F.);
#248=ORIENTED_EDGE('',*,*,#2190,.F.);
#249=ORIENTED_EDGE('',*,*,#2194,.T.);
#250=ORIENTED_EDGE('',*,*,#2175,.T.);
#251=ORIENTED_EDGE('',*,*,#2179,.T.);
#252=ORIENTED_EDGE('',*,*,#2182,.T.);
#253=ORIENTED_EDGE('',*,*,#2185,.T.);
#254=ORIENTED_EDGE('',*,*,#2188,.T.);
#255=ORIENTED_EDGE('',*,*,#2191,.T.);
#256=ORIENTED_EDGE('',*,*,#2193,.T.);
#257=ORIENTED_EDGE('',*,*,#2195,.T.);
#258=ORIENTED_EDGE('',*,*,#2196,.T.);
#259=ORIENTED_EDGE('',*,*,#2197,.T.);
#260=ORIENTED_EDGE('',*,*,#2198,.T.);
#261=ORIENTED_EDGE('',*,*,#2199,.T.);
#262=ORIENTED_EDGE('',*,*,#2195,.F.);
#263=ORIENTED_EDGE('',*,*,#2200,.F.);
#264=ORIENTED_EDGE('',*,*,#2201,.T.);
#265=ORIENTED_EDGE('',*,*,#2202,.T.);
#266=ORIENTED_EDGE('',*,*,#2196,.F.);
#267=ORIENTED_EDGE('',*,*,#2199,.F.);
#268=ORIENTED_EDGE('',*,*,#2203,.F.);
#269=ORIENTED_EDGE('',*,*,#2204,.T.);
#270=ORIENTED_EDGE('',*,*,#2197,.F.);
#271=ORIENTED_EDGE('',*,*,#2202,.F.);
#272=ORIENTED_EDGE('',*,*,#2205,.T.);
#273=ORIENTED_EDGE('',*,*,#2200,.T.);
#274=ORIENTED_EDGE('',*,*,#2198,.F.);
#275=ORIENTED_EDGE('',*,*,#2204,.F.);
#276=ORIENTED_EDGE('',*,*,#2206,.T.);
#277=ORIENTED_EDGE('',*,*,#2207,.T.);
#278=ORIENTED_EDGE('',*,*,#2208,.T.);
#279=ORIENTED_EDGE('',*,*,#2209,.F.);
#280=ORIENTED_EDGE('',*,*,#2210,.F.);
#281=ORIENTED_EDGE('',*,*,#2209,.T.);
#282=ORIENTED_EDGE('',*,*,#2211,.T.);
#283=ORIENTED_EDGE('',*,*,#2212,.T.);
#284=ORIENTED_EDGE('',*,*,#2213,.F.);
#285=ORIENTED_EDGE('',*,*,#2214,.T.);
#286=ORIENTED_EDGE('',*,*,#2215,.T.);
#287=ORIENTED_EDGE('',*,*,#2212,.F.);
#288=ORIENTED_EDGE('',*,*,#2216,.F.);
#289=ORIENTED_EDGE('',*,*,#2207,.F.);
#290=ORIENTED_EDGE('',*,*,#2217,.F.);
#291=ORIENTED_EDGE('',*,*,#2214,.F.);
#292=ORIENTED_EDGE('',*,*,#2218,.T.);
#293=ORIENTED_EDGE('',*,*,#2219,.T.);
#294=ORIENTED_EDGE('',*,*,#2220,.T.);
#295=ORIENTED_EDGE('',*,*,#2221,.F.);
#296=ORIENTED_EDGE('',*,*,#2222,.F.);
#297=ORIENTED_EDGE('',*,*,#2221,.T.);
#298=ORIENTED_EDGE('',*,*,#2223,.T.);
#299=ORIENTED_EDGE('',*,*,#2224,.T.);
#300=ORIENTED_EDGE('',*,*,#2225,.F.);
#301=ORIENTED_EDGE('',*,*,#2226,.T.);
#302=ORIENTED_EDGE('',*,*,#2227,.T.);
#303=ORIENTED_EDGE('',*,*,#2224,.F.);
#304=ORIENTED_EDGE('',*,*,#2228,.F.);
#305=ORIENTED_EDGE('',*,*,#2219,.F.);
#306=ORIENTED_EDGE('',*,*,#2229,.F.);
#307=ORIENTED_EDGE('',*,*,#2226,.F.);
#308=ORIENTED_EDGE('',*,*,#2230,.T.);
#309=ORIENTED_EDGE('',*,*,#2231,.T.);
#310=ORIENTED_EDGE('',*,*,#2232,.T.);
#311=ORIENTED_EDGE('',*,*,#2233,.F.);
#312=ORIENTED_EDGE('',*,*,#2234,.F.);
#313=ORIENTED_EDGE('',*,*,#2233,.T.);
#314=ORIENTED_EDGE('',*,*,#2235,.T.);
#315=ORIENTED_EDGE('',*,*,#2236,.T.);
#316=ORIENTED_EDGE('',*,*,#2237,.F.);
#317=ORIENTED_EDGE('',*,*,#2238,.T.);
#318=ORIENTED_EDGE('',*,*,#2239,.T.);
#319=ORIENTED_EDGE('',*,*,#2236,.F.);
#320=ORIENTED_EDGE('',*,*,#2240,.F.);
#321=ORIENTED_EDGE('',*,*,#2231,.F.);
#322=ORIENTED_EDGE('',*,*,#2241,.F.);
#323=ORIENTED_EDGE('',*,*,#2238,.F.);
#324=ORIENTED_EDGE('',*,*,#2242,.T.);
#325=ORIENTED_EDGE('',*,*,#2243,.T.);
#326=ORIENTED_EDGE('',*,*,#2244,.T.);
#327=ORIENTED_EDGE('',*,*,#2245,.F.);
#328=ORIENTED_EDGE('',*,*,#2246,.F.);
#329=ORIENTED_EDGE('',*,*,#2245,.T.);
#330=ORIENTED_EDGE('',*,*,#2247,.T.);
#331=ORIENTED_EDGE('',*,*,#2248,.T.);
#332=ORIENTED_EDGE('',*,*,#2249,.F.);
#333=ORIENTED_EDGE('',*,*,#2250,.T.);
#334=ORIENTED_EDGE('',*,*,#2251,.T.);
#335=ORIENTED_EDGE('',*,*,#2248,.F.);
#336=ORIENTED_EDGE('',*,*,#2252,.F.);
#337=ORIENTED_EDGE('',*,*,#2243,.F.);
#338=ORIENTED_EDGE('',*,*,#2253,.F.);
#339=ORIENTED_EDGE('',*,*,#2250,.F.);
#340=ORIENTED_EDGE('',*,*,#2254,.T.);
#341=ORIENTED_EDGE('',*,*,#2255,.T.);
#342=ORIENTED_EDGE('',*,*,#2256,.T.);
#343=ORIENTED_EDGE('',*,*,#2257,.F.);
#344=ORIENTED_EDGE('',*,*,#2258,.F.);
#345=ORIENTED_EDGE('',*,*,#2257,.T.);
#346=ORIENTED_EDGE('',*,*,#2259,.T.);
#347=ORIENTED_EDGE('',*,*,#2260,.T.);
#348=ORIENTED_EDGE('',*,*,#2261,.F.);
#349=ORIENTED_EDGE('',*,*,#2262,.T.);
#350=ORIENTED_EDGE('',*,*,#2263,.T.);
#351=ORIENTED_EDGE('',*,*,#2260,.F.);
#352=ORIENTED_EDGE('',*,*,#2264,.F.);
#353=ORIENTED_EDGE('',*,*,#2255,.F.);
#354=ORIENTED_EDGE('',*,*,#2265,.F.);
#355=ORIENTED_EDGE('',*,*,#2262,.F.);
#356=ORIENTED_EDGE('',*,*,#2266,.T.);
#357=ORIENTED_EDGE('',*,*,#2267,.T.);
#358=ORIENTED_EDGE('',*,*,#2268,.T.);
#359=ORIENTED_EDGE('',*,*,#2269,.F.);
#360=ORIENTED_EDGE('',*,*,#2270,.F.);
#361=ORIENTED_EDGE('',*,*,#2269,.T.);
#362=ORIENTED_EDGE('',*,*,#2271,.T.);
#363=ORIENTED_EDGE('',*,*,#2272,.T.);
#364=ORIENTED_EDGE('',*,*,#2273,.F.);
#365=ORIENTED_EDGE('',*,*,#2274,.T.);
#366=ORIENTED_EDGE('',*,*,#2275,.T.);
#367=ORIENTED_EDGE('',*,*,#2272,.F.);
#368=ORIENTED_EDGE('',*,*,#2276,.F.);
#369=ORIENTED_EDGE('',*,*,#2267,.F.);
#370=ORIENTED_EDGE('',*,*,#2277,.F.);
#371=ORIENTED_EDGE('',*,*,#2274,.F.);
#372=ORIENTED_EDGE('',*,*,#2278,.T.);
#373=ORIENTED_EDGE('',*,*,#2279,.T.);
#374=ORIENTED_EDGE('',*,*,#2280,.T.);
#375=ORIENTED_EDGE('',*,*,#2281,.F.);
#376=ORIENTED_EDGE('',*,*,#2282,.F.);
#377=ORIENTED_EDGE('',*,*,#2281,.T.);
#378=ORIENTED_EDGE('',*,*,#2283,.T.);
#379=ORIENTED_EDGE('',*,*,#2284,.T.);
#380=ORIENTED_EDGE('',*,*,#2285,.F.);
#381=ORIENTED_EDGE('',*,*,#2286,.T.);
#382=ORIENTED_EDGE('',*,*,#2287,.T.);
#383=ORIENTED_EDGE('',*,*,#2284,.F.);
#384=ORIENTED_EDGE('',*,*,#2288,.F.);
#385=ORIENTED_EDGE('',*,*,#2279,.F.);
#386=ORIENTED_EDGE('',*,*,#2289,.F.);
#387=ORIENTED_EDGE('',*,*,#2286,.F.);
#388=ORIENTED_EDGE('',*,*,#2290,.T.);
#389=ORIENTED_EDGE('',*,*,#2291,.T.);
#390=ORIENTED_EDGE('',*,*,#2292,.T.);
#391=ORIENTED_EDGE('',*,*,#2293,.F.);
#392=ORIENTED_EDGE('',*,*,#2294,.F.);
#393=ORIENTED_EDGE('',*,*,#2293,.T.);
#394=ORIENTED_EDGE('',*,*,#2295,.T.);
#395=ORIENTED_EDGE('',*,*,#2296,.T.);
#396=ORIENTED_EDGE('',*,*,#2297,.F.);
#397=ORIENTED_EDGE('',*,*,#2298,.T.);
#398=ORIENTED_EDGE('',*,*,#2299,.T.);
#399=ORIENTED_EDGE('',*,*,#2296,.F.);
#400=ORIENTED_EDGE('',*,*,#2300,.F.);
#401=ORIENTED_EDGE('',*,*,#2291,.F.);
#402=ORIENTED_EDGE('',*,*,#2301,.F.);
#403=ORIENTED_EDGE('',*,*,#2298,.F.);
#404=ORIENTED_EDGE('',*,*,#2302,.T.);
#405=ORIENTED_EDGE('',*,*,#2303,.T.);
#406=ORIENTED_EDGE('',*,*,#2304,.T.);
#407=ORIENTED_EDGE('',*,*,#2305,.F.);
#408=ORIENTED_EDGE('',*,*,#2306,.F.);
#409=ORIENTED_EDGE('',*,*,#2305,.T.);
#410=ORIENTED_EDGE('',*,*,#2307,.T.);
#411=ORIENTED_EDGE('',*,*,#2308,.T.);
#412=ORIENTED_EDGE('',*,*,#2309,.F.);
#413=ORIENTED_EDGE('',*,*,#2310,.T.);
#414=ORIENTED_EDGE('',*,*,#2311,.T.);
#415=ORIENTED_EDGE('',*,*,#2308,.F.);
#416=ORIENTED_EDGE('',*,*,#2312,.F.);
#417=ORIENTED_EDGE('',*,*,#2303,.F.);
#418=ORIENTED_EDGE('',*,*,#2313,.F.);
#419=ORIENTED_EDGE('',*,*,#2310,.F.);
#420=ORIENTED_EDGE('',*,*,#2314,.T.);
#421=ORIENTED_EDGE('',*,*,#2315,.T.);
#422=ORIENTED_EDGE('',*,*,#2316,.T.);
#423=ORIENTED_EDGE('',*,*,#2317,.F.);
#424=ORIENTED_EDGE('',*,*,#2318,.F.);
#425=ORIENTED_EDGE('',*,*,#2317,.T.);
#426=ORIENTED_EDGE('',*,*,#2319,.T.);
#427=ORIENTED_EDGE('',*,*,#2320,.T.);
#428=ORIENTED_EDGE('',*,*,#2321,.F.);
#429=ORIENTED_EDGE('',*,*,#2322,.T.);
#430=ORIENTED_EDGE('',*,*,#2323,.T.);
#431=ORIENTED_EDGE('',*,*,#2320,.F.);
#432=ORIENTED_EDGE('',*,*,#2324,.F.);
#433=ORIENTED_EDGE('',*,*,#2315,.F.);
#434=ORIENTED_EDGE('',*,*,#2325,.F.);
#435=ORIENTED_EDGE('',*,*,#2322,.F.);
#436=ORIENTED_EDGE('',*,*,#2326,.T.);
#437=ORIENTED_EDGE('',*,*,#2327,.T.);
#438=ORIENTED_EDGE('',*,*,#2328,.T.);
#439=ORIENTED_EDGE('',*,*,#2329,.F.);
#440=ORIENTED_EDGE('',*,*,#2330,.F.);
#441=ORIENTED_EDGE('',*,*,#2329,.T.);
#442=ORIENTED_EDGE('',*,*,#2331,.T.);
#443=ORIENTED_EDGE('',*,*,#2332,.T.);
#444=ORIENTED_EDGE('',*,*,#2333,.F.);
#445=ORIENTED_EDGE('',*,*,#2334,.T.);
#446=ORIENTED_EDGE('',*,*,#2335,.T.);
#447=ORIENTED_EDGE('',*,*,#2332,.F.);
#448=ORIENTED_EDGE('',*,*,#2336,.F.);
#449=ORIENTED_EDGE('',*,*,#2327,.F.);
#450=ORIENTED_EDGE('',*,*,#2337,.F.);
#451=ORIENTED_EDGE('',*,*,#2334,.F.);
#452=ORIENTED_EDGE('',*,*,#2338,.T.);
#453=ORIENTED_EDGE('',*,*,#2339,.T.);
#454=ORIENTED_EDGE('',*,*,#2340,.T.);
#455=ORIENTED_EDGE('',*,*,#2341,.F.);
#456=ORIENTED_EDGE('',*,*,#2342,.F.);
#457=ORIENTED_EDGE('',*,*,#2341,.T.);
#458=ORIENTED_EDGE('',*,*,#2343,.T.);
#459=ORIENTED_EDGE('',*,*,#2344,.T.);
#460=ORIENTED_EDGE('',*,*,#2345,.F.);
#461=ORIENTED_EDGE('',*,*,#2346,.T.);
#462=ORIENTED_EDGE('',*,*,#2347,.T.);
#463=ORIENTED_EDGE('',*,*,#2344,.F.);
#464=ORIENTED_EDGE('',*,*,#2348,.F.);
#465=ORIENTED_EDGE('',*,*,#2339,.F.);
#466=ORIENTED_EDGE('',*,*,#2349,.F.);
#467=ORIENTED_EDGE('',*,*,#2346,.F.);
#468=ORIENTED_EDGE('',*,*,#2350,.T.);
#469=ORIENTED_EDGE('',*,*,#2210,.T.);
#470=ORIENTED_EDGE('',*,*,#2211,.F.);
#471=ORIENTED_EDGE('',*,*,#2208,.F.);
#472=ORIENTED_EDGE('',*,*,#2217,.T.);
#473=ORIENTED_EDGE('',*,*,#2222,.T.);
#474=ORIENTED_EDGE('',*,*,#2223,.F.);
#475=ORIENTED_EDGE('',*,*,#2220,.F.);
#476=ORIENTED_EDGE('',*,*,#2229,.T.);
#477=ORIENTED_EDGE('',*,*,#2234,.T.);
#478=ORIENTED_EDGE('',*,*,#2235,.F.);
#479=ORIENTED_EDGE('',*,*,#2232,.F.);
#480=ORIENTED_EDGE('',*,*,#2241,.T.);
#481=ORIENTED_EDGE('',*,*,#2246,.T.);
#482=ORIENTED_EDGE('',*,*,#2247,.F.);
#483=ORIENTED_EDGE('',*,*,#2244,.F.);
#484=ORIENTED_EDGE('',*,*,#2253,.T.);
#485=ORIENTED_EDGE('',*,*,#2258,.T.);
#486=ORIENTED_EDGE('',*,*,#2259,.F.);
#487=ORIENTED_EDGE('',*,*,#2256,.F.);
#488=ORIENTED_EDGE('',*,*,#2265,.T.);
#489=ORIENTED_EDGE('',*,*,#2270,.T.);
#490=ORIENTED_EDGE('',*,*,#2271,.F.);
#491=ORIENTED_EDGE('',*,*,#2268,.F.);
#492=ORIENTED_EDGE('',*,*,#2277,.T.);
#493=ORIENTED_EDGE('',*,*,#2282,.T.);
#494=ORIENTED_EDGE('',*,*,#2283,.F.);
#495=ORIENTED_EDGE('',*,*,#2280,.F.);
#496=ORIENTED_EDGE('',*,*,#2289,.T.);
#497=ORIENTED_EDGE('',*,*,#2294,.T.);
#498=ORIENTED_EDGE('',*,*,#2295,.F.);
#499=ORIENTED_EDGE('',*,*,#2292,.F.);
#500=ORIENTED_EDGE('',*,*,#2301,.T.);
#501=ORIENTED_EDGE('',*,*,#2306,.T.);
#502=ORIENTED_EDGE('',*,*,#2307,.F.);
#503=ORIENTED_EDGE('',*,*,#2304,.F.);
#504=ORIENTED_EDGE('',*,*,#2313,.T.);
#505=ORIENTED_EDGE('',*,*,#2318,.T.);
#506=ORIENTED_EDGE('',*,*,#2319,.F.);
#507=ORIENTED_EDGE('',*,*,#2316,.F.);
#508=ORIENTED_EDGE('',*,*,#2325,.T.);
#509=ORIENTED_EDGE('',*,*,#2330,.T.);
#510=ORIENTED_EDGE('',*,*,#2331,.F.);
#511=ORIENTED_EDGE('',*,*,#2328,.F.);
#512=ORIENTED_EDGE('',*,*,#2337,.T.);
#513=ORIENTED_EDGE('',*,*,#2342,.T.);
#514=ORIENTED_EDGE('',*,*,#2343,.F.);
#515=ORIENTED_EDGE('',*,*,#2340,.F.);
#516=ORIENTED_EDGE('',*,*,#2349,.T.);
#517=ORIENTED_EDGE('',*,*,#2351,.F.);
#518=ORIENTED_EDGE('',*,*,#2352,.T.);
#519=ORIENTED_EDGE('',*,*,#2353,.T.);
#520=ORIENTED_EDGE('',*,*,#2354,.F.);
#521=ORIENTED_EDGE('',*,*,#2355,.F.);
#522=ORIENTED_EDGE('',*,*,#2356,.T.);
#523=ORIENTED_EDGE('',*,*,#2351,.T.);
#524=ORIENTED_EDGE('',*,*,#2357,.F.);
#525=ORIENTED_EDGE('',*,*,#2216,.T.);
#526=ORIENTED_EDGE('',*,*,#2213,.T.);
#527=ORIENTED_EDGE('',*,*,#2215,.F.);
#528=ORIENTED_EDGE('',*,*,#2218,.F.);
#529=ORIENTED_EDGE('',*,*,#2228,.T.);
#530=ORIENTED_EDGE('',*,*,#2225,.T.);
#531=ORIENTED_EDGE('',*,*,#2227,.F.);
#532=ORIENTED_EDGE('',*,*,#2230,.F.);
#533=ORIENTED_EDGE('',*,*,#2240,.T.);
#534=ORIENTED_EDGE('',*,*,#2237,.T.);
#535=ORIENTED_EDGE('',*,*,#2239,.F.);
#536=ORIENTED_EDGE('',*,*,#2242,.F.);
#537=ORIENTED_EDGE('',*,*,#2252,.T.);
#538=ORIENTED_EDGE('',*,*,#2249,.T.);
#539=ORIENTED_EDGE('',*,*,#2251,.F.);
#540=ORIENTED_EDGE('',*,*,#2254,.F.);
#541=ORIENTED_EDGE('',*,*,#2264,.T.);
#542=ORIENTED_EDGE('',*,*,#2261,.T.);
#543=ORIENTED_EDGE('',*,*,#2263,.F.);
#544=ORIENTED_EDGE('',*,*,#2266,.F.);
#545=ORIENTED_EDGE('',*,*,#2276,.T.);
#546=ORIENTED_EDGE('',*,*,#2273,.T.);
#547=ORIENTED_EDGE('',*,*,#2275,.F.);
#548=ORIENTED_EDGE('',*,*,#2278,.F.);
#549=ORIENTED_EDGE('',*,*,#2288,.T.);
#550=ORIENTED_EDGE('',*,*,#2285,.T.);
#551=ORIENTED_EDGE('',*,*,#2287,.F.);
#552=ORIENTED_EDGE('',*,*,#2290,.F.);
#553=ORIENTED_EDGE('',*,*,#2300,.T.);
#554=ORIENTED_EDGE('',*,*,#2297,.T.);
#555=ORIENTED_EDGE('',*,*,#2299,.F.);
#556=ORIENTED_EDGE('',*,*,#2302,.F.);
#557=ORIENTED_EDGE('',*,*,#2312,.T.);
#558=ORIENTED_EDGE('',*,*,#2309,.T.);
#559=ORIENTED_EDGE('',*,*,#2311,.F.);
#560=ORIENTED_EDGE('',*,*,#2314,.F.);
#561=ORIENTED_EDGE('',*,*,#2324,.T.);
#562=ORIENTED_EDGE('',*,*,#2321,.T.);
#563=ORIENTED_EDGE('',*,*,#2323,.F.);
#564=ORIENTED_EDGE('',*,*,#2326,.F.);
#565=ORIENTED_EDGE('',*,*,#2336,.T.);
#566=ORIENTED_EDGE('',*,*,#2333,.T.);
#567=ORIENTED_EDGE('',*,*,#2335,.F.);
#568=ORIENTED_EDGE('',*,*,#2338,.F.);
#569=ORIENTED_EDGE('',*,*,#2348,.T.);
#570=ORIENTED_EDGE('',*,*,#2345,.T.);
#571=ORIENTED_EDGE('',*,*,#2347,.F.);
#572=ORIENTED_EDGE('',*,*,#2350,.F.);
#573=ORIENTED_EDGE('',*,*,#2358,.F.);
#574=ORIENTED_EDGE('',*,*,#2359,.T.);
#575=ORIENTED_EDGE('',*,*,#2355,.T.);
#576=ORIENTED_EDGE('',*,*,#2360,.F.);
#577=ORIENTED_EDGE('',*,*,#2353,.F.);
#578=ORIENTED_EDGE('',*,*,#2361,.T.);
#579=ORIENTED_EDGE('',*,*,#2358,.T.);
#580=ORIENTED_EDGE('',*,*,#2362,.F.);
#581=ORIENTED_EDGE('',*,*,#2363,.F.);
#582=ORIENTED_EDGE('',*,*,#2364,.F.);
#583=ORIENTED_EDGE('',*,*,#2365,.T.);
#584=ORIENTED_EDGE('',*,*,#2366,.T.);
#585=ORIENTED_EDGE('',*,*,#2365,.F.);
#586=ORIENTED_EDGE('',*,*,#2367,.F.);
#587=ORIENTED_EDGE('',*,*,#2368,.T.);
#588=ORIENTED_EDGE('',*,*,#2369,.T.);
#589=ORIENTED_EDGE('',*,*,#2368,.F.);
#590=ORIENTED_EDGE('',*,*,#2370,.F.);
#591=ORIENTED_EDGE('',*,*,#2371,.T.);
#592=ORIENTED_EDGE('',*,*,#2372,.T.);
#593=ORIENTED_EDGE('',*,*,#2371,.F.);
#594=ORIENTED_EDGE('',*,*,#2373,.F.);
#595=ORIENTED_EDGE('',*,*,#2374,.T.);
#596=ORIENTED_EDGE('',*,*,#2375,.T.);
#597=ORIENTED_EDGE('',*,*,#2374,.F.);
#598=ORIENTED_EDGE('',*,*,#2376,.F.);
#599=ORIENTED_EDGE('',*,*,#2377,.T.);
#600=ORIENTED_EDGE('',*,*,#2378,.T.);
#601=ORIENTED_EDGE('',*,*,#2377,.F.);
#602=ORIENTED_EDGE('',*,*,#2379,.F.);
#603=ORIENTED_EDGE('',*,*,#2380,.T.);
#604=ORIENTED_EDGE('',*,*,#2381,.T.);
#605=ORIENTED_EDGE('',*,*,#2380,.F.);
#606=ORIENTED_EDGE('',*,*,#2382,.F.);
#607=ORIENTED_EDGE('',*,*,#2383,.T.);
#608=ORIENTED_EDGE('',*,*,#2384,.T.);
#609=ORIENTED_EDGE('',*,*,#2385,.F.);
#610=ORIENTED_EDGE('',*,*,#2386,.F.);
#611=ORIENTED_EDGE('',*,*,#2387,.T.);
#612=ORIENTED_EDGE('',*,*,#2388,.F.);
#613=ORIENTED_EDGE('',*,*,#2389,.F.);
#614=ORIENTED_EDGE('',*,*,#2390,.T.);
#615=ORIENTED_EDGE('',*,*,#2389,.T.);
#616=ORIENTED_EDGE('',*,*,#2391,.F.);
#617=ORIENTED_EDGE('',*,*,#2392,.F.);
#618=ORIENTED_EDGE('',*,*,#2393,.T.);
#619=ORIENTED_EDGE('',*,*,#2394,.F.);
#620=ORIENTED_EDGE('',*,*,#2395,.F.);
#621=ORIENTED_EDGE('',*,*,#2396,.T.);
#622=ORIENTED_EDGE('',*,*,#2397,.T.);
#623=ORIENTED_EDGE('',*,*,#2398,.T.);
#624=ORIENTED_EDGE('',*,*,#2394,.T.);
#625=ORIENTED_EDGE('',*,*,#2399,.F.);
#626=ORIENTED_EDGE('',*,*,#2400,.T.);
#627=ORIENTED_EDGE('',*,*,#2401,.F.);
#628=ORIENTED_EDGE('',*,*,#2402,.F.);
#629=ORIENTED_EDGE('',*,*,#2400,.F.);
#630=ORIENTED_EDGE('',*,*,#2403,.T.);
#631=ORIENTED_EDGE('',*,*,#2396,.F.);
#632=ORIENTED_EDGE('',*,*,#2404,.F.);
#633=ORIENTED_EDGE('',*,*,#2401,.T.);
#634=ORIENTED_EDGE('',*,*,#2405,.T.);
#635=ORIENTED_EDGE('',*,*,#2406,.F.);
#636=ORIENTED_EDGE('',*,*,#2407,.F.);
#637=ORIENTED_EDGE('',*,*,#2408,.T.);
#638=ORIENTED_EDGE('',*,*,#2409,.T.);
#639=ORIENTED_EDGE('',*,*,#2410,.F.);
#640=ORIENTED_EDGE('',*,*,#2411,.F.);
#641=ORIENTED_EDGE('',*,*,#2406,.T.);
#642=ORIENTED_EDGE('',*,*,#2412,.T.);
#643=ORIENTED_EDGE('',*,*,#2413,.T.);
#644=ORIENTED_EDGE('',*,*,#2410,.T.);
#645=ORIENTED_EDGE('',*,*,#2414,.F.);
#646=ORIENTED_EDGE('',*,*,#2415,.T.);
#647=ORIENTED_EDGE('',*,*,#2408,.F.);
#648=ORIENTED_EDGE('',*,*,#2416,.F.);
#649=ORIENTED_EDGE('',*,*,#2415,.F.);
#650=ORIENTED_EDGE('',*,*,#2417,.T.);
#651=ORIENTED_EDGE('',*,*,#2418,.F.);
#652=ORIENTED_EDGE('',*,*,#2419,.T.);
#653=ORIENTED_EDGE('',*,*,#2420,.F.);
#654=ORIENTED_EDGE('',*,*,#2421,.F.);
#655=ORIENTED_EDGE('',*,*,#2422,.T.);
#656=ORIENTED_EDGE('',*,*,#2419,.F.);
#657=ORIENTED_EDGE('',*,*,#2423,.F.);
#658=ORIENTED_EDGE('',*,*,#2424,.T.);
#659=ORIENTED_EDGE('',*,*,#2425,.T.);
#660=ORIENTED_EDGE('',*,*,#2424,.F.);
#661=ORIENTED_EDGE('',*,*,#2426,.F.);
#662=ORIENTED_EDGE('',*,*,#2427,.T.);
#663=ORIENTED_EDGE('',*,*,#2428,.F.);
#664=ORIENTED_EDGE('',*,*,#2421,.T.);
#665=ORIENTED_EDGE('',*,*,#2429,.T.);
#666=ORIENTED_EDGE('',*,*,#2427,.F.);
#667=ORIENTED_EDGE('',*,*,#2430,.F.);
#668=ORIENTED_EDGE('',*,*,#2431,.T.);
#669=ORIENTED_EDGE('',*,*,#2432,.F.);
#670=ORIENTED_EDGE('',*,*,#2433,.F.);
#671=ORIENTED_EDGE('',*,*,#2434,.F.);
#672=ORIENTED_EDGE('',*,*,#2433,.T.);
#673=ORIENTED_EDGE('',*,*,#2435,.T.);
#674=ORIENTED_EDGE('',*,*,#2436,.F.);
#675=ORIENTED_EDGE('',*,*,#2395,.T.);
#676=ORIENTED_EDGE('',*,*,#2398,.F.);
#677=ORIENTED_EDGE('',*,*,#2402,.T.);
#678=ORIENTED_EDGE('',*,*,#2404,.T.);
#679=ORIENTED_EDGE('',*,*,#2407,.T.);
#680=ORIENTED_EDGE('',*,*,#2411,.T.);
#681=ORIENTED_EDGE('',*,*,#2413,.F.);
#682=ORIENTED_EDGE('',*,*,#2416,.T.);
#683=ORIENTED_EDGE('',*,*,#2426,.T.);
#684=ORIENTED_EDGE('',*,*,#2423,.T.);
#685=ORIENTED_EDGE('',*,*,#2418,.T.);
#686=ORIENTED_EDGE('',*,*,#2428,.T.);
#687=ORIENTED_EDGE('',*,*,#2437,.T.);
#688=ORIENTED_EDGE('',*,*,#2430,.T.);
#689=ORIENTED_EDGE('',*,*,#2434,.T.);
#690=ORIENTED_EDGE('',*,*,#2438,.T.);
#691=ORIENTED_EDGE('',*,*,#2439,.T.);
#692=ORIENTED_EDGE('',*,*,#2431,.F.);
#693=ORIENTED_EDGE('',*,*,#2437,.F.);
#694=ORIENTED_EDGE('',*,*,#2440,.T.);
#695=ORIENTED_EDGE('',*,*,#2438,.F.);
#696=ORIENTED_EDGE('',*,*,#2436,.T.);
#697=ORIENTED_EDGE('',*,*,#2441,.T.);
#698=ORIENTED_EDGE('',*,*,#2440,.F.);
#699=ORIENTED_EDGE('',*,*,#2442,.T.);
#700=ORIENTED_EDGE('',*,*,#2443,.F.);
#701=ORIENTED_EDGE('',*,*,#2444,.F.);
#702=ORIENTED_EDGE('',*,*,#2445,.T.);
#703=ORIENTED_EDGE('',*,*,#2446,.F.);
#704=ORIENTED_EDGE('',*,*,#2447,.T.);
#705=ORIENTED_EDGE('',*,*,#2448,.F.);
#706=ORIENTED_EDGE('',*,*,#2449,.T.);
#707=ORIENTED_EDGE('',*,*,#2442,.F.);
#708=ORIENTED_EDGE('',*,*,#2450,.T.);
#709=ORIENTED_EDGE('',*,*,#2451,.F.);
#710=ORIENTED_EDGE('',*,*,#2452,.F.);
#711=ORIENTED_EDGE('',*,*,#2453,.T.);
#712=ORIENTED_EDGE('',*,*,#2454,.T.);
#713=ORIENTED_EDGE('',*,*,#2455,.F.);
#714=ORIENTED_EDGE('',*,*,#2456,.F.);
#715=ORIENTED_EDGE('',*,*,#2457,.T.);
#716=ORIENTED_EDGE('',*,*,#2458,.T.);
#717=ORIENTED_EDGE('',*,*,#2459,.F.);
#718=ORIENTED_EDGE('',*,*,#2451,.T.);
#719=ORIENTED_EDGE('',*,*,#2460,.F.);
#720=ORIENTED_EDGE('',*,*,#2461,.T.);
#721=ORIENTED_EDGE('',*,*,#2462,.F.);
#722=ORIENTED_EDGE('',*,*,#2463,.T.);
#723=ORIENTED_EDGE('',*,*,#2464,.F.);
#724=ORIENTED_EDGE('',*,*,#2465,.T.);
#725=ORIENTED_EDGE('',*,*,#2466,.T.);
#726=ORIENTED_EDGE('',*,*,#2467,.T.);
#727=ORIENTED_EDGE('',*,*,#2468,.T.);
#728=ORIENTED_EDGE('',*,*,#2469,.F.);
#729=ORIENTED_EDGE('',*,*,#2470,.F.);
#730=ORIENTED_EDGE('',*,*,#2465,.F.);
#731=ORIENTED_EDGE('',*,*,#2471,.T.);
#732=ORIENTED_EDGE('',*,*,#2472,.F.);
#733=ORIENTED_EDGE('',*,*,#2473,.T.);
#734=ORIENTED_EDGE('',*,*,#2474,.T.);
#735=ORIENTED_EDGE('',*,*,#2475,.F.);
#736=ORIENTED_EDGE('',*,*,#2476,.F.);
#737=ORIENTED_EDGE('',*,*,#2477,.T.);
#738=ORIENTED_EDGE('',*,*,#2478,.T.);
#739=ORIENTED_EDGE('',*,*,#2479,.T.);
#740=ORIENTED_EDGE('',*,*,#2477,.F.);
#741=ORIENTED_EDGE('',*,*,#2480,.T.);
#742=ORIENTED_EDGE('',*,*,#2481,.F.);
#743=ORIENTED_EDGE('',*,*,#2476,.T.);
#744=ORIENTED_EDGE('',*,*,#2482,.F.);
#745=ORIENTED_EDGE('',*,*,#2483,.F.);
#746=ORIENTED_EDGE('',*,*,#2484,.F.);
#747=ORIENTED_EDGE('',*,*,#2466,.F.);
#748=ORIENTED_EDGE('',*,*,#2470,.T.);
#749=ORIENTED_EDGE('',*,*,#2485,.F.);
#750=ORIENTED_EDGE('',*,*,#2480,.F.);
#751=ORIENTED_EDGE('',*,*,#2486,.F.);
#752=ORIENTED_EDGE('',*,*,#2467,.F.);
#753=ORIENTED_EDGE('',*,*,#2484,.T.);
#754=ORIENTED_EDGE('',*,*,#2487,.F.);
#755=ORIENTED_EDGE('',*,*,#2488,.F.);
#756=ORIENTED_EDGE('',*,*,#2489,.F.);
#757=ORIENTED_EDGE('',*,*,#2490,.F.);
#758=ORIENTED_EDGE('',*,*,#2468,.F.);
#759=ORIENTED_EDGE('',*,*,#2486,.T.);
#760=ORIENTED_EDGE('',*,*,#2491,.T.);
#761=ORIENTED_EDGE('',*,*,#2489,.T.);
#762=ORIENTED_EDGE('',*,*,#2492,.F.);
#763=ORIENTED_EDGE('',*,*,#2493,.F.);
#764=ORIENTED_EDGE('',*,*,#2494,.T.);
#765=ORIENTED_EDGE('',*,*,#2493,.T.);
#766=ORIENTED_EDGE('',*,*,#2495,.F.);
#767=ORIENTED_EDGE('',*,*,#2496,.F.);
#768=ORIENTED_EDGE('',*,*,#2497,.F.);
#769=ORIENTED_EDGE('',*,*,#2496,.T.);
#770=ORIENTED_EDGE('',*,*,#2498,.F.);
#771=ORIENTED_EDGE('',*,*,#2499,.F.);
#772=ORIENTED_EDGE('',*,*,#2500,.T.);
#773=ORIENTED_EDGE('',*,*,#2501,.T.);
#774=ORIENTED_EDGE('',*,*,#2499,.T.);
#775=ORIENTED_EDGE('',*,*,#2502,.F.);
#776=ORIENTED_EDGE('',*,*,#2503,.T.);
#777=ORIENTED_EDGE('',*,*,#2504,.T.);
#778=ORIENTED_EDGE('',*,*,#2505,.F.);
#779=ORIENTED_EDGE('',*,*,#2506,.F.);
#780=ORIENTED_EDGE('',*,*,#2507,.F.);
#781=ORIENTED_EDGE('',*,*,#2508,.T.);
#782=ORIENTED_EDGE('',*,*,#2509,.F.);
#783=ORIENTED_EDGE('',*,*,#2504,.F.);
#784=ORIENTED_EDGE('',*,*,#2510,.T.);
#785=ORIENTED_EDGE('',*,*,#2511,.F.);
#786=ORIENTED_EDGE('',*,*,#2508,.F.);
#787=ORIENTED_EDGE('',*,*,#2512,.F.);
#788=ORIENTED_EDGE('',*,*,#2513,.F.);
#789=ORIENTED_EDGE('',*,*,#2503,.F.);
#790=ORIENTED_EDGE('',*,*,#2514,.F.);
#791=ORIENTED_EDGE('',*,*,#2513,.T.);
#792=ORIENTED_EDGE('',*,*,#2515,.T.);
#793=ORIENTED_EDGE('',*,*,#2512,.T.);
#794=ORIENTED_EDGE('',*,*,#2510,.F.);
#795=ORIENTED_EDGE('',*,*,#2507,.T.);
#796=ORIENTED_EDGE('',*,*,#2516,.F.);
#797=ORIENTED_EDGE('',*,*,#2517,.F.);
#798=ORIENTED_EDGE('',*,*,#2469,.T.);
#799=ORIENTED_EDGE('',*,*,#2490,.T.);
#800=ORIENTED_EDGE('',*,*,#2494,.F.);
#801=ORIENTED_EDGE('',*,*,#2497,.T.);
#802=ORIENTED_EDGE('',*,*,#2500,.F.);
#803=ORIENTED_EDGE('',*,*,#2501,.F.);
#804=ORIENTED_EDGE('',*,*,#2515,.F.);
#805=ORIENTED_EDGE('',*,*,#2506,.T.);
#806=ORIENTED_EDGE('',*,*,#2518,.F.);
#807=ORIENTED_EDGE('',*,*,#2519,.F.);
#808=ORIENTED_EDGE('',*,*,#2516,.T.);
#809=ORIENTED_EDGE('',*,*,#2471,.F.);
#810=ORIENTED_EDGE('',*,*,#2464,.T.);
#811=ORIENTED_EDGE('',*,*,#2517,.T.);
#812=ORIENTED_EDGE('',*,*,#2519,.T.);
#813=ORIENTED_EDGE('',*,*,#2520,.F.);
#814=ORIENTED_EDGE('',*,*,#2521,.F.);
#815=ORIENTED_EDGE('',*,*,#2491,.F.);
#816=ORIENTED_EDGE('',*,*,#2487,.T.);
#817=ORIENTED_EDGE('',*,*,#2483,.T.);
#818=ORIENTED_EDGE('',*,*,#2522,.F.);
#819=ORIENTED_EDGE('',*,*,#2523,.F.);
#820=ORIENTED_EDGE('',*,*,#2481,.T.);
#821=ORIENTED_EDGE('',*,*,#2485,.T.);
#822=ORIENTED_EDGE('',*,*,#2472,.T.);
#823=ORIENTED_EDGE('',*,*,#2521,.T.);
#824=ORIENTED_EDGE('',*,*,#2524,.T.);
#825=ORIENTED_EDGE('',*,*,#2482,.T.);
#826=ORIENTED_EDGE('',*,*,#2475,.T.);
#827=ORIENTED_EDGE('',*,*,#2525,.F.);
#828=ORIENTED_EDGE('',*,*,#2522,.T.);
#829=ORIENTED_EDGE('',*,*,#2474,.F.);
#830=ORIENTED_EDGE('',*,*,#2526,.F.);
#831=ORIENTED_EDGE('',*,*,#2456,.T.);
#832=ORIENTED_EDGE('',*,*,#2527,.F.);
#833=ORIENTED_EDGE('',*,*,#2528,.F.);
#834=ORIENTED_EDGE('',*,*,#2529,.T.);
#835=ORIENTED_EDGE('',*,*,#2452,.T.);
#836=ORIENTED_EDGE('',*,*,#2459,.T.);
#837=ORIENTED_EDGE('',*,*,#2478,.F.);
#838=ORIENTED_EDGE('',*,*,#2479,.F.);
#839=ORIENTED_EDGE('',*,*,#2523,.T.);
#840=ORIENTED_EDGE('',*,*,#2525,.T.);
#841=ORIENTED_EDGE('',*,*,#2530,.T.);
#842=ORIENTED_EDGE('',*,*,#2531,.F.);
#843=ORIENTED_EDGE('',*,*,#2532,.T.);
#844=ORIENTED_EDGE('',*,*,#2533,.F.);
#845=ORIENTED_EDGE('',*,*,#2534,.F.);
#846=ORIENTED_EDGE('',*,*,#2535,.T.);
#847=ORIENTED_EDGE('',*,*,#2536,.T.);
#848=ORIENTED_EDGE('',*,*,#2537,.T.);
#849=ORIENTED_EDGE('',*,*,#2538,.F.);
#850=ORIENTED_EDGE('',*,*,#2530,.F.);
#851=ORIENTED_EDGE('',*,*,#2539,.T.);
#852=ORIENTED_EDGE('',*,*,#2540,.F.);
#853=ORIENTED_EDGE('',*,*,#2541,.T.);
#854=ORIENTED_EDGE('',*,*,#2542,.F.);
#855=ORIENTED_EDGE('',*,*,#2543,.F.);
#856=ORIENTED_EDGE('',*,*,#2544,.T.);
#857=ORIENTED_EDGE('',*,*,#2537,.F.);
#858=ORIENTED_EDGE('',*,*,#2545,.F.);
#859=ORIENTED_EDGE('',*,*,#2546,.T.);
#860=ORIENTED_EDGE('',*,*,#2547,.F.);
#861=ORIENTED_EDGE('',*,*,#2548,.F.);
#862=ORIENTED_EDGE('',*,*,#2549,.T.);
#863=ORIENTED_EDGE('',*,*,#2548,.T.);
#864=ORIENTED_EDGE('',*,*,#2550,.F.);
#865=ORIENTED_EDGE('',*,*,#2551,.F.);
#866=ORIENTED_EDGE('',*,*,#2552,.T.);
#867=ORIENTED_EDGE('',*,*,#2551,.T.);
#868=ORIENTED_EDGE('',*,*,#2553,.F.);
#869=ORIENTED_EDGE('',*,*,#2554,.F.);
#870=ORIENTED_EDGE('',*,*,#2555,.T.);
#871=ORIENTED_EDGE('',*,*,#2554,.T.);
#872=ORIENTED_EDGE('',*,*,#2556,.F.);
#873=ORIENTED_EDGE('',*,*,#2557,.F.);
#874=ORIENTED_EDGE('',*,*,#2558,.T.);
#875=ORIENTED_EDGE('',*,*,#2557,.T.);
#876=ORIENTED_EDGE('',*,*,#2559,.F.);
#877=ORIENTED_EDGE('',*,*,#2560,.F.);
#878=ORIENTED_EDGE('',*,*,#2561,.T.);
#879=ORIENTED_EDGE('',*,*,#2562,.F.);
#880=ORIENTED_EDGE('',*,*,#2563,.T.);
#881=ORIENTED_EDGE('',*,*,#2560,.T.);
#882=ORIENTED_EDGE('',*,*,#2564,.F.);
#883=ORIENTED_EDGE('',*,*,#2565,.F.);
#884=ORIENTED_EDGE('',*,*,#2566,.T.);
#885=ORIENTED_EDGE('',*,*,#2532,.F.);
#886=ORIENTED_EDGE('',*,*,#2567,.T.);
#887=ORIENTED_EDGE('',*,*,#2543,.T.);
#888=ORIENTED_EDGE('',*,*,#2568,.T.);
#889=ORIENTED_EDGE('',*,*,#2565,.T.);
#890=ORIENTED_EDGE('',*,*,#2569,.F.);
#891=ORIENTED_EDGE('',*,*,#2570,.F.);
#892=ORIENTED_EDGE('',*,*,#2571,.T.);
#893=ORIENTED_EDGE('',*,*,#2542,.T.);
#894=ORIENTED_EDGE('',*,*,#2572,.T.);
#895=ORIENTED_EDGE('',*,*,#2573,.T.);
#896=ORIENTED_EDGE('',*,*,#2566,.F.);
#897=ORIENTED_EDGE('',*,*,#2568,.F.);
#898=ORIENTED_EDGE('',*,*,#2574,.T.);
#899=ORIENTED_EDGE('',*,*,#2575,.T.);
#900=ORIENTED_EDGE('',*,*,#2533,.T.);
#901=ORIENTED_EDGE('',*,*,#2571,.F.);
#902=ORIENTED_EDGE('',*,*,#2576,.F.);
#903=ORIENTED_EDGE('',*,*,#2570,.T.);
#904=ORIENTED_EDGE('',*,*,#2577,.F.);
#905=ORIENTED_EDGE('',*,*,#2546,.F.);
#906=ORIENTED_EDGE('',*,*,#2578,.T.);
#907=ORIENTED_EDGE('',*,*,#2579,.T.);
#908=ORIENTED_EDGE('',*,*,#2576,.T.);
#909=ORIENTED_EDGE('',*,*,#2580,.F.);
#910=ORIENTED_EDGE('',*,*,#2581,.F.);
#911=ORIENTED_EDGE('',*,*,#2582,.F.);
#912=ORIENTED_EDGE('',*,*,#2583,.T.);
#913=ORIENTED_EDGE('',*,*,#2453,.F.);
#914=ORIENTED_EDGE('',*,*,#2529,.F.);
#915=ORIENTED_EDGE('',*,*,#2584,.F.);
#916=ORIENTED_EDGE('',*,*,#2585,.F.);
#917=ORIENTED_EDGE('',*,*,#2586,.T.);
#918=ORIENTED_EDGE('',*,*,#2574,.F.);
#919=ORIENTED_EDGE('',*,*,#2579,.F.);
#920=ORIENTED_EDGE('',*,*,#2587,.T.);
#921=ORIENTED_EDGE('',*,*,#2588,.F.);
#922=ORIENTED_EDGE('',*,*,#2589,.F.);
#923=ORIENTED_EDGE('',*,*,#2590,.T.);
#924=ORIENTED_EDGE('',*,*,#2591,.F.);
#925=ORIENTED_EDGE('',*,*,#2454,.F.);
#926=ORIENTED_EDGE('',*,*,#2583,.F.);
#927=ORIENTED_EDGE('',*,*,#2592,.T.);
#928=ORIENTED_EDGE('',*,*,#2593,.F.);
#929=ORIENTED_EDGE('',*,*,#2594,.F.);
#930=ORIENTED_EDGE('',*,*,#2595,.T.);
#931=ORIENTED_EDGE('',*,*,#2596,.T.);
#932=ORIENTED_EDGE('',*,*,#2597,.T.);
#933=ORIENTED_EDGE('',*,*,#2598,.F.);
#934=ORIENTED_EDGE('',*,*,#2599,.F.);
#935=ORIENTED_EDGE('',*,*,#2600,.T.);
#936=ORIENTED_EDGE('',*,*,#2601,.F.);
#937=ORIENTED_EDGE('',*,*,#2597,.F.);
#938=ORIENTED_EDGE('',*,*,#2602,.T.);
#939=ORIENTED_EDGE('',*,*,#2603,.T.);
#940=ORIENTED_EDGE('',*,*,#2604,.F.);
#941=ORIENTED_EDGE('',*,*,#2600,.F.);
#942=ORIENTED_EDGE('',*,*,#2605,.T.);
#943=ORIENTED_EDGE('',*,*,#2606,.T.);
#944=ORIENTED_EDGE('',*,*,#2607,.T.);
#945=ORIENTED_EDGE('',*,*,#2608,.T.);
#946=ORIENTED_EDGE('',*,*,#2609,.T.);
#947=ORIENTED_EDGE('',*,*,#2610,.T.);
#948=ORIENTED_EDGE('',*,*,#2598,.T.);
#949=ORIENTED_EDGE('',*,*,#2601,.T.);
#950=ORIENTED_EDGE('',*,*,#2604,.T.);
#951=ORIENTED_EDGE('',*,*,#2611,.T.);
#952=ORIENTED_EDGE('',*,*,#2612,.F.);
#953=ORIENTED_EDGE('',*,*,#2613,.T.);
#954=ORIENTED_EDGE('',*,*,#2607,.F.);
#955=ORIENTED_EDGE('',*,*,#2614,.F.);
#956=ORIENTED_EDGE('',*,*,#2615,.T.);
#957=ORIENTED_EDGE('',*,*,#2616,.T.);
#958=ORIENTED_EDGE('',*,*,#2608,.F.);
#959=ORIENTED_EDGE('',*,*,#2613,.F.);
#960=ORIENTED_EDGE('',*,*,#2617,.T.);
#961=ORIENTED_EDGE('',*,*,#2609,.F.);
#962=ORIENTED_EDGE('',*,*,#2616,.F.);
#963=ORIENTED_EDGE('',*,*,#2618,.T.);
#964=ORIENTED_EDGE('',*,*,#2619,.T.);
#965=ORIENTED_EDGE('',*,*,#2620,.T.);
#966=ORIENTED_EDGE('',*,*,#2527,.T.);
#967=ORIENTED_EDGE('',*,*,#2455,.T.);
#968=ORIENTED_EDGE('',*,*,#2591,.T.);
#969=ORIENTED_EDGE('',*,*,#2621,.T.);
#970=ORIENTED_EDGE('',*,*,#2595,.F.);
#971=ORIENTED_EDGE('',*,*,#2622,.F.);
#972=ORIENTED_EDGE('',*,*,#2623,.T.);
#973=ORIENTED_EDGE('',*,*,#2610,.F.);
#974=ORIENTED_EDGE('',*,*,#2619,.F.);
#975=ORIENTED_EDGE('',*,*,#2624,.T.);
#976=ORIENTED_EDGE('',*,*,#2590,.F.);
#977=ORIENTED_EDGE('',*,*,#2582,.T.);
#978=ORIENTED_EDGE('',*,*,#2625,.T.);
#979=ORIENTED_EDGE('',*,*,#2626,.F.);
#980=ORIENTED_EDGE('',*,*,#2627,.F.);
#981=ORIENTED_EDGE('',*,*,#2628,.F.);
#982=ORIENTED_EDGE('',*,*,#2592,.F.);
#983=ORIENTED_EDGE('',*,*,#2621,.F.);
#984=ORIENTED_EDGE('',*,*,#2629,.T.);
#985=ORIENTED_EDGE('',*,*,#2630,.F.);
#986=ORIENTED_EDGE('',*,*,#2627,.T.);
#987=ORIENTED_EDGE('',*,*,#2631,.F.);
#988=ORIENTED_EDGE('',*,*,#2447,.F.);
#989=ORIENTED_EDGE('',*,*,#2632,.T.);
#990=ORIENTED_EDGE('',*,*,#2633,.F.);
#991=ORIENTED_EDGE('',*,*,#2629,.F.);
#992=ORIENTED_EDGE('',*,*,#2634,.T.);
#993=ORIENTED_EDGE('',*,*,#2635,.T.);
#994=ORIENTED_EDGE('',*,*,#2636,.T.);
#995=ORIENTED_EDGE('',*,*,#2637,.T.);
#996=ORIENTED_EDGE('',*,*,#2444,.T.);
#997=ORIENTED_EDGE('',*,*,#2638,.F.);
#998=ORIENTED_EDGE('',*,*,#2639,.F.);
#999=ORIENTED_EDGE('',*,*,#2636,.F.);
#1000=ORIENTED_EDGE('',*,*,#2640,.T.);
#1001=ORIENTED_EDGE('',*,*,#2641,.F.);
#1002=ORIENTED_EDGE('',*,*,#2642,.F.);
#1003=ORIENTED_EDGE('',*,*,#2450,.F.);
#1004=ORIENTED_EDGE('',*,*,#2445,.F.);
#1005=ORIENTED_EDGE('',*,*,#2641,.T.);
#1006=ORIENTED_EDGE('',*,*,#2642,.T.);
#1007=ORIENTED_EDGE('',*,*,#2643,.F.);
#1008=ORIENTED_EDGE('',*,*,#2644,.F.);
#1009=ORIENTED_EDGE('',*,*,#2645,.F.);
#1010=ORIENTED_EDGE('',*,*,#2646,.T.);
#1011=ORIENTED_EDGE('',*,*,#2647,.F.);
#1012=ORIENTED_EDGE('',*,*,#2648,.T.);
#1013=ORIENTED_EDGE('',*,*,#2644,.T.);
#1014=ORIENTED_EDGE('',*,*,#2649,.F.);
#1015=ORIENTED_EDGE('',*,*,#2650,.T.);
#1016=ORIENTED_EDGE('',*,*,#2651,.F.);
#1017=ORIENTED_EDGE('',*,*,#2652,.F.);
#1018=ORIENTED_EDGE('',*,*,#2653,.T.);
#1019=ORIENTED_EDGE('',*,*,#2654,.F.);
#1020=ORIENTED_EDGE('',*,*,#2655,.F.);
#1021=ORIENTED_EDGE('',*,*,#2652,.T.);
#1022=ORIENTED_EDGE('',*,*,#2656,.T.);
#1023=ORIENTED_EDGE('',*,*,#2657,.T.);
#1024=ORIENTED_EDGE('',*,*,#2658,.T.);
#1025=ORIENTED_EDGE('',*,*,#2659,.F.);
#1026=ORIENTED_EDGE('',*,*,#2651,.T.);
#1027=ORIENTED_EDGE('',*,*,#2660,.F.);
#1028=ORIENTED_EDGE('',*,*,#2661,.F.);
#1029=ORIENTED_EDGE('',*,*,#2645,.T.);
#1030=ORIENTED_EDGE('',*,*,#2648,.F.);
#1031=ORIENTED_EDGE('',*,*,#2662,.F.);
#1032=ORIENTED_EDGE('',*,*,#2663,.F.);
#1033=ORIENTED_EDGE('',*,*,#2656,.F.);
#1034=ORIENTED_EDGE('',*,*,#2664,.F.);
#1035=ORIENTED_EDGE('',*,*,#2657,.F.);
#1036=ORIENTED_EDGE('',*,*,#2663,.T.);
#1037=ORIENTED_EDGE('',*,*,#2665,.F.);
#1038=ORIENTED_EDGE('',*,*,#2666,.F.);
#1039=ORIENTED_EDGE('',*,*,#2667,.F.);
#1040=ORIENTED_EDGE('',*,*,#2668,.F.);
#1041=ORIENTED_EDGE('',*,*,#2658,.F.);
#1042=ORIENTED_EDGE('',*,*,#2664,.T.);
#1043=ORIENTED_EDGE('',*,*,#2669,.T.);
#1044=ORIENTED_EDGE('',*,*,#2667,.T.);
#1045=ORIENTED_EDGE('',*,*,#2670,.F.);
#1046=ORIENTED_EDGE('',*,*,#2671,.F.);
#1047=ORIENTED_EDGE('',*,*,#2672,.T.);
#1048=ORIENTED_EDGE('',*,*,#2671,.T.);
#1049=ORIENTED_EDGE('',*,*,#2673,.F.);
#1050=ORIENTED_EDGE('',*,*,#2674,.F.);
#1051=ORIENTED_EDGE('',*,*,#2675,.F.);
#1052=ORIENTED_EDGE('',*,*,#2674,.T.);
#1053=ORIENTED_EDGE('',*,*,#2676,.F.);
#1054=ORIENTED_EDGE('',*,*,#2677,.F.);
#1055=ORIENTED_EDGE('',*,*,#2678,.T.);
#1056=ORIENTED_EDGE('',*,*,#2679,.T.);
#1057=ORIENTED_EDGE('',*,*,#2677,.T.);
#1058=ORIENTED_EDGE('',*,*,#2680,.F.);
#1059=ORIENTED_EDGE('',*,*,#2681,.T.);
#1060=ORIENTED_EDGE('',*,*,#2682,.T.);
#1061=ORIENTED_EDGE('',*,*,#2681,.F.);
#1062=ORIENTED_EDGE('',*,*,#2683,.T.);
#1063=ORIENTED_EDGE('',*,*,#2684,.T.);
#1064=ORIENTED_EDGE('',*,*,#2685,.F.);
#1065=ORIENTED_EDGE('',*,*,#2686,.F.);
#1066=ORIENTED_EDGE('',*,*,#2687,.F.);
#1067=ORIENTED_EDGE('',*,*,#2684,.F.);
#1068=ORIENTED_EDGE('',*,*,#2686,.T.);
#1069=ORIENTED_EDGE('',*,*,#2688,.F.);
#1070=ORIENTED_EDGE('',*,*,#2689,.F.);
#1071=ORIENTED_EDGE('',*,*,#2690,.T.);
#1072=ORIENTED_EDGE('',*,*,#2689,.T.);
#1073=ORIENTED_EDGE('',*,*,#2691,.F.);
#1074=ORIENTED_EDGE('',*,*,#2692,.F.);
#1075=ORIENTED_EDGE('',*,*,#2693,.F.);
#1076=ORIENTED_EDGE('',*,*,#2694,.F.);
#1077=ORIENTED_EDGE('',*,*,#2695,.F.);
#1078=ORIENTED_EDGE('',*,*,#2659,.T.);
#1079=ORIENTED_EDGE('',*,*,#2668,.T.);
#1080=ORIENTED_EDGE('',*,*,#2672,.F.);
#1081=ORIENTED_EDGE('',*,*,#2675,.T.);
#1082=ORIENTED_EDGE('',*,*,#2678,.F.);
#1083=ORIENTED_EDGE('',*,*,#2679,.F.);
#1084=ORIENTED_EDGE('',*,*,#2682,.F.);
#1085=ORIENTED_EDGE('',*,*,#2687,.T.);
#1086=ORIENTED_EDGE('',*,*,#2690,.F.);
#1087=ORIENTED_EDGE('',*,*,#2693,.T.);
#1088=ORIENTED_EDGE('',*,*,#2692,.T.);
#1089=ORIENTED_EDGE('',*,*,#2696,.F.);
#1090=ORIENTED_EDGE('',*,*,#2697,.F.);
#1091=ORIENTED_EDGE('',*,*,#2694,.T.);
#1092=ORIENTED_EDGE('',*,*,#2653,.F.);
#1093=ORIENTED_EDGE('',*,*,#2655,.T.);
#1094=ORIENTED_EDGE('',*,*,#2695,.T.);
#1095=ORIENTED_EDGE('',*,*,#2697,.T.);
#1096=ORIENTED_EDGE('',*,*,#2698,.F.);
#1097=ORIENTED_EDGE('',*,*,#2699,.F.);
#1098=ORIENTED_EDGE('',*,*,#2700,.T.);
#1099=ORIENTED_EDGE('',*,*,#2669,.F.);
#1100=ORIENTED_EDGE('',*,*,#2665,.T.);
#1101=ORIENTED_EDGE('',*,*,#2662,.T.);
#1102=ORIENTED_EDGE('',*,*,#2650,.F.);
#1103=ORIENTED_EDGE('',*,*,#2701,.F.);
#1104=ORIENTED_EDGE('',*,*,#2702,.T.);
#1105=ORIENTED_EDGE('',*,*,#2660,.T.);
#1106=ORIENTED_EDGE('',*,*,#2654,.T.);
#1107=ORIENTED_EDGE('',*,*,#2699,.T.);
#1108=ORIENTED_EDGE('',*,*,#2703,.T.);
#1109=ORIENTED_EDGE('',*,*,#2646,.F.);
#1110=ORIENTED_EDGE('',*,*,#2661,.T.);
#1111=ORIENTED_EDGE('',*,*,#2702,.F.);
#1112=ORIENTED_EDGE('',*,*,#2701,.T.);
#1113=ORIENTED_EDGE('',*,*,#2649,.T.);
#1114=ORIENTED_EDGE('',*,*,#2643,.T.);
#1115=ORIENTED_EDGE('',*,*,#2640,.F.);
#1116=ORIENTED_EDGE('',*,*,#2635,.F.);
#1117=ORIENTED_EDGE('',*,*,#2704,.T.);
#1118=ORIENTED_EDGE('',*,*,#2705,.T.);
#1119=ORIENTED_EDGE('',*,*,#2706,.F.);
#1120=ORIENTED_EDGE('',*,*,#2632,.F.);
#1121=ORIENTED_EDGE('',*,*,#2446,.T.);
#1122=ORIENTED_EDGE('',*,*,#2647,.T.);
#1123=ORIENTED_EDGE('',*,*,#2703,.F.);
#1124=ORIENTED_EDGE('',*,*,#2599,.T.);
#1125=ORIENTED_EDGE('',*,*,#2612,.T.);
#1126=ORIENTED_EDGE('',*,*,#2707,.T.);
#1127=ORIENTED_EDGE('',*,*,#2708,.T.);
#1128=ORIENTED_EDGE('',*,*,#2593,.T.);
#1129=ORIENTED_EDGE('',*,*,#2628,.T.);
#1130=ORIENTED_EDGE('',*,*,#2630,.T.);
#1131=ORIENTED_EDGE('',*,*,#2633,.T.);
#1132=ORIENTED_EDGE('',*,*,#2706,.T.);
#1133=ORIENTED_EDGE('',*,*,#2709,.T.);
#1134=ORIENTED_EDGE('',*,*,#2710,.F.);
#1135=ORIENTED_EDGE('',*,*,#2618,.F.);
#1136=ORIENTED_EDGE('',*,*,#2617,.F.);
#1137=ORIENTED_EDGE('',*,*,#2615,.F.);
#1138=ORIENTED_EDGE('',*,*,#2711,.F.);
#1139=ORIENTED_EDGE('',*,*,#2624,.F.);
#1140=ORIENTED_EDGE('',*,*,#2712,.F.);
#1141=ORIENTED_EDGE('',*,*,#2605,.F.);
#1142=ORIENTED_EDGE('',*,*,#2602,.F.);
#1143=ORIENTED_EDGE('',*,*,#2596,.F.);
#1144=ORIENTED_EDGE('',*,*,#2710,.T.);
#1145=ORIENTED_EDGE('',*,*,#2698,.T.);
#1146=ORIENTED_EDGE('',*,*,#2696,.T.);
#1147=ORIENTED_EDGE('',*,*,#2691,.T.);
#1148=ORIENTED_EDGE('',*,*,#2688,.T.);
#1149=ORIENTED_EDGE('',*,*,#2685,.T.);
#1150=ORIENTED_EDGE('',*,*,#2683,.F.);
#1151=ORIENTED_EDGE('',*,*,#2680,.T.);
#1152=ORIENTED_EDGE('',*,*,#2676,.T.);
#1153=ORIENTED_EDGE('',*,*,#2673,.T.);
#1154=ORIENTED_EDGE('',*,*,#2670,.T.);
#1155=ORIENTED_EDGE('',*,*,#2666,.T.);
#1156=ORIENTED_EDGE('',*,*,#2700,.F.);
#1157=ORIENTED_EDGE('',*,*,#2709,.F.);
#1158=ORIENTED_EDGE('',*,*,#2705,.F.);
#1159=ORIENTED_EDGE('',*,*,#2713,.T.);
#1160=ORIENTED_EDGE('',*,*,#2714,.F.);
#1161=ORIENTED_EDGE('',*,*,#2707,.F.);
#1162=ORIENTED_EDGE('',*,*,#2611,.F.);
#1163=ORIENTED_EDGE('',*,*,#2603,.F.);
#1164=ORIENTED_EDGE('',*,*,#2712,.T.);
#1165=ORIENTED_EDGE('',*,*,#2518,.T.);
#1166=ORIENTED_EDGE('',*,*,#2505,.T.);
#1167=ORIENTED_EDGE('',*,*,#2509,.T.);
#1168=ORIENTED_EDGE('',*,*,#2511,.T.);
#1169=ORIENTED_EDGE('',*,*,#2514,.T.);
#1170=ORIENTED_EDGE('',*,*,#2502,.T.);
#1171=ORIENTED_EDGE('',*,*,#2498,.T.);
#1172=ORIENTED_EDGE('',*,*,#2495,.T.);
#1173=ORIENTED_EDGE('',*,*,#2492,.T.);
#1174=ORIENTED_EDGE('',*,*,#2488,.T.);
#1175=ORIENTED_EDGE('',*,*,#2524,.F.);
#1176=ORIENTED_EDGE('',*,*,#2520,.T.);
#1177=ORIENTED_EDGE('',*,*,#2614,.T.);
#1178=ORIENTED_EDGE('',*,*,#2606,.F.);
#1179=ORIENTED_EDGE('',*,*,#2623,.F.);
#1180=ORIENTED_EDGE('',*,*,#2715,.F.);
#1181=ORIENTED_EDGE('',*,*,#2584,.T.);
#1182=ORIENTED_EDGE('',*,*,#2528,.T.);
#1183=ORIENTED_EDGE('',*,*,#2620,.F.);
#1184=ORIENTED_EDGE('',*,*,#2711,.T.);
#1185=ORIENTED_EDGE('',*,*,#2716,.T.);
#1186=ORIENTED_EDGE('',*,*,#2717,.F.);
#1187=ORIENTED_EDGE('',*,*,#2718,.F.);
#1188=ORIENTED_EDGE('',*,*,#2719,.T.);
#1189=ORIENTED_EDGE('',*,*,#2720,.T.);
#1190=ORIENTED_EDGE('',*,*,#2721,.F.);
#1191=ORIENTED_EDGE('',*,*,#2722,.F.);
#1192=ORIENTED_EDGE('',*,*,#2717,.T.);
#1193=ORIENTED_EDGE('',*,*,#2723,.T.);
#1194=ORIENTED_EDGE('',*,*,#2724,.T.);
#1195=ORIENTED_EDGE('',*,*,#2725,.F.);
#1196=ORIENTED_EDGE('',*,*,#2726,.F.);
#1197=ORIENTED_EDGE('',*,*,#2721,.T.);
#1198=ORIENTED_EDGE('',*,*,#2727,.T.);
#1199=ORIENTED_EDGE('',*,*,#2718,.T.);
#1200=ORIENTED_EDGE('',*,*,#2722,.T.);
#1201=ORIENTED_EDGE('',*,*,#2726,.T.);
#1202=ORIENTED_EDGE('',*,*,#2728,.T.);
#1203=ORIENTED_EDGE('',*,*,#2729,.T.);
#1204=ORIENTED_EDGE('',*,*,#2730,.T.);
#1205=ORIENTED_EDGE('',*,*,#2731,.T.);
#1206=ORIENTED_EDGE('',*,*,#2732,.F.);
#1207=ORIENTED_EDGE('',*,*,#2728,.F.);
#1208=ORIENTED_EDGE('',*,*,#2733,.T.);
#1209=ORIENTED_EDGE('',*,*,#2734,.T.);
#1210=ORIENTED_EDGE('',*,*,#2735,.F.);
#1211=ORIENTED_EDGE('',*,*,#2729,.F.);
#1212=ORIENTED_EDGE('',*,*,#2732,.T.);
#1213=ORIENTED_EDGE('',*,*,#2736,.F.);
#1214=ORIENTED_EDGE('',*,*,#2730,.F.);
#1215=ORIENTED_EDGE('',*,*,#2735,.T.);
#1216=ORIENTED_EDGE('',*,*,#2737,.T.);
#1217=ORIENTED_EDGE('',*,*,#2738,.F.);
#1218=ORIENTED_EDGE('',*,*,#2733,.F.);
#1219=ORIENTED_EDGE('',*,*,#2731,.F.);
#1220=ORIENTED_EDGE('',*,*,#2738,.T.);
#1221=ORIENTED_EDGE('',*,*,#2739,.T.);
#1222=ORIENTED_EDGE('',*,*,#2740,.T.);
#1223=ORIENTED_EDGE('',*,*,#2741,.F.);
#1224=ORIENTED_EDGE('',*,*,#2742,.F.);
#1225=ORIENTED_EDGE('',*,*,#2743,.T.);
#1226=ORIENTED_EDGE('',*,*,#2744,.T.);
#1227=ORIENTED_EDGE('',*,*,#2745,.T.);
#1228=ORIENTED_EDGE('',*,*,#2746,.T.);
#1229=ORIENTED_EDGE('',*,*,#2742,.T.);
#1230=ORIENTED_EDGE('',*,*,#2747,.T.);
#1231=ORIENTED_EDGE('',*,*,#2748,.T.);
#1232=ORIENTED_EDGE('',*,*,#2749,.T.);
#1233=ORIENTED_EDGE('',*,*,#2750,.T.);
#1234=ORIENTED_EDGE('',*,*,#2751,.F.);
#1235=ORIENTED_EDGE('',*,*,#2747,.F.);
#1236=ORIENTED_EDGE('',*,*,#2752,.T.);
#1237=ORIENTED_EDGE('',*,*,#2753,.T.);
#1238=ORIENTED_EDGE('',*,*,#2754,.F.);
#1239=ORIENTED_EDGE('',*,*,#2748,.F.);
#1240=ORIENTED_EDGE('',*,*,#2751,.T.);
#1241=ORIENTED_EDGE('',*,*,#2755,.F.);
#1242=ORIENTED_EDGE('',*,*,#2749,.F.);
#1243=ORIENTED_EDGE('',*,*,#2754,.T.);
#1244=ORIENTED_EDGE('',*,*,#2756,.T.);
#1245=ORIENTED_EDGE('',*,*,#2757,.F.);
#1246=ORIENTED_EDGE('',*,*,#2752,.F.);
#1247=ORIENTED_EDGE('',*,*,#2750,.F.);
#1248=ORIENTED_EDGE('',*,*,#2757,.T.);
#1249=ORIENTED_EDGE('',*,*,#2758,.T.);
#1250=ORIENTED_EDGE('',*,*,#2759,.T.);
#1251=ORIENTED_EDGE('',*,*,#2760,.F.);
#1252=ORIENTED_EDGE('',*,*,#2761,.F.);
#1253=ORIENTED_EDGE('',*,*,#2762,.T.);
#1254=ORIENTED_EDGE('',*,*,#2763,.F.);
#1255=ORIENTED_EDGE('',*,*,#2764,.T.);
#1256=ORIENTED_EDGE('',*,*,#2765,.F.);
#1257=ORIENTED_EDGE('',*,*,#2766,.F.);
#1258=ORIENTED_EDGE('',*,*,#2760,.T.);
#1259=ORIENTED_EDGE('',*,*,#2767,.T.);
#1260=ORIENTED_EDGE('',*,*,#2768,.F.);
#1261=ORIENTED_EDGE('',*,*,#2769,.F.);
#1262=ORIENTED_EDGE('',*,*,#2765,.T.);
#1263=ORIENTED_EDGE('',*,*,#2770,.T.);
#1264=ORIENTED_EDGE('',*,*,#2771,.T.);
#1265=ORIENTED_EDGE('',*,*,#2762,.F.);
#1266=ORIENTED_EDGE('',*,*,#2772,.F.);
#1267=ORIENTED_EDGE('',*,*,#2768,.T.);
#1268=ORIENTED_EDGE('',*,*,#2761,.T.);
#1269=ORIENTED_EDGE('',*,*,#2766,.T.);
#1270=ORIENTED_EDGE('',*,*,#2769,.T.);
#1271=ORIENTED_EDGE('',*,*,#2772,.T.);
#1272=ORIENTED_EDGE('',*,*,#2773,.T.);
#1273=ORIENTED_EDGE('',*,*,#2774,.T.);
#1274=ORIENTED_EDGE('',*,*,#2775,.T.);
#1275=ORIENTED_EDGE('',*,*,#2776,.T.);
#1276=ORIENTED_EDGE('',*,*,#2777,.F.);
#1277=ORIENTED_EDGE('',*,*,#2773,.F.);
#1278=ORIENTED_EDGE('',*,*,#2778,.T.);
#1279=ORIENTED_EDGE('',*,*,#2779,.T.);
#1280=ORIENTED_EDGE('',*,*,#2780,.F.);
#1281=ORIENTED_EDGE('',*,*,#2774,.F.);
#1282=ORIENTED_EDGE('',*,*,#2777,.T.);
#1283=ORIENTED_EDGE('',*,*,#2781,.F.);
#1284=ORIENTED_EDGE('',*,*,#2775,.F.);
#1285=ORIENTED_EDGE('',*,*,#2780,.T.);
#1286=ORIENTED_EDGE('',*,*,#2782,.T.);
#1287=ORIENTED_EDGE('',*,*,#2783,.F.);
#1288=ORIENTED_EDGE('',*,*,#2778,.F.);
#1289=ORIENTED_EDGE('',*,*,#2776,.F.);
#1290=ORIENTED_EDGE('',*,*,#2783,.T.);
#1291=ORIENTED_EDGE('',*,*,#2784,.T.);
#1292=ORIENTED_EDGE('',*,*,#2785,.T.);
#1293=ORIENTED_EDGE('',*,*,#2786,.F.);
#1294=ORIENTED_EDGE('',*,*,#2787,.F.);
#1295=ORIENTED_EDGE('',*,*,#2788,.T.);
#1296=ORIENTED_EDGE('',*,*,#2789,.F.);
#1297=ORIENTED_EDGE('',*,*,#2790,.T.);
#1298=ORIENTED_EDGE('',*,*,#2791,.F.);
#1299=ORIENTED_EDGE('',*,*,#2792,.F.);
#1300=ORIENTED_EDGE('',*,*,#2786,.T.);
#1301=ORIENTED_EDGE('',*,*,#2793,.T.);
#1302=ORIENTED_EDGE('',*,*,#2794,.F.);
#1303=ORIENTED_EDGE('',*,*,#2795,.F.);
#1304=ORIENTED_EDGE('',*,*,#2791,.T.);
#1305=ORIENTED_EDGE('',*,*,#2796,.T.);
#1306=ORIENTED_EDGE('',*,*,#2797,.T.);
#1307=ORIENTED_EDGE('',*,*,#2788,.F.);
#1308=ORIENTED_EDGE('',*,*,#2798,.F.);
#1309=ORIENTED_EDGE('',*,*,#2794,.T.);
#1310=ORIENTED_EDGE('',*,*,#2787,.T.);
#1311=ORIENTED_EDGE('',*,*,#2792,.T.);
#1312=ORIENTED_EDGE('',*,*,#2795,.T.);
#1313=ORIENTED_EDGE('',*,*,#2798,.T.);
#1314=ORIENTED_EDGE('',*,*,#2799,.T.);
#1315=ORIENTED_EDGE('',*,*,#2800,.T.);
#1316=ORIENTED_EDGE('',*,*,#2801,.T.);
#1317=ORIENTED_EDGE('',*,*,#2802,.T.);
#1318=ORIENTED_EDGE('',*,*,#2803,.F.);
#1319=ORIENTED_EDGE('',*,*,#2799,.F.);
#1320=ORIENTED_EDGE('',*,*,#2804,.T.);
#1321=ORIENTED_EDGE('',*,*,#2805,.T.);
#1322=ORIENTED_EDGE('',*,*,#2806,.F.);
#1323=ORIENTED_EDGE('',*,*,#2800,.F.);
#1324=ORIENTED_EDGE('',*,*,#2803,.T.);
#1325=ORIENTED_EDGE('',*,*,#2807,.F.);
#1326=ORIENTED_EDGE('',*,*,#2801,.F.);
#1327=ORIENTED_EDGE('',*,*,#2806,.T.);
#1328=ORIENTED_EDGE('',*,*,#2808,.T.);
#1329=ORIENTED_EDGE('',*,*,#2809,.F.);
#1330=ORIENTED_EDGE('',*,*,#2804,.F.);
#1331=ORIENTED_EDGE('',*,*,#2802,.F.);
#1332=ORIENTED_EDGE('',*,*,#2809,.T.);
#1333=ORIENTED_EDGE('',*,*,#2810,.T.);
#1334=ORIENTED_EDGE('',*,*,#2811,.T.);
#1335=ORIENTED_EDGE('',*,*,#2812,.F.);
#1336=ORIENTED_EDGE('',*,*,#2813,.F.);
#1337=ORIENTED_EDGE('',*,*,#2814,.T.);
#1338=ORIENTED_EDGE('',*,*,#2815,.F.);
#1339=ORIENTED_EDGE('',*,*,#2816,.T.);
#1340=ORIENTED_EDGE('',*,*,#2817,.F.);
#1341=ORIENTED_EDGE('',*,*,#2818,.F.);
#1342=ORIENTED_EDGE('',*,*,#2812,.T.);
#1343=ORIENTED_EDGE('',*,*,#2819,.T.);
#1344=ORIENTED_EDGE('',*,*,#2820,.F.);
#1345=ORIENTED_EDGE('',*,*,#2821,.F.);
#1346=ORIENTED_EDGE('',*,*,#2817,.T.);
#1347=ORIENTED_EDGE('',*,*,#2822,.T.);
#1348=ORIENTED_EDGE('',*,*,#2823,.T.);
#1349=ORIENTED_EDGE('',*,*,#2814,.F.);
#1350=ORIENTED_EDGE('',*,*,#2824,.F.);
#1351=ORIENTED_EDGE('',*,*,#2820,.T.);
#1352=ORIENTED_EDGE('',*,*,#2813,.T.);
#1353=ORIENTED_EDGE('',*,*,#2818,.T.);
#1354=ORIENTED_EDGE('',*,*,#2821,.T.);
#1355=ORIENTED_EDGE('',*,*,#2824,.T.);
#1356=ORIENTED_EDGE('',*,*,#2825,.T.);
#1357=ORIENTED_EDGE('',*,*,#2826,.T.);
#1358=ORIENTED_EDGE('',*,*,#2827,.T.);
#1359=ORIENTED_EDGE('',*,*,#2828,.T.);
#1360=ORIENTED_EDGE('',*,*,#2829,.F.);
#1361=ORIENTED_EDGE('',*,*,#2825,.F.);
#1362=ORIENTED_EDGE('',*,*,#2830,.T.);
#1363=ORIENTED_EDGE('',*,*,#2831,.T.);
#1364=ORIENTED_EDGE('',*,*,#2832,.F.);
#1365=ORIENTED_EDGE('',*,*,#2826,.F.);
#1366=ORIENTED_EDGE('',*,*,#2829,.T.);
#1367=ORIENTED_EDGE('',*,*,#2833,.F.);
#1368=ORIENTED_EDGE('',*,*,#2827,.F.);
#1369=ORIENTED_EDGE('',*,*,#2832,.T.);
#1370=ORIENTED_EDGE('',*,*,#2834,.T.);
#1371=ORIENTED_EDGE('',*,*,#2835,.F.);
#1372=ORIENTED_EDGE('',*,*,#2830,.F.);
#1373=ORIENTED_EDGE('',*,*,#2828,.F.);
#1374=ORIENTED_EDGE('',*,*,#2835,.T.);
#1375=ORIENTED_EDGE('',*,*,#2836,.T.);
#1376=ORIENTED_EDGE('',*,*,#2837,.T.);
#1377=ORIENTED_EDGE('',*,*,#2838,.F.);
#1378=ORIENTED_EDGE('',*,*,#2839,.F.);
#1379=ORIENTED_EDGE('',*,*,#2840,.T.);
#1380=ORIENTED_EDGE('',*,*,#2841,.F.);
#1381=ORIENTED_EDGE('',*,*,#2842,.T.);
#1382=ORIENTED_EDGE('',*,*,#2843,.F.);
#1383=ORIENTED_EDGE('',*,*,#2844,.F.);
#1384=ORIENTED_EDGE('',*,*,#2838,.T.);
#1385=ORIENTED_EDGE('',*,*,#2845,.T.);
#1386=ORIENTED_EDGE('',*,*,#2846,.F.);
#1387=ORIENTED_EDGE('',*,*,#2847,.F.);
#1388=ORIENTED_EDGE('',*,*,#2843,.T.);
#1389=ORIENTED_EDGE('',*,*,#2848,.T.);
#1390=ORIENTED_EDGE('',*,*,#2849,.T.);
#1391=ORIENTED_EDGE('',*,*,#2840,.F.);
#1392=ORIENTED_EDGE('',*,*,#2850,.F.);
#1393=ORIENTED_EDGE('',*,*,#2846,.T.);
#1394=ORIENTED_EDGE('',*,*,#2839,.T.);
#1395=ORIENTED_EDGE('',*,*,#2844,.T.);
#1396=ORIENTED_EDGE('',*,*,#2847,.T.);
#1397=ORIENTED_EDGE('',*,*,#2850,.T.);
#1398=ORIENTED_EDGE('',*,*,#2851,.T.);
#1399=ORIENTED_EDGE('',*,*,#2852,.T.);
#1400=ORIENTED_EDGE('',*,*,#2853,.T.);
#1401=ORIENTED_EDGE('',*,*,#2854,.T.);
#1402=ORIENTED_EDGE('',*,*,#2855,.F.);
#1403=ORIENTED_EDGE('',*,*,#2851,.F.);
#1404=ORIENTED_EDGE('',*,*,#2856,.T.);
#1405=ORIENTED_EDGE('',*,*,#2857,.T.);
#1406=ORIENTED_EDGE('',*,*,#2858,.F.);
#1407=ORIENTED_EDGE('',*,*,#2852,.F.);
#1408=ORIENTED_EDGE('',*,*,#2855,.T.);
#1409=ORIENTED_EDGE('',*,*,#2859,.F.);
#1410=ORIENTED_EDGE('',*,*,#2853,.F.);
#1411=ORIENTED_EDGE('',*,*,#2858,.T.);
#1412=ORIENTED_EDGE('',*,*,#2860,.T.);
#1413=ORIENTED_EDGE('',*,*,#2861,.F.);
#1414=ORIENTED_EDGE('',*,*,#2856,.F.);
#1415=ORIENTED_EDGE('',*,*,#2854,.F.);
#1416=ORIENTED_EDGE('',*,*,#2861,.T.);
#1417=ORIENTED_EDGE('',*,*,#2862,.T.);
#1418=ORIENTED_EDGE('',*,*,#2863,.T.);
#1419=ORIENTED_EDGE('',*,*,#2864,.F.);
#1420=ORIENTED_EDGE('',*,*,#2865,.F.);
#1421=ORIENTED_EDGE('',*,*,#2866,.T.);
#1422=ORIENTED_EDGE('',*,*,#2867,.F.);
#1423=ORIENTED_EDGE('',*,*,#2868,.T.);
#1424=ORIENTED_EDGE('',*,*,#2869,.F.);
#1425=ORIENTED_EDGE('',*,*,#2870,.F.);
#1426=ORIENTED_EDGE('',*,*,#2864,.T.);
#1427=ORIENTED_EDGE('',*,*,#2871,.T.);
#1428=ORIENTED_EDGE('',*,*,#2872,.F.);
#1429=ORIENTED_EDGE('',*,*,#2873,.F.);
#1430=ORIENTED_EDGE('',*,*,#2869,.T.);
#1431=ORIENTED_EDGE('',*,*,#2874,.T.);
#1432=ORIENTED_EDGE('',*,*,#2875,.T.);
#1433=ORIENTED_EDGE('',*,*,#2866,.F.);
#1434=ORIENTED_EDGE('',*,*,#2876,.F.);
#1435=ORIENTED_EDGE('',*,*,#2872,.T.);
#1436=ORIENTED_EDGE('',*,*,#2865,.T.);
#1437=ORIENTED_EDGE('',*,*,#2870,.T.);
#1438=ORIENTED_EDGE('',*,*,#2873,.T.);
#1439=ORIENTED_EDGE('',*,*,#2876,.T.);
#1440=ORIENTED_EDGE('',*,*,#2877,.T.);
#1441=ORIENTED_EDGE('',*,*,#2878,.T.);
#1442=ORIENTED_EDGE('',*,*,#2879,.T.);
#1443=ORIENTED_EDGE('',*,*,#2880,.T.);
#1444=ORIENTED_EDGE('',*,*,#2881,.F.);
#1445=ORIENTED_EDGE('',*,*,#2877,.F.);
#1446=ORIENTED_EDGE('',*,*,#2882,.T.);
#1447=ORIENTED_EDGE('',*,*,#2883,.T.);
#1448=ORIENTED_EDGE('',*,*,#2884,.F.);
#1449=ORIENTED_EDGE('',*,*,#2878,.F.);
#1450=ORIENTED_EDGE('',*,*,#2881,.T.);
#1451=ORIENTED_EDGE('',*,*,#2885,.F.);
#1452=ORIENTED_EDGE('',*,*,#2879,.F.);
#1453=ORIENTED_EDGE('',*,*,#2884,.T.);
#1454=ORIENTED_EDGE('',*,*,#2886,.T.);
#1455=ORIENTED_EDGE('',*,*,#2887,.F.);
#1456=ORIENTED_EDGE('',*,*,#2882,.F.);
#1457=ORIENTED_EDGE('',*,*,#2880,.F.);
#1458=ORIENTED_EDGE('',*,*,#2887,.T.);
#1459=ORIENTED_EDGE('',*,*,#2888,.T.);
#1460=ORIENTED_EDGE('',*,*,#2889,.T.);
#1461=ORIENTED_EDGE('',*,*,#2890,.F.);
#1462=ORIENTED_EDGE('',*,*,#2891,.F.);
#1463=ORIENTED_EDGE('',*,*,#2892,.T.);
#1464=ORIENTED_EDGE('',*,*,#2893,.F.);
#1465=ORIENTED_EDGE('',*,*,#2894,.T.);
#1466=ORIENTED_EDGE('',*,*,#2895,.F.);
#1467=ORIENTED_EDGE('',*,*,#2896,.F.);
#1468=ORIENTED_EDGE('',*,*,#2890,.T.);
#1469=ORIENTED_EDGE('',*,*,#2897,.T.);
#1470=ORIENTED_EDGE('',*,*,#2898,.F.);
#1471=ORIENTED_EDGE('',*,*,#2899,.F.);
#1472=ORIENTED_EDGE('',*,*,#2895,.T.);
#1473=ORIENTED_EDGE('',*,*,#2900,.T.);
#1474=ORIENTED_EDGE('',*,*,#2901,.T.);
#1475=ORIENTED_EDGE('',*,*,#2892,.F.);
#1476=ORIENTED_EDGE('',*,*,#2902,.F.);
#1477=ORIENTED_EDGE('',*,*,#2898,.T.);
#1478=ORIENTED_EDGE('',*,*,#2891,.T.);
#1479=ORIENTED_EDGE('',*,*,#2896,.T.);
#1480=ORIENTED_EDGE('',*,*,#2899,.T.);
#1481=ORIENTED_EDGE('',*,*,#2902,.T.);
#1482=ORIENTED_EDGE('',*,*,#2903,.T.);
#1483=ORIENTED_EDGE('',*,*,#2904,.T.);
#1484=ORIENTED_EDGE('',*,*,#2905,.T.);
#1485=ORIENTED_EDGE('',*,*,#2906,.T.);
#1486=ORIENTED_EDGE('',*,*,#2907,.F.);
#1487=ORIENTED_EDGE('',*,*,#2903,.F.);
#1488=ORIENTED_EDGE('',*,*,#2908,.T.);
#1489=ORIENTED_EDGE('',*,*,#2909,.T.);
#1490=ORIENTED_EDGE('',*,*,#2910,.F.);
#1491=ORIENTED_EDGE('',*,*,#2904,.F.);
#1492=ORIENTED_EDGE('',*,*,#2907,.T.);
#1493=ORIENTED_EDGE('',*,*,#2911,.F.);
#1494=ORIENTED_EDGE('',*,*,#2905,.F.);
#1495=ORIENTED_EDGE('',*,*,#2910,.T.);
#1496=ORIENTED_EDGE('',*,*,#2912,.T.);
#1497=ORIENTED_EDGE('',*,*,#2913,.F.);
#1498=ORIENTED_EDGE('',*,*,#2908,.F.);
#1499=ORIENTED_EDGE('',*,*,#2906,.F.);
#1500=ORIENTED_EDGE('',*,*,#2913,.T.);
#1501=ORIENTED_EDGE('',*,*,#2914,.T.);
#1502=ORIENTED_EDGE('',*,*,#2915,.T.);
#1503=ORIENTED_EDGE('',*,*,#2916,.F.);
#1504=ORIENTED_EDGE('',*,*,#2917,.F.);
#1505=ORIENTED_EDGE('',*,*,#2918,.T.);
#1506=ORIENTED_EDGE('',*,*,#2919,.F.);
#1507=ORIENTED_EDGE('',*,*,#2920,.T.);
#1508=ORIENTED_EDGE('',*,*,#2921,.F.);
#1509=ORIENTED_EDGE('',*,*,#2922,.F.);
#1510=ORIENTED_EDGE('',*,*,#2916,.T.);
#1511=ORIENTED_EDGE('',*,*,#2923,.T.);
#1512=ORIENTED_EDGE('',*,*,#2924,.F.);
#1513=ORIENTED_EDGE('',*,*,#2925,.F.);
#1514=ORIENTED_EDGE('',*,*,#2921,.T.);
#1515=ORIENTED_EDGE('',*,*,#2926,.T.);
#1516=ORIENTED_EDGE('',*,*,#2927,.T.);
#1517=ORIENTED_EDGE('',*,*,#2918,.F.);
#1518=ORIENTED_EDGE('',*,*,#2928,.F.);
#1519=ORIENTED_EDGE('',*,*,#2924,.T.);
#1520=ORIENTED_EDGE('',*,*,#2917,.T.);
#1521=ORIENTED_EDGE('',*,*,#2922,.T.);
#1522=ORIENTED_EDGE('',*,*,#2925,.T.);
#1523=ORIENTED_EDGE('',*,*,#2928,.T.);
#1524=ORIENTED_EDGE('',*,*,#2929,.T.);
#1525=ORIENTED_EDGE('',*,*,#2930,.T.);
#1526=ORIENTED_EDGE('',*,*,#2931,.T.);
#1527=ORIENTED_EDGE('',*,*,#2932,.T.);
#1528=ORIENTED_EDGE('',*,*,#2933,.F.);
#1529=ORIENTED_EDGE('',*,*,#2929,.F.);
#1530=ORIENTED_EDGE('',*,*,#2934,.T.);
#1531=ORIENTED_EDGE('',*,*,#2935,.T.);
#1532=ORIENTED_EDGE('',*,*,#2936,.F.);
#1533=ORIENTED_EDGE('',*,*,#2930,.F.);
#1534=ORIENTED_EDGE('',*,*,#2933,.T.);
#1535=ORIENTED_EDGE('',*,*,#2937,.F.);
#1536=ORIENTED_EDGE('',*,*,#2931,.F.);
#1537=ORIENTED_EDGE('',*,*,#2936,.T.);
#1538=ORIENTED_EDGE('',*,*,#2938,.T.);
#1539=ORIENTED_EDGE('',*,*,#2939,.F.);
#1540=ORIENTED_EDGE('',*,*,#2934,.F.);
#1541=ORIENTED_EDGE('',*,*,#2932,.F.);
#1542=ORIENTED_EDGE('',*,*,#2939,.T.);
#1543=ORIENTED_EDGE('',*,*,#2940,.T.);
#1544=ORIENTED_EDGE('',*,*,#2941,.T.);
#1545=ORIENTED_EDGE('',*,*,#2942,.F.);
#1546=ORIENTED_EDGE('',*,*,#2943,.F.);
#1547=ORIENTED_EDGE('',*,*,#2944,.T.);
#1548=ORIENTED_EDGE('',*,*,#2945,.F.);
#1549=ORIENTED_EDGE('',*,*,#2946,.T.);
#1550=ORIENTED_EDGE('',*,*,#2947,.F.);
#1551=ORIENTED_EDGE('',*,*,#2948,.F.);
#1552=ORIENTED_EDGE('',*,*,#2942,.T.);
#1553=ORIENTED_EDGE('',*,*,#2949,.T.);
#1554=ORIENTED_EDGE('',*,*,#2950,.F.);
#1555=ORIENTED_EDGE('',*,*,#2951,.F.);
#1556=ORIENTED_EDGE('',*,*,#2947,.T.);
#1557=ORIENTED_EDGE('',*,*,#2952,.T.);
#1558=ORIENTED_EDGE('',*,*,#2953,.T.);
#1559=ORIENTED_EDGE('',*,*,#2944,.F.);
#1560=ORIENTED_EDGE('',*,*,#2954,.F.);
#1561=ORIENTED_EDGE('',*,*,#2950,.T.);
#1562=ORIENTED_EDGE('',*,*,#2943,.T.);
#1563=ORIENTED_EDGE('',*,*,#2948,.T.);
#1564=ORIENTED_EDGE('',*,*,#2951,.T.);
#1565=ORIENTED_EDGE('',*,*,#2954,.T.);
#1566=ORIENTED_EDGE('',*,*,#2955,.T.);
#1567=ORIENTED_EDGE('',*,*,#2956,.T.);
#1568=ORIENTED_EDGE('',*,*,#2957,.T.);
#1569=ORIENTED_EDGE('',*,*,#2958,.T.);
#1570=ORIENTED_EDGE('',*,*,#2959,.F.);
#1571=ORIENTED_EDGE('',*,*,#2955,.F.);
#1572=ORIENTED_EDGE('',*,*,#2960,.T.);
#1573=ORIENTED_EDGE('',*,*,#2961,.T.);
#1574=ORIENTED_EDGE('',*,*,#2962,.F.);
#1575=ORIENTED_EDGE('',*,*,#2956,.F.);
#1576=ORIENTED_EDGE('',*,*,#2959,.T.);
#1577=ORIENTED_EDGE('',*,*,#2963,.F.);
#1578=ORIENTED_EDGE('',*,*,#2957,.F.);
#1579=ORIENTED_EDGE('',*,*,#2962,.T.);
#1580=ORIENTED_EDGE('',*,*,#2964,.T.);
#1581=ORIENTED_EDGE('',*,*,#2965,.F.);
#1582=ORIENTED_EDGE('',*,*,#2960,.F.);
#1583=ORIENTED_EDGE('',*,*,#2958,.F.);
#1584=ORIENTED_EDGE('',*,*,#2965,.T.);
#1585=ORIENTED_EDGE('',*,*,#2966,.T.);
#1586=ORIENTED_EDGE('',*,*,#2967,.T.);
#1587=ORIENTED_EDGE('',*,*,#2968,.F.);
#1588=ORIENTED_EDGE('',*,*,#2969,.F.);
#1589=ORIENTED_EDGE('',*,*,#2970,.T.);
#1590=ORIENTED_EDGE('',*,*,#2971,.F.);
#1591=ORIENTED_EDGE('',*,*,#2972,.T.);
#1592=ORIENTED_EDGE('',*,*,#2973,.F.);
#1593=ORIENTED_EDGE('',*,*,#2974,.F.);
#1594=ORIENTED_EDGE('',*,*,#2968,.T.);
#1595=ORIENTED_EDGE('',*,*,#2975,.T.);
#1596=ORIENTED_EDGE('',*,*,#2976,.F.);
#1597=ORIENTED_EDGE('',*,*,#2977,.F.);
#1598=ORIENTED_EDGE('',*,*,#2973,.T.);
#1599=ORIENTED_EDGE('',*,*,#2978,.T.);
#1600=ORIENTED_EDGE('',*,*,#2979,.T.);
#1601=ORIENTED_EDGE('',*,*,#2970,.F.);
#1602=ORIENTED_EDGE('',*,*,#2980,.F.);
#1603=ORIENTED_EDGE('',*,*,#2976,.T.);
#1604=ORIENTED_EDGE('',*,*,#2969,.T.);
#1605=ORIENTED_EDGE('',*,*,#2974,.T.);
#1606=ORIENTED_EDGE('',*,*,#2977,.T.);
#1607=ORIENTED_EDGE('',*,*,#2980,.T.);
#1608=ORIENTED_EDGE('',*,*,#2981,.T.);
#1609=ORIENTED_EDGE('',*,*,#2982,.T.);
#1610=ORIENTED_EDGE('',*,*,#2983,.T.);
#1611=ORIENTED_EDGE('',*,*,#2984,.T.);
#1612=ORIENTED_EDGE('',*,*,#2985,.F.);
#1613=ORIENTED_EDGE('',*,*,#2981,.F.);
#1614=ORIENTED_EDGE('',*,*,#2986,.T.);
#1615=ORIENTED_EDGE('',*,*,#2987,.T.);
#1616=ORIENTED_EDGE('',*,*,#2988,.F.);
#1617=ORIENTED_EDGE('',*,*,#2982,.F.);
#1618=ORIENTED_EDGE('',*,*,#2985,.T.);
#1619=ORIENTED_EDGE('',*,*,#2989,.F.);
#1620=ORIENTED_EDGE('',*,*,#2983,.F.);
#1621=ORIENTED_EDGE('',*,*,#2988,.T.);
#1622=ORIENTED_EDGE('',*,*,#2990,.T.);
#1623=ORIENTED_EDGE('',*,*,#2991,.F.);
#1624=ORIENTED_EDGE('',*,*,#2986,.F.);
#1625=ORIENTED_EDGE('',*,*,#2984,.F.);
#1626=ORIENTED_EDGE('',*,*,#2991,.T.);
#1627=ORIENTED_EDGE('',*,*,#2992,.T.);
#1628=ORIENTED_EDGE('',*,*,#2993,.T.);
#1629=ORIENTED_EDGE('',*,*,#2994,.F.);
#1630=ORIENTED_EDGE('',*,*,#2995,.F.);
#1631=ORIENTED_EDGE('',*,*,#2996,.T.);
#1632=ORIENTED_EDGE('',*,*,#2997,.F.);
#1633=ORIENTED_EDGE('',*,*,#2998,.T.);
#1634=ORIENTED_EDGE('',*,*,#2999,.F.);
#1635=ORIENTED_EDGE('',*,*,#3000,.F.);
#1636=ORIENTED_EDGE('',*,*,#2994,.T.);
#1637=ORIENTED_EDGE('',*,*,#3001,.T.);
#1638=ORIENTED_EDGE('',*,*,#3002,.F.);
#1639=ORIENTED_EDGE('',*,*,#3003,.F.);
#1640=ORIENTED_EDGE('',*,*,#2999,.T.);
#1641=ORIENTED_EDGE('',*,*,#3004,.T.);
#1642=ORIENTED_EDGE('',*,*,#3005,.T.);
#1643=ORIENTED_EDGE('',*,*,#2996,.F.);
#1644=ORIENTED_EDGE('',*,*,#3006,.F.);
#1645=ORIENTED_EDGE('',*,*,#3002,.T.);
#1646=ORIENTED_EDGE('',*,*,#2995,.T.);
#1647=ORIENTED_EDGE('',*,*,#3000,.T.);
#1648=ORIENTED_EDGE('',*,*,#3003,.T.);
#1649=ORIENTED_EDGE('',*,*,#3006,.T.);
#1650=ORIENTED_EDGE('',*,*,#3007,.T.);
#1651=ORIENTED_EDGE('',*,*,#3008,.T.);
#1652=ORIENTED_EDGE('',*,*,#3009,.T.);
#1653=ORIENTED_EDGE('',*,*,#3010,.T.);
#1654=ORIENTED_EDGE('',*,*,#3011,.F.);
#1655=ORIENTED_EDGE('',*,*,#3007,.F.);
#1656=ORIENTED_EDGE('',*,*,#3012,.T.);
#1657=ORIENTED_EDGE('',*,*,#3013,.T.);
#1658=ORIENTED_EDGE('',*,*,#3008,.F.);
#1659=ORIENTED_EDGE('',*,*,#3011,.T.);
#1660=ORIENTED_EDGE('',*,*,#3014,.F.);
#1661=ORIENTED_EDGE('',*,*,#3015,.F.);
#1662=ORIENTED_EDGE('',*,*,#3009,.F.);
#1663=ORIENTED_EDGE('',*,*,#3015,.T.);
#1664=ORIENTED_EDGE('',*,*,#3016,.T.);
#1665=ORIENTED_EDGE('',*,*,#3017,.F.);
#1666=ORIENTED_EDGE('',*,*,#3018,.T.);
#1667=ORIENTED_EDGE('',*,*,#3012,.F.);
#1668=ORIENTED_EDGE('',*,*,#3010,.F.);
#1669=ORIENTED_EDGE('',*,*,#3017,.T.);
#1670=ORIENTED_EDGE('',*,*,#2737,.F.);
#1671=ORIENTED_EDGE('',*,*,#2736,.T.);
#1672=ORIENTED_EDGE('',*,*,#2734,.F.);
#1673=ORIENTED_EDGE('',*,*,#2739,.F.);
#1674=ORIENTED_EDGE('',*,*,#2756,.F.);
#1675=ORIENTED_EDGE('',*,*,#2755,.T.);
#1676=ORIENTED_EDGE('',*,*,#2753,.F.);
#1677=ORIENTED_EDGE('',*,*,#2758,.F.);
#1678=ORIENTED_EDGE('',*,*,#2782,.F.);
#1679=ORIENTED_EDGE('',*,*,#2781,.T.);
#1680=ORIENTED_EDGE('',*,*,#2779,.F.);
#1681=ORIENTED_EDGE('',*,*,#2784,.F.);
#1682=ORIENTED_EDGE('',*,*,#2808,.F.);
#1683=ORIENTED_EDGE('',*,*,#2807,.T.);
#1684=ORIENTED_EDGE('',*,*,#2805,.F.);
#1685=ORIENTED_EDGE('',*,*,#2810,.F.);
#1686=ORIENTED_EDGE('',*,*,#2834,.F.);
#1687=ORIENTED_EDGE('',*,*,#2833,.T.);
#1688=ORIENTED_EDGE('',*,*,#2831,.F.);
#1689=ORIENTED_EDGE('',*,*,#2836,.F.);
#1690=ORIENTED_EDGE('',*,*,#2875,.F.);
#1691=ORIENTED_EDGE('',*,*,#3019,.T.);
#1692=ORIENTED_EDGE('',*,*,#2849,.F.);
#1693=ORIENTED_EDGE('',*,*,#3020,.T.);
#1694=ORIENTED_EDGE('',*,*,#2823,.F.);
#1695=ORIENTED_EDGE('',*,*,#3021,.T.);
#1696=ORIENTED_EDGE('',*,*,#2797,.F.);
#1697=ORIENTED_EDGE('',*,*,#3022,.T.);
#1698=ORIENTED_EDGE('',*,*,#2771,.F.);
#1699=ORIENTED_EDGE('',*,*,#3023,.T.);
#1700=ORIENTED_EDGE('',*,*,#2740,.F.);
#1701=ORIENTED_EDGE('',*,*,#3024,.T.);
#1702=ORIENTED_EDGE('',*,*,#2724,.F.);
#1703=ORIENTED_EDGE('',*,*,#3025,.F.);
#1704=ORIENTED_EDGE('',*,*,#3026,.T.);
#1705=ORIENTED_EDGE('',*,*,#3027,.T.);
#1706=ORIENTED_EDGE('',*,*,#3028,.F.);
#1707=ORIENTED_EDGE('',*,*,#3029,.T.);
#1708=ORIENTED_EDGE('',*,*,#3005,.F.);
#1709=ORIENTED_EDGE('',*,*,#3030,.T.);
#1710=ORIENTED_EDGE('',*,*,#2979,.F.);
#1711=ORIENTED_EDGE('',*,*,#3031,.T.);
#1712=ORIENTED_EDGE('',*,*,#2953,.F.);
#1713=ORIENTED_EDGE('',*,*,#3032,.T.);
#1714=ORIENTED_EDGE('',*,*,#2927,.F.);
#1715=ORIENTED_EDGE('',*,*,#3033,.T.);
#1716=ORIENTED_EDGE('',*,*,#2901,.F.);
#1717=ORIENTED_EDGE('',*,*,#3034,.T.);
#1718=ORIENTED_EDGE('',*,*,#2860,.F.);
#1719=ORIENTED_EDGE('',*,*,#2859,.T.);
#1720=ORIENTED_EDGE('',*,*,#2857,.F.);
#1721=ORIENTED_EDGE('',*,*,#2862,.F.);
#1722=ORIENTED_EDGE('',*,*,#2886,.F.);
#1723=ORIENTED_EDGE('',*,*,#2885,.T.);
#1724=ORIENTED_EDGE('',*,*,#2883,.F.);
#1725=ORIENTED_EDGE('',*,*,#2888,.F.);
#1726=ORIENTED_EDGE('',*,*,#2912,.F.);
#1727=ORIENTED_EDGE('',*,*,#2911,.T.);
#1728=ORIENTED_EDGE('',*,*,#2909,.F.);
#1729=ORIENTED_EDGE('',*,*,#2914,.F.);
#1730=ORIENTED_EDGE('',*,*,#2938,.F.);
#1731=ORIENTED_EDGE('',*,*,#2937,.T.);
#1732=ORIENTED_EDGE('',*,*,#2935,.F.);
#1733=ORIENTED_EDGE('',*,*,#2940,.F.);
#1734=ORIENTED_EDGE('',*,*,#2964,.F.);
#1735=ORIENTED_EDGE('',*,*,#2963,.T.);
#1736=ORIENTED_EDGE('',*,*,#2961,.F.);
#1737=ORIENTED_EDGE('',*,*,#2966,.F.);
#1738=ORIENTED_EDGE('',*,*,#2990,.F.);
#1739=ORIENTED_EDGE('',*,*,#2989,.T.);
#1740=ORIENTED_EDGE('',*,*,#2987,.F.);
#1741=ORIENTED_EDGE('',*,*,#2992,.F.);
#1742=ORIENTED_EDGE('',*,*,#3016,.F.);
#1743=ORIENTED_EDGE('',*,*,#3014,.T.);
#1744=ORIENTED_EDGE('',*,*,#3013,.F.);
#1745=ORIENTED_EDGE('',*,*,#3018,.F.);
#1746=ORIENTED_EDGE('',*,*,#3035,.T.);
#1747=ORIENTED_EDGE('',*,*,#3036,.F.);
#1748=ORIENTED_EDGE('',*,*,#2744,.F.);
#1749=ORIENTED_EDGE('',*,*,#2741,.T.);
#1750=ORIENTED_EDGE('',*,*,#3037,.F.);
#1751=ORIENTED_EDGE('',*,*,#3038,.T.);
#1752=ORIENTED_EDGE('',*,*,#3039,.F.);
#1753=ORIENTED_EDGE('',*,*,#2745,.F.);
#1754=ORIENTED_EDGE('',*,*,#3036,.T.);
#1755=ORIENTED_EDGE('',*,*,#3040,.T.);
#1756=ORIENTED_EDGE('',*,*,#2743,.F.);
#1757=ORIENTED_EDGE('',*,*,#2746,.F.);
#1758=ORIENTED_EDGE('',*,*,#3039,.T.);
#1759=ORIENTED_EDGE('',*,*,#3041,.T.);
#1760=ORIENTED_EDGE('',*,*,#3042,.F.);
#1761=ORIENTED_EDGE('',*,*,#3026,.F.);
#1762=ORIENTED_EDGE('',*,*,#3043,.F.);
#1763=ORIENTED_EDGE('',*,*,#3044,.T.);
#1764=ORIENTED_EDGE('',*,*,#3045,.F.);
#1765=ORIENTED_EDGE('',*,*,#3027,.F.);
#1766=ORIENTED_EDGE('',*,*,#3042,.T.);
#1767=ORIENTED_EDGE('',*,*,#3046,.T.);
#1768=ORIENTED_EDGE('',*,*,#3047,.T.);
#1769=ORIENTED_EDGE('',*,*,#3028,.T.);
#1770=ORIENTED_EDGE('',*,*,#3045,.T.);
#1771=ORIENTED_EDGE('',*,*,#3048,.F.);
#1772=ORIENTED_EDGE('',*,*,#3024,.F.);
#1773=ORIENTED_EDGE('',*,*,#3040,.F.);
#1774=ORIENTED_EDGE('',*,*,#3049,.F.);
#1775=ORIENTED_EDGE('',*,*,#3050,.T.);
#1776=ORIENTED_EDGE('',*,*,#3043,.T.);
#1777=ORIENTED_EDGE('',*,*,#3025,.T.);
#1778=ORIENTED_EDGE('',*,*,#2720,.F.);
#1779=ORIENTED_EDGE('',*,*,#3051,.F.);
#1780=ORIENTED_EDGE('',*,*,#3023,.F.);
#1781=ORIENTED_EDGE('',*,*,#2767,.F.);
#1782=ORIENTED_EDGE('',*,*,#3052,.F.);
#1783=ORIENTED_EDGE('',*,*,#3037,.T.);
#1784=ORIENTED_EDGE('',*,*,#3022,.F.);
#1785=ORIENTED_EDGE('',*,*,#2793,.F.);
#1786=ORIENTED_EDGE('',*,*,#3053,.F.);
#1787=ORIENTED_EDGE('',*,*,#2763,.T.);
#1788=ORIENTED_EDGE('',*,*,#3021,.F.);
#1789=ORIENTED_EDGE('',*,*,#2819,.F.);
#1790=ORIENTED_EDGE('',*,*,#3054,.F.);
#1791=ORIENTED_EDGE('',*,*,#2789,.T.);
#1792=ORIENTED_EDGE('',*,*,#3020,.F.);
#1793=ORIENTED_EDGE('',*,*,#2845,.F.);
#1794=ORIENTED_EDGE('',*,*,#3055,.F.);
#1795=ORIENTED_EDGE('',*,*,#2815,.T.);
#1796=ORIENTED_EDGE('',*,*,#3019,.F.);
#1797=ORIENTED_EDGE('',*,*,#2871,.F.);
#1798=ORIENTED_EDGE('',*,*,#3056,.F.);
#1799=ORIENTED_EDGE('',*,*,#2841,.T.);
#1800=ORIENTED_EDGE('',*,*,#3034,.F.);
#1801=ORIENTED_EDGE('',*,*,#2897,.F.);
#1802=ORIENTED_EDGE('',*,*,#3057,.F.);
#1803=ORIENTED_EDGE('',*,*,#2867,.T.);
#1804=ORIENTED_EDGE('',*,*,#3033,.F.);
#1805=ORIENTED_EDGE('',*,*,#2923,.F.);
#1806=ORIENTED_EDGE('',*,*,#3058,.F.);
#1807=ORIENTED_EDGE('',*,*,#2893,.T.);
#1808=ORIENTED_EDGE('',*,*,#3032,.F.);
#1809=ORIENTED_EDGE('',*,*,#2949,.F.);
#1810=ORIENTED_EDGE('',*,*,#3059,.F.);
#1811=ORIENTED_EDGE('',*,*,#2919,.T.);
#1812=ORIENTED_EDGE('',*,*,#3031,.F.);
#1813=ORIENTED_EDGE('',*,*,#2975,.F.);
#1814=ORIENTED_EDGE('',*,*,#3060,.F.);
#1815=ORIENTED_EDGE('',*,*,#2945,.T.);
#1816=ORIENTED_EDGE('',*,*,#3030,.F.);
#1817=ORIENTED_EDGE('',*,*,#3001,.F.);
#1818=ORIENTED_EDGE('',*,*,#3061,.F.);
#1819=ORIENTED_EDGE('',*,*,#2971,.T.);
#1820=ORIENTED_EDGE('',*,*,#3029,.F.);
#1821=ORIENTED_EDGE('',*,*,#3047,.F.);
#1822=ORIENTED_EDGE('',*,*,#3062,.F.);
#1823=ORIENTED_EDGE('',*,*,#2997,.T.);
#1824=ORIENTED_EDGE('',*,*,#3063,.T.);
#1825=ORIENTED_EDGE('',*,*,#2719,.F.);
#1826=ORIENTED_EDGE('',*,*,#2727,.F.);
#1827=ORIENTED_EDGE('',*,*,#2725,.T.);
#1828=ORIENTED_EDGE('',*,*,#3050,.F.);
#1829=ORIENTED_EDGE('',*,*,#3049,.T.);
#1830=ORIENTED_EDGE('',*,*,#3041,.F.);
#1831=ORIENTED_EDGE('',*,*,#3038,.F.);
#1832=ORIENTED_EDGE('',*,*,#3035,.F.);
#1833=ORIENTED_EDGE('',*,*,#3052,.T.);
#1834=ORIENTED_EDGE('',*,*,#2770,.F.);
#1835=ORIENTED_EDGE('',*,*,#2764,.F.);
#1836=ORIENTED_EDGE('',*,*,#2759,.F.);
#1837=ORIENTED_EDGE('',*,*,#3053,.T.);
#1838=ORIENTED_EDGE('',*,*,#2796,.F.);
#1839=ORIENTED_EDGE('',*,*,#2790,.F.);
#1840=ORIENTED_EDGE('',*,*,#2785,.F.);
#1841=ORIENTED_EDGE('',*,*,#3054,.T.);
#1842=ORIENTED_EDGE('',*,*,#2822,.F.);
#1843=ORIENTED_EDGE('',*,*,#2816,.F.);
#1844=ORIENTED_EDGE('',*,*,#2811,.F.);
#1845=ORIENTED_EDGE('',*,*,#3055,.T.);
#1846=ORIENTED_EDGE('',*,*,#2848,.F.);
#1847=ORIENTED_EDGE('',*,*,#2842,.F.);
#1848=ORIENTED_EDGE('',*,*,#2837,.F.);
#1849=ORIENTED_EDGE('',*,*,#3056,.T.);
#1850=ORIENTED_EDGE('',*,*,#2874,.F.);
#1851=ORIENTED_EDGE('',*,*,#2868,.F.);
#1852=ORIENTED_EDGE('',*,*,#2863,.F.);
#1853=ORIENTED_EDGE('',*,*,#3057,.T.);
#1854=ORIENTED_EDGE('',*,*,#2900,.F.);
#1855=ORIENTED_EDGE('',*,*,#2894,.F.);
#1856=ORIENTED_EDGE('',*,*,#2889,.F.);
#1857=ORIENTED_EDGE('',*,*,#3058,.T.);
#1858=ORIENTED_EDGE('',*,*,#2926,.F.);
#1859=ORIENTED_EDGE('',*,*,#2920,.F.);
#1860=ORIENTED_EDGE('',*,*,#2915,.F.);
#1861=ORIENTED_EDGE('',*,*,#3059,.T.);
#1862=ORIENTED_EDGE('',*,*,#2952,.F.);
#1863=ORIENTED_EDGE('',*,*,#2946,.F.);
#1864=ORIENTED_EDGE('',*,*,#2941,.F.);
#1865=ORIENTED_EDGE('',*,*,#3060,.T.);
#1866=ORIENTED_EDGE('',*,*,#2978,.F.);
#1867=ORIENTED_EDGE('',*,*,#2972,.F.);
#1868=ORIENTED_EDGE('',*,*,#2967,.F.);
#1869=ORIENTED_EDGE('',*,*,#3061,.T.);
#1870=ORIENTED_EDGE('',*,*,#3004,.F.);
#1871=ORIENTED_EDGE('',*,*,#2998,.F.);
#1872=ORIENTED_EDGE('',*,*,#2993,.F.);
#1873=ORIENTED_EDGE('',*,*,#3062,.T.);
#1874=ORIENTED_EDGE('',*,*,#3048,.T.);
#1875=ORIENTED_EDGE('',*,*,#3046,.F.);
#1876=ORIENTED_EDGE('',*,*,#3044,.F.);
#1877=ORIENTED_EDGE('',*,*,#3051,.T.);
#1878=ORIENTED_EDGE('',*,*,#2723,.F.);
#1879=ORIENTED_EDGE('',*,*,#2716,.F.);
#1880=ORIENTED_EDGE('',*,*,#3063,.F.);
#1881=ORIENTED_EDGE('',*,*,#3064,.T.);
#1882=ORIENTED_EDGE('',*,*,#3065,.T.);
#1883=ORIENTED_EDGE('',*,*,#3066,.T.);
#1884=ORIENTED_EDGE('',*,*,#3067,.T.);
#1885=ORIENTED_EDGE('',*,*,#3068,.T.);
#1886=ORIENTED_EDGE('',*,*,#3069,.T.);
#1887=ORIENTED_EDGE('',*,*,#3070,.T.);
#1888=ORIENTED_EDGE('',*,*,#3071,.T.);
#1889=ORIENTED_EDGE('',*,*,#3072,.T.);
#1890=ORIENTED_EDGE('',*,*,#3073,.F.);
#1891=ORIENTED_EDGE('',*,*,#3074,.F.);
#1892=ORIENTED_EDGE('',*,*,#3075,.F.);
#1893=ORIENTED_EDGE('',*,*,#2585,.T.);
#1894=ORIENTED_EDGE('',*,*,#2715,.T.);
#1895=ORIENTED_EDGE('',*,*,#2622,.T.);
#1896=ORIENTED_EDGE('',*,*,#2594,.T.);
#1897=ORIENTED_EDGE('',*,*,#2708,.F.);
#1898=ORIENTED_EDGE('',*,*,#2714,.T.);
#1899=ORIENTED_EDGE('',*,*,#3076,.F.);
#1900=ORIENTED_EDGE('',*,*,#3077,.F.);
#1901=ORIENTED_EDGE('',*,*,#3078,.T.);
#1902=ORIENTED_EDGE('',*,*,#3073,.T.);
#1903=ORIENTED_EDGE('',*,*,#3079,.T.);
#1904=ORIENTED_EDGE('',*,*,#3064,.F.);
#1905=ORIENTED_EDGE('',*,*,#3078,.F.);
#1906=ORIENTED_EDGE('',*,*,#3080,.T.);
#1907=ORIENTED_EDGE('',*,*,#3081,.T.);
#1908=ORIENTED_EDGE('',*,*,#3065,.F.);
#1909=ORIENTED_EDGE('',*,*,#3079,.F.);
#1910=ORIENTED_EDGE('',*,*,#3082,.T.);
#1911=ORIENTED_EDGE('',*,*,#3083,.T.);
#1912=ORIENTED_EDGE('',*,*,#3066,.F.);
#1913=ORIENTED_EDGE('',*,*,#3081,.F.);
#1914=ORIENTED_EDGE('',*,*,#3084,.F.);
#1915=ORIENTED_EDGE('',*,*,#3069,.F.);
#1916=ORIENTED_EDGE('',*,*,#2535,.F.);
#1917=ORIENTED_EDGE('',*,*,#3085,.T.);
#1918=ORIENTED_EDGE('',*,*,#3086,.T.);
#1919=ORIENTED_EDGE('',*,*,#3087,.T.);
#1920=ORIENTED_EDGE('',*,*,#2540,.T.);
#1921=ORIENTED_EDGE('',*,*,#3067,.F.);
#1922=ORIENTED_EDGE('',*,*,#3083,.F.);
#1923=ORIENTED_EDGE('',*,*,#3088,.T.);
#1924=ORIENTED_EDGE('',*,*,#3070,.F.);
#1925=ORIENTED_EDGE('',*,*,#3086,.F.);
#1926=ORIENTED_EDGE('',*,*,#3089,.T.);
#1927=ORIENTED_EDGE('',*,*,#3090,.T.);
#1928=ORIENTED_EDGE('',*,*,#3071,.F.);
#1929=ORIENTED_EDGE('',*,*,#3088,.F.);
#1930=ORIENTED_EDGE('',*,*,#3091,.T.);
#1931=ORIENTED_EDGE('',*,*,#3074,.T.);
#1932=ORIENTED_EDGE('',*,*,#3072,.F.);
#1933=ORIENTED_EDGE('',*,*,#3090,.F.);
#1934=ORIENTED_EDGE('',*,*,#3092,.F.);
#1935=ORIENTED_EDGE('',*,*,#2403,.F.);
#1936=ORIENTED_EDGE('',*,*,#2399,.T.);
#1937=ORIENTED_EDGE('',*,*,#2397,.F.);
#1938=ORIENTED_EDGE('',*,*,#2405,.F.);
#1939=ORIENTED_EDGE('',*,*,#2414,.T.);
#1940=ORIENTED_EDGE('',*,*,#2412,.F.);
#1941=ORIENTED_EDGE('',*,*,#2409,.F.);
#1942=ORIENTED_EDGE('',*,*,#2417,.F.);
#1943=ORIENTED_EDGE('',*,*,#3077,.T.);
#1944=ORIENTED_EDGE('',*,*,#3093,.F.);
#1945=ORIENTED_EDGE('',*,*,#2572,.F.);
#1946=ORIENTED_EDGE('',*,*,#2541,.F.);
#1947=ORIENTED_EDGE('',*,*,#3087,.F.);
#1948=ORIENTED_EDGE('',*,*,#3084,.T.);
#1949=ORIENTED_EDGE('',*,*,#3082,.F.);
#1950=ORIENTED_EDGE('',*,*,#3080,.F.);
#1951=ORIENTED_EDGE('',*,*,#2420,.T.);
#1952=ORIENTED_EDGE('',*,*,#2422,.F.);
#1953=ORIENTED_EDGE('',*,*,#2425,.F.);
#1954=ORIENTED_EDGE('',*,*,#2429,.F.);
#1955=ORIENTED_EDGE('',*,*,#2435,.F.);
#1956=ORIENTED_EDGE('',*,*,#2432,.T.);
#1957=ORIENTED_EDGE('',*,*,#2439,.F.);
#1958=ORIENTED_EDGE('',*,*,#2441,.F.);
#1959=ORIENTED_EDGE('',*,*,#3091,.F.);
#1960=ORIENTED_EDGE('',*,*,#3089,.F.);
#1961=ORIENTED_EDGE('',*,*,#3085,.F.);
#1962=ORIENTED_EDGE('',*,*,#2534,.T.);
#1963=ORIENTED_EDGE('',*,*,#2575,.F.);
#1964=ORIENTED_EDGE('',*,*,#2586,.F.);
#1965=ORIENTED_EDGE('',*,*,#3075,.T.);
#1966=ORIENTED_EDGE('',*,*,#3092,.T.);
#1967=ORIENTED_EDGE('',*,*,#3076,.T.);
#1968=ORIENTED_EDGE('',*,*,#2713,.F.);
#1969=ORIENTED_EDGE('',*,*,#2704,.F.);
#1970=ORIENTED_EDGE('',*,*,#2634,.F.);
#1971=ORIENTED_EDGE('',*,*,#2631,.T.);
#1972=ORIENTED_EDGE('',*,*,#2626,.T.);
#1973=ORIENTED_EDGE('',*,*,#3094,.T.);
#1974=ORIENTED_EDGE('',*,*,#3095,.T.);
#1975=ORIENTED_EDGE('',*,*,#3096,.T.);
#1976=ORIENTED_EDGE('',*,*,#3097,.T.);
#1977=ORIENTED_EDGE('',*,*,#3098,.F.);
#1978=ORIENTED_EDGE('',*,*,#2562,.T.);
#1979=ORIENTED_EDGE('',*,*,#2573,.F.);
#1980=ORIENTED_EDGE('',*,*,#3093,.T.);
#1981=ORIENTED_EDGE('',*,*,#3099,.T.);
#1982=ORIENTED_EDGE('',*,*,#3100,.F.);
#1983=ORIENTED_EDGE('',*,*,#3097,.F.);
#1984=ORIENTED_EDGE('',*,*,#3101,.F.);
#1985=ORIENTED_EDGE('',*,*,#3102,.T.);
#1986=ORIENTED_EDGE('',*,*,#3103,.F.);
#1987=ORIENTED_EDGE('',*,*,#3099,.F.);
#1988=ORIENTED_EDGE('',*,*,#3104,.T.);
#1989=ORIENTED_EDGE('',*,*,#3105,.T.);
#1990=ORIENTED_EDGE('',*,*,#3106,.F.);
#1991=ORIENTED_EDGE('',*,*,#3102,.F.);
#1992=ORIENTED_EDGE('',*,*,#3107,.T.);
#1993=ORIENTED_EDGE('',*,*,#3108,.T.);
#1994=ORIENTED_EDGE('',*,*,#3109,.F.);
#1995=ORIENTED_EDGE('',*,*,#3105,.F.);
#1996=ORIENTED_EDGE('',*,*,#3110,.T.);
#1997=ORIENTED_EDGE('',*,*,#2588,.T.);
#1998=ORIENTED_EDGE('',*,*,#3111,.F.);
#1999=ORIENTED_EDGE('',*,*,#3108,.F.);
#2000=ORIENTED_EDGE('',*,*,#3112,.T.);
#2001=ORIENTED_EDGE('',*,*,#3068,.F.);
#2002=ORIENTED_EDGE('',*,*,#2545,.T.);
#2003=ORIENTED_EDGE('',*,*,#2539,.F.);
#2004=ORIENTED_EDGE('',*,*,#2536,.F.);
#2005=ORIENTED_EDGE('',*,*,#3110,.F.);
#2006=ORIENTED_EDGE('',*,*,#3107,.F.);
#2007=ORIENTED_EDGE('',*,*,#3104,.F.);
#2008=ORIENTED_EDGE('',*,*,#3101,.T.);
#2009=ORIENTED_EDGE('',*,*,#3096,.F.);
#2010=ORIENTED_EDGE('',*,*,#3113,.F.);
#2011=ORIENTED_EDGE('',*,*,#2638,.T.);
#2012=ORIENTED_EDGE('',*,*,#2443,.T.);
#2013=ORIENTED_EDGE('',*,*,#2449,.F.);
#2014=ORIENTED_EDGE('',*,*,#3114,.F.);
#2015=ORIENTED_EDGE('',*,*,#3115,.T.);
#2016=ORIENTED_EDGE('',*,*,#3116,.T.);
#2017=ORIENTED_EDGE('',*,*,#2461,.F.);
#2018=ORIENTED_EDGE('',*,*,#3117,.F.);
#2019=ORIENTED_EDGE('',*,*,#2589,.T.);
#2020=ORIENTED_EDGE('',*,*,#3112,.F.);
#2021=ORIENTED_EDGE('',*,*,#2462,.T.);
#2022=ORIENTED_EDGE('',*,*,#3116,.F.);
#2023=ORIENTED_EDGE('',*,*,#3118,.F.);
#2024=ORIENTED_EDGE('',*,*,#3119,.T.);
#2025=ORIENTED_EDGE('',*,*,#2473,.F.);
#2026=ORIENTED_EDGE('',*,*,#2463,.F.);
#2027=ORIENTED_EDGE('',*,*,#3119,.F.);
#2028=ORIENTED_EDGE('',*,*,#3120,.T.);
#2029=ORIENTED_EDGE('',*,*,#3118,.T.);
#2030=ORIENTED_EDGE('',*,*,#3115,.F.);
#2031=ORIENTED_EDGE('',*,*,#3121,.F.);
#2032=ORIENTED_EDGE('',*,*,#2457,.F.);
#2033=ORIENTED_EDGE('',*,*,#2526,.T.);
#2034=ORIENTED_EDGE('',*,*,#3120,.F.);
#2035=ORIENTED_EDGE('',*,*,#2448,.T.);
#2036=ORIENTED_EDGE('',*,*,#2637,.F.);
#2037=ORIENTED_EDGE('',*,*,#2639,.T.);
#2038=ORIENTED_EDGE('',*,*,#3122,.T.);
#2039=ORIENTED_EDGE('',*,*,#2460,.T.);
#2040=ORIENTED_EDGE('',*,*,#2458,.F.);
#2041=ORIENTED_EDGE('',*,*,#3121,.T.);
#2042=ORIENTED_EDGE('',*,*,#3123,.T.);
#2043=ORIENTED_EDGE('',*,*,#3114,.T.);
#2044=ORIENTED_EDGE('',*,*,#3122,.F.);
#2045=ORIENTED_EDGE('',*,*,#3113,.T.);
#2046=ORIENTED_EDGE('',*,*,#3095,.F.);
#2047=ORIENTED_EDGE('',*,*,#3124,.F.);
#2048=ORIENTED_EDGE('',*,*,#3125,.T.);
#2049=ORIENTED_EDGE('',*,*,#3126,.T.);
#2050=ORIENTED_EDGE('',*,*,#3127,.F.);
#2051=ORIENTED_EDGE('',*,*,#3128,.F.);
#2052=ORIENTED_EDGE('',*,*,#2580,.T.);
#2053=ORIENTED_EDGE('',*,*,#3117,.T.);
#2054=ORIENTED_EDGE('',*,*,#3123,.F.);
#2055=ORIENTED_EDGE('',*,*,#3129,.T.);
#2056=ORIENTED_EDGE('',*,*,#3130,.F.);
#2057=ORIENTED_EDGE('',*,*,#3125,.F.);
#2058=ORIENTED_EDGE('',*,*,#3131,.T.);
#2059=ORIENTED_EDGE('',*,*,#3132,.T.);
#2060=ORIENTED_EDGE('',*,*,#3133,.F.);
#2061=ORIENTED_EDGE('',*,*,#3129,.F.);
#2062=ORIENTED_EDGE('',*,*,#3134,.T.);
#2063=ORIENTED_EDGE('',*,*,#3135,.T.);
#2064=ORIENTED_EDGE('',*,*,#3136,.F.);
#2065=ORIENTED_EDGE('',*,*,#3132,.F.);
#2066=ORIENTED_EDGE('',*,*,#3137,.T.);
#2067=ORIENTED_EDGE('',*,*,#2392,.T.);
#2068=ORIENTED_EDGE('',*,*,#3138,.F.);
#2069=ORIENTED_EDGE('',*,*,#3135,.F.);
#2070=ORIENTED_EDGE('',*,*,#3139,.T.);
#2071=ORIENTED_EDGE('',*,*,#2538,.T.);
#2072=ORIENTED_EDGE('',*,*,#2544,.F.);
#2073=ORIENTED_EDGE('',*,*,#2567,.F.);
#2074=ORIENTED_EDGE('',*,*,#2531,.T.);
#2075=ORIENTED_EDGE('',*,*,#3137,.F.);
#2076=ORIENTED_EDGE('',*,*,#3134,.F.);
#2077=ORIENTED_EDGE('',*,*,#3131,.F.);
#2078=ORIENTED_EDGE('',*,*,#3124,.T.);
#2079=ORIENTED_EDGE('',*,*,#3094,.F.);
#2080=ORIENTED_EDGE('',*,*,#2625,.F.);
#2081=ORIENTED_EDGE('',*,*,#2581,.T.);
#2082=ORIENTED_EDGE('',*,*,#3128,.T.);
#2083=ORIENTED_EDGE('',*,*,#3140,.F.);
#2084=ORIENTED_EDGE('',*,*,#2390,.F.);
#2085=ORIENTED_EDGE('',*,*,#2393,.F.);
#2086=ORIENTED_EDGE('',*,*,#3139,.F.);
#2087=ORIENTED_EDGE('',*,*,#3106,.T.);
#2088=ORIENTED_EDGE('',*,*,#3109,.T.);
#2089=ORIENTED_EDGE('',*,*,#3111,.T.);
#2090=ORIENTED_EDGE('',*,*,#2587,.F.);
#2091=ORIENTED_EDGE('',*,*,#2578,.F.);
#2092=ORIENTED_EDGE('',*,*,#2549,.F.);
#2093=ORIENTED_EDGE('',*,*,#2552,.F.);
#2094=ORIENTED_EDGE('',*,*,#2555,.F.);
#2095=ORIENTED_EDGE('',*,*,#2558,.F.);
#2096=ORIENTED_EDGE('',*,*,#2561,.F.);
#2097=ORIENTED_EDGE('',*,*,#2563,.F.);
#2098=ORIENTED_EDGE('',*,*,#3098,.T.);
#2099=ORIENTED_EDGE('',*,*,#3100,.T.);
#2100=ORIENTED_EDGE('',*,*,#3103,.T.);
#2101=ORIENTED_EDGE('',*,*,#3127,.T.);
#2102=ORIENTED_EDGE('',*,*,#3141,.F.);
#2103=ORIENTED_EDGE('',*,*,#2387,.F.);
#2104=ORIENTED_EDGE('',*,*,#3140,.T.);
#2105=ORIENTED_EDGE('',*,*,#3142,.F.);
#2106=ORIENTED_EDGE('',*,*,#3143,.T.);
#2107=ORIENTED_EDGE('',*,*,#3142,.T.);
#2108=ORIENTED_EDGE('',*,*,#3144,.T.);
#2109=ORIENTED_EDGE('',*,*,#3126,.F.);
#2110=ORIENTED_EDGE('',*,*,#3130,.T.);
#2111=ORIENTED_EDGE('',*,*,#3133,.T.);
#2112=ORIENTED_EDGE('',*,*,#3136,.T.);
#2113=ORIENTED_EDGE('',*,*,#3138,.T.);
#2114=ORIENTED_EDGE('',*,*,#2391,.T.);
#2115=ORIENTED_EDGE('',*,*,#2388,.T.);
#2116=ORIENTED_EDGE('',*,*,#3141,.T.);
#2117=ORIENTED_EDGE('',*,*,#3144,.F.);
#2118=ORIENTED_EDGE('',*,*,#3145,.T.);
#2119=ORIENTED_EDGE('',*,*,#3145,.F.);
#2120=ORIENTED_EDGE('',*,*,#2386,.T.);
#2121=ORIENTED_EDGE('',*,*,#3143,.F.);
#2122=ORIENTED_EDGE('',*,*,#3146,.T.);
#2123=ORIENTED_EDGE('',*,*,#3147,.F.);
#2124=ORIENTED_EDGE('',*,*,#3146,.F.);
#2125=ORIENTED_EDGE('',*,*,#2360,.T.);
#2126=ORIENTED_EDGE('',*,*,#2357,.T.);
#2127=ORIENTED_EDGE('',*,*,#2354,.T.);
#2128=ORIENTED_EDGE('',*,*,#2362,.T.);
#2129=ORIENTED_EDGE('',*,*,#2366,.F.);
#2130=ORIENTED_EDGE('',*,*,#2369,.F.);
#2131=ORIENTED_EDGE('',*,*,#2372,.F.);
#2132=ORIENTED_EDGE('',*,*,#2375,.F.);
#2133=ORIENTED_EDGE('',*,*,#2378,.F.);
#2134=ORIENTED_EDGE('',*,*,#2381,.F.);
#2135=ORIENTED_EDGE('',*,*,#2384,.F.);
#2136=ORIENTED_EDGE('',*,*,#3148,.F.);
#2137=ORIENTED_EDGE('',*,*,#2385,.T.);
#2138=ORIENTED_EDGE('',*,*,#3147,.T.);
#2139=ORIENTED_EDGE('',*,*,#2547,.T.);
#2140=ORIENTED_EDGE('',*,*,#2577,.T.);
#2141=ORIENTED_EDGE('',*,*,#2569,.T.);
#2142=ORIENTED_EDGE('',*,*,#2564,.T.);
#2143=ORIENTED_EDGE('',*,*,#2559,.T.);
#2144=ORIENTED_EDGE('',*,*,#2556,.T.);
#2145=ORIENTED_EDGE('',*,*,#2553,.T.);
#2146=ORIENTED_EDGE('',*,*,#2550,.T.);
#2147=ORIENTED_EDGE('',*,*,#2383,.F.);
#2148=ORIENTED_EDGE('',*,*,#3149,.F.);
#2149=ORIENTED_EDGE('',*,*,#2363,.T.);
#2150=ORIENTED_EDGE('',*,*,#3148,.T.);
#2151=ORIENTED_EDGE('',*,*,#2192,.F.);
#2152=ORIENTED_EDGE('',*,*,#2189,.F.);
#2153=ORIENTED_EDGE('',*,*,#2186,.F.);
#2154=ORIENTED_EDGE('',*,*,#2183,.F.);
#2155=ORIENTED_EDGE('',*,*,#2180,.F.);
#2156=ORIENTED_EDGE('',*,*,#2177,.F.);
#2157=ORIENTED_EDGE('',*,*,#2194,.F.);
#2158=ORIENTED_EDGE('',*,*,#2205,.F.);
#2159=ORIENTED_EDGE('',*,*,#2203,.T.);
#2160=ORIENTED_EDGE('',*,*,#2201,.F.);
#2161=ORIENTED_EDGE('',*,*,#2206,.F.);
#2162=ORIENTED_EDGE('',*,*,#2352,.F.);
#2163=ORIENTED_EDGE('',*,*,#2356,.F.);
#2164=ORIENTED_EDGE('',*,*,#2359,.F.);
#2165=ORIENTED_EDGE('',*,*,#2361,.F.);
#2166=ORIENTED_EDGE('',*,*,#2382,.T.);
#2167=ORIENTED_EDGE('',*,*,#2379,.T.);
#2168=ORIENTED_EDGE('',*,*,#2376,.T.);
#2169=ORIENTED_EDGE('',*,*,#2373,.T.);
#2170=ORIENTED_EDGE('',*,*,#2370,.T.);
#2171=ORIENTED_EDGE('',*,*,#2367,.T.);
#2172=ORIENTED_EDGE('',*,*,#2364,.T.);
#2173=ORIENTED_EDGE('',*,*,#3149,.T.);
#2174=EDGE_CURVE('',#3150,#3151,#3792,.T.);
#2175=EDGE_CURVE('',#3152,#3151,#3793,.T.);
#2176=EDGE_CURVE('',#3153,#3152,#3794,.T.);
#2177=EDGE_CURVE('',#3153,#3150,#3795,.T.);
#2178=EDGE_CURVE('',#3154,#3155,#3796,.T.);
#2179=EDGE_CURVE('',#3151,#3155,#3797,.T.);
#2180=EDGE_CURVE('',#3150,#3154,#3798,.T.);
#2181=EDGE_CURVE('',#3156,#3157,#3799,.T.);
#2182=EDGE_CURVE('',#3155,#3157,#3800,.T.);
#2183=EDGE_CURVE('',#3154,#3156,#3801,.T.);
#2184=EDGE_CURVE('',#3158,#3159,#3802,.T.);
#2185=EDGE_CURVE('',#3157,#3159,#3803,.T.);
#2186=EDGE_CURVE('',#3156,#3158,#3804,.T.);
#2187=EDGE_CURVE('',#3160,#3161,#3805,.T.);
#2188=EDGE_CURVE('',#3159,#3161,#3806,.T.);
#2189=EDGE_CURVE('',#3158,#3160,#3807,.T.);
#2190=EDGE_CURVE('',#3162,#3163,#3808,.T.);
#2191=EDGE_CURVE('',#3161,#3163,#3809,.T.);
#2192=EDGE_CURVE('',#3160,#3162,#3810,.T.);
#2193=EDGE_CURVE('',#3163,#3152,#3811,.T.);
#2194=EDGE_CURVE('',#3162,#3153,#3812,.T.);
#2195=EDGE_CURVE('',#3164,#3165,#3813,.T.);
#2196=EDGE_CURVE('',#3165,#3166,#3814,.T.);
#2197=EDGE_CURVE('',#3166,#3167,#3815,.T.);
#2198=EDGE_CURVE('',#3167,#3164,#3816,.T.);
#2199=EDGE_CURVE('',#3168,#3165,#3817,.T.);
#2200=EDGE_CURVE('',#3169,#3164,#3818,.T.);
#2201=EDGE_CURVE('',#3169,#3168,#3819,.T.);
#2202=EDGE_CURVE('',#3170,#3166,#3820,.T.);
#2203=EDGE_CURVE('',#3170,#3168,#3821,.T.);
#2204=EDGE_CURVE('',#3171,#3167,#3822,.T.);
#2205=EDGE_CURVE('',#3170,#3171,#3823,.T.);
#2206=EDGE_CURVE('',#3171,#3169,#3824,.T.);
#2207=EDGE_CURVE('',#3172,#3173,#20,.T.);
#2208=EDGE_CURVE('',#3173,#3174,#3825,.T.);
#2209=EDGE_CURVE('',#3175,#3174,#21,.T.);
#2210=EDGE_CURVE('',#3172,#3175,#3826,.T.);
#2211=EDGE_CURVE('',#3174,#3175,#3827,.T.);
#2212=EDGE_CURVE('',#3176,#3177,#22,.T.);
#2213=EDGE_CURVE('',#3176,#3177,#3828,.T.);
#2214=EDGE_CURVE('',#3178,#3179,#23,.T.);
#2215=EDGE_CURVE('',#3179,#3177,#3829,.T.);
#2216=EDGE_CURVE('',#3178,#3176,#3830,.T.);
#2217=EDGE_CURVE('',#3173,#3172,#3831,.T.);
#2218=EDGE_CURVE('',#3178,#3179,#3832,.T.);
#2219=EDGE_CURVE('',#3180,#3181,#24,.T.);
#2220=EDGE_CURVE('',#3181,#3182,#3833,.T.);
#2221=EDGE_CURVE('',#3183,#3182,#25,.T.);
#2222=EDGE_CURVE('',#3180,#3183,#3834,.T.);
#2223=EDGE_CURVE('',#3182,#3183,#3835,.T.);
#2224=EDGE_CURVE('',#3184,#3185,#26,.T.);
#2225=EDGE_CURVE('',#3184,#3185,#3836,.T.);
#2226=EDGE_CURVE('',#3186,#3187,#27,.T.);
#2227=EDGE_CURVE('',#3187,#3185,#3837,.T.);
#2228=EDGE_CURVE('',#3186,#3184,#3838,.T.);
#2229=EDGE_CURVE('',#3181,#3180,#3839,.T.);
#2230=EDGE_CURVE('',#3186,#3187,#3840,.T.);
#2231=EDGE_CURVE('',#3188,#3189,#28,.T.);
#2232=EDGE_CURVE('',#3189,#3190,#3841,.T.);
#2233=EDGE_CURVE('',#3191,#3190,#29,.T.);
#2234=EDGE_CURVE('',#3188,#3191,#3842,.T.);
#2235=EDGE_CURVE('',#3190,#3191,#3843,.T.);
#2236=EDGE_CURVE('',#3192,#3193,#30,.T.);
#2237=EDGE_CURVE('',#3192,#3193,#3844,.T.);
#2238=EDGE_CURVE('',#3194,#3195,#31,.T.);
#2239=EDGE_CURVE('',#3195,#3193,#3845,.T.);
#2240=EDGE_CURVE('',#3194,#3192,#3846,.T.);
#2241=EDGE_CURVE('',#3189,#3188,#3847,.T.);
#2242=EDGE_CURVE('',#3194,#3195,#3848,.T.);
#2243=EDGE_CURVE('',#3196,#3197,#32,.T.);
#2244=EDGE_CURVE('',#3197,#3198,#3849,.T.);
#2245=EDGE_CURVE('',#3199,#3198,#33,.T.);
#2246=EDGE_CURVE('',#3196,#3199,#3850,.T.);
#2247=EDGE_CURVE('',#3198,#3199,#3851,.T.);
#2248=EDGE_CURVE('',#3200,#3201,#34,.T.);
#2249=EDGE_CURVE('',#3200,#3201,#3852,.T.);
#2250=EDGE_CURVE('',#3202,#3203,#35,.T.);
#2251=EDGE_CURVE('',#3203,#3201,#3853,.T.);
#2252=EDGE_CURVE('',#3202,#3200,#3854,.T.);
#2253=EDGE_CURVE('',#3197,#3196,#3855,.T.);
#2254=EDGE_CURVE('',#3202,#3203,#3856,.T.);
#2255=EDGE_CURVE('',#3204,#3205,#36,.T.);
#2256=EDGE_CURVE('',#3205,#3206,#3857,.T.);
#2257=EDGE_CURVE('',#3207,#3206,#37,.T.);
#2258=EDGE_CURVE('',#3204,#3207,#3858,.T.);
#2259=EDGE_CURVE('',#3206,#3207,#3859,.T.);
#2260=EDGE_CURVE('',#3208,#3209,#38,.T.);
#2261=EDGE_CURVE('',#3208,#3209,#3860,.T.);
#2262=EDGE_CURVE('',#3210,#3211,#39,.T.);
#2263=EDGE_CURVE('',#3211,#3209,#3861,.T.);
#2264=EDGE_CURVE('',#3210,#3208,#3862,.T.);
#2265=EDGE_CURVE('',#3205,#3204,#3863,.T.);
#2266=EDGE_CURVE('',#3210,#3211,#3864,.T.);
#2267=EDGE_CURVE('',#3212,#3213,#40,.T.);
#2268=EDGE_CURVE('',#3213,#3214,#3865,.T.);
#2269=EDGE_CURVE('',#3215,#3214,#41,.T.);
#2270=EDGE_CURVE('',#3212,#3215,#3866,.T.);
#2271=EDGE_CURVE('',#3214,#3215,#3867,.T.);
#2272=EDGE_CURVE('',#3216,#3217,#42,.T.);
#2273=EDGE_CURVE('',#3216,#3217,#3868,.T.);
#2274=EDGE_CURVE('',#3218,#3219,#43,.T.);
#2275=EDGE_CURVE('',#3219,#3217,#3869,.T.);
#2276=EDGE_CURVE('',#3218,#3216,#3870,.T.);
#2277=EDGE_CURVE('',#3213,#3212,#3871,.T.);
#2278=EDGE_CURVE('',#3218,#3219,#3872,.T.);
#2279=EDGE_CURVE('',#3220,#3221,#44,.T.);
#2280=EDGE_CURVE('',#3221,#3222,#3873,.T.);
#2281=EDGE_CURVE('',#3223,#3222,#45,.T.);
#2282=EDGE_CURVE('',#3220,#3223,#3874,.T.);
#2283=EDGE_CURVE('',#3222,#3223,#3875,.T.);
#2284=EDGE_CURVE('',#3224,#3225,#46,.T.);
#2285=EDGE_CURVE('',#3224,#3225,#3876,.T.);
#2286=EDGE_CURVE('',#3226,#3227,#47,.T.);
#2287=EDGE_CURVE('',#3227,#3225,#3877,.T.);
#2288=EDGE_CURVE('',#3226,#3224,#3878,.T.);
#2289=EDGE_CURVE('',#3221,#3220,#3879,.T.);
#2290=EDGE_CURVE('',#3226,#3227,#3880,.T.);
#2291=EDGE_CURVE('',#3228,#3229,#48,.T.);
#2292=EDGE_CURVE('',#3229,#3230,#3881,.T.);
#2293=EDGE_CURVE('',#3231,#3230,#49,.T.);
#2294=EDGE_CURVE('',#3228,#3231,#3882,.T.);
#2295=EDGE_CURVE('',#3230,#3231,#3883,.T.);
#2296=EDGE_CURVE('',#3232,#3233,#50,.T.);
#2297=EDGE_CURVE('',#3232,#3233,#3884,.T.);
#2298=EDGE_CURVE('',#3234,#3235,#51,.T.);
#2299=EDGE_CURVE('',#3235,#3233,#3885,.T.);
#2300=EDGE_CURVE('',#3234,#3232,#3886,.T.);
#2301=EDGE_CURVE('',#3229,#3228,#3887,.T.);
#2302=EDGE_CURVE('',#3234,#3235,#3888,.T.);
#2303=EDGE_CURVE('',#3236,#3237,#52,.T.);
#2304=EDGE_CURVE('',#3237,#3238,#3889,.T.);
#2305=EDGE_CURVE('',#3239,#3238,#53,.T.);
#2306=EDGE_CURVE('',#3236,#3239,#3890,.T.);
#2307=EDGE_CURVE('',#3238,#3239,#3891,.T.);
#2308=EDGE_CURVE('',#3240,#3241,#54,.T.);
#2309=EDGE_CURVE('',#3240,#3241,#3892,.T.);
#2310=EDGE_CURVE('',#3242,#3243,#55,.T.);
#2311=EDGE_CURVE('',#3243,#3241,#3893,.T.);
#2312=EDGE_CURVE('',#3242,#3240,#3894,.T.);
#2313=EDGE_CURVE('',#3237,#3236,#3895,.T.);
#2314=EDGE_CURVE('',#3242,#3243,#3896,.T.);
#2315=EDGE_CURVE('',#3244,#3245,#56,.T.);
#2316=EDGE_CURVE('',#3245,#3246,#3897,.T.);
#2317=EDGE_CURVE('',#3247,#3246,#57,.T.);
#2318=EDGE_CURVE('',#3244,#3247,#3898,.T.);
#2319=EDGE_CURVE('',#3246,#3247,#3899,.T.);
#2320=EDGE_CURVE('',#3248,#3249,#58,.T.);
#2321=EDGE_CURVE('',#3248,#3249,#3900,.T.);
#2322=EDGE_CURVE('',#3250,#3251,#59,.T.);
#2323=EDGE_CURVE('',#3251,#3249,#3901,.T.);
#2324=EDGE_CURVE('',#3250,#3248,#3902,.T.);
#2325=EDGE_CURVE('',#3245,#3244,#3903,.T.);
#2326=EDGE_CURVE('',#3250,#3251,#3904,.T.);
#2327=EDGE_CURVE('',#3252,#3253,#60,.T.);
#2328=EDGE_CURVE('',#3253,#3254,#3905,.T.);
#2329=EDGE_CURVE('',#3255,#3254,#61,.T.);
#2330=EDGE_CURVE('',#3252,#3255,#3906,.T.);
#2331=EDGE_CURVE('',#3254,#3255,#3907,.T.);
#2332=EDGE_CURVE('',#3256,#3257,#62,.T.);
#2333=EDGE_CURVE('',#3256,#3257,#3908,.T.);
#2334=EDGE_CURVE('',#3258,#3259,#63,.T.);
#2335=EDGE_CURVE('',#3259,#3257,#3909,.T.);
#2336=EDGE_CURVE('',#3258,#3256,#3910,.T.);
#2337=EDGE_CURVE('',#3253,#3252,#3911,.T.);
#2338=EDGE_CURVE('',#3258,#3259,#3912,.T.);
#2339=EDGE_CURVE('',#3260,#3261,#64,.T.);
#2340=EDGE_CURVE('',#3261,#3262,#3913,.T.);
#2341=EDGE_CURVE('',#3263,#3262,#65,.T.);
#2342=EDGE_CURVE('',#3260,#3263,#3914,.T.);
#2343=EDGE_CURVE('',#3262,#3263,#3915,.T.);
#2344=EDGE_CURVE('',#3264,#3265,#66,.T.);
#2345=EDGE_CURVE('',#3264,#3265,#3916,.T.);
#2346=EDGE_CURVE('',#3266,#3267,#67,.T.);
#2347=EDGE_CURVE('',#3267,#3265,#3917,.T.);
#2348=EDGE_CURVE('',#3266,#3264,#3918,.T.);
#2349=EDGE_CURVE('',#3261,#3260,#3919,.T.);
#2350=EDGE_CURVE('',#3266,#3267,#3920,.T.);
#2351=EDGE_CURVE('',#3268,#3269,#3921,.T.);
#2352=EDGE_CURVE('',#3268,#3270,#3922,.T.);
#2353=EDGE_CURVE('',#3270,#3271,#3923,.T.);
#2354=EDGE_CURVE('',#3269,#3271,#3924,.T.);
#2355=EDGE_CURVE('',#3272,#3273,#3925,.T.);
#2356=EDGE_CURVE('',#3272,#3268,#3926,.T.);
#2357=EDGE_CURVE('',#3273,#3269,#3927,.T.);
#2358=EDGE_CURVE('',#3274,#3275,#3928,.T.);
#2359=EDGE_CURVE('',#3274,#3272,#3929,.T.);
#2360=EDGE_CURVE('',#3275,#3273,#3930,.T.);
#2361=EDGE_CURVE('',#3270,#3274,#3931,.T.);
#2362=EDGE_CURVE('',#3271,#3275,#3932,.T.);
#2363=EDGE_CURVE('',#3276,#3277,#3933,.T.);
#2364=EDGE_CURVE('',#3278,#3276,#3934,.T.);
#2365=EDGE_CURVE('',#3278,#3279,#3935,.T.);
#2366=EDGE_CURVE('',#3279,#3277,#3936,.T.);
#2367=EDGE_CURVE('',#3280,#3278,#68,.T.);
#2368=EDGE_CURVE('',#3280,#3281,#3937,.T.);
#2369=EDGE_CURVE('',#3281,#3279,#69,.T.);
#2370=EDGE_CURVE('',#3282,#3280,#3938,.T.);
#2371=EDGE_CURVE('',#3282,#3283,#3939,.T.);
#2372=EDGE_CURVE('',#3283,#3281,#3940,.T.);
#2373=EDGE_CURVE('',#3284,#3282,#70,.T.);
#2374=EDGE_CURVE('',#3284,#3285,#3941,.T.);
#2375=EDGE_CURVE('',#3285,#3283,#71,.T.);
#2376=EDGE_CURVE('',#3286,#3284,#3942,.T.);
#2377=EDGE_CURVE('',#3286,#3287,#3943,.T.);
#2378=EDGE_CURVE('',#3287,#3285,#3944,.T.);
#2379=EDGE_CURVE('',#3288,#3286,#72,.T.);
#2380=EDGE_CURVE('',#3288,#3289,#3945,.T.);
#2381=EDGE_CURVE('',#3289,#3287,#73,.T.);
#2382=EDGE_CURVE('',#3290,#3288,#3946,.T.);
#2383=EDGE_CURVE('',#3290,#3291,#3947,.T.);
#2384=EDGE_CURVE('',#3291,#3289,#3948,.T.);
#2385=EDGE_CURVE('',#3292,#3292,#74,.T.);
#2386=EDGE_CURVE('',#3293,#3293,#75,.T.);
#2387=EDGE_CURVE('',#3294,#3295,#3949,.T.);
#2388=EDGE_CURVE('',#3296,#3295,#76,.T.);
#2389=EDGE_CURVE('',#3297,#3296,#3950,.T.);
#2390=EDGE_CURVE('',#3297,#3294,#77,.T.);
#2391=EDGE_CURVE('',#3298,#3296,#3951,.T.);
#2392=EDGE_CURVE('',#3299,#3298,#3952,.T.);
#2393=EDGE_CURVE('',#3299,#3297,#3953,.T.);
#2394=EDGE_CURVE('',#3300,#3301,#3954,.T.);
#2395=EDGE_CURVE('',#3302,#3300,#3955,.T.);
#2396=EDGE_CURVE('',#3302,#3303,#3956,.T.);
#2397=EDGE_CURVE('',#3303,#3301,#3957,.T.);
#2398=EDGE_CURVE('',#3304,#3300,#78,.T.);
#2399=EDGE_CURVE('',#3305,#3301,#79,.T.);
#2400=EDGE_CURVE('',#3305,#3304,#3958,.T.);
#2401=EDGE_CURVE('',#3306,#3307,#3959,.T.);
#2402=EDGE_CURVE('',#3304,#3306,#3960,.T.);
#2403=EDGE_CURVE('',#3305,#3307,#3961,.T.);
#2404=EDGE_CURVE('',#3306,#3302,#80,.T.);
#2405=EDGE_CURVE('',#3307,#3303,#81,.T.);
#2406=EDGE_CURVE('',#3308,#3309,#3962,.T.);
#2407=EDGE_CURVE('',#3310,#3308,#82,.T.);
#2408=EDGE_CURVE('',#3310,#3311,#3963,.T.);
#2409=EDGE_CURVE('',#3311,#3309,#83,.T.);
#2410=EDGE_CURVE('',#3312,#3313,#3964,.T.);
#2411=EDGE_CURVE('',#3308,#3312,#3965,.T.);
#2412=EDGE_CURVE('',#3309,#3313,#3966,.T.);
#2413=EDGE_CURVE('',#3314,#3312,#84,.T.);
#2414=EDGE_CURVE('',#3315,#3313,#85,.T.);
#2415=EDGE_CURVE('',#3315,#3314,#3967,.T.);
#2416=EDGE_CURVE('',#3314,#3310,#3968,.T.);
#2417=EDGE_CURVE('',#3315,#3311,#3969,.T.);
#2418=EDGE_CURVE('',#3316,#3317,#86,.T.);
#2419=EDGE_CURVE('',#3316,#3318,#3970,.T.);
#2420=EDGE_CURVE('',#3319,#3318,#87,.T.);
#2421=EDGE_CURVE('',#3317,#3319,#3971,.T.);
#2422=EDGE_CURVE('',#3320,#3318,#3972,.T.);
#2423=EDGE_CURVE('',#3321,#3316,#3973,.T.);
#2424=EDGE_CURVE('',#3321,#3320,#3974,.T.);
#2425=EDGE_CURVE('',#3322,#3320,#88,.T.);
#2426=EDGE_CURVE('',#3323,#3321,#89,.T.);
#2427=EDGE_CURVE('',#3323,#3322,#3975,.T.);
#2428=EDGE_CURVE('',#3317,#3323,#3976,.T.);
#2429=EDGE_CURVE('',#3319,#3322,#3977,.T.);
#2430=EDGE_CURVE('',#3324,#3325,#90,.T.);
#2431=EDGE_CURVE('',#3324,#3326,#3978,.T.);
#2432=EDGE_CURVE('',#3327,#3326,#91,.T.);
#2433=EDGE_CURVE('',#3325,#3327,#3979,.T.);
#2434=EDGE_CURVE('',#3325,#3328,#3980,.T.);
#2435=EDGE_CURVE('',#3327,#3329,#3981,.T.);
#2436=EDGE_CURVE('',#3328,#3329,#3982,.T.);
#2437=EDGE_CURVE('',#3330,#3324,#3983,.T.);
#2438=EDGE_CURVE('',#3328,#3330,#92,.T.);
#2439=EDGE_CURVE('',#3331,#3326,#3984,.T.);
#2440=EDGE_CURVE('',#3330,#3331,#3985,.T.);
#2441=EDGE_CURVE('',#3329,#3331,#93,.T.);
#2442=EDGE_CURVE('',#3332,#3333,#3986,.T.);
#2443=EDGE_CURVE('',#3334,#3333,#94,.T.);
#2444=EDGE_CURVE('',#3335,#3334,#3987,.T.);
#2445=EDGE_CURVE('',#3335,#3332,#95,.T.);
#2446=EDGE_CURVE('',#3336,#3337,#3988,.T.);
#2447=EDGE_CURVE('',#3336,#3338,#3989,.T.);
#2448=EDGE_CURVE('',#3339,#3338,#3990,.T.);
#2449=EDGE_CURVE('',#3339,#3333,#3991,.T.);
#2450=EDGE_CURVE('',#3332,#3337,#3992,.T.);
#2451=EDGE_CURVE('',#3340,#3341,#3993,.T.);
#2452=EDGE_CURVE('',#3342,#3340,#3994,.T.);
#2453=EDGE_CURVE('',#3342,#3343,#3995,.T.);
#2454=EDGE_CURVE('',#3343,#3344,#3996,.T.);
#2455=EDGE_CURVE('',#3345,#3344,#3997,.T.);
#2456=EDGE_CURVE('',#3346,#3345,#3998,.T.);
#2457=EDGE_CURVE('',#3346,#3347,#3999,.T.);
#2458=EDGE_CURVE('',#3347,#3341,#4000,.T.);
#2459=EDGE_CURVE('',#3340,#3348,#4001,.T.);
#2460=EDGE_CURVE('',#3349,#3341,#4002,.T.);
#2461=EDGE_CURVE('',#3349,#3350,#4003,.T.);
#2462=EDGE_CURVE('',#3351,#3350,#4004,.T.);
#2463=EDGE_CURVE('',#3351,#3348,#4005,.T.);
#2464=EDGE_CURVE('',#3352,#3353,#96,.T.);
#2465=EDGE_CURVE('',#3352,#3354,#12,.T.);
#2466=EDGE_CURVE('',#3354,#3355,#4006,.T.);
#2467=EDGE_CURVE('',#3355,#3356,#13,.F.);
#2468=EDGE_CURVE('',#3356,#3357,#97,.T.);
#2469=EDGE_CURVE('',#3353,#3357,#4007,.T.);
#2470=EDGE_CURVE('',#3354,#3358,#4008,.T.);
#2471=EDGE_CURVE('',#3352,#3359,#4009,.T.);
#2472=EDGE_CURVE('',#3358,#3359,#14,.T.);
#2473=EDGE_CURVE('',#3348,#3360,#4010,.T.);
#2474=EDGE_CURVE('',#3360,#3361,#4011,.T.);
#2475=EDGE_CURVE('',#3362,#3361,#4012,.T.);
#2476=EDGE_CURVE('',#3363,#3362,#4013,.T.);
#2477=EDGE_CURVE('',#3363,#3364,#4014,.T.);
#2478=EDGE_CURVE('',#3364,#3348,#4015,.T.);
#2479=EDGE_CURVE('',#3365,#3364,#4016,.T.);
#2480=EDGE_CURVE('',#3363,#3366,#4017,.T.);
#2481=EDGE_CURVE('',#3365,#3366,#98,.T.);
#2482=EDGE_CURVE('',#3367,#3362,#4018,.T.);
#2483=EDGE_CURVE('',#3368,#3367,#4019,.T.);
#2484=EDGE_CURVE('',#3355,#3368,#4020,.T.);
#2485=EDGE_CURVE('',#3366,#3358,#4021,.T.);
#2486=EDGE_CURVE('',#3356,#3369,#4022,.T.);
#2487=EDGE_CURVE('',#3369,#3368,#15,.T.);
#2488=EDGE_CURVE('',#3370,#3371,#4023,.T.);
#2489=EDGE_CURVE('',#3372,#3370,#4024,.T.);
#2490=EDGE_CURVE('',#3357,#3372,#4025,.T.);
#2491=EDGE_CURVE('',#3369,#3371,#99,.T.);
#2492=EDGE_CURVE('',#3373,#3370,#100,.T.);
#2493=EDGE_CURVE('',#3374,#3373,#4026,.T.);
#2494=EDGE_CURVE('',#3374,#3372,#101,.T.);
#2495=EDGE_CURVE('',#3375,#3373,#102,.T.);
#2496=EDGE_CURVE('',#3376,#3375,#4027,.T.);
#2497=EDGE_CURVE('',#3374,#3376,#103,.T.);
#2498=EDGE_CURVE('',#3377,#3375,#104,.T.);
#2499=EDGE_CURVE('',#3378,#3377,#4028,.T.);
#2500=EDGE_CURVE('',#3378,#3376,#105,.T.);
#2501=EDGE_CURVE('',#3379,#3378,#4029,.T.);
#2502=EDGE_CURVE('',#3380,#3377,#4030,.T.);
#2503=EDGE_CURVE('',#3380,#3379,#4031,.T.);
#2504=EDGE_CURVE('',#3381,#3382,#4032,.T.);
#2505=EDGE_CURVE('',#3383,#3382,#106,.T.);
#2506=EDGE_CURVE('',#3384,#3383,#4033,.T.);
#2507=EDGE_CURVE('',#3381,#3384,#107,.T.);
#2508=EDGE_CURVE('',#3385,#3386,#4034,.T.);
#2509=EDGE_CURVE('',#3382,#3386,#108,.T.);
#2510=EDGE_CURVE('',#3381,#3385,#109,.T.);
#2511=EDGE_CURVE('',#3386,#3387,#4035,.T.);
#2512=EDGE_CURVE('',#3388,#3385,#4036,.T.);
#2513=EDGE_CURVE('',#3387,#3388,#4037,.T.);
#2514=EDGE_CURVE('',#3387,#3380,#4038,.T.);
#2515=EDGE_CURVE('',#3388,#3379,#4039,.T.);
#2516=EDGE_CURVE('',#3389,#3384,#110,.T.);
#2517=EDGE_CURVE('',#3353,#3389,#4040,.T.);
#2518=EDGE_CURVE('',#3390,#3383,#111,.T.);
#2519=EDGE_CURVE('',#3389,#3390,#4041,.T.);
#2520=EDGE_CURVE('',#3391,#3390,#4042,.T.);
#2521=EDGE_CURVE('',#3359,#3391,#112,.T.);
#2522=EDGE_CURVE('',#3392,#3367,#113,.T.);
#2523=EDGE_CURVE('',#3365,#3392,#4043,.T.);
#2524=EDGE_CURVE('',#3391,#3371,#4044,.T.);
#2525=EDGE_CURVE('',#3392,#3361,#4045,.T.);
#2526=EDGE_CURVE('',#3346,#3360,#4046,.T.);
#2527=EDGE_CURVE('',#3393,#3345,#4047,.T.);
#2528=EDGE_CURVE('',#3394,#3393,#4048,.T.);
#2529=EDGE_CURVE('',#3394,#3342,#4049,.T.);
#2530=EDGE_CURVE('',#3395,#3396,#4050,.T.);
#2531=EDGE_CURVE('',#3397,#3396,#4051,.T.);
#2532=EDGE_CURVE('',#3397,#3398,#4052,.T.);
#2533=EDGE_CURVE('',#3399,#3398,#4053,.T.);
#2534=EDGE_CURVE('',#3400,#3399,#4054,.T.);
#2535=EDGE_CURVE('',#3400,#3401,#4055,.T.);
#2536=EDGE_CURVE('',#3401,#3395,#4056,.T.);
#2537=EDGE_CURVE('',#3402,#3403,#4057,.T.);
#2538=EDGE_CURVE('',#3396,#3403,#4058,.T.);
#2539=EDGE_CURVE('',#3395,#3402,#4059,.T.);
#2540=EDGE_CURVE('',#3404,#3405,#4060,.T.);
#2541=EDGE_CURVE('',#3404,#3406,#4061,.T.);
#2542=EDGE_CURVE('',#3407,#3406,#4062,.T.);
#2543=EDGE_CURVE('',#3408,#3407,#4063,.T.);
#2544=EDGE_CURVE('',#3408,#3403,#4064,.T.);
#2545=EDGE_CURVE('',#3405,#3402,#4065,.T.);
#2546=EDGE_CURVE('',#3409,#3410,#4066,.T.);
#2547=EDGE_CURVE('',#3411,#3410,#4067,.T.);
#2548=EDGE_CURVE('',#3412,#3411,#4068,.T.);
#2549=EDGE_CURVE('',#3412,#3409,#4069,.T.);
#2550=EDGE_CURVE('',#3413,#3411,#114,.T.);
#2551=EDGE_CURVE('',#3414,#3413,#4070,.T.);
#2552=EDGE_CURVE('',#3414,#3412,#115,.T.);
#2553=EDGE_CURVE('',#3415,#3413,#4071,.T.);
#2554=EDGE_CURVE('',#3416,#3415,#4072,.T.);
#2555=EDGE_CURVE('',#3416,#3414,#4073,.T.);
#2556=EDGE_CURVE('',#3417,#3415,#116,.T.);
#2557=EDGE_CURVE('',#3418,#3417,#4074,.T.);
#2558=EDGE_CURVE('',#3418,#3416,#117,.T.);
#2559=EDGE_CURVE('',#3419,#3417,#4075,.T.);
#2560=EDGE_CURVE('',#3420,#3419,#4076,.T.);
#2561=EDGE_CURVE('',#3420,#3418,#4077,.T.);
#2562=EDGE_CURVE('',#3421,#3422,#4078,.T.);
#2563=EDGE_CURVE('',#3421,#3420,#118,.T.);
#2564=EDGE_CURVE('',#3423,#3419,#119,.T.);
#2565=EDGE_CURVE('',#3424,#3423,#4079,.T.);
#2566=EDGE_CURVE('',#3424,#3422,#120,.T.);
#2567=EDGE_CURVE('',#3397,#3408,#4080,.T.);
#2568=EDGE_CURVE('',#3407,#3424,#4081,.T.);
#2569=EDGE_CURVE('',#3425,#3423,#4082,.T.);
#2570=EDGE_CURVE('',#3426,#3425,#4083,.T.);
#2571=EDGE_CURVE('',#3426,#3398,#4084,.T.);
#2572=EDGE_CURVE('',#3406,#3427,#4085,.T.);
#2573=EDGE_CURVE('',#3427,#3422,#4086,.T.);
#2574=EDGE_CURVE('',#3428,#3429,#4087,.T.);
#2575=EDGE_CURVE('',#3429,#3399,#4088,.T.);
#2576=EDGE_CURVE('',#3428,#3426,#121,.T.);
#2577=EDGE_CURVE('',#3410,#3425,#122,.T.);
#2578=EDGE_CURVE('',#3409,#3430,#123,.T.);
#2579=EDGE_CURVE('',#3430,#3428,#4089,.T.);
#2580=EDGE_CURVE('',#3431,#3432,#4090,.T.);
#2581=EDGE_CURVE('',#3433,#3431,#4091,.T.);
#2582=EDGE_CURVE('',#3434,#3433,#4092,.T.);
#2583=EDGE_CURVE('',#3434,#3343,#4093,.T.);
#2584=EDGE_CURVE('',#3435,#3394,#4094,.T.);
#2585=EDGE_CURVE('',#3436,#3435,#4095,.T.);
#2586=EDGE_CURVE('',#3436,#3429,#4096,.T.);
#2587=EDGE_CURVE('',#3430,#3437,#4097,.T.);
#2588=EDGE_CURVE('',#3438,#3437,#4098,.T.);
#2589=EDGE_CURVE('',#3432,#3438,#4099,.T.);
#2590=EDGE_CURVE('',#3434,#3439,#4100,.T.);
#2591=EDGE_CURVE('',#3344,#3439,#4101,.T.);
#2592=EDGE_CURVE('',#3440,#3441,#4102,.T.);
#2593=EDGE_CURVE('',#3442,#3441,#4103,.T.);
#2594=EDGE_CURVE('',#3443,#3442,#4104,.T.);
#2595=EDGE_CURVE('',#3443,#3440,#4105,.T.);
#2596=EDGE_CURVE('',#3444,#3445,#4106,.T.);
#2597=EDGE_CURVE('',#3445,#3446,#4107,.T.);
#2598=EDGE_CURVE('',#3447,#3446,#4108,.T.);
#2599=EDGE_CURVE('',#3444,#3447,#4109,.T.);
#2600=EDGE_CURVE('',#3448,#3449,#4110,.T.);
#2601=EDGE_CURVE('',#3446,#3449,#4111,.T.);
#2602=EDGE_CURVE('',#3445,#3448,#4112,.T.);
#2603=EDGE_CURVE('',#3450,#3451,#4113,.T.);
#2604=EDGE_CURVE('',#3449,#3451,#4114,.T.);
#2605=EDGE_CURVE('',#3448,#3450,#4115,.T.);
#2606=EDGE_CURVE('',#3452,#3453,#4116,.T.);
#2607=EDGE_CURVE('',#3453,#3454,#4117,.T.);
#2608=EDGE_CURVE('',#3454,#3455,#4118,.T.);
#2609=EDGE_CURVE('',#3455,#3456,#4119,.T.);
#2610=EDGE_CURVE('',#3456,#3452,#4120,.T.);
#2611=EDGE_CURVE('',#3451,#3457,#4121,.T.);
#2612=EDGE_CURVE('',#3447,#3457,#4122,.T.);
#2613=EDGE_CURVE('',#3458,#3454,#4123,.T.);
#2614=EDGE_CURVE('',#3459,#3453,#4124,.T.);
#2615=EDGE_CURVE('',#3459,#3458,#4125,.T.);
#2616=EDGE_CURVE('',#3460,#3455,#4126,.T.);
#2617=EDGE_CURVE('',#3458,#3460,#4127,.T.);
#2618=EDGE_CURVE('',#3460,#3461,#4128,.T.);
#2619=EDGE_CURVE('',#3461,#3456,#4129,.T.);
#2620=EDGE_CURVE('',#3462,#3393,#4130,.T.);
#2621=EDGE_CURVE('',#3439,#3440,#4131,.T.);
#2622=EDGE_CURVE('',#3463,#3443,#4132,.T.);
#2623=EDGE_CURVE('',#3463,#3452,#4133,.T.);
#2624=EDGE_CURVE('',#3461,#3462,#4134,.T.);
#2625=EDGE_CURVE('',#3433,#3464,#4135,.T.);
#2626=EDGE_CURVE('',#3465,#3464,#4136,.T.);
#2627=EDGE_CURVE('',#3466,#3465,#4137,.T.);
#2628=EDGE_CURVE('',#3441,#3466,#4138,.T.);
#2629=EDGE_CURVE('',#3467,#3468,#4139,.T.);
#2630=EDGE_CURVE('',#3466,#3468,#4140,.T.);
#2631=EDGE_CURVE('',#3467,#3465,#4141,.T.);
#2632=EDGE_CURVE('',#3336,#3469,#4142,.T.);
#2633=EDGE_CURVE('',#3468,#3469,#4143,.T.);
#2634=EDGE_CURVE('',#3467,#3470,#4144,.T.);
#2635=EDGE_CURVE('',#3470,#3471,#4145,.T.);
#2636=EDGE_CURVE('',#3471,#3472,#4146,.T.);
#2637=EDGE_CURVE('',#3472,#3338,#4147,.T.);
#2638=EDGE_CURVE('',#3473,#3334,#4148,.T.);
#2639=EDGE_CURVE('',#3472,#3473,#4149,.T.);
#2640=EDGE_CURVE('',#3471,#3474,#4150,.T.);
#2641=EDGE_CURVE('',#3335,#3474,#4151,.T.);
#2642=EDGE_CURVE('',#3337,#3474,#4152,.T.);
#2643=EDGE_CURVE('',#3475,#3474,#4153,.T.);
#2644=EDGE_CURVE('',#3476,#3475,#4154,.T.);
#2645=EDGE_CURVE('',#3477,#3476,#4155,.T.);
#2646=EDGE_CURVE('',#3477,#3478,#4156,.T.);
#2647=EDGE_CURVE('',#3337,#3478,#4157,.T.);
#2648=EDGE_CURVE('',#3479,#3476,#4158,.T.);
#2649=EDGE_CURVE('',#3480,#3475,#4159,.T.);
#2650=EDGE_CURVE('',#3480,#3479,#124,.T.);
#2651=EDGE_CURVE('',#3481,#3482,#4160,.T.);
#2652=EDGE_CURVE('',#3483,#3481,#16,.T.);
#2653=EDGE_CURVE('',#3483,#3484,#4161,.T.);
#2654=EDGE_CURVE('',#3482,#3484,#17,.T.);
#2655=EDGE_CURVE('',#3483,#3485,#125,.T.);
#2656=EDGE_CURVE('',#3481,#3486,#4162,.T.);
#2657=EDGE_CURVE('',#3486,#3487,#18,.F.);
#2658=EDGE_CURVE('',#3487,#3488,#126,.T.);
#2659=EDGE_CURVE('',#3485,#3488,#4163,.T.);
#2660=EDGE_CURVE('',#3489,#3482,#4164,.T.);
#2661=EDGE_CURVE('',#3477,#3489,#4165,.T.);
#2662=EDGE_CURVE('',#3490,#3479,#4166,.T.);
#2663=EDGE_CURVE('',#3486,#3490,#4167,.T.);
#2664=EDGE_CURVE('',#3487,#3491,#4168,.T.);
#2665=EDGE_CURVE('',#3491,#3490,#19,.T.);
#2666=EDGE_CURVE('',#3492,#3493,#4169,.T.);
#2667=EDGE_CURVE('',#3494,#3492,#4170,.T.);
#2668=EDGE_CURVE('',#3488,#3494,#4171,.T.);
#2669=EDGE_CURVE('',#3491,#3493,#127,.T.);
#2670=EDGE_CURVE('',#3495,#3492,#128,.T.);
#2671=EDGE_CURVE('',#3496,#3495,#4172,.T.);
#2672=EDGE_CURVE('',#3496,#3494,#129,.T.);
#2673=EDGE_CURVE('',#3497,#3495,#130,.T.);
#2674=EDGE_CURVE('',#3498,#3497,#4173,.T.);
#2675=EDGE_CURVE('',#3496,#3498,#131,.T.);
#2676=EDGE_CURVE('',#3499,#3497,#132,.T.);
#2677=EDGE_CURVE('',#3500,#3499,#4174,.T.);
#2678=EDGE_CURVE('',#3500,#3498,#133,.T.);
#2679=EDGE_CURVE('',#3501,#3500,#4175,.T.);
#2680=EDGE_CURVE('',#3502,#3499,#4176,.T.);
#2681=EDGE_CURVE('',#3502,#3501,#4177,.T.);
#2682=EDGE_CURVE('',#3503,#3501,#4178,.T.);
#2683=EDGE_CURVE('',#3502,#3504,#4179,.T.);
#2684=EDGE_CURVE('',#3504,#3503,#4180,.T.);
#2685=EDGE_CURVE('',#3505,#3504,#4181,.T.);
#2686=EDGE_CURVE('',#3506,#3505,#4182,.T.);
#2687=EDGE_CURVE('',#3503,#3506,#4183,.T.);
#2688=EDGE_CURVE('',#3507,#3505,#134,.T.);
#2689=EDGE_CURVE('',#3508,#3507,#4184,.T.);
#2690=EDGE_CURVE('',#3508,#3506,#135,.T.);
#2691=EDGE_CURVE('',#3509,#3507,#136,.T.);
#2692=EDGE_CURVE('',#3510,#3509,#4185,.T.);
#2693=EDGE_CURVE('',#3508,#3510,#137,.T.);
#2694=EDGE_CURVE('',#3511,#3510,#138,.T.);
#2695=EDGE_CURVE('',#3485,#3511,#4186,.T.);
#2696=EDGE_CURVE('',#3512,#3509,#139,.T.);
#2697=EDGE_CURVE('',#3511,#3512,#4187,.T.);
#2698=EDGE_CURVE('',#3513,#3512,#4188,.T.);
#2699=EDGE_CURVE('',#3484,#3513,#140,.T.);
#2700=EDGE_CURVE('',#3513,#3493,#4189,.T.);
#2701=EDGE_CURVE('',#3514,#3480,#4190,.T.);
#2702=EDGE_CURVE('',#3514,#3489,#141,.T.);
#2703=EDGE_CURVE('',#3514,#3478,#4191,.T.);
#2704=EDGE_CURVE('',#3470,#3515,#4192,.T.);
#2705=EDGE_CURVE('',#3515,#3516,#4193,.T.);
#2706=EDGE_CURVE('',#3469,#3516,#4194,.T.);
#2707=EDGE_CURVE('',#3457,#3517,#4195,.T.);
#2708=EDGE_CURVE('',#3517,#3442,#4196,.T.);
#2709=EDGE_CURVE('',#3516,#3518,#4197,.T.);
#2710=EDGE_CURVE('',#3444,#3518,#4198,.T.);
#2711=EDGE_CURVE('',#3462,#3459,#4199,.T.);
#2712=EDGE_CURVE('',#3450,#3518,#4200,.T.);
#2713=EDGE_CURVE('',#3515,#3519,#4201,.T.);
#2714=EDGE_CURVE('',#3517,#3519,#4202,.T.);
#2715=EDGE_CURVE('',#3435,#3463,#4203,.T.);
#2716=EDGE_CURVE('',#3520,#3521,#4204,.T.);
#2717=EDGE_CURVE('',#3522,#3521,#4205,.T.);
#2718=EDGE_CURVE('',#3523,#3522,#4206,.T.);
#2719=EDGE_CURVE('',#3523,#3520,#4207,.T.);
#2720=EDGE_CURVE('',#3524,#3525,#4208,.T.);
#2721=EDGE_CURVE('',#3526,#3525,#4209,.T.);
#2722=EDGE_CURVE('',#3522,#3526,#4210,.T.);
#2723=EDGE_CURVE('',#3521,#3524,#4211,.T.);
#2724=EDGE_CURVE('',#3525,#3527,#4212,.F.);
#2725=EDGE_CURVE('',#3528,#3527,#4213,.T.);
#2726=EDGE_CURVE('',#3526,#3528,#4214,.T.);
#2727=EDGE_CURVE('',#3528,#3523,#4215,.T.);
#2728=EDGE_CURVE('',#3529,#3530,#4216,.T.);
#2729=EDGE_CURVE('',#3530,#3531,#4217,.T.);
#2730=EDGE_CURVE('',#3531,#3532,#4218,.T.);
#2731=EDGE_CURVE('',#3532,#3529,#4219,.T.);
#2732=EDGE_CURVE('',#3530,#3533,#4220,.T.);
#2733=EDGE_CURVE('',#3529,#3534,#4221,.T.);
#2734=EDGE_CURVE('',#3534,#3533,#4222,.T.);
#2735=EDGE_CURVE('',#3531,#3535,#4223,.T.);
#2736=EDGE_CURVE('',#3535,#3533,#4224,.T.);
#2737=EDGE_CURVE('',#3535,#3536,#4225,.T.);
#2738=EDGE_CURVE('',#3532,#3536,#4226,.T.);
#2739=EDGE_CURVE('',#3536,#3534,#4227,.T.);
#2740=EDGE_CURVE('',#3537,#3538,#4228,.F.);
#2741=EDGE_CURVE('',#3539,#3538,#4229,.T.);
#2742=EDGE_CURVE('',#3540,#3539,#4230,.T.);
#2743=EDGE_CURVE('',#3540,#3537,#4231,.T.);
#2744=EDGE_CURVE('',#3539,#3541,#4232,.T.);
#2745=EDGE_CURVE('',#3541,#3542,#4233,.T.);
#2746=EDGE_CURVE('',#3542,#3540,#4234,.T.);
#2747=EDGE_CURVE('',#3543,#3544,#4235,.T.);
#2748=EDGE_CURVE('',#3544,#3545,#4236,.T.);
#2749=EDGE_CURVE('',#3545,#3546,#4237,.T.);
#2750=EDGE_CURVE('',#3546,#3543,#4238,.T.);
#2751=EDGE_CURVE('',#3544,#3547,#4239,.T.);
#2752=EDGE_CURVE('',#3543,#3548,#4240,.T.);
#2753=EDGE_CURVE('',#3548,#3547,#4241,.T.);
#2754=EDGE_CURVE('',#3545,#3549,#4242,.T.);
#2755=EDGE_CURVE('',#3549,#3547,#4243,.T.);
#2756=EDGE_CURVE('',#3549,#3550,#4244,.T.);
#2757=EDGE_CURVE('',#3546,#3550,#4245,.T.);
#2758=EDGE_CURVE('',#3550,#3548,#4246,.T.);
#2759=EDGE_CURVE('',#3551,#3552,#4247,.T.);
#2760=EDGE_CURVE('',#3553,#3552,#4248,.T.);
#2761=EDGE_CURVE('',#3554,#3553,#4249,.T.);
#2762=EDGE_CURVE('',#3554,#3555,#4250,.T.);
#2763=EDGE_CURVE('',#3551,#3555,#4251,.T.);
#2764=EDGE_CURVE('',#3552,#3556,#4252,.T.);
#2765=EDGE_CURVE('',#3557,#3556,#4253,.T.);
#2766=EDGE_CURVE('',#3553,#3557,#4254,.T.);
#2767=EDGE_CURVE('',#3558,#3559,#4255,.T.);
#2768=EDGE_CURVE('',#3560,#3559,#4256,.T.);
#2769=EDGE_CURVE('',#3557,#3560,#4257,.T.);
#2770=EDGE_CURVE('',#3556,#3558,#4258,.T.);
#2771=EDGE_CURVE('',#3559,#3555,#4259,.F.);
#2772=EDGE_CURVE('',#3560,#3554,#4260,.T.);
#2773=EDGE_CURVE('',#3561,#3562,#4261,.T.);
#2774=EDGE_CURVE('',#3562,#3563,#4262,.T.);
#2775=EDGE_CURVE('',#3563,#3564,#4263,.T.);
#2776=EDGE_CURVE('',#3564,#3561,#4264,.T.);
#2777=EDGE_CURVE('',#3562,#3565,#4265,.T.);
#2778=EDGE_CURVE('',#3561,#3566,#4266,.T.);
#2779=EDGE_CURVE('',#3566,#3565,#4267,.T.);
#2780=EDGE_CURVE('',#3563,#3567,#4268,.T.);
#2781=EDGE_CURVE('',#3567,#3565,#4269,.T.);
#2782=EDGE_CURVE('',#3567,#3568,#4270,.T.);
#2783=EDGE_CURVE('',#3564,#3568,#4271,.T.);
#2784=EDGE_CURVE('',#3568,#3566,#4272,.T.);
#2785=EDGE_CURVE('',#3569,#3570,#4273,.T.);
#2786=EDGE_CURVE('',#3571,#3570,#4274,.T.);
#2787=EDGE_CURVE('',#3572,#3571,#4275,.T.);
#2788=EDGE_CURVE('',#3572,#3573,#4276,.T.);
#2789=EDGE_CURVE('',#3569,#3573,#4277,.T.);
#2790=EDGE_CURVE('',#3570,#3574,#4278,.T.);
#2791=EDGE_CURVE('',#3575,#3574,#4279,.T.);
#2792=EDGE_CURVE('',#3571,#3575,#4280,.T.);
#2793=EDGE_CURVE('',#3576,#3577,#4281,.T.);
#2794=EDGE_CURVE('',#3578,#3577,#4282,.T.);
#2795=EDGE_CURVE('',#3575,#3578,#4283,.T.);
#2796=EDGE_CURVE('',#3574,#3576,#4284,.T.);
#2797=EDGE_CURVE('',#3577,#3573,#4285,.F.);
#2798=EDGE_CURVE('',#3578,#3572,#4286,.T.);
#2799=EDGE_CURVE('',#3579,#3580,#4287,.T.);
#2800=EDGE_CURVE('',#3580,#3581,#4288,.T.);
#2801=EDGE_CURVE('',#3581,#3582,#4289,.T.);
#2802=EDGE_CURVE('',#3582,#3579,#4290,.T.);
#2803=EDGE_CURVE('',#3580,#3583,#4291,.T.);
#2804=EDGE_CURVE('',#3579,#3584,#4292,.T.);
#2805=EDGE_CURVE('',#3584,#3583,#4293,.T.);
#2806=EDGE_CURVE('',#3581,#3585,#4294,.T.);
#2807=EDGE_CURVE('',#3585,#3583,#4295,.T.);
#2808=EDGE_CURVE('',#3585,#3586,#4296,.T.);
#2809=EDGE_CURVE('',#3582,#3586,#4297,.T.);
#2810=EDGE_CURVE('',#3586,#3584,#4298,.T.);
#2811=EDGE_CURVE('',#3587,#3588,#4299,.T.);
#2812=EDGE_CURVE('',#3589,#3588,#4300,.T.);
#2813=EDGE_CURVE('',#3590,#3589,#4301,.T.);
#2814=EDGE_CURVE('',#3590,#3591,#4302,.T.);
#2815=EDGE_CURVE('',#3587,#3591,#4303,.T.);
#2816=EDGE_CURVE('',#3588,#3592,#4304,.T.);
#2817=EDGE_CURVE('',#3593,#3592,#4305,.T.);
#2818=EDGE_CURVE('',#3589,#3593,#4306,.T.);
#2819=EDGE_CURVE('',#3594,#3595,#4307,.T.);
#2820=EDGE_CURVE('',#3596,#3595,#4308,.T.);
#2821=EDGE_CURVE('',#3593,#3596,#4309,.T.);
#2822=EDGE_CURVE('',#3592,#3594,#4310,.T.);
#2823=EDGE_CURVE('',#3595,#3591,#4311,.F.);
#2824=EDGE_CURVE('',#3596,#3590,#4312,.T.);
#2825=EDGE_CURVE('',#3597,#3598,#4313,.T.);
#2826=EDGE_CURVE('',#3598,#3599,#4314,.T.);
#2827=EDGE_CURVE('',#3599,#3600,#4315,.T.);
#2828=EDGE_CURVE('',#3600,#3597,#4316,.T.);
#2829=EDGE_CURVE('',#3598,#3601,#4317,.T.);
#2830=EDGE_CURVE('',#3597,#3602,#4318,.T.);
#2831=EDGE_CURVE('',#3602,#3601,#4319,.T.);
#2832=EDGE_CURVE('',#3599,#3603,#4320,.T.);
#2833=EDGE_CURVE('',#3603,#3601,#4321,.T.);
#2834=EDGE_CURVE('',#3603,#3604,#4322,.T.);
#2835=EDGE_CURVE('',#3600,#3604,#4323,.T.);
#2836=EDGE_CURVE('',#3604,#3602,#4324,.T.);
#2837=EDGE_CURVE('',#3605,#3606,#4325,.T.);
#2838=EDGE_CURVE('',#3607,#3606,#4326,.T.);
#2839=EDGE_CURVE('',#3608,#3607,#4327,.T.);
#2840=EDGE_CURVE('',#3608,#3609,#4328,.T.);
#2841=EDGE_CURVE('',#3605,#3609,#4329,.T.);
#2842=EDGE_CURVE('',#3606,#3610,#4330,.T.);
#2843=EDGE_CURVE('',#3611,#3610,#4331,.T.);
#2844=EDGE_CURVE('',#3607,#3611,#4332,.T.);
#2845=EDGE_CURVE('',#3612,#3613,#4333,.T.);
#2846=EDGE_CURVE('',#3614,#3613,#4334,.T.);
#2847=EDGE_CURVE('',#3611,#3614,#4335,.T.);
#2848=EDGE_CURVE('',#3610,#3612,#4336,.T.);
#2849=EDGE_CURVE('',#3613,#3609,#4337,.F.);
#2850=EDGE_CURVE('',#3614,#3608,#4338,.T.);
#2851=EDGE_CURVE('',#3615,#3616,#4339,.T.);
#2852=EDGE_CURVE('',#3616,#3617,#4340,.T.);
#2853=EDGE_CURVE('',#3617,#3618,#4341,.T.);
#2854=EDGE_CURVE('',#3618,#3615,#4342,.T.);
#2855=EDGE_CURVE('',#3616,#3619,#4343,.T.);
#2856=EDGE_CURVE('',#3615,#3620,#4344,.T.);
#2857=EDGE_CURVE('',#3620,#3619,#4345,.T.);
#2858=EDGE_CURVE('',#3617,#3621,#4346,.T.);
#2859=EDGE_CURVE('',#3621,#3619,#4347,.T.);
#2860=EDGE_CURVE('',#3621,#3622,#4348,.T.);
#2861=EDGE_CURVE('',#3618,#3622,#4349,.T.);
#2862=EDGE_CURVE('',#3622,#3620,#4350,.T.);
#2863=EDGE_CURVE('',#3623,#3624,#4351,.T.);
#2864=EDGE_CURVE('',#3625,#3624,#4352,.T.);
#2865=EDGE_CURVE('',#3626,#3625,#4353,.T.);
#2866=EDGE_CURVE('',#3626,#3627,#4354,.T.);
#2867=EDGE_CURVE('',#3623,#3627,#4355,.T.);
#2868=EDGE_CURVE('',#3624,#3628,#4356,.T.);
#2869=EDGE_CURVE('',#3629,#3628,#4357,.T.);
#2870=EDGE_CURVE('',#3625,#3629,#4358,.T.);
#2871=EDGE_CURVE('',#3630,#3631,#4359,.T.);
#2872=EDGE_CURVE('',#3632,#3631,#4360,.T.);
#2873=EDGE_CURVE('',#3629,#3632,#4361,.T.);
#2874=EDGE_CURVE('',#3628,#3630,#4362,.T.);
#2875=EDGE_CURVE('',#3631,#3627,#4363,.F.);
#2876=EDGE_CURVE('',#3632,#3626,#4364,.T.);
#2877=EDGE_CURVE('',#3633,#3634,#4365,.T.);
#2878=EDGE_CURVE('',#3634,#3635,#4366,.T.);
#2879=EDGE_CURVE('',#3635,#3636,#4367,.T.);
#2880=EDGE_CURVE('',#3636,#3633,#4368,.T.);
#2881=EDGE_CURVE('',#3634,#3637,#4369,.T.);
#2882=EDGE_CURVE('',#3633,#3638,#4370,.T.);
#2883=EDGE_CURVE('',#3638,#3637,#4371,.T.);
#2884=EDGE_CURVE('',#3635,#3639,#4372,.T.);
#2885=EDGE_CURVE('',#3639,#3637,#4373,.T.);
#2886=EDGE_CURVE('',#3639,#3640,#4374,.T.);
#2887=EDGE_CURVE('',#3636,#3640,#4375,.T.);
#2888=EDGE_CURVE('',#3640,#3638,#4376,.T.);
#2889=EDGE_CURVE('',#3641,#3642,#4377,.T.);
#2890=EDGE_CURVE('',#3643,#3642,#4378,.T.);
#2891=EDGE_CURVE('',#3644,#3643,#4379,.T.);
#2892=EDGE_CURVE('',#3644,#3645,#4380,.T.);
#2893=EDGE_CURVE('',#3641,#3645,#4381,.T.);
#2894=EDGE_CURVE('',#3642,#3646,#4382,.T.);
#2895=EDGE_CURVE('',#3647,#3646,#4383,.T.);
#2896=EDGE_CURVE('',#3643,#3647,#4384,.T.);
#2897=EDGE_CURVE('',#3648,#3649,#4385,.T.);
#2898=EDGE_CURVE('',#3650,#3649,#4386,.T.);
#2899=EDGE_CURVE('',#3647,#3650,#4387,.T.);
#2900=EDGE_CURVE('',#3646,#3648,#4388,.T.);
#2901=EDGE_CURVE('',#3649,#3645,#4389,.F.);
#2902=EDGE_CURVE('',#3650,#3644,#4390,.T.);
#2903=EDGE_CURVE('',#3651,#3652,#4391,.T.);
#2904=EDGE_CURVE('',#3652,#3653,#4392,.T.);
#2905=EDGE_CURVE('',#3653,#3654,#4393,.T.);
#2906=EDGE_CURVE('',#3654,#3651,#4394,.T.);
#2907=EDGE_CURVE('',#3652,#3655,#4395,.T.);
#2908=EDGE_CURVE('',#3651,#3656,#4396,.T.);
#2909=EDGE_CURVE('',#3656,#3655,#4397,.T.);
#2910=EDGE_CURVE('',#3653,#3657,#4398,.T.);
#2911=EDGE_CURVE('',#3657,#3655,#4399,.T.);
#2912=EDGE_CURVE('',#3657,#3658,#4400,.T.);
#2913=EDGE_CURVE('',#3654,#3658,#4401,.T.);
#2914=EDGE_CURVE('',#3658,#3656,#4402,.T.);
#2915=EDGE_CURVE('',#3659,#3660,#4403,.T.);
#2916=EDGE_CURVE('',#3661,#3660,#4404,.T.);
#2917=EDGE_CURVE('',#3662,#3661,#4405,.T.);
#2918=EDGE_CURVE('',#3662,#3663,#4406,.T.);
#2919=EDGE_CURVE('',#3659,#3663,#4407,.T.);
#2920=EDGE_CURVE('',#3660,#3664,#4408,.T.);
#2921=EDGE_CURVE('',#3665,#3664,#4409,.T.);
#2922=EDGE_CURVE('',#3661,#3665,#4410,.T.);
#2923=EDGE_CURVE('',#3666,#3667,#4411,.T.);
#2924=EDGE_CURVE('',#3668,#3667,#4412,.T.);
#2925=EDGE_CURVE('',#3665,#3668,#4413,.T.);
#2926=EDGE_CURVE('',#3664,#3666,#4414,.T.);
#2927=EDGE_CURVE('',#3667,#3663,#4415,.F.);
#2928=EDGE_CURVE('',#3668,#3662,#4416,.T.);
#2929=EDGE_CURVE('',#3669,#3670,#4417,.T.);
#2930=EDGE_CURVE('',#3670,#3671,#4418,.T.);
#2931=EDGE_CURVE('',#3671,#3672,#4419,.T.);
#2932=EDGE_CURVE('',#3672,#3669,#4420,.T.);
#2933=EDGE_CURVE('',#3670,#3673,#4421,.T.);
#2934=EDGE_CURVE('',#3669,#3674,#4422,.T.);
#2935=EDGE_CURVE('',#3674,#3673,#4423,.T.);
#2936=EDGE_CURVE('',#3671,#3675,#4424,.T.);
#2937=EDGE_CURVE('',#3675,#3673,#4425,.T.);
#2938=EDGE_CURVE('',#3675,#3676,#4426,.T.);
#2939=EDGE_CURVE('',#3672,#3676,#4427,.T.);
#2940=EDGE_CURVE('',#3676,#3674,#4428,.T.);
#2941=EDGE_CURVE('',#3677,#3678,#4429,.T.);
#2942=EDGE_CURVE('',#3679,#3678,#4430,.T.);
#2943=EDGE_CURVE('',#3680,#3679,#4431,.T.);
#2944=EDGE_CURVE('',#3680,#3681,#4432,.T.);
#2945=EDGE_CURVE('',#3677,#3681,#4433,.T.);
#2946=EDGE_CURVE('',#3678,#3682,#4434,.T.);
#2947=EDGE_CURVE('',#3683,#3682,#4435,.T.);
#2948=EDGE_CURVE('',#3679,#3683,#4436,.T.);
#2949=EDGE_CURVE('',#3684,#3685,#4437,.T.);
#2950=EDGE_CURVE('',#3686,#3685,#4438,.T.);
#2951=EDGE_CURVE('',#3683,#3686,#4439,.T.);
#2952=EDGE_CURVE('',#3682,#3684,#4440,.T.);
#2953=EDGE_CURVE('',#3685,#3681,#4441,.F.);
#2954=EDGE_CURVE('',#3686,#3680,#4442,.T.);
#2955=EDGE_CURVE('',#3687,#3688,#4443,.T.);
#2956=EDGE_CURVE('',#3688,#3689,#4444,.T.);
#2957=EDGE_CURVE('',#3689,#3690,#4445,.T.);
#2958=EDGE_CURVE('',#3690,#3687,#4446,.T.);
#2959=EDGE_CURVE('',#3688,#3691,#4447,.T.);
#2960=EDGE_CURVE('',#3687,#3692,#4448,.T.);
#2961=EDGE_CURVE('',#3692,#3691,#4449,.T.);
#2962=EDGE_CURVE('',#3689,#3693,#4450,.T.);
#2963=EDGE_CURVE('',#3693,#3691,#4451,.T.);
#2964=EDGE_CURVE('',#3693,#3694,#4452,.T.);
#2965=EDGE_CURVE('',#3690,#3694,#4453,.T.);
#2966=EDGE_CURVE('',#3694,#3692,#4454,.T.);
#2967=EDGE_CURVE('',#3695,#3696,#4455,.T.);
#2968=EDGE_CURVE('',#3697,#3696,#4456,.T.);
#2969=EDGE_CURVE('',#3698,#3697,#4457,.T.);
#2970=EDGE_CURVE('',#3698,#3699,#4458,.T.);
#2971=EDGE_CURVE('',#3695,#3699,#4459,.T.);
#2972=EDGE_CURVE('',#3696,#3700,#4460,.T.);
#2973=EDGE_CURVE('',#3701,#3700,#4461,.T.);
#2974=EDGE_CURVE('',#3697,#3701,#4462,.T.);
#2975=EDGE_CURVE('',#3702,#3703,#4463,.T.);
#2976=EDGE_CURVE('',#3704,#3703,#4464,.T.);
#2977=EDGE_CURVE('',#3701,#3704,#4465,.T.);
#2978=EDGE_CURVE('',#3700,#3702,#4466,.T.);
#2979=EDGE_CURVE('',#3703,#3699,#4467,.F.);
#2980=EDGE_CURVE('',#3704,#3698,#4468,.T.);
#2981=EDGE_CURVE('',#3705,#3706,#4469,.T.);
#2982=EDGE_CURVE('',#3706,#3707,#4470,.T.);
#2983=EDGE_CURVE('',#3707,#3708,#4471,.T.);
#2984=EDGE_CURVE('',#3708,#3705,#4472,.T.);
#2985=EDGE_CURVE('',#3706,#3709,#4473,.T.);
#2986=EDGE_CURVE('',#3705,#3710,#4474,.T.);
#2987=EDGE_CURVE('',#3710,#3709,#4475,.T.);
#2988=EDGE_CURVE('',#3707,#3711,#4476,.T.);
#2989=EDGE_CURVE('',#3711,#3709,#4477,.T.);
#2990=EDGE_CURVE('',#3711,#3712,#4478,.T.);
#2991=EDGE_CURVE('',#3708,#3712,#4479,.T.);
#2992=EDGE_CURVE('',#3712,#3710,#4480,.T.);
#2993=EDGE_CURVE('',#3713,#3714,#4481,.T.);
#2994=EDGE_CURVE('',#3715,#3714,#4482,.T.);
#2995=EDGE_CURVE('',#3716,#3715,#4483,.T.);
#2996=EDGE_CURVE('',#3716,#3717,#4484,.T.);
#2997=EDGE_CURVE('',#3713,#3717,#4485,.T.);
#2998=EDGE_CURVE('',#3714,#3718,#4486,.T.);
#2999=EDGE_CURVE('',#3719,#3718,#4487,.T.);
#3000=EDGE_CURVE('',#3715,#3719,#4488,.T.);
#3001=EDGE_CURVE('',#3720,#3721,#4489,.T.);
#3002=EDGE_CURVE('',#3722,#3721,#4490,.T.);
#3003=EDGE_CURVE('',#3719,#3722,#4491,.T.);
#3004=EDGE_CURVE('',#3718,#3720,#4492,.T.);
#3005=EDGE_CURVE('',#3721,#3717,#4493,.F.);
#3006=EDGE_CURVE('',#3722,#3716,#4494,.T.);
#3007=EDGE_CURVE('',#3723,#3724,#4495,.T.);
#3008=EDGE_CURVE('',#3724,#3725,#4496,.T.);
#3009=EDGE_CURVE('',#3725,#3726,#4497,.T.);
#3010=EDGE_CURVE('',#3726,#3723,#4498,.T.);
#3011=EDGE_CURVE('',#3724,#3727,#4499,.T.);
#3012=EDGE_CURVE('',#3723,#3728,#4500,.T.);
#3013=EDGE_CURVE('',#3728,#3727,#4501,.T.);
#3014=EDGE_CURVE('',#3729,#3727,#4502,.T.);
#3015=EDGE_CURVE('',#3725,#3729,#4503,.T.);
#3016=EDGE_CURVE('',#3729,#3730,#4504,.T.);
#3017=EDGE_CURVE('',#3726,#3730,#4505,.T.);
#3018=EDGE_CURVE('',#3730,#3728,#4506,.T.);
#3019=EDGE_CURVE('',#3631,#3609,#4507,.T.);
#3020=EDGE_CURVE('',#3613,#3591,#4508,.T.);
#3021=EDGE_CURVE('',#3595,#3573,#4509,.T.);
#3022=EDGE_CURVE('',#3577,#3555,#4510,.T.);
#3023=EDGE_CURVE('',#3559,#3538,#4511,.T.);
#3024=EDGE_CURVE('',#3537,#3527,#4512,.T.);
#3025=EDGE_CURVE('',#3731,#3525,#4513,.T.);
#3026=EDGE_CURVE('',#3731,#3732,#4514,.T.);
#3027=EDGE_CURVE('',#3732,#3733,#4515,.T.);
#3028=EDGE_CURVE('',#3734,#3733,#4516,.T.);
#3029=EDGE_CURVE('',#3734,#3717,#4517,.T.);
#3030=EDGE_CURVE('',#3721,#3699,#4518,.T.);
#3031=EDGE_CURVE('',#3703,#3681,#4519,.T.);
#3032=EDGE_CURVE('',#3685,#3663,#4520,.T.);
#3033=EDGE_CURVE('',#3667,#3645,#4521,.T.);
#3034=EDGE_CURVE('',#3649,#3627,#4522,.T.);
#3035=EDGE_CURVE('',#3735,#3736,#4523,.T.);
#3036=EDGE_CURVE('',#3541,#3736,#4524,.T.);
#3037=EDGE_CURVE('',#3735,#3538,#4525,.T.);
#3038=EDGE_CURVE('',#3736,#3737,#4526,.T.);
#3039=EDGE_CURVE('',#3542,#3737,#4527,.T.);
#3040=EDGE_CURVE('',#3738,#3537,#4528,.T.);
#3041=EDGE_CURVE('',#3737,#3738,#4529,.T.);
#3042=EDGE_CURVE('',#3732,#3739,#4530,.T.);
#3043=EDGE_CURVE('',#3740,#3731,#4531,.T.);
#3044=EDGE_CURVE('',#3740,#3739,#4532,.T.);
#3045=EDGE_CURVE('',#3733,#3741,#4533,.T.);
#3046=EDGE_CURVE('',#3739,#3741,#4534,.T.);
#3047=EDGE_CURVE('',#3742,#3734,#4535,.T.);
#3048=EDGE_CURVE('',#3742,#3741,#4536,.T.);
#3049=EDGE_CURVE('',#3743,#3738,#4537,.T.);
#3050=EDGE_CURVE('',#3743,#3527,#4538,.T.);
#3051=EDGE_CURVE('',#3740,#3524,#4539,.T.);
#3052=EDGE_CURVE('',#3735,#3558,#4540,.T.);
#3053=EDGE_CURVE('',#3551,#3576,#4541,.T.);
#3054=EDGE_CURVE('',#3569,#3594,#4542,.T.);
#3055=EDGE_CURVE('',#3587,#3612,#4543,.T.);
#3056=EDGE_CURVE('',#3605,#3630,#4544,.T.);
#3057=EDGE_CURVE('',#3623,#3648,#4545,.T.);
#3058=EDGE_CURVE('',#3641,#3666,#4546,.T.);
#3059=EDGE_CURVE('',#3659,#3684,#4547,.T.);
#3060=EDGE_CURVE('',#3677,#3702,#4548,.T.);
#3061=EDGE_CURVE('',#3695,#3720,#4549,.T.);
#3062=EDGE_CURVE('',#3713,#3742,#4550,.T.);
#3063=EDGE_CURVE('',#3743,#3520,#4551,.T.);
#3064=EDGE_CURVE('',#3744,#3745,#4552,.T.);
#3065=EDGE_CURVE('',#3745,#3746,#4553,.T.);
#3066=EDGE_CURVE('',#3746,#3747,#4554,.T.);
#3067=EDGE_CURVE('',#3747,#3405,#4555,.T.);
#3068=EDGE_CURVE('',#3405,#3401,#4556,.T.);
#3069=EDGE_CURVE('',#3401,#3748,#4557,.T.);
#3070=EDGE_CURVE('',#3748,#3749,#4558,.T.);
#3071=EDGE_CURVE('',#3749,#3750,#4559,.T.);
#3072=EDGE_CURVE('',#3750,#3751,#4560,.T.);
#3073=EDGE_CURVE('',#3744,#3751,#4561,.T.);
#3074=EDGE_CURVE('',#3752,#3751,#4562,.T.);
#3075=EDGE_CURVE('',#3436,#3752,#4563,.T.);
#3076=EDGE_CURVE('',#3753,#3519,#4564,.T.);
#3077=EDGE_CURVE('',#3754,#3753,#4565,.T.);
#3078=EDGE_CURVE('',#3754,#3744,#4566,.T.);
#3079=EDGE_CURVE('',#3755,#3745,#4567,.T.);
#3080=EDGE_CURVE('',#3754,#3755,#4568,.T.);
#3081=EDGE_CURVE('',#3756,#3746,#4569,.T.);
#3082=EDGE_CURVE('',#3755,#3756,#4570,.T.);
#3083=EDGE_CURVE('',#3757,#3747,#4571,.T.);
#3084=EDGE_CURVE('',#3757,#3756,#4572,.T.);
#3085=EDGE_CURVE('',#3400,#3758,#4573,.T.);
#3086=EDGE_CURVE('',#3758,#3748,#4574,.T.);
#3087=EDGE_CURVE('',#3757,#3404,#4575,.T.);
#3088=EDGE_CURVE('',#3759,#3749,#4576,.T.);
#3089=EDGE_CURVE('',#3758,#3759,#4577,.T.);
#3090=EDGE_CURVE('',#3760,#3750,#4578,.T.);
#3091=EDGE_CURVE('',#3759,#3760,#4579,.T.);
#3092=EDGE_CURVE('',#3752,#3760,#4580,.T.);
#3093=EDGE_CURVE('',#3427,#3753,#4581,.T.);
#3094=EDGE_CURVE('',#3464,#3761,#4582,.T.);
#3095=EDGE_CURVE('',#3761,#3762,#4583,.T.);
#3096=EDGE_CURVE('',#3762,#3763,#4584,.T.);
#3097=EDGE_CURVE('',#3763,#3764,#4585,.T.);
#3098=EDGE_CURVE('',#3421,#3764,#4586,.T.);
#3099=EDGE_CURVE('',#3765,#3766,#4587,.T.);
#3100=EDGE_CURVE('',#3764,#3766,#4588,.T.);
#3101=EDGE_CURVE('',#3765,#3763,#4589,.T.);
#3102=EDGE_CURVE('',#3767,#3768,#4590,.T.);
#3103=EDGE_CURVE('',#3766,#3768,#4591,.T.);
#3104=EDGE_CURVE('',#3765,#3767,#4592,.T.);
#3105=EDGE_CURVE('',#3769,#3770,#4593,.T.);
#3106=EDGE_CURVE('',#3768,#3770,#4594,.T.);
#3107=EDGE_CURVE('',#3767,#3769,#4595,.T.);
#3108=EDGE_CURVE('',#3771,#3772,#4596,.T.);
#3109=EDGE_CURVE('',#3770,#3772,#4597,.T.);
#3110=EDGE_CURVE('',#3769,#3771,#4598,.T.);
#3111=EDGE_CURVE('',#3772,#3437,#4599,.T.);
#3112=EDGE_CURVE('',#3771,#3438,#4600,.T.);
#3113=EDGE_CURVE('',#3473,#3762,#4601,.T.);
#3114=EDGE_CURVE('',#3773,#3339,#4602,.T.);
#3115=EDGE_CURVE('',#3773,#3774,#4603,.T.);
#3116=EDGE_CURVE('',#3774,#3350,#142,.T.);
#3117=EDGE_CURVE('',#3432,#3349,#4604,.T.);
#3118=EDGE_CURVE('',#3775,#3774,#4605,.T.);
#3119=EDGE_CURVE('',#3775,#3351,#143,.T.);
#3120=EDGE_CURVE('',#3775,#3360,#4606,.T.);
#3121=EDGE_CURVE('',#3347,#3773,#4607,.T.);
#3122=EDGE_CURVE('',#3473,#3339,#4608,.T.);
#3123=EDGE_CURVE('',#3773,#3349,#4609,.T.);
#3124=EDGE_CURVE('',#3776,#3761,#4610,.T.);
#3125=EDGE_CURVE('',#3776,#3777,#4611,.T.);
#3126=EDGE_CURVE('',#3777,#3778,#4612,.T.);
#3127=EDGE_CURVE('',#3779,#3778,#4613,.T.);
#3128=EDGE_CURVE('',#3431,#3779,#4614,.T.);
#3129=EDGE_CURVE('',#3780,#3781,#4615,.T.);
#3130=EDGE_CURVE('',#3777,#3781,#4616,.T.);
#3131=EDGE_CURVE('',#3776,#3780,#4617,.T.);
#3132=EDGE_CURVE('',#3782,#3783,#4618,.T.);
#3133=EDGE_CURVE('',#3781,#3783,#144,.T.);
#3134=EDGE_CURVE('',#3780,#3782,#145,.T.);
#3135=EDGE_CURVE('',#3784,#3785,#4619,.T.);
#3136=EDGE_CURVE('',#3783,#3785,#4620,.T.);
#3137=EDGE_CURVE('',#3782,#3784,#4621,.T.);
#3138=EDGE_CURVE('',#3785,#3298,#4622,.T.);
#3139=EDGE_CURVE('',#3784,#3299,#4623,.T.);
#3140=EDGE_CURVE('',#3294,#3779,#4624,.T.);
#3141=EDGE_CURVE('',#3295,#3778,#4625,.T.);
#3142=EDGE_CURVE('',#3786,#3786,#146,.T.);
#3143=EDGE_CURVE('',#3787,#3787,#147,.T.);
#3144=EDGE_CURVE('',#3788,#3788,#148,.T.);
#3145=EDGE_CURVE('',#3789,#3789,#149,.T.);
#3146=EDGE_CURVE('',#3790,#3790,#150,.T.);
#3147=EDGE_CURVE('',#3791,#3791,#151,.T.);
#3148=EDGE_CURVE('',#3277,#3291,#152,.T.);
#3149=EDGE_CURVE('',#3276,#3290,#153,.T.);
#3150=VERTEX_POINT('',#11848);
#3151=VERTEX_POINT('',#11849);
#3152=VERTEX_POINT('',#11851);
#3153=VERTEX_POINT('',#11853);
#3154=VERTEX_POINT('',#11857);
#3155=VERTEX_POINT('',#11858);
#3156=VERTEX_POINT('',#11863);
#3157=VERTEX_POINT('',#11864);
#3158=VERTEX_POINT('',#11869);
#3159=VERTEX_POINT('',#11870);
#3160=VERTEX_POINT('',#11875);
#3161=VERTEX_POINT('',#11876);
#3162=VERTEX_POINT('',#11881);
#3163=VERTEX_POINT('',#11882);
#3164=VERTEX_POINT('',#11890);
#3165=VERTEX_POINT('',#11891);
#3166=VERTEX_POINT('',#11893);
#3167=VERTEX_POINT('',#11895);
#3168=VERTEX_POINT('',#11899);
#3169=VERTEX_POINT('',#11901);
#3170=VERTEX_POINT('',#11905);
#3171=VERTEX_POINT('',#11909);
#3172=VERTEX_POINT('',#11915);
#3173=VERTEX_POINT('',#11916);
#3174=VERTEX_POINT('',#11918);
#3175=VERTEX_POINT('',#11920);
#3176=VERTEX_POINT('',#11926);
#3177=VERTEX_POINT('',#11927);
#3178=VERTEX_POINT('',#11931);
#3179=VERTEX_POINT('',#11932);
#3180=VERTEX_POINT('',#11941);
#3181=VERTEX_POINT('',#11942);
#3182=VERTEX_POINT('',#11944);
#3183=VERTEX_POINT('',#11946);
#3184=VERTEX_POINT('',#11952);
#3185=VERTEX_POINT('',#11953);
#3186=VERTEX_POINT('',#11957);
#3187=VERTEX_POINT('',#11958);
#3188=VERTEX_POINT('',#11967);
#3189=VERTEX_POINT('',#11968);
#3190=VERTEX_POINT('',#11970);
#3191=VERTEX_POINT('',#11972);
#3192=VERTEX_POINT('',#11978);
#3193=VERTEX_POINT('',#11979);
#3194=VERTEX_POINT('',#11983);
#3195=VERTEX_POINT('',#11984);
#3196=VERTEX_POINT('',#11993);
#3197=VERTEX_POINT('',#11994);
#3198=VERTEX_POINT('',#11996);
#3199=VERTEX_POINT('',#11998);
#3200=VERTEX_POINT('',#12004);
#3201=VERTEX_POINT('',#12005);
#3202=VERTEX_POINT('',#12009);
#3203=VERTEX_POINT('',#12010);
#3204=VERTEX_POINT('',#12019);
#3205=VERTEX_POINT('',#12020);
#3206=VERTEX_POINT('',#12022);
#3207=VERTEX_POINT('',#12024);
#3208=VERTEX_POINT('',#12030);
#3209=VERTEX_POINT('',#12031);
#3210=VERTEX_POINT('',#12035);
#3211=VERTEX_POINT('',#12036);
#3212=VERTEX_POINT('',#12045);
#3213=VERTEX_POINT('',#12046);
#3214=VERTEX_POINT('',#12048);
#3215=VERTEX_POINT('',#12050);
#3216=VERTEX_POINT('',#12056);
#3217=VERTEX_POINT('',#12057);
#3218=VERTEX_POINT('',#12061);
#3219=VERTEX_POINT('',#12062);
#3220=VERTEX_POINT('',#12071);
#3221=VERTEX_POINT('',#12072);
#3222=VERTEX_POINT('',#12074);
#3223=VERTEX_POINT('',#12076);
#3224=VERTEX_POINT('',#12082);
#3225=VERTEX_POINT('',#12083);
#3226=VERTEX_POINT('',#12087);
#3227=VERTEX_POINT('',#12088);
#3228=VERTEX_POINT('',#12097);
#3229=VERTEX_POINT('',#12098);
#3230=VERTEX_POINT('',#12100);
#3231=VERTEX_POINT('',#12102);
#3232=VERTEX_POINT('',#12108);
#3233=VERTEX_POINT('',#12109);
#3234=VERTEX_POINT('',#12113);
#3235=VERTEX_POINT('',#12114);
#3236=VERTEX_POINT('',#12123);
#3237=VERTEX_POINT('',#12124);
#3238=VERTEX_POINT('',#12126);
#3239=VERTEX_POINT('',#12128);
#3240=VERTEX_POINT('',#12134);
#3241=VERTEX_POINT('',#12135);
#3242=VERTEX_POINT('',#12139);
#3243=VERTEX_POINT('',#12140);
#3244=VERTEX_POINT('',#12149);
#3245=VERTEX_POINT('',#12150);
#3246=VERTEX_POINT('',#12152);
#3247=VERTEX_POINT('',#12154);
#3248=VERTEX_POINT('',#12160);
#3249=VERTEX_POINT('',#12161);
#3250=VERTEX_POINT('',#12165);
#3251=VERTEX_POINT('',#12166);
#3252=VERTEX_POINT('',#12175);
#3253=VERTEX_POINT('',#12176);
#3254=VERTEX_POINT('',#12178);
#3255=VERTEX_POINT('',#12180);
#3256=VERTEX_POINT('',#12186);
#3257=VERTEX_POINT('',#12187);
#3258=VERTEX_POINT('',#12191);
#3259=VERTEX_POINT('',#12192);
#3260=VERTEX_POINT('',#12201);
#3261=VERTEX_POINT('',#12202);
#3262=VERTEX_POINT('',#12204);
#3263=VERTEX_POINT('',#12206);
#3264=VERTEX_POINT('',#12212);
#3265=VERTEX_POINT('',#12213);
#3266=VERTEX_POINT('',#12217);
#3267=VERTEX_POINT('',#12218);
#3268=VERTEX_POINT('',#12227);
#3269=VERTEX_POINT('',#12228);
#3270=VERTEX_POINT('',#12230);
#3271=VERTEX_POINT('',#12232);
#3272=VERTEX_POINT('',#12236);
#3273=VERTEX_POINT('',#12237);
#3274=VERTEX_POINT('',#12242);
#3275=VERTEX_POINT('',#12243);
#3276=VERTEX_POINT('',#12251);
#3277=VERTEX_POINT('',#12252);
#3278=VERTEX_POINT('',#12254);
#3279=VERTEX_POINT('',#12256);
#3280=VERTEX_POINT('',#12260);
#3281=VERTEX_POINT('',#12262);
#3282=VERTEX_POINT('',#12266);
#3283=VERTEX_POINT('',#12268);
#3284=VERTEX_POINT('',#12272);
#3285=VERTEX_POINT('',#12274);
#3286=VERTEX_POINT('',#12278);
#3287=VERTEX_POINT('',#12280);
#3288=VERTEX_POINT('',#12284);
#3289=VERTEX_POINT('',#12286);
#3290=VERTEX_POINT('',#12290);
#3291=VERTEX_POINT('',#12292);
#3292=VERTEX_POINT('',#12296);
#3293=VERTEX_POINT('',#12298);
#3294=VERTEX_POINT('',#12301);
#3295=VERTEX_POINT('',#12302);
#3296=VERTEX_POINT('',#12304);
#3297=VERTEX_POINT('',#12306);
#3298=VERTEX_POINT('',#12310);
#3299=VERTEX_POINT('',#12312);
#3300=VERTEX_POINT('',#12316);
#3301=VERTEX_POINT('',#12317);
#3302=VERTEX_POINT('',#12319);
#3303=VERTEX_POINT('',#12321);
#3304=VERTEX_POINT('',#12325);
#3305=VERTEX_POINT('',#12327);
#3306=VERTEX_POINT('',#12331);
#3307=VERTEX_POINT('',#12332);
#3308=VERTEX_POINT('',#12340);
#3309=VERTEX_POINT('',#12341);
#3310=VERTEX_POINT('',#12343);
#3311=VERTEX_POINT('',#12345);
#3312=VERTEX_POINT('',#12349);
#3313=VERTEX_POINT('',#12350);
#3314=VERTEX_POINT('',#12355);
#3315=VERTEX_POINT('',#12357);
#3316=VERTEX_POINT('',#12364);
#3317=VERTEX_POINT('',#12365);
#3318=VERTEX_POINT('',#12367);
#3319=VERTEX_POINT('',#12369);
#3320=VERTEX_POINT('',#12373);
#3321=VERTEX_POINT('',#12375);
#3322=VERTEX_POINT('',#12379);
#3323=VERTEX_POINT('',#12381);
#3324=VERTEX_POINT('',#12388);
#3325=VERTEX_POINT('',#12389);
#3326=VERTEX_POINT('',#12391);
#3327=VERTEX_POINT('',#12393);
#3328=VERTEX_POINT('',#12397);
#3329=VERTEX_POINT('',#12399);
#3330=VERTEX_POINT('',#12406);
#3331=VERTEX_POINT('',#12410);
#3332=VERTEX_POINT('',#12416);
#3333=VERTEX_POINT('',#12417);
#3334=VERTEX_POINT('',#12419);
#3335=VERTEX_POINT('',#12421);
#3336=VERTEX_POINT('',#12425);
#3337=VERTEX_POINT('',#12426);
#3338=VERTEX_POINT('',#12428);
#3339=VERTEX_POINT('',#12430);
#3340=VERTEX_POINT('',#12435);
#3341=VERTEX_POINT('',#12436);
#3342=VERTEX_POINT('',#12438);
#3343=VERTEX_POINT('',#12440);
#3344=VERTEX_POINT('',#12442);
#3345=VERTEX_POINT('',#12444);
#3346=VERTEX_POINT('',#12446);
#3347=VERTEX_POINT('',#12448);
#3348=VERTEX_POINT('',#12452);
#3349=VERTEX_POINT('',#12454);
#3350=VERTEX_POINT('',#12456);
#3351=VERTEX_POINT('',#12458);
#3352=VERTEX_POINT('',#12462);
#3353=VERTEX_POINT('',#12463);
#3354=VERTEX_POINT('',#12469);
#3355=VERTEX_POINT('',#12471);
#3356=VERTEX_POINT('',#12477);
#3357=VERTEX_POINT('',#12479);
#3358=VERTEX_POINT('',#12483);
#3359=VERTEX_POINT('',#12485);
#3360=VERTEX_POINT('',#12493);
#3361=VERTEX_POINT('',#12495);
#3362=VERTEX_POINT('',#12497);
#3363=VERTEX_POINT('',#12499);
#3364=VERTEX_POINT('',#12501);
#3365=VERTEX_POINT('',#12505);
#3366=VERTEX_POINT('',#12507);
#3367=VERTEX_POINT('',#12511);
#3368=VERTEX_POINT('',#12513);
#3369=VERTEX_POINT('',#12518);
#3370=VERTEX_POINT('',#12526);
#3371=VERTEX_POINT('',#12527);
#3372=VERTEX_POINT('',#12529);
#3373=VERTEX_POINT('',#12534);
#3374=VERTEX_POINT('',#12536);
#3375=VERTEX_POINT('',#12540);
#3376=VERTEX_POINT('',#12542);
#3377=VERTEX_POINT('',#12546);
#3378=VERTEX_POINT('',#12548);
#3379=VERTEX_POINT('',#12552);
#3380=VERTEX_POINT('',#12554);
#3381=VERTEX_POINT('',#12558);
#3382=VERTEX_POINT('',#12559);
#3383=VERTEX_POINT('',#12561);
#3384=VERTEX_POINT('',#12563);
#3385=VERTEX_POINT('',#12567);
#3386=VERTEX_POINT('',#12568);
#3387=VERTEX_POINT('',#12573);
#3388=VERTEX_POINT('',#12575);
#3389=VERTEX_POINT('',#12582);
#3390=VERTEX_POINT('',#12586);
#3391=VERTEX_POINT('',#12590);
#3392=VERTEX_POINT('',#12594);
#3393=VERTEX_POINT('',#12602);
#3394=VERTEX_POINT('',#12604);
#3395=VERTEX_POINT('',#12608);
#3396=VERTEX_POINT('',#12609);
#3397=VERTEX_POINT('',#12611);
#3398=VERTEX_POINT('',#12613);
#3399=VERTEX_POINT('',#12615);
#3400=VERTEX_POINT('',#12617);
#3401=VERTEX_POINT('',#12619);
#3402=VERTEX_POINT('',#12623);
#3403=VERTEX_POINT('',#12624);
#3404=VERTEX_POINT('',#12629);
#3405=VERTEX_POINT('',#12630);
#3406=VERTEX_POINT('',#12632);
#3407=VERTEX_POINT('',#12634);
#3408=VERTEX_POINT('',#12636);
#3409=VERTEX_POINT('',#12641);
#3410=VERTEX_POINT('',#12642);
#3411=VERTEX_POINT('',#12644);
#3412=VERTEX_POINT('',#12646);
#3413=VERTEX_POINT('',#12650);
#3414=VERTEX_POINT('',#12652);
#3415=VERTEX_POINT('',#12656);
#3416=VERTEX_POINT('',#12658);
#3417=VERTEX_POINT('',#12662);
#3418=VERTEX_POINT('',#12664);
#3419=VERTEX_POINT('',#12668);
#3420=VERTEX_POINT('',#12670);
#3421=VERTEX_POINT('',#12674);
#3422=VERTEX_POINT('',#12675);
#3423=VERTEX_POINT('',#12678);
#3424=VERTEX_POINT('',#12680);
#3425=VERTEX_POINT('',#12686);
#3426=VERTEX_POINT('',#12688);
#3427=VERTEX_POINT('',#12692);
#3428=VERTEX_POINT('',#12696);
#3429=VERTEX_POINT('',#12697);
#3430=VERTEX_POINT('',#12703);
#3431=VERTEX_POINT('',#12707);
#3432=VERTEX_POINT('',#12708);
#3433=VERTEX_POINT('',#12710);
#3434=VERTEX_POINT('',#12712);
#3435=VERTEX_POINT('',#12715);
#3436=VERTEX_POINT('',#12717);
#3437=VERTEX_POINT('',#12720);
#3438=VERTEX_POINT('',#12722);
#3439=VERTEX_POINT('',#12726);
#3440=VERTEX_POINT('',#12730);
#3441=VERTEX_POINT('',#12731);
#3442=VERTEX_POINT('',#12733);
#3443=VERTEX_POINT('',#12735);
#3444=VERTEX_POINT('',#12739);
#3445=VERTEX_POINT('',#12740);
#3446=VERTEX_POINT('',#12742);
#3447=VERTEX_POINT('',#12744);
#3448=VERTEX_POINT('',#12748);
#3449=VERTEX_POINT('',#12749);
#3450=VERTEX_POINT('',#12754);
#3451=VERTEX_POINT('',#12755);
#3452=VERTEX_POINT('',#12760);
#3453=VERTEX_POINT('',#12761);
#3454=VERTEX_POINT('',#12763);
#3455=VERTEX_POINT('',#12765);
#3456=VERTEX_POINT('',#12767);
#3457=VERTEX_POINT('',#12771);
#3458=VERTEX_POINT('',#12775);
#3459=VERTEX_POINT('',#12777);
#3460=VERTEX_POINT('',#12781);
#3461=VERTEX_POINT('',#12785);
#3462=VERTEX_POINT('',#12789);
#3463=VERTEX_POINT('',#12792);
#3464=VERTEX_POINT('',#12797);
#3465=VERTEX_POINT('',#12799);
#3466=VERTEX_POINT('',#12801);
#3467=VERTEX_POINT('',#12805);
#3468=VERTEX_POINT('',#12806);
#3469=VERTEX_POINT('',#12811);
#3470=VERTEX_POINT('',#12814);
#3471=VERTEX_POINT('',#12816);
#3472=VERTEX_POINT('',#12818);
#3473=VERTEX_POINT('',#12822);
#3474=VERTEX_POINT('',#12825);
#3475=VERTEX_POINT('',#12831);
#3476=VERTEX_POINT('',#12833);
#3477=VERTEX_POINT('',#12835);
#3478=VERTEX_POINT('',#12837);
#3479=VERTEX_POINT('',#12841);
#3480=VERTEX_POINT('',#12843);
#3481=VERTEX_POINT('',#12847);
#3482=VERTEX_POINT('',#12848);
#3483=VERTEX_POINT('',#12854);
#3484=VERTEX_POINT('',#12856);
#3485=VERTEX_POINT('',#12864);
#3486=VERTEX_POINT('',#12866);
#3487=VERTEX_POINT('',#12872);
#3488=VERTEX_POINT('',#12874);
#3489=VERTEX_POINT('',#12878);
#3490=VERTEX_POINT('',#12881);
#3491=VERTEX_POINT('',#12885);
#3492=VERTEX_POINT('',#12893);
#3493=VERTEX_POINT('',#12894);
#3494=VERTEX_POINT('',#12896);
#3495=VERTEX_POINT('',#12901);
#3496=VERTEX_POINT('',#12903);
#3497=VERTEX_POINT('',#12907);
#3498=VERTEX_POINT('',#12909);
#3499=VERTEX_POINT('',#12913);
#3500=VERTEX_POINT('',#12915);
#3501=VERTEX_POINT('',#12919);
#3502=VERTEX_POINT('',#12921);
#3503=VERTEX_POINT('',#12925);
#3504=VERTEX_POINT('',#12927);
#3505=VERTEX_POINT('',#12931);
#3506=VERTEX_POINT('',#12933);
#3507=VERTEX_POINT('',#12937);
#3508=VERTEX_POINT('',#12939);
#3509=VERTEX_POINT('',#12943);
#3510=VERTEX_POINT('',#12945);
#3511=VERTEX_POINT('',#12949);
#3512=VERTEX_POINT('',#12953);
#3513=VERTEX_POINT('',#12957);
#3514=VERTEX_POINT('',#12962);
#3515=VERTEX_POINT('',#12968);
#3516=VERTEX_POINT('',#12970);
#3517=VERTEX_POINT('',#12974);
#3518=VERTEX_POINT('',#12977);
#3519=VERTEX_POINT('',#12985);
#3520=VERTEX_POINT('',#12991);
#3521=VERTEX_POINT('',#12992);
#3522=VERTEX_POINT('',#12994);
#3523=VERTEX_POINT('',#12996);
#3524=VERTEX_POINT('',#13000);
#3525=VERTEX_POINT('',#13001);
#3526=VERTEX_POINT('',#13003);
#3527=VERTEX_POINT('',#13008);
#3528=VERTEX_POINT('',#13010);
#3529=VERTEX_POINT('',#13016);
#3530=VERTEX_POINT('',#13017);
#3531=VERTEX_POINT('',#13019);
#3532=VERTEX_POINT('',#13021);
#3533=VERTEX_POINT('',#13025);
#3534=VERTEX_POINT('',#13027);
#3535=VERTEX_POINT('',#13031);
#3536=VERTEX_POINT('',#13035);
#3537=VERTEX_POINT('',#13041);
#3538=VERTEX_POINT('',#13042);
#3539=VERTEX_POINT('',#13044);
#3540=VERTEX_POINT('',#13046);
#3541=VERTEX_POINT('',#13050);
#3542=VERTEX_POINT('',#13052);
#3543=VERTEX_POINT('',#13056);
#3544=VERTEX_POINT('',#13057);
#3545=VERTEX_POINT('',#13059);
#3546=VERTEX_POINT('',#13061);
#3547=VERTEX_POINT('',#13065);
#3548=VERTEX_POINT('',#13067);
#3549=VERTEX_POINT('',#13071);
#3550=VERTEX_POINT('',#13075);
#3551=VERTEX_POINT('',#13081);
#3552=VERTEX_POINT('',#13082);
#3553=VERTEX_POINT('',#13084);
#3554=VERTEX_POINT('',#13086);
#3555=VERTEX_POINT('',#13088);
#3556=VERTEX_POINT('',#13092);
#3557=VERTEX_POINT('',#13094);
#3558=VERTEX_POINT('',#13098);
#3559=VERTEX_POINT('',#13099);
#3560=VERTEX_POINT('',#13101);
#3561=VERTEX_POINT('',#13110);
#3562=VERTEX_POINT('',#13111);
#3563=VERTEX_POINT('',#13113);
#3564=VERTEX_POINT('',#13115);
#3565=VERTEX_POINT('',#13119);
#3566=VERTEX_POINT('',#13121);
#3567=VERTEX_POINT('',#13125);
#3568=VERTEX_POINT('',#13129);
#3569=VERTEX_POINT('',#13135);
#3570=VERTEX_POINT('',#13136);
#3571=VERTEX_POINT('',#13138);
#3572=VERTEX_POINT('',#13140);
#3573=VERTEX_POINT('',#13142);
#3574=VERTEX_POINT('',#13146);
#3575=VERTEX_POINT('',#13148);
#3576=VERTEX_POINT('',#13152);
#3577=VERTEX_POINT('',#13153);
#3578=VERTEX_POINT('',#13155);
#3579=VERTEX_POINT('',#13164);
#3580=VERTEX_POINT('',#13165);
#3581=VERTEX_POINT('',#13167);
#3582=VERTEX_POINT('',#13169);
#3583=VERTEX_POINT('',#13173);
#3584=VERTEX_POINT('',#13175);
#3585=VERTEX_POINT('',#13179);
#3586=VERTEX_POINT('',#13183);
#3587=VERTEX_POINT('',#13189);
#3588=VERTEX_POINT('',#13190);
#3589=VERTEX_POINT('',#13192);
#3590=VERTEX_POINT('',#13194);
#3591=VERTEX_POINT('',#13196);
#3592=VERTEX_POINT('',#13200);
#3593=VERTEX_POINT('',#13202);
#3594=VERTEX_POINT('',#13206);
#3595=VERTEX_POINT('',#13207);
#3596=VERTEX_POINT('',#13209);
#3597=VERTEX_POINT('',#13218);
#3598=VERTEX_POINT('',#13219);
#3599=VERTEX_POINT('',#13221);
#3600=VERTEX_POINT('',#13223);
#3601=VERTEX_POINT('',#13227);
#3602=VERTEX_POINT('',#13229);
#3603=VERTEX_POINT('',#13233);
#3604=VERTEX_POINT('',#13237);
#3605=VERTEX_POINT('',#13243);
#3606=VERTEX_POINT('',#13244);
#3607=VERTEX_POINT('',#13246);
#3608=VERTEX_POINT('',#13248);
#3609=VERTEX_POINT('',#13250);
#3610=VERTEX_POINT('',#13254);
#3611=VERTEX_POINT('',#13256);
#3612=VERTEX_POINT('',#13260);
#3613=VERTEX_POINT('',#13261);
#3614=VERTEX_POINT('',#13263);
#3615=VERTEX_POINT('',#13272);
#3616=VERTEX_POINT('',#13273);
#3617=VERTEX_POINT('',#13275);
#3618=VERTEX_POINT('',#13277);
#3619=VERTEX_POINT('',#13281);
#3620=VERTEX_POINT('',#13283);
#3621=VERTEX_POINT('',#13287);
#3622=VERTEX_POINT('',#13291);
#3623=VERTEX_POINT('',#13297);
#3624=VERTEX_POINT('',#13298);
#3625=VERTEX_POINT('',#13300);
#3626=VERTEX_POINT('',#13302);
#3627=VERTEX_POINT('',#13304);
#3628=VERTEX_POINT('',#13308);
#3629=VERTEX_POINT('',#13310);
#3630=VERTEX_POINT('',#13314);
#3631=VERTEX_POINT('',#13315);
#3632=VERTEX_POINT('',#13317);
#3633=VERTEX_POINT('',#13326);
#3634=VERTEX_POINT('',#13327);
#3635=VERTEX_POINT('',#13329);
#3636=VERTEX_POINT('',#13331);
#3637=VERTEX_POINT('',#13335);
#3638=VERTEX_POINT('',#13337);
#3639=VERTEX_POINT('',#13341);
#3640=VERTEX_POINT('',#13345);
#3641=VERTEX_POINT('',#13351);
#3642=VERTEX_POINT('',#13352);
#3643=VERTEX_POINT('',#13354);
#3644=VERTEX_POINT('',#13356);
#3645=VERTEX_POINT('',#13358);
#3646=VERTEX_POINT('',#13362);
#3647=VERTEX_POINT('',#13364);
#3648=VERTEX_POINT('',#13368);
#3649=VERTEX_POINT('',#13369);
#3650=VERTEX_POINT('',#13371);
#3651=VERTEX_POINT('',#13380);
#3652=VERTEX_POINT('',#13381);
#3653=VERTEX_POINT('',#13383);
#3654=VERTEX_POINT('',#13385);
#3655=VERTEX_POINT('',#13389);
#3656=VERTEX_POINT('',#13391);
#3657=VERTEX_POINT('',#13395);
#3658=VERTEX_POINT('',#13399);
#3659=VERTEX_POINT('',#13405);
#3660=VERTEX_POINT('',#13406);
#3661=VERTEX_POINT('',#13408);
#3662=VERTEX_POINT('',#13410);
#3663=VERTEX_POINT('',#13412);
#3664=VERTEX_POINT('',#13416);
#3665=VERTEX_POINT('',#13418);
#3666=VERTEX_POINT('',#13422);
#3667=VERTEX_POINT('',#13423);
#3668=VERTEX_POINT('',#13425);
#3669=VERTEX_POINT('',#13434);
#3670=VERTEX_POINT('',#13435);
#3671=VERTEX_POINT('',#13437);
#3672=VERTEX_POINT('',#13439);
#3673=VERTEX_POINT('',#13443);
#3674=VERTEX_POINT('',#13445);
#3675=VERTEX_POINT('',#13449);
#3676=VERTEX_POINT('',#13453);
#3677=VERTEX_POINT('',#13459);
#3678=VERTEX_POINT('',#13460);
#3679=VERTEX_POINT('',#13462);
#3680=VERTEX_POINT('',#13464);
#3681=VERTEX_POINT('',#13466);
#3682=VERTEX_POINT('',#13470);
#3683=VERTEX_POINT('',#13472);
#3684=VERTEX_POINT('',#13476);
#3685=VERTEX_POINT('',#13477);
#3686=VERTEX_POINT('',#13479);
#3687=VERTEX_POINT('',#13488);
#3688=VERTEX_POINT('',#13489);
#3689=VERTEX_POINT('',#13491);
#3690=VERTEX_POINT('',#13493);
#3691=VERTEX_POINT('',#13497);
#3692=VERTEX_POINT('',#13499);
#3693=VERTEX_POINT('',#13503);
#3694=VERTEX_POINT('',#13507);
#3695=VERTEX_POINT('',#13513);
#3696=VERTEX_POINT('',#13514);
#3697=VERTEX_POINT('',#13516);
#3698=VERTEX_POINT('',#13518);
#3699=VERTEX_POINT('',#13520);
#3700=VERTEX_POINT('',#13524);
#3701=VERTEX_POINT('',#13526);
#3702=VERTEX_POINT('',#13530);
#3703=VERTEX_POINT('',#13531);
#3704=VERTEX_POINT('',#13533);
#3705=VERTEX_POINT('',#13542);
#3706=VERTEX_POINT('',#13543);
#3707=VERTEX_POINT('',#13545);
#3708=VERTEX_POINT('',#13547);
#3709=VERTEX_POINT('',#13551);
#3710=VERTEX_POINT('',#13553);
#3711=VERTEX_POINT('',#13557);
#3712=VERTEX_POINT('',#13561);
#3713=VERTEX_POINT('',#13567);
#3714=VERTEX_POINT('',#13568);
#3715=VERTEX_POINT('',#13570);
#3716=VERTEX_POINT('',#13572);
#3717=VERTEX_POINT('',#13574);
#3718=VERTEX_POINT('',#13578);
#3719=VERTEX_POINT('',#13580);
#3720=VERTEX_POINT('',#13584);
#3721=VERTEX_POINT('',#13585);
#3722=VERTEX_POINT('',#13587);
#3723=VERTEX_POINT('',#13596);
#3724=VERTEX_POINT('',#13597);
#3725=VERTEX_POINT('',#13599);
#3726=VERTEX_POINT('',#13601);
#3727=VERTEX_POINT('',#13605);
#3728=VERTEX_POINT('',#13607);
#3729=VERTEX_POINT('',#13611);
#3730=VERTEX_POINT('',#13615);
#3731=VERTEX_POINT('',#13627);
#3732=VERTEX_POINT('',#13629);
#3733=VERTEX_POINT('',#13631);
#3734=VERTEX_POINT('',#13633);
#3735=VERTEX_POINT('',#13642);
#3736=VERTEX_POINT('',#13643);
#3737=VERTEX_POINT('',#13648);
#3738=VERTEX_POINT('',#13652);
#3739=VERTEX_POINT('',#13656);
#3740=VERTEX_POINT('',#13658);
#3741=VERTEX_POINT('',#13662);
#3742=VERTEX_POINT('',#13666);
#3743=VERTEX_POINT('',#13670);
#3744=VERTEX_POINT('',#13700);
#3745=VERTEX_POINT('',#13701);
#3746=VERTEX_POINT('',#13703);
#3747=VERTEX_POINT('',#13705);
#3748=VERTEX_POINT('',#13709);
#3749=VERTEX_POINT('',#13711);
#3750=VERTEX_POINT('',#13713);
#3751=VERTEX_POINT('',#13715);
#3752=VERTEX_POINT('',#13719);
#3753=VERTEX_POINT('',#13722);
#3754=VERTEX_POINT('',#13724);
#3755=VERTEX_POINT('',#13728);
#3756=VERTEX_POINT('',#13732);
#3757=VERTEX_POINT('',#13736);
#3758=VERTEX_POINT('',#13740);
#3759=VERTEX_POINT('',#13746);
#3760=VERTEX_POINT('',#13750);
#3761=VERTEX_POINT('',#13759);
#3762=VERTEX_POINT('',#13761);
#3763=VERTEX_POINT('',#13763);
#3764=VERTEX_POINT('',#13765);
#3765=VERTEX_POINT('',#13769);
#3766=VERTEX_POINT('',#13770);
#3767=VERTEX_POINT('',#13775);
#3768=VERTEX_POINT('',#13776);
#3769=VERTEX_POINT('',#13781);
#3770=VERTEX_POINT('',#13782);
#3771=VERTEX_POINT('',#13787);
#3772=VERTEX_POINT('',#13788);
#3773=VERTEX_POINT('',#13798);
#3774=VERTEX_POINT('',#13800);
#3775=VERTEX_POINT('',#13805);
#3776=VERTEX_POINT('',#13817);
#3777=VERTEX_POINT('',#13819);
#3778=VERTEX_POINT('',#13821);
#3779=VERTEX_POINT('',#13823);
#3780=VERTEX_POINT('',#13827);
#3781=VERTEX_POINT('',#13828);
#3782=VERTEX_POINT('',#13833);
#3783=VERTEX_POINT('',#13834);
#3784=VERTEX_POINT('',#13839);
#3785=VERTEX_POINT('',#13840);
#3786=VERTEX_POINT('',#13853);
#3787=VERTEX_POINT('',#13855);
#3788=VERTEX_POINT('',#13858);
#3789=VERTEX_POINT('',#13861);
#3790=VERTEX_POINT('',#13865);
#3791=VERTEX_POINT('',#13868);
#3792=LINE('',#11847,#4626);
#3793=LINE('',#11850,#4627);
#3794=LINE('',#11852,#4628);
#3795=LINE('',#11854,#4629);
#3796=LINE('',#11856,#4630);
#3797=LINE('',#11859,#4631);
#3798=LINE('',#11860,#4632);
#3799=LINE('',#11862,#4633);
#3800=LINE('',#11865,#4634);
#3801=LINE('',#11866,#4635);
#3802=LINE('',#11868,#4636);
#3803=LINE('',#11871,#4637);
#3804=LINE('',#11872,#4638);
#3805=LINE('',#11874,#4639);
#3806=LINE('',#11877,#4640);
#3807=LINE('',#11878,#4641);
#3808=LINE('',#11880,#4642);
#3809=LINE('',#11883,#4643);
#3810=LINE('',#11884,#4644);
#3811=LINE('',#11886,#4645);
#3812=LINE('',#11887,#4646);
#3813=LINE('',#11889,#4647);
#3814=LINE('',#11892,#4648);
#3815=LINE('',#11894,#4649);
#3816=LINE('',#11896,#4650);
#3817=LINE('',#11898,#4651);
#3818=LINE('',#11900,#4652);
#3819=LINE('',#11902,#4653);
#3820=LINE('',#11904,#4654);
#3821=LINE('',#11906,#4655);
#3822=LINE('',#11908,#4656);
#3823=LINE('',#11910,#4657);
#3824=LINE('',#11912,#4658);
#3825=LINE('',#11917,#4659);
#3826=LINE('',#11921,#4660);
#3827=LINE('',#11923,#4661);
#3828=LINE('',#11928,#4662);
#3829=LINE('',#11933,#4663);
#3830=LINE('',#11934,#4664);
#3831=LINE('',#11936,#4665);
#3832=LINE('',#11938,#4666);
#3833=LINE('',#11943,#4667);
#3834=LINE('',#11947,#4668);
#3835=LINE('',#11949,#4669);
#3836=LINE('',#11954,#4670);
#3837=LINE('',#11959,#4671);
#3838=LINE('',#11960,#4672);
#3839=LINE('',#11962,#4673);
#3840=LINE('',#11964,#4674);
#3841=LINE('',#11969,#4675);
#3842=LINE('',#11973,#4676);
#3843=LINE('',#11975,#4677);
#3844=LINE('',#11980,#4678);
#3845=LINE('',#11985,#4679);
#3846=LINE('',#11986,#4680);
#3847=LINE('',#11988,#4681);
#3848=LINE('',#11990,#4682);
#3849=LINE('',#11995,#4683);
#3850=LINE('',#11999,#4684);
#3851=LINE('',#12001,#4685);
#3852=LINE('',#12006,#4686);
#3853=LINE('',#12011,#4687);
#3854=LINE('',#12012,#4688);
#3855=LINE('',#12014,#4689);
#3856=LINE('',#12016,#4690);
#3857=LINE('',#12021,#4691);
#3858=LINE('',#12025,#4692);
#3859=LINE('',#12027,#4693);
#3860=LINE('',#12032,#4694);
#3861=LINE('',#12037,#4695);
#3862=LINE('',#12038,#4696);
#3863=LINE('',#12040,#4697);
#3864=LINE('',#12042,#4698);
#3865=LINE('',#12047,#4699);
#3866=LINE('',#12051,#4700);
#3867=LINE('',#12053,#4701);
#3868=LINE('',#12058,#4702);
#3869=LINE('',#12063,#4703);
#3870=LINE('',#12064,#4704);
#3871=LINE('',#12066,#4705);
#3872=LINE('',#12068,#4706);
#3873=LINE('',#12073,#4707);
#3874=LINE('',#12077,#4708);
#3875=LINE('',#12079,#4709);
#3876=LINE('',#12084,#4710);
#3877=LINE('',#12089,#4711);
#3878=LINE('',#12090,#4712);
#3879=LINE('',#12092,#4713);
#3880=LINE('',#12094,#4714);
#3881=LINE('',#12099,#4715);
#3882=LINE('',#12103,#4716);
#3883=LINE('',#12105,#4717);
#3884=LINE('',#12110,#4718);
#3885=LINE('',#12115,#4719);
#3886=LINE('',#12116,#4720);
#3887=LINE('',#12118,#4721);
#3888=LINE('',#12120,#4722);
#3889=LINE('',#12125,#4723);
#3890=LINE('',#12129,#4724);
#3891=LINE('',#12131,#4725);
#3892=LINE('',#12136,#4726);
#3893=LINE('',#12141,#4727);
#3894=LINE('',#12142,#4728);
#3895=LINE('',#12144,#4729);
#3896=LINE('',#12146,#4730);
#3897=LINE('',#12151,#4731);
#3898=LINE('',#12155,#4732);
#3899=LINE('',#12157,#4733);
#3900=LINE('',#12162,#4734);
#3901=LINE('',#12167,#4735);
#3902=LINE('',#12168,#4736);
#3903=LINE('',#12170,#4737);
#3904=LINE('',#12172,#4738);
#3905=LINE('',#12177,#4739);
#3906=LINE('',#12181,#4740);
#3907=LINE('',#12183,#4741);
#3908=LINE('',#12188,#4742);
#3909=LINE('',#12193,#4743);
#3910=LINE('',#12194,#4744);
#3911=LINE('',#12196,#4745);
#3912=LINE('',#12198,#4746);
#3913=LINE('',#12203,#4747);
#3914=LINE('',#12207,#4748);
#3915=LINE('',#12209,#4749);
#3916=LINE('',#12214,#4750);
#3917=LINE('',#12219,#4751);
#3918=LINE('',#12220,#4752);
#3919=LINE('',#12222,#4753);
#3920=LINE('',#12224,#4754);
#3921=LINE('',#12226,#4755);
#3922=LINE('',#12229,#4756);
#3923=LINE('',#12231,#4757);
#3924=LINE('',#12233,#4758);
#3925=LINE('',#12235,#4759);
#3926=LINE('',#12238,#4760);
#3927=LINE('',#12239,#4761);
#3928=LINE('',#12241,#4762);
#3929=LINE('',#12244,#4763);
#3930=LINE('',#12245,#4764);
#3931=LINE('',#12247,#4765);
#3932=LINE('',#12248,#4766);
#3933=LINE('',#12250,#4767);
#3934=LINE('',#12253,#4768);
#3935=LINE('',#12255,#4769);
#3936=LINE('',#12257,#4770);
#3937=LINE('',#12261,#4771);
#3938=LINE('',#12265,#4772);
#3939=LINE('',#12267,#4773);
#3940=LINE('',#12269,#4774);
#3941=LINE('',#12273,#4775);
#3942=LINE('',#12277,#4776);
#3943=LINE('',#12279,#4777);
#3944=LINE('',#12281,#4778);
#3945=LINE('',#12285,#4779);
#3946=LINE('',#12289,#4780);
#3947=LINE('',#12291,#4781);
#3948=LINE('',#12293,#4782);
#3949=LINE('',#12300,#4783);
#3950=LINE('',#12305,#4784);
#3951=LINE('',#12309,#4785);
#3952=LINE('',#12311,#4786);
#3953=LINE('',#12313,#4787);
#3954=LINE('',#12315,#4788);
#3955=LINE('',#12318,#4789);
#3956=LINE('',#12320,#4790);
#3957=LINE('',#12322,#4791);
#3958=LINE('',#12328,#4792);
#3959=LINE('',#12330,#4793);
#3960=LINE('',#12333,#4794);
#3961=LINE('',#12334,#4795);
#3962=LINE('',#12339,#4796);
#3963=LINE('',#12344,#4797);
#3964=LINE('',#12348,#4798);
#3965=LINE('',#12351,#4799);
#3966=LINE('',#12352,#4800);
#3967=LINE('',#12358,#4801);
#3968=LINE('',#12360,#4802);
#3969=LINE('',#12361,#4803);
#3970=LINE('',#12366,#4804);
#3971=LINE('',#12370,#4805);
#3972=LINE('',#12372,#4806);
#3973=LINE('',#12374,#4807);
#3974=LINE('',#12376,#4808);
#3975=LINE('',#12382,#4809);
#3976=LINE('',#12384,#4810);
#3977=LINE('',#12385,#4811);
#3978=LINE('',#12390,#4812);
#3979=LINE('',#12394,#4813);
#3980=LINE('',#12396,#4814);
#3981=LINE('',#12398,#4815);
#3982=LINE('',#12400,#4816);
#3983=LINE('',#12405,#4817);
#3984=LINE('',#12409,#4818);
#3985=LINE('',#12411,#4819);
#3986=LINE('',#12415,#4820);
#3987=LINE('',#12420,#4821);
#3988=LINE('',#12424,#4822);
#3989=LINE('',#12427,#4823);
#3990=LINE('',#12429,#4824);
#3991=LINE('',#12431,#4825);
#3992=LINE('',#12432,#4826);
#3993=LINE('',#12434,#4827);
#3994=LINE('',#12437,#4828);
#3995=LINE('',#12439,#4829);
#3996=LINE('',#12441,#4830);
#3997=LINE('',#12443,#4831);
#3998=LINE('',#12445,#4832);
#3999=LINE('',#12447,#4833);
#4000=LINE('',#12449,#4834);
#4001=LINE('',#12451,#4835);
#4002=LINE('',#12453,#4836);
#4003=LINE('',#12455,#4837);
#4004=LINE('',#12457,#4838);
#4005=LINE('',#12459,#4839);
#4006=LINE('',#12470,#4840);
#4007=LINE('',#12480,#4841);
#4008=LINE('',#12482,#4842);
#4009=LINE('',#12484,#4843);
#4010=LINE('',#12492,#4844);
#4011=LINE('',#12494,#4845);
#4012=LINE('',#12496,#4846);
#4013=LINE('',#12498,#4847);
#4014=LINE('',#12500,#4848);
#4015=LINE('',#12502,#4849);
#4016=LINE('',#12504,#4850);
#4017=LINE('',#12506,#4851);
#4018=LINE('',#12510,#4852);
#4019=LINE('',#12512,#4853);
#4020=LINE('',#12514,#4854);
#4021=LINE('',#12515,#4855);
#4022=LINE('',#12517,#4856);
#4023=LINE('',#12525,#4857);
#4024=LINE('',#12528,#4858);
#4025=LINE('',#12530,#4859);
#4026=LINE('',#12535,#4860);
#4027=LINE('',#12541,#4861);
#4028=LINE('',#12547,#4862);
#4029=LINE('',#12551,#4863);
#4030=LINE('',#12553,#4864);
#4031=LINE('',#12555,#4865);
#4032=LINE('',#12557,#4866);
#4033=LINE('',#12562,#4867);
#4034=LINE('',#12566,#4868);
#4035=LINE('',#12572,#4869);
#4036=LINE('',#12574,#4870);
#4037=LINE('',#12576,#4871);
#4038=LINE('',#12578,#4872);
#4039=LINE('',#12579,#4873);
#4040=LINE('',#12583,#4874);
#4041=LINE('',#12587,#4875);
#4042=LINE('',#12589,#4876);
#4043=LINE('',#12595,#4877);
#4044=LINE('',#12596,#4878);
#4045=LINE('',#12598,#4879);
#4046=LINE('',#12600,#4880);
#4047=LINE('',#12601,#4881);
#4048=LINE('',#12603,#4882);
#4049=LINE('',#12605,#4883);
#4050=LINE('',#12607,#4884);
#4051=LINE('',#12610,#4885);
#4052=LINE('',#12612,#4886);
#4053=LINE('',#12614,#4887);
#4054=LINE('',#12616,#4888);
#4055=LINE('',#12618,#4889);
#4056=LINE('',#12620,#4890);
#4057=LINE('',#12622,#4891);
#4058=LINE('',#12625,#4892);
#4059=LINE('',#12626,#4893);
#4060=LINE('',#12628,#4894);
#4061=LINE('',#12631,#4895);
#4062=LINE('',#12633,#4896);
#4063=LINE('',#12635,#4897);
#4064=LINE('',#12637,#4898);
#4065=LINE('',#12638,#4899);
#4066=LINE('',#12640,#4900);
#4067=LINE('',#12643,#4901);
#4068=LINE('',#12645,#4902);
#4069=LINE('',#12647,#4903);
#4070=LINE('',#12651,#4904);
#4071=LINE('',#12655,#4905);
#4072=LINE('',#12657,#4906);
#4073=LINE('',#12659,#4907);
#4074=LINE('',#12663,#4908);
#4075=LINE('',#12667,#4909);
#4076=LINE('',#12669,#4910);
#4077=LINE('',#12671,#4911);
#4078=LINE('',#12673,#4912);
#4079=LINE('',#12679,#4913);
#4080=LINE('',#12683,#4914);
#4081=LINE('',#12684,#4915);
#4082=LINE('',#12685,#4916);
#4083=LINE('',#12687,#4917);
#4084=LINE('',#12689,#4918);
#4085=LINE('',#12691,#4919);
#4086=LINE('',#12693,#4920);
#4087=LINE('',#12695,#4921);
#4088=LINE('',#12698,#4922);
#4089=LINE('',#12704,#4923);
#4090=LINE('',#12706,#4924);
#4091=LINE('',#12709,#4925);
#4092=LINE('',#12711,#4926);
#4093=LINE('',#12713,#4927);
#4094=LINE('',#12714,#4928);
#4095=LINE('',#12716,#4929);
#4096=LINE('',#12718,#4930);
#4097=LINE('',#12719,#4931);
#4098=LINE('',#12721,#4932);
#4099=LINE('',#12723,#4933);
#4100=LINE('',#12725,#4934);
#4101=LINE('',#12727,#4935);
#4102=LINE('',#12729,#4936);
#4103=LINE('',#12732,#4937);
#4104=LINE('',#12734,#4938);
#4105=LINE('',#12736,#4939);
#4106=LINE('',#12738,#4940);
#4107=LINE('',#12741,#4941);
#4108=LINE('',#12743,#4942);
#4109=LINE('',#12745,#4943);
#4110=LINE('',#12747,#4944);
#4111=LINE('',#12750,#4945);
#4112=LINE('',#12751,#4946);
#4113=LINE('',#12753,#4947);
#4114=LINE('',#12756,#4948);
#4115=LINE('',#12757,#4949);
#4116=LINE('',#12759,#4950);
#4117=LINE('',#12762,#4951);
#4118=LINE('',#12764,#4952);
#4119=LINE('',#12766,#4953);
#4120=LINE('',#12768,#4954);
#4121=LINE('',#12770,#4955);
#4122=LINE('',#12772,#4956);
#4123=LINE('',#12774,#4957);
#4124=LINE('',#12776,#4958);
#4125=LINE('',#12778,#4959);
#4126=LINE('',#12780,#4960);
#4127=LINE('',#12782,#4961);
#4128=LINE('',#12784,#4962);
#4129=LINE('',#12786,#4963);
#4130=LINE('',#12788,#4964);
#4131=LINE('',#12790,#4965);
#4132=LINE('',#12791,#4966);
#4133=LINE('',#12793,#4967);
#4134=LINE('',#12794,#4968);
#4135=LINE('',#12796,#4969);
#4136=LINE('',#12798,#4970);
#4137=LINE('',#12800,#4971);
#4138=LINE('',#12802,#4972);
#4139=LINE('',#12804,#4973);
#4140=LINE('',#12807,#4974);
#4141=LINE('',#12808,#4975);
#4142=LINE('',#12810,#4976);
#4143=LINE('',#12812,#4977);
#4144=LINE('',#12813,#4978);
#4145=LINE('',#12815,#4979);
#4146=LINE('',#12817,#4980);
#4147=LINE('',#12819,#4981);
#4148=LINE('',#12821,#4982);
#4149=LINE('',#12823,#4983);
#4150=LINE('',#12824,#4984);
#4151=LINE('',#12826,#4985);
#4152=LINE('',#12828,#4986);
#4153=LINE('',#12830,#4987);
#4154=LINE('',#12832,#4988);
#4155=LINE('',#12834,#4989);
#4156=LINE('',#12836,#4990);
#4157=LINE('',#12838,#4991);
#4158=LINE('',#12840,#4992);
#4159=LINE('',#12842,#4993);
#4160=LINE('',#12846,#4994);
#4161=LINE('',#12855,#4995);
#4162=LINE('',#12865,#4996);
#4163=LINE('',#12875,#4997);
#4164=LINE('',#12877,#4998);
#4165=LINE('',#12879,#4999);
#4166=LINE('',#12880,#5000);
#4167=LINE('',#12882,#5001);
#4168=LINE('',#12884,#5002);
#4169=LINE('',#12892,#5003);
#4170=LINE('',#12895,#5004);
#4171=LINE('',#12897,#5005);
#4172=LINE('',#12902,#5006);
#4173=LINE('',#12908,#5007);
#4174=LINE('',#12914,#5008);
#4175=LINE('',#12918,#5009);
#4176=LINE('',#12920,#5010);
#4177=LINE('',#12922,#5011);
#4178=LINE('',#12924,#5012);
#4179=LINE('',#12926,#5013);
#4180=LINE('',#12928,#5014);
#4181=LINE('',#12930,#5015);
#4182=LINE('',#12932,#5016);
#4183=LINE('',#12934,#5017);
#4184=LINE('',#12938,#5018);
#4185=LINE('',#12944,#5019);
#4186=LINE('',#12950,#5020);
#4187=LINE('',#12954,#5021);
#4188=LINE('',#12956,#5022);
#4189=LINE('',#12960,#5023);
#4190=LINE('',#12961,#5024);
#4191=LINE('',#12965,#5025);
#4192=LINE('',#12967,#5026);
#4193=LINE('',#12969,#5027);
#4194=LINE('',#12971,#5028);
#4195=LINE('',#12973,#5029);
#4196=LINE('',#12975,#5030);
#4197=LINE('',#12976,#5031);
#4198=LINE('',#12978,#5032);
#4199=LINE('',#12980,#5033);
#4200=LINE('',#12982,#5034);
#4201=LINE('',#12984,#5035);
#4202=LINE('',#12986,#5036);
#4203=LINE('',#12988,#5037);
#4204=LINE('',#12990,#5038);
#4205=LINE('',#12993,#5039);
#4206=LINE('',#12995,#5040);
#4207=LINE('',#12997,#5041);
#4208=LINE('',#12999,#5042);
#4209=LINE('',#13002,#5043);
#4210=LINE('',#13004,#5044);
#4211=LINE('',#13005,#5045);
#4212=LINE('',#13007,#5046);
#4213=LINE('',#13009,#5047);
#4214=LINE('',#13011,#5048);
#4215=LINE('',#13013,#5049);
#4216=LINE('',#13015,#5050);
#4217=LINE('',#13018,#5051);
#4218=LINE('',#13020,#5052);
#4219=LINE('',#13022,#5053);
#4220=LINE('',#13024,#5054);
#4221=LINE('',#13026,#5055);
#4222=LINE('',#13028,#5056);
#4223=LINE('',#13030,#5057);
#4224=LINE('',#13032,#5058);
#4225=LINE('',#13034,#5059);
#4226=LINE('',#13036,#5060);
#4227=LINE('',#13038,#5061);
#4228=LINE('',#13040,#5062);
#4229=LINE('',#13043,#5063);
#4230=LINE('',#13045,#5064);
#4231=LINE('',#13047,#5065);
#4232=LINE('',#13049,#5066);
#4233=LINE('',#13051,#5067);
#4234=LINE('',#13053,#5068);
#4235=LINE('',#13055,#5069);
#4236=LINE('',#13058,#5070);
#4237=LINE('',#13060,#5071);
#4238=LINE('',#13062,#5072);
#4239=LINE('',#13064,#5073);
#4240=LINE('',#13066,#5074);
#4241=LINE('',#13068,#5075);
#4242=LINE('',#13070,#5076);
#4243=LINE('',#13072,#5077);
#4244=LINE('',#13074,#5078);
#4245=LINE('',#13076,#5079);
#4246=LINE('',#13078,#5080);
#4247=LINE('',#13080,#5081);
#4248=LINE('',#13083,#5082);
#4249=LINE('',#13085,#5083);
#4250=LINE('',#13087,#5084);
#4251=LINE('',#13089,#5085);
#4252=LINE('',#13091,#5086);
#4253=LINE('',#13093,#5087);
#4254=LINE('',#13095,#5088);
#4255=LINE('',#13097,#5089);
#4256=LINE('',#13100,#5090);
#4257=LINE('',#13102,#5091);
#4258=LINE('',#13103,#5092);
#4259=LINE('',#13105,#5093);
#4260=LINE('',#13106,#5094);
#4261=LINE('',#13109,#5095);
#4262=LINE('',#13112,#5096);
#4263=LINE('',#13114,#5097);
#4264=LINE('',#13116,#5098);
#4265=LINE('',#13118,#5099);
#4266=LINE('',#13120,#5100);
#4267=LINE('',#13122,#5101);
#4268=LINE('',#13124,#5102);
#4269=LINE('',#13126,#5103);
#4270=LINE('',#13128,#5104);
#4271=LINE('',#13130,#5105);
#4272=LINE('',#13132,#5106);
#4273=LINE('',#13134,#5107);
#4274=LINE('',#13137,#5108);
#4275=LINE('',#13139,#5109);
#4276=LINE('',#13141,#5110);
#4277=LINE('',#13143,#5111);
#4278=LINE('',#13145,#5112);
#4279=LINE('',#13147,#5113);
#4280=LINE('',#13149,#5114);
#4281=LINE('',#13151,#5115);
#4282=LINE('',#13154,#5116);
#4283=LINE('',#13156,#5117);
#4284=LINE('',#13157,#5118);
#4285=LINE('',#13159,#5119);
#4286=LINE('',#13160,#5120);
#4287=LINE('',#13163,#5121);
#4288=LINE('',#13166,#5122);
#4289=LINE('',#13168,#5123);
#4290=LINE('',#13170,#5124);
#4291=LINE('',#13172,#5125);
#4292=LINE('',#13174,#5126);
#4293=LINE('',#13176,#5127);
#4294=LINE('',#13178,#5128);
#4295=LINE('',#13180,#5129);
#4296=LINE('',#13182,#5130);
#4297=LINE('',#13184,#5131);
#4298=LINE('',#13186,#5132);
#4299=LINE('',#13188,#5133);
#4300=LINE('',#13191,#5134);
#4301=LINE('',#13193,#5135);
#4302=LINE('',#13195,#5136);
#4303=LINE('',#13197,#5137);
#4304=LINE('',#13199,#5138);
#4305=LINE('',#13201,#5139);
#4306=LINE('',#13203,#5140);
#4307=LINE('',#13205,#5141);
#4308=LINE('',#13208,#5142);
#4309=LINE('',#13210,#5143);
#4310=LINE('',#13211,#5144);
#4311=LINE('',#13213,#5145);
#4312=LINE('',#13214,#5146);
#4313=LINE('',#13217,#5147);
#4314=LINE('',#13220,#5148);
#4315=LINE('',#13222,#5149);
#4316=LINE('',#13224,#5150);
#4317=LINE('',#13226,#5151);
#4318=LINE('',#13228,#5152);
#4319=LINE('',#13230,#5153);
#4320=LINE('',#13232,#5154);
#4321=LINE('',#13234,#5155);
#4322=LINE('',#13236,#5156);
#4323=LINE('',#13238,#5157);
#4324=LINE('',#13240,#5158);
#4325=LINE('',#13242,#5159);
#4326=LINE('',#13245,#5160);
#4327=LINE('',#13247,#5161);
#4328=LINE('',#13249,#5162);
#4329=LINE('',#13251,#5163);
#4330=LINE('',#13253,#5164);
#4331=LINE('',#13255,#5165);
#4332=LINE('',#13257,#5166);
#4333=LINE('',#13259,#5167);
#4334=LINE('',#13262,#5168);
#4335=LINE('',#13264,#5169);
#4336=LINE('',#13265,#5170);
#4337=LINE('',#13267,#5171);
#4338=LINE('',#13268,#5172);
#4339=LINE('',#13271,#5173);
#4340=LINE('',#13274,#5174);
#4341=LINE('',#13276,#5175);
#4342=LINE('',#13278,#5176);
#4343=LINE('',#13280,#5177);
#4344=LINE('',#13282,#5178);
#4345=LINE('',#13284,#5179);
#4346=LINE('',#13286,#5180);
#4347=LINE('',#13288,#5181);
#4348=LINE('',#13290,#5182);
#4349=LINE('',#13292,#5183);
#4350=LINE('',#13294,#5184);
#4351=LINE('',#13296,#5185);
#4352=LINE('',#13299,#5186);
#4353=LINE('',#13301,#5187);
#4354=LINE('',#13303,#5188);
#4355=LINE('',#13305,#5189);
#4356=LINE('',#13307,#5190);
#4357=LINE('',#13309,#5191);
#4358=LINE('',#13311,#5192);
#4359=LINE('',#13313,#5193);
#4360=LINE('',#13316,#5194);
#4361=LINE('',#13318,#5195);
#4362=LINE('',#13319,#5196);
#4363=LINE('',#13321,#5197);
#4364=LINE('',#13322,#5198);
#4365=LINE('',#13325,#5199);
#4366=LINE('',#13328,#5200);
#4367=LINE('',#13330,#5201);
#4368=LINE('',#13332,#5202);
#4369=LINE('',#13334,#5203);
#4370=LINE('',#13336,#5204);
#4371=LINE('',#13338,#5205);
#4372=LINE('',#13340,#5206);
#4373=LINE('',#13342,#5207);
#4374=LINE('',#13344,#5208);
#4375=LINE('',#13346,#5209);
#4376=LINE('',#13348,#5210);
#4377=LINE('',#13350,#5211);
#4378=LINE('',#13353,#5212);
#4379=LINE('',#13355,#5213);
#4380=LINE('',#13357,#5214);
#4381=LINE('',#13359,#5215);
#4382=LINE('',#13361,#5216);
#4383=LINE('',#13363,#5217);
#4384=LINE('',#13365,#5218);
#4385=LINE('',#13367,#5219);
#4386=LINE('',#13370,#5220);
#4387=LINE('',#13372,#5221);
#4388=LINE('',#13373,#5222);
#4389=LINE('',#13375,#5223);
#4390=LINE('',#13376,#5224);
#4391=LINE('',#13379,#5225);
#4392=LINE('',#13382,#5226);
#4393=LINE('',#13384,#5227);
#4394=LINE('',#13386,#5228);
#4395=LINE('',#13388,#5229);
#4396=LINE('',#13390,#5230);
#4397=LINE('',#13392,#5231);
#4398=LINE('',#13394,#5232);
#4399=LINE('',#13396,#5233);
#4400=LINE('',#13398,#5234);
#4401=LINE('',#13400,#5235);
#4402=LINE('',#13402,#5236);
#4403=LINE('',#13404,#5237);
#4404=LINE('',#13407,#5238);
#4405=LINE('',#13409,#5239);
#4406=LINE('',#13411,#5240);
#4407=LINE('',#13413,#5241);
#4408=LINE('',#13415,#5242);
#4409=LINE('',#13417,#5243);
#4410=LINE('',#13419,#5244);
#4411=LINE('',#13421,#5245);
#4412=LINE('',#13424,#5246);
#4413=LINE('',#13426,#5247);
#4414=LINE('',#13427,#5248);
#4415=LINE('',#13429,#5249);
#4416=LINE('',#13430,#5250);
#4417=LINE('',#13433,#5251);
#4418=LINE('',#13436,#5252);
#4419=LINE('',#13438,#5253);
#4420=LINE('',#13440,#5254);
#4421=LINE('',#13442,#5255);
#4422=LINE('',#13444,#5256);
#4423=LINE('',#13446,#5257);
#4424=LINE('',#13448,#5258);
#4425=LINE('',#13450,#5259);
#4426=LINE('',#13452,#5260);
#4427=LINE('',#13454,#5261);
#4428=LINE('',#13456,#5262);
#4429=LINE('',#13458,#5263);
#4430=LINE('',#13461,#5264);
#4431=LINE('',#13463,#5265);
#4432=LINE('',#13465,#5266);
#4433=LINE('',#13467,#5267);
#4434=LINE('',#13469,#5268);
#4435=LINE('',#13471,#5269);
#4436=LINE('',#13473,#5270);
#4437=LINE('',#13475,#5271);
#4438=LINE('',#13478,#5272);
#4439=LINE('',#13480,#5273);
#4440=LINE('',#13481,#5274);
#4441=LINE('',#13483,#5275);
#4442=LINE('',#13484,#5276);
#4443=LINE('',#13487,#5277);
#4444=LINE('',#13490,#5278);
#4445=LINE('',#13492,#5279);
#4446=LINE('',#13494,#5280);
#4447=LINE('',#13496,#5281);
#4448=LINE('',#13498,#5282);
#4449=LINE('',#13500,#5283);
#4450=LINE('',#13502,#5284);
#4451=LINE('',#13504,#5285);
#4452=LINE('',#13506,#5286);
#4453=LINE('',#13508,#5287);
#4454=LINE('',#13510,#5288);
#4455=LINE('',#13512,#5289);
#4456=LINE('',#13515,#5290);
#4457=LINE('',#13517,#5291);
#4458=LINE('',#13519,#5292);
#4459=LINE('',#13521,#5293);
#4460=LINE('',#13523,#5294);
#4461=LINE('',#13525,#5295);
#4462=LINE('',#13527,#5296);
#4463=LINE('',#13529,#5297);
#4464=LINE('',#13532,#5298);
#4465=LINE('',#13534,#5299);
#4466=LINE('',#13535,#5300);
#4467=LINE('',#13537,#5301);
#4468=LINE('',#13538,#5302);
#4469=LINE('',#13541,#5303);
#4470=LINE('',#13544,#5304);
#4471=LINE('',#13546,#5305);
#4472=LINE('',#13548,#5306);
#4473=LINE('',#13550,#5307);
#4474=LINE('',#13552,#5308);
#4475=LINE('',#13554,#5309);
#4476=LINE('',#13556,#5310);
#4477=LINE('',#13558,#5311);
#4478=LINE('',#13560,#5312);
#4479=LINE('',#13562,#5313);
#4480=LINE('',#13564,#5314);
#4481=LINE('',#13566,#5315);
#4482=LINE('',#13569,#5316);
#4483=LINE('',#13571,#5317);
#4484=LINE('',#13573,#5318);
#4485=LINE('',#13575,#5319);
#4486=LINE('',#13577,#5320);
#4487=LINE('',#13579,#5321);
#4488=LINE('',#13581,#5322);
#4489=LINE('',#13583,#5323);
#4490=LINE('',#13586,#5324);
#4491=LINE('',#13588,#5325);
#4492=LINE('',#13589,#5326);
#4493=LINE('',#13591,#5327);
#4494=LINE('',#13592,#5328);
#4495=LINE('',#13595,#5329);
#4496=LINE('',#13598,#5330);
#4497=LINE('',#13600,#5331);
#4498=LINE('',#13602,#5332);
#4499=LINE('',#13604,#5333);
#4500=LINE('',#13606,#5334);
#4501=LINE('',#13608,#5335);
#4502=LINE('',#13610,#5336);
#4503=LINE('',#13612,#5337);
#4504=LINE('',#13614,#5338);
#4505=LINE('',#13616,#5339);
#4506=LINE('',#13618,#5340);
#4507=LINE('',#13620,#5341);
#4508=LINE('',#13621,#5342);
#4509=LINE('',#13622,#5343);
#4510=LINE('',#13623,#5344);
#4511=LINE('',#13624,#5345);
#4512=LINE('',#13625,#5346);
#4513=LINE('',#13626,#5347);
#4514=LINE('',#13628,#5348);
#4515=LINE('',#13630,#5349);
#4516=LINE('',#13632,#5350);
#4517=LINE('',#13634,#5351);
#4518=LINE('',#13635,#5352);
#4519=LINE('',#13636,#5353);
#4520=LINE('',#13637,#5354);
#4521=LINE('',#13638,#5355);
#4522=LINE('',#13639,#5356);
#4523=LINE('',#13641,#5357);
#4524=LINE('',#13644,#5358);
#4525=LINE('',#13645,#5359);
#4526=LINE('',#13647,#5360);
#4527=LINE('',#13649,#5361);
#4528=LINE('',#13651,#5362);
#4529=LINE('',#13653,#5363);
#4530=LINE('',#13655,#5364);
#4531=LINE('',#13657,#5365);
#4532=LINE('',#13659,#5366);
#4533=LINE('',#13661,#5367);
#4534=LINE('',#13663,#5368);
#4535=LINE('',#13665,#5369);
#4536=LINE('',#13667,#5370);
#4537=LINE('',#13669,#5371);
#4538=LINE('',#13671,#5372);
#4539=LINE('',#13673,#5373);
#4540=LINE('',#13675,#5374);
#4541=LINE('',#13677,#5375);
#4542=LINE('',#13679,#5376);
#4543=LINE('',#13681,#5377);
#4544=LINE('',#13683,#5378);
#4545=LINE('',#13685,#5379);
#4546=LINE('',#13687,#5380);
#4547=LINE('',#13689,#5381);
#4548=LINE('',#13691,#5382);
#4549=LINE('',#13693,#5383);
#4550=LINE('',#13695,#5384);
#4551=LINE('',#13697,#5385);
#4552=LINE('',#13699,#5386);
#4553=LINE('',#13702,#5387);
#4554=LINE('',#13704,#5388);
#4555=LINE('',#13706,#5389);
#4556=LINE('',#13707,#5390);
#4557=LINE('',#13708,#5391);
#4558=LINE('',#13710,#5392);
#4559=LINE('',#13712,#5393);
#4560=LINE('',#13714,#5394);
#4561=LINE('',#13716,#5395);
#4562=LINE('',#13718,#5396);
#4563=LINE('',#13720,#5397);
#4564=LINE('',#13721,#5398);
#4565=LINE('',#13723,#5399);
#4566=LINE('',#13725,#5400);
#4567=LINE('',#13727,#5401);
#4568=LINE('',#13729,#5402);
#4569=LINE('',#13731,#5403);
#4570=LINE('',#13733,#5404);
#4571=LINE('',#13735,#5405);
#4572=LINE('',#13737,#5406);
#4573=LINE('',#13739,#5407);
#4574=LINE('',#13741,#5408);
#4575=LINE('',#13743,#5409);
#4576=LINE('',#13745,#5410);
#4577=LINE('',#13747,#5411);
#4578=LINE('',#13749,#5412);
#4579=LINE('',#13751,#5413);
#4580=LINE('',#13753,#5414);
#4581=LINE('',#13755,#5415);
#4582=LINE('',#13758,#5416);
#4583=LINE('',#13760,#5417);
#4584=LINE('',#13762,#5418);
#4585=LINE('',#13764,#5419);
#4586=LINE('',#13766,#5420);
#4587=LINE('',#13768,#5421);
#4588=LINE('',#13771,#5422);
#4589=LINE('',#13772,#5423);
#4590=LINE('',#13774,#5424);
#4591=LINE('',#13777,#5425);
#4592=LINE('',#13778,#5426);
#4593=LINE('',#13780,#5427);
#4594=LINE('',#13783,#5428);
#4595=LINE('',#13784,#5429);
#4596=LINE('',#13786,#5430);
#4597=LINE('',#13789,#5431);
#4598=LINE('',#13790,#5432);
#4599=LINE('',#13792,#5433);
#4600=LINE('',#13793,#5434);
#4601=LINE('',#13796,#5435);
#4602=LINE('',#13797,#5436);
#4603=LINE('',#13799,#5437);
#4604=LINE('',#13802,#5438);
#4605=LINE('',#13804,#5439);
#4606=LINE('',#13808,#5440);
#4607=LINE('',#13810,#5441);
#4608=LINE('',#13812,#5442);
#4609=LINE('',#13814,#5443);
#4610=LINE('',#13816,#5444);
#4611=LINE('',#13818,#5445);
#4612=LINE('',#13820,#5446);
#4613=LINE('',#13822,#5447);
#4614=LINE('',#13824,#5448);
#4615=LINE('',#13826,#5449);
#4616=LINE('',#13829,#5450);
#4617=LINE('',#13830,#5451);
#4618=LINE('',#13832,#5452);
#4619=LINE('',#13838,#5453);
#4620=LINE('',#13841,#5454);
#4621=LINE('',#13842,#5455);
#4622=LINE('',#13844,#5456);
#4623=LINE('',#13845,#5457);
#4624=LINE('',#13848,#5458);
#4625=LINE('',#13850,#5459);
#4626=VECTOR('',#9985,1.);
#4627=VECTOR('',#9986,1.);
#4628=VECTOR('',#9987,1.);
#4629=VECTOR('',#9988,1.);
#4630=VECTOR('',#9991,1.);
#4631=VECTOR('',#9992,1.);
#4632=VECTOR('',#9993,1.);
#4633=VECTOR('',#9996,1.);
#4634=VECTOR('',#9997,1.);
#4635=VECTOR('',#9998,1.);
#4636=VECTOR('',#10001,1.);
#4637=VECTOR('',#10002,1.);
#4638=VECTOR('',#10003,1.);
#4639=VECTOR('',#10006,1.);
#4640=VECTOR('',#10007,1.);
#4641=VECTOR('',#10008,1.);
#4642=VECTOR('',#10011,1.);
#4643=VECTOR('',#10012,1.);
#4644=VECTOR('',#10013,1.);
#4645=VECTOR('',#10016,1.);
#4646=VECTOR('',#10017,1.);
#4647=VECTOR('',#10020,1.);
#4648=VECTOR('',#10021,1.);
#4649=VECTOR('',#10022,1.);
#4650=VECTOR('',#10023,1.);
#4651=VECTOR('',#10026,1.);
#4652=VECTOR('',#10027,1.);
#4653=VECTOR('',#10028,1.);
#4654=VECTOR('',#10031,1.);
#4655=VECTOR('',#10032,1.);
#4656=VECTOR('',#10035,1.);
#4657=VECTOR('',#10036,1.);
#4658=VECTOR('',#10039,1.);
#4659=VECTOR('',#10044,1.);
#4660=VECTOR('',#10047,1.);
#4661=VECTOR('',#10050,1.);
#4662=VECTOR('',#10055,1.);
#4663=VECTOR('',#10060,1.);
#4664=VECTOR('',#10061,1.);
#4665=VECTOR('',#10064,1.);
#4666=VECTOR('',#10067,1.);
#4667=VECTOR('',#10072,1.);
#4668=VECTOR('',#10075,1.);
#4669=VECTOR('',#10078,1.);
#4670=VECTOR('',#10083,1.);
#4671=VECTOR('',#10088,1.);
#4672=VECTOR('',#10089,1.);
#4673=VECTOR('',#10092,1.);
#4674=VECTOR('',#10095,1.);
#4675=VECTOR('',#10100,1.);
#4676=VECTOR('',#10103,1.);
#4677=VECTOR('',#10106,1.);
#4678=VECTOR('',#10111,1.);
#4679=VECTOR('',#10116,1.);
#4680=VECTOR('',#10117,1.);
#4681=VECTOR('',#10120,1.);
#4682=VECTOR('',#10123,1.);
#4683=VECTOR('',#10128,1.);
#4684=VECTOR('',#10131,1.);
#4685=VECTOR('',#10134,1.);
#4686=VECTOR('',#10139,1.);
#4687=VECTOR('',#10144,1.);
#4688=VECTOR('',#10145,1.);
#4689=VECTOR('',#10148,1.);
#4690=VECTOR('',#10151,1.);
#4691=VECTOR('',#10156,1.);
#4692=VECTOR('',#10159,1.);
#4693=VECTOR('',#10162,1.);
#4694=VECTOR('',#10167,1.);
#4695=VECTOR('',#10172,1.);
#4696=VECTOR('',#10173,1.);
#4697=VECTOR('',#10176,1.);
#4698=VECTOR('',#10179,1.);
#4699=VECTOR('',#10184,1.);
#4700=VECTOR('',#10187,1.);
#4701=VECTOR('',#10190,1.);
#4702=VECTOR('',#10195,1.);
#4703=VECTOR('',#10200,1.);
#4704=VECTOR('',#10201,1.);
#4705=VECTOR('',#10204,1.);
#4706=VECTOR('',#10207,1.);
#4707=VECTOR('',#10212,1.);
#4708=VECTOR('',#10215,1.);
#4709=VECTOR('',#10218,1.);
#4710=VECTOR('',#10223,1.);
#4711=VECTOR('',#10228,1.);
#4712=VECTOR('',#10229,1.);
#4713=VECTOR('',#10232,1.);
#4714=VECTOR('',#10235,1.);
#4715=VECTOR('',#10240,1.);
#4716=VECTOR('',#10243,1.);
#4717=VECTOR('',#10246,1.);
#4718=VECTOR('',#10251,1.);
#4719=VECTOR('',#10256,1.);
#4720=VECTOR('',#10257,1.);
#4721=VECTOR('',#10260,1.);
#4722=VECTOR('',#10263,1.);
#4723=VECTOR('',#10268,1.);
#4724=VECTOR('',#10271,1.);
#4725=VECTOR('',#10274,1.);
#4726=VECTOR('',#10279,1.);
#4727=VECTOR('',#10284,1.);
#4728=VECTOR('',#10285,1.);
#4729=VECTOR('',#10288,1.);
#4730=VECTOR('',#10291,1.);
#4731=VECTOR('',#10296,1.);
#4732=VECTOR('',#10299,1.);
#4733=VECTOR('',#10302,1.);
#4734=VECTOR('',#10307,1.);
#4735=VECTOR('',#10312,1.);
#4736=VECTOR('',#10313,1.);
#4737=VECTOR('',#10316,1.);
#4738=VECTOR('',#10319,1.);
#4739=VECTOR('',#10324,1.);
#4740=VECTOR('',#10327,1.);
#4741=VECTOR('',#10330,1.);
#4742=VECTOR('',#10335,1.);
#4743=VECTOR('',#10340,1.);
#4744=VECTOR('',#10341,1.);
#4745=VECTOR('',#10344,1.);
#4746=VECTOR('',#10347,1.);
#4747=VECTOR('',#10352,1.);
#4748=VECTOR('',#10355,1.);
#4749=VECTOR('',#10358,1.);
#4750=VECTOR('',#10363,1.);
#4751=VECTOR('',#10368,1.);
#4752=VECTOR('',#10369,1.);
#4753=VECTOR('',#10372,1.);
#4754=VECTOR('',#10375,1.);
#4755=VECTOR('',#10378,1.);
#4756=VECTOR('',#10379,1.);
#4757=VECTOR('',#10380,1.);
#4758=VECTOR('',#10381,1.);
#4759=VECTOR('',#10384,1.);
#4760=VECTOR('',#10385,1.);
#4761=VECTOR('',#10386,1.);
#4762=VECTOR('',#10389,1.);
#4763=VECTOR('',#10390,1.);
#4764=VECTOR('',#10391,1.);
#4765=VECTOR('',#10394,1.);
#4766=VECTOR('',#10395,1.);
#4767=VECTOR('',#10398,1.);
#4768=VECTOR('',#10399,1.);
#4769=VECTOR('',#10400,1.);
#4770=VECTOR('',#10401,1.);
#4771=VECTOR('',#10406,1.);
#4772=VECTOR('',#10411,1.);
#4773=VECTOR('',#10412,1.);
#4774=VECTOR('',#10413,1.);
#4775=VECTOR('',#10418,1.);
#4776=VECTOR('',#10423,1.);
#4777=VECTOR('',#10424,1.);
#4778=VECTOR('',#10425,1.);
#4779=VECTOR('',#10430,1.);
#4780=VECTOR('',#10435,1.);
#4781=VECTOR('',#10436,1.);
#4782=VECTOR('',#10437,1.);
#4783=VECTOR('',#10446,1.);
#4784=VECTOR('',#10449,1.);
#4785=VECTOR('',#10454,1.);
#4786=VECTOR('',#10455,1.);
#4787=VECTOR('',#10456,1.);
#4788=VECTOR('',#10459,1.);
#4789=VECTOR('',#10460,1.);
#4790=VECTOR('',#10461,1.);
#4791=VECTOR('',#10462,1.);
#4792=VECTOR('',#10469,1.);
#4793=VECTOR('',#10472,1.);
#4794=VECTOR('',#10473,1.);
#4795=VECTOR('',#10474,1.);
#4796=VECTOR('',#10483,1.);
#4797=VECTOR('',#10486,1.);
#4798=VECTOR('',#10491,1.);
#4799=VECTOR('',#10492,1.);
#4800=VECTOR('',#10493,1.);
#4801=VECTOR('',#10500,1.);
#4802=VECTOR('',#10503,1.);
#4803=VECTOR('',#10504,1.);
#4804=VECTOR('',#10509,1.);
#4805=VECTOR('',#10512,1.);
#4806=VECTOR('',#10515,1.);
#4807=VECTOR('',#10516,1.);
#4808=VECTOR('',#10517,1.);
#4809=VECTOR('',#10524,1.);
#4810=VECTOR('',#10527,1.);
#4811=VECTOR('',#10528,1.);
#4812=VECTOR('',#10533,1.);
#4813=VECTOR('',#10536,1.);
#4814=VECTOR('',#10539,1.);
#4815=VECTOR('',#10540,1.);
#4816=VECTOR('',#10541,1.);
#4817=VECTOR('',#10550,1.);
#4818=VECTOR('',#10555,1.);
#4819=VECTOR('',#10556,1.);
#4820=VECTOR('',#10563,1.);
#4821=VECTOR('',#10566,1.);
#4822=VECTOR('',#10571,1.);
#4823=VECTOR('',#10572,1.);
#4824=VECTOR('',#10573,1.);
#4825=VECTOR('',#10574,1.);
#4826=VECTOR('',#10575,1.);
#4827=VECTOR('',#10578,1.);
#4828=VECTOR('',#10579,1.);
#4829=VECTOR('',#10580,1.);
#4830=VECTOR('',#10581,1.);
#4831=VECTOR('',#10582,1.);
#4832=VECTOR('',#10583,1.);
#4833=VECTOR('',#10584,1.);
#4834=VECTOR('',#10585,1.);
#4835=VECTOR('',#10588,1.);
#4836=VECTOR('',#10589,1.);
#4837=VECTOR('',#10590,1.);
#4838=VECTOR('',#10591,1.);
#4839=VECTOR('',#10592,1.);
#4840=VECTOR('',#10597,1.);
#4841=VECTOR('',#10600,1.);
#4842=VECTOR('',#10603,1.);
#4843=VECTOR('',#10604,1.);
#4844=VECTOR('',#10607,1.);
#4845=VECTOR('',#10608,1.);
#4846=VECTOR('',#10609,1.);
#4847=VECTOR('',#10610,1.);
#4848=VECTOR('',#10611,1.);
#4849=VECTOR('',#10612,1.);
#4850=VECTOR('',#10615,1.);
#4851=VECTOR('',#10616,1.);
#4852=VECTOR('',#10621,1.);
#4853=VECTOR('',#10622,1.);
#4854=VECTOR('',#10623,1.);
#4855=VECTOR('',#10624,1.);
#4856=VECTOR('',#10627,1.);
#4857=VECTOR('',#10630,1.);
#4858=VECTOR('',#10631,1.);
#4859=VECTOR('',#10632,1.);
#4860=VECTOR('',#10639,1.);
#4861=VECTOR('',#10646,1.);
#4862=VECTOR('',#10653,1.);
#4863=VECTOR('',#10658,1.);
#4864=VECTOR('',#10659,1.);
#4865=VECTOR('',#10660,1.);
#4866=VECTOR('',#10663,1.);
#4867=VECTOR('',#10666,1.);
#4868=VECTOR('',#10671,1.);
#4869=VECTOR('',#10678,1.);
#4870=VECTOR('',#10679,1.);
#4871=VECTOR('',#10680,1.);
#4872=VECTOR('',#10683,1.);
#4873=VECTOR('',#10684,1.);
#4874=VECTOR('',#10689,1.);
#4875=VECTOR('',#10694,1.);
#4876=VECTOR('',#10697,1.);
#4877=VECTOR('',#10704,1.);
#4878=VECTOR('',#10705,1.);
#4879=VECTOR('',#10708,1.);
#4880=VECTOR('',#10711,1.);
#4881=VECTOR('',#10712,1.);
#4882=VECTOR('',#10713,1.);
#4883=VECTOR('',#10714,1.);
#4884=VECTOR('',#10717,1.);
#4885=VECTOR('',#10718,1.);
#4886=VECTOR('',#10719,1.);
#4887=VECTOR('',#10720,1.);
#4888=VECTOR('',#10721,1.);
#4889=VECTOR('',#10722,1.);
#4890=VECTOR('',#10723,1.);
#4891=VECTOR('',#10726,1.);
#4892=VECTOR('',#10727,1.);
#4893=VECTOR('',#10728,1.);
#4894=VECTOR('',#10731,1.);
#4895=VECTOR('',#10732,1.);
#4896=VECTOR('',#10733,1.);
#4897=VECTOR('',#10734,1.);
#4898=VECTOR('',#10735,1.);
#4899=VECTOR('',#10736,1.);
#4900=VECTOR('',#10739,1.);
#4901=VECTOR('',#10740,1.);
#4902=VECTOR('',#10741,1.);
#4903=VECTOR('',#10742,1.);
#4904=VECTOR('',#10747,1.);
#4905=VECTOR('',#10752,1.);
#4906=VECTOR('',#10753,1.);
#4907=VECTOR('',#10754,1.);
#4908=VECTOR('',#10759,1.);
#4909=VECTOR('',#10764,1.);
#4910=VECTOR('',#10765,1.);
#4911=VECTOR('',#10766,1.);
#4912=VECTOR('',#10769,1.);
#4913=VECTOR('',#10774,1.);
#4914=VECTOR('',#10779,1.);
#4915=VECTOR('',#10780,1.);
#4916=VECTOR('',#10781,1.);
#4917=VECTOR('',#10782,1.);
#4918=VECTOR('',#10783,1.);
#4919=VECTOR('',#10786,1.);
#4920=VECTOR('',#10787,1.);
#4921=VECTOR('',#10790,1.);
#4922=VECTOR('',#10791,1.);
#4923=VECTOR('',#10800,1.);
#4924=VECTOR('',#10803,1.);
#4925=VECTOR('',#10804,1.);
#4926=VECTOR('',#10805,1.);
#4927=VECTOR('',#10806,1.);
#4928=VECTOR('',#10807,1.);
#4929=VECTOR('',#10808,1.);
#4930=VECTOR('',#10809,1.);
#4931=VECTOR('',#10810,1.);
#4932=VECTOR('',#10811,1.);
#4933=VECTOR('',#10812,1.);
#4934=VECTOR('',#10815,1.);
#4935=VECTOR('',#10816,1.);
#4936=VECTOR('',#10819,1.);
#4937=VECTOR('',#10820,1.);
#4938=VECTOR('',#10821,1.);
#4939=VECTOR('',#10822,1.);
#4940=VECTOR('',#10825,1.);
#4941=VECTOR('',#10826,1.);
#4942=VECTOR('',#10827,1.);
#4943=VECTOR('',#10828,1.);
#4944=VECTOR('',#10831,1.);
#4945=VECTOR('',#10832,1.);
#4946=VECTOR('',#10833,1.);
#4947=VECTOR('',#10836,1.);
#4948=VECTOR('',#10837,1.);
#4949=VECTOR('',#10838,1.);
#4950=VECTOR('',#10841,1.);
#4951=VECTOR('',#10842,1.);
#4952=VECTOR('',#10843,1.);
#4953=VECTOR('',#10844,1.);
#4954=VECTOR('',#10845,1.);
#4955=VECTOR('',#10848,1.);
#4956=VECTOR('',#10849,1.);
#4957=VECTOR('',#10852,1.);
#4958=VECTOR('',#10853,1.);
#4959=VECTOR('',#10854,1.);
#4960=VECTOR('',#10857,1.);
#4961=VECTOR('',#10858,1.);
#4962=VECTOR('',#10861,1.);
#4963=VECTOR('',#10862,1.);
#4964=VECTOR('',#10865,1.);
#4965=VECTOR('',#10866,1.);
#4966=VECTOR('',#10867,1.);
#4967=VECTOR('',#10868,1.);
#4968=VECTOR('',#10869,1.);
#4969=VECTOR('',#10872,1.);
#4970=VECTOR('',#10873,1.);
#4971=VECTOR('',#10874,1.);
#4972=VECTOR('',#10875,1.);
#4973=VECTOR('',#10878,1.);
#4974=VECTOR('',#10879,1.);
#4975=VECTOR('',#10880,1.);
#4976=VECTOR('',#10883,1.);
#4977=VECTOR('',#10884,1.);
#4978=VECTOR('',#10885,1.);
#4979=VECTOR('',#10886,1.);
#4980=VECTOR('',#10887,1.);
#4981=VECTOR('',#10888,1.);
#4982=VECTOR('',#10891,1.);
#4983=VECTOR('',#10892,1.);
#4984=VECTOR('',#10893,1.);
#4985=VECTOR('',#10894,1.);
#4986=VECTOR('',#10897,1.);
#4987=VECTOR('',#10900,1.);
#4988=VECTOR('',#10901,1.);
#4989=VECTOR('',#10902,1.);
#4990=VECTOR('',#10903,1.);
#4991=VECTOR('',#10904,1.);
#4992=VECTOR('',#10907,1.);
#4993=VECTOR('',#10908,1.);
#4994=VECTOR('',#10913,1.);
#4995=VECTOR('',#10914,1.);
#4996=VECTOR('',#10919,1.);
#4997=VECTOR('',#10922,1.);
#4998=VECTOR('',#10925,1.);
#4999=VECTOR('',#10926,1.);
#5000=VECTOR('',#10927,1.);
#5001=VECTOR('',#10928,1.);
#5002=VECTOR('',#10931,1.);
#5003=VECTOR('',#10934,1.);
#5004=VECTOR('',#10935,1.);
#5005=VECTOR('',#10936,1.);
#5006=VECTOR('',#10943,1.);
#5007=VECTOR('',#10950,1.);
#5008=VECTOR('',#10957,1.);
#5009=VECTOR('',#10962,1.);
#5010=VECTOR('',#10963,1.);
#5011=VECTOR('',#10964,1.);
#5012=VECTOR('',#10967,1.);
#5013=VECTOR('',#10968,1.);
#5014=VECTOR('',#10969,1.);
#5015=VECTOR('',#10972,1.);
#5016=VECTOR('',#10973,1.);
#5017=VECTOR('',#10974,1.);
#5018=VECTOR('',#10979,1.);
#5019=VECTOR('',#10986,1.);
#5020=VECTOR('',#10993,1.);
#5021=VECTOR('',#10998,1.);
#5022=VECTOR('',#11001,1.);
#5023=VECTOR('',#11006,1.);
#5024=VECTOR('',#11007,1.);
#5025=VECTOR('',#11012,1.);
#5026=VECTOR('',#11015,1.);
#5027=VECTOR('',#11016,1.);
#5028=VECTOR('',#11017,1.);
#5029=VECTOR('',#11020,1.);
#5030=VECTOR('',#11021,1.);
#5031=VECTOR('',#11022,1.);
#5032=VECTOR('',#11023,1.);
#5033=VECTOR('',#11026,1.);
#5034=VECTOR('',#11029,1.);
#5035=VECTOR('',#11032,1.);
#5036=VECTOR('',#11033,1.);
#5037=VECTOR('',#11036,1.);
#5038=VECTOR('',#11039,1.);
#5039=VECTOR('',#11040,1.);
#5040=VECTOR('',#11041,1.);
#5041=VECTOR('',#11042,1.);
#5042=VECTOR('',#11045,1.);
#5043=VECTOR('',#11046,1.);
#5044=VECTOR('',#11047,1.);
#5045=VECTOR('',#11048,1.);
#5046=VECTOR('',#11051,1.);
#5047=VECTOR('',#11052,1.);
#5048=VECTOR('',#11053,1.);
#5049=VECTOR('',#11056,1.);
#5050=VECTOR('',#11059,1.);
#5051=VECTOR('',#11060,1.);
#5052=VECTOR('',#11061,1.);
#5053=VECTOR('',#11062,1.);
#5054=VECTOR('',#11065,1.);
#5055=VECTOR('',#11066,1.);
#5056=VECTOR('',#11067,1.);
#5057=VECTOR('',#11070,1.);
#5058=VECTOR('',#11071,1.);
#5059=VECTOR('',#11074,1.);
#5060=VECTOR('',#11075,1.);
#5061=VECTOR('',#11078,1.);
#5062=VECTOR('',#11081,1.);
#5063=VECTOR('',#11082,1.);
#5064=VECTOR('',#11083,1.);
#5065=VECTOR('',#11084,1.);
#5066=VECTOR('',#11087,1.);
#5067=VECTOR('',#11088,1.);
#5068=VECTOR('',#11089,1.);
#5069=VECTOR('',#11092,1.);
#5070=VECTOR('',#11093,1.);
#5071=VECTOR('',#11094,1.);
#5072=VECTOR('',#11095,1.);
#5073=VECTOR('',#11098,1.);
#5074=VECTOR('',#11099,1.);
#5075=VECTOR('',#11100,1.);
#5076=VECTOR('',#11103,1.);
#5077=VECTOR('',#11104,1.);
#5078=VECTOR('',#11107,1.);
#5079=VECTOR('',#11108,1.);
#5080=VECTOR('',#11111,1.);
#5081=VECTOR('',#11114,1.);
#5082=VECTOR('',#11115,1.);
#5083=VECTOR('',#11116,1.);
#5084=VECTOR('',#11117,1.);
#5085=VECTOR('',#11118,1.);
#5086=VECTOR('',#11121,1.);
#5087=VECTOR('',#11122,1.);
#5088=VECTOR('',#11123,1.);
#5089=VECTOR('',#11126,1.);
#5090=VECTOR('',#11127,1.);
#5091=VECTOR('',#11128,1.);
#5092=VECTOR('',#11129,1.);
#5093=VECTOR('',#11132,1.);
#5094=VECTOR('',#11133,1.);
#5095=VECTOR('',#11138,1.);
#5096=VECTOR('',#11139,1.);
#5097=VECTOR('',#11140,1.);
#5098=VECTOR('',#11141,1.);
#5099=VECTOR('',#11144,1.);
#5100=VECTOR('',#11145,1.);
#5101=VECTOR('',#11146,1.);
#5102=VECTOR('',#11149,1.);
#5103=VECTOR('',#11150,1.);
#5104=VECTOR('',#11153,1.);
#5105=VECTOR('',#11154,1.);
#5106=VECTOR('',#11157,1.);
#5107=VECTOR('',#11160,1.);
#5108=VECTOR('',#11161,1.);
#5109=VECTOR('',#11162,1.);
#5110=VECTOR('',#11163,1.);
#5111=VECTOR('',#11164,1.);
#5112=VECTOR('',#11167,1.);
#5113=VECTOR('',#11168,1.);
#5114=VECTOR('',#11169,1.);
#5115=VECTOR('',#11172,1.);
#5116=VECTOR('',#11173,1.);
#5117=VECTOR('',#11174,1.);
#5118=VECTOR('',#11175,1.);
#5119=VECTOR('',#11178,1.);
#5120=VECTOR('',#11179,1.);
#5121=VECTOR('',#11184,1.);
#5122=VECTOR('',#11185,1.);
#5123=VECTOR('',#11186,1.);
#5124=VECTOR('',#11187,1.);
#5125=VECTOR('',#11190,1.);
#5126=VECTOR('',#11191,1.);
#5127=VECTOR('',#11192,1.);
#5128=VECTOR('',#11195,1.);
#5129=VECTOR('',#11196,1.);
#5130=VECTOR('',#11199,1.);
#5131=VECTOR('',#11200,1.);
#5132=VECTOR('',#11203,1.);
#5133=VECTOR('',#11206,1.);
#5134=VECTOR('',#11207,1.);
#5135=VECTOR('',#11208,1.);
#5136=VECTOR('',#11209,1.);
#5137=VECTOR('',#11210,1.);
#5138=VECTOR('',#11213,1.);
#5139=VECTOR('',#11214,1.);
#5140=VECTOR('',#11215,1.);
#5141=VECTOR('',#11218,1.);
#5142=VECTOR('',#11219,1.);
#5143=VECTOR('',#11220,1.);
#5144=VECTOR('',#11221,1.);
#5145=VECTOR('',#11224,1.);
#5146=VECTOR('',#11225,1.);
#5147=VECTOR('',#11230,1.);
#5148=VECTOR('',#11231,1.);
#5149=VECTOR('',#11232,1.);
#5150=VECTOR('',#11233,1.);
#5151=VECTOR('',#11236,1.);
#5152=VECTOR('',#11237,1.);
#5153=VECTOR('',#11238,1.);
#5154=VECTOR('',#11241,1.);
#5155=VECTOR('',#11242,1.);
#5156=VECTOR('',#11245,1.);
#5157=VECTOR('',#11246,1.);
#5158=VECTOR('',#11249,1.);
#5159=VECTOR('',#11252,1.);
#5160=VECTOR('',#11253,1.);
#5161=VECTOR('',#11254,1.);
#5162=VECTOR('',#11255,1.);
#5163=VECTOR('',#11256,1.);
#5164=VECTOR('',#11259,1.);
#5165=VECTOR('',#11260,1.);
#5166=VECTOR('',#11261,1.);
#5167=VECTOR('',#11264,1.);
#5168=VECTOR('',#11265,1.);
#5169=VECTOR('',#11266,1.);
#5170=VECTOR('',#11267,1.);
#5171=VECTOR('',#11270,1.);
#5172=VECTOR('',#11271,1.);
#5173=VECTOR('',#11276,1.);
#5174=VECTOR('',#11277,1.);
#5175=VECTOR('',#11278,1.);
#5176=VECTOR('',#11279,1.);
#5177=VECTOR('',#11282,1.);
#5178=VECTOR('',#11283,1.);
#5179=VECTOR('',#11284,1.);
#5180=VECTOR('',#11287,1.);
#5181=VECTOR('',#11288,1.);
#5182=VECTOR('',#11291,1.);
#5183=VECTOR('',#11292,1.);
#5184=VECTOR('',#11295,1.);
#5185=VECTOR('',#11298,1.);
#5186=VECTOR('',#11299,1.);
#5187=VECTOR('',#11300,1.);
#5188=VECTOR('',#11301,1.);
#5189=VECTOR('',#11302,1.);
#5190=VECTOR('',#11305,1.);
#5191=VECTOR('',#11306,1.);
#5192=VECTOR('',#11307,1.);
#5193=VECTOR('',#11310,1.);
#5194=VECTOR('',#11311,1.);
#5195=VECTOR('',#11312,1.);
#5196=VECTOR('',#11313,1.);
#5197=VECTOR('',#11316,1.);
#5198=VECTOR('',#11317,1.);
#5199=VECTOR('',#11322,1.);
#5200=VECTOR('',#11323,1.);
#5201=VECTOR('',#11324,1.);
#5202=VECTOR('',#11325,1.);
#5203=VECTOR('',#11328,1.);
#5204=VECTOR('',#11329,1.);
#5205=VECTOR('',#11330,1.);
#5206=VECTOR('',#11333,1.);
#5207=VECTOR('',#11334,1.);
#5208=VECTOR('',#11337,1.);
#5209=VECTOR('',#11338,1.);
#5210=VECTOR('',#11341,1.);
#5211=VECTOR('',#11344,1.);
#5212=VECTOR('',#11345,1.);
#5213=VECTOR('',#11346,1.);
#5214=VECTOR('',#11347,1.);
#5215=VECTOR('',#11348,1.);
#5216=VECTOR('',#11351,1.);
#5217=VECTOR('',#11352,1.);
#5218=VECTOR('',#11353,1.);
#5219=VECTOR('',#11356,1.);
#5220=VECTOR('',#11357,1.);
#5221=VECTOR('',#11358,1.);
#5222=VECTOR('',#11359,1.);
#5223=VECTOR('',#11362,1.);
#5224=VECTOR('',#11363,1.);
#5225=VECTOR('',#11368,1.);
#5226=VECTOR('',#11369,1.);
#5227=VECTOR('',#11370,1.);
#5228=VECTOR('',#11371,1.);
#5229=VECTOR('',#11374,1.);
#5230=VECTOR('',#11375,1.);
#5231=VECTOR('',#11376,1.);
#5232=VECTOR('',#11379,1.);
#5233=VECTOR('',#11380,1.);
#5234=VECTOR('',#11383,1.);
#5235=VECTOR('',#11384,1.);
#5236=VECTOR('',#11387,1.);
#5237=VECTOR('',#11390,1.);
#5238=VECTOR('',#11391,1.);
#5239=VECTOR('',#11392,1.);
#5240=VECTOR('',#11393,1.);
#5241=VECTOR('',#11394,1.);
#5242=VECTOR('',#11397,1.);
#5243=VECTOR('',#11398,1.);
#5244=VECTOR('',#11399,1.);
#5245=VECTOR('',#11402,1.);
#5246=VECTOR('',#11403,1.);
#5247=VECTOR('',#11404,1.);
#5248=VECTOR('',#11405,1.);
#5249=VECTOR('',#11408,1.);
#5250=VECTOR('',#11409,1.);
#5251=VECTOR('',#11414,1.);
#5252=VECTOR('',#11415,1.);
#5253=VECTOR('',#11416,1.);
#5254=VECTOR('',#11417,1.);
#5255=VECTOR('',#11420,1.);
#5256=VECTOR('',#11421,1.);
#5257=VECTOR('',#11422,1.);
#5258=VECTOR('',#11425,1.);
#5259=VECTOR('',#11426,1.);
#5260=VECTOR('',#11429,1.);
#5261=VECTOR('',#11430,1.);
#5262=VECTOR('',#11433,1.);
#5263=VECTOR('',#11436,1.);
#5264=VECTOR('',#11437,1.);
#5265=VECTOR('',#11438,1.);
#5266=VECTOR('',#11439,1.);
#5267=VECTOR('',#11440,1.);
#5268=VECTOR('',#11443,1.);
#5269=VECTOR('',#11444,1.);
#5270=VECTOR('',#11445,1.);
#5271=VECTOR('',#11448,1.);
#5272=VECTOR('',#11449,1.);
#5273=VECTOR('',#11450,1.);
#5274=VECTOR('',#11451,1.);
#5275=VECTOR('',#11454,1.);
#5276=VECTOR('',#11455,1.);
#5277=VECTOR('',#11460,1.);
#5278=VECTOR('',#11461,1.);
#5279=VECTOR('',#11462,1.);
#5280=VECTOR('',#11463,1.);
#5281=VECTOR('',#11466,1.);
#5282=VECTOR('',#11467,1.);
#5283=VECTOR('',#11468,1.);
#5284=VECTOR('',#11471,1.);
#5285=VECTOR('',#11472,1.);
#5286=VECTOR('',#11475,1.);
#5287=VECTOR('',#11476,1.);
#5288=VECTOR('',#11479,1.);
#5289=VECTOR('',#11482,1.);
#5290=VECTOR('',#11483,1.);
#5291=VECTOR('',#11484,1.);
#5292=VECTOR('',#11485,1.);
#5293=VECTOR('',#11486,1.);
#5294=VECTOR('',#11489,1.);
#5295=VECTOR('',#11490,1.);
#5296=VECTOR('',#11491,1.);
#5297=VECTOR('',#11494,1.);
#5298=VECTOR('',#11495,1.);
#5299=VECTOR('',#11496,1.);
#5300=VECTOR('',#11497,1.);
#5301=VECTOR('',#11500,1.);
#5302=VECTOR('',#11501,1.);
#5303=VECTOR('',#11506,1.);
#5304=VECTOR('',#11507,1.);
#5305=VECTOR('',#11508,1.);
#5306=VECTOR('',#11509,1.);
#5307=VECTOR('',#11512,1.);
#5308=VECTOR('',#11513,1.);
#5309=VECTOR('',#11514,1.);
#5310=VECTOR('',#11517,1.);
#5311=VECTOR('',#11518,1.);
#5312=VECTOR('',#11521,1.);
#5313=VECTOR('',#11522,1.);
#5314=VECTOR('',#11525,1.);
#5315=VECTOR('',#11528,1.);
#5316=VECTOR('',#11529,1.);
#5317=VECTOR('',#11530,1.);
#5318=VECTOR('',#11531,1.);
#5319=VECTOR('',#11532,1.);
#5320=VECTOR('',#11535,1.);
#5321=VECTOR('',#11536,1.);
#5322=VECTOR('',#11537,1.);
#5323=VECTOR('',#11540,1.);
#5324=VECTOR('',#11541,1.);
#5325=VECTOR('',#11542,1.);
#5326=VECTOR('',#11543,1.);
#5327=VECTOR('',#11546,1.);
#5328=VECTOR('',#11547,1.);
#5329=VECTOR('',#11552,1.);
#5330=VECTOR('',#11553,1.);
#5331=VECTOR('',#11554,1.);
#5332=VECTOR('',#11555,1.);
#5333=VECTOR('',#11558,1.);
#5334=VECTOR('',#11559,1.);
#5335=VECTOR('',#11560,1.);
#5336=VECTOR('',#11563,1.);
#5337=VECTOR('',#11564,1.);
#5338=VECTOR('',#11567,1.);
#5339=VECTOR('',#11568,1.);
#5340=VECTOR('',#11571,1.);
#5341=VECTOR('',#11574,1.);
#5342=VECTOR('',#11575,1.);
#5343=VECTOR('',#11576,1.);
#5344=VECTOR('',#11577,1.);
#5345=VECTOR('',#11578,1.);
#5346=VECTOR('',#11579,1.);
#5347=VECTOR('',#11580,1.);
#5348=VECTOR('',#11581,1.);
#5349=VECTOR('',#11582,1.);
#5350=VECTOR('',#11583,1.);
#5351=VECTOR('',#11584,1.);
#5352=VECTOR('',#11585,1.);
#5353=VECTOR('',#11586,1.);
#5354=VECTOR('',#11587,1.);
#5355=VECTOR('',#11588,1.);
#5356=VECTOR('',#11589,1.);
#5357=VECTOR('',#11592,1.);
#5358=VECTOR('',#11593,1.);
#5359=VECTOR('',#11594,1.);
#5360=VECTOR('',#11597,1.);
#5361=VECTOR('',#11598,1.);
#5362=VECTOR('',#11601,1.);
#5363=VECTOR('',#11602,1.);
#5364=VECTOR('',#11605,1.);
#5365=VECTOR('',#11606,1.);
#5366=VECTOR('',#11607,1.);
#5367=VECTOR('',#11610,1.);
#5368=VECTOR('',#11611,1.);
#5369=VECTOR('',#11614,1.);
#5370=VECTOR('',#11615,1.);
#5371=VECTOR('',#11618,1.);
#5372=VECTOR('',#11619,1.);
#5373=VECTOR('',#11622,1.);
#5374=VECTOR('',#11625,1.);
#5375=VECTOR('',#11628,1.);
#5376=VECTOR('',#11631,1.);
#5377=VECTOR('',#11634,1.);
#5378=VECTOR('',#11637,1.);
#5379=VECTOR('',#11640,1.);
#5380=VECTOR('',#11643,1.);
#5381=VECTOR('',#11646,1.);
#5382=VECTOR('',#11649,1.);
#5383=VECTOR('',#11652,1.);
#5384=VECTOR('',#11655,1.);
#5385=VECTOR('',#11658,1.);
#5386=VECTOR('',#11661,1.);
#5387=VECTOR('',#11662,1.);
#5388=VECTOR('',#11663,1.);
#5389=VECTOR('',#11664,1.);
#5390=VECTOR('',#11665,1.);
#5391=VECTOR('',#11666,1.);
#5392=VECTOR('',#11667,1.);
#5393=VECTOR('',#11668,1.);
#5394=VECTOR('',#11669,1.);
#5395=VECTOR('',#11670,1.);
#5396=VECTOR('',#11673,1.);
#5397=VECTOR('',#11674,1.);
#5398=VECTOR('',#11675,1.);
#5399=VECTOR('',#11676,1.);
#5400=VECTOR('',#11677,1.);
#5401=VECTOR('',#11680,1.);
#5402=VECTOR('',#11681,1.);
#5403=VECTOR('',#11684,1.);
#5404=VECTOR('',#11685,1.);
#5405=VECTOR('',#11688,1.);
#5406=VECTOR('',#11689,1.);
#5407=VECTOR('',#11692,1.);
#5408=VECTOR('',#11693,1.);
#5409=VECTOR('',#11696,1.);
#5410=VECTOR('',#11699,1.);
#5411=VECTOR('',#11700,1.);
#5412=VECTOR('',#11703,1.);
#5413=VECTOR('',#11704,1.);
#5414=VECTOR('',#11707,1.);
#5415=VECTOR('',#11710,1.);
#5416=VECTOR('',#11715,1.);
#5417=VECTOR('',#11716,1.);
#5418=VECTOR('',#11717,1.);
#5419=VECTOR('',#11718,1.);
#5420=VECTOR('',#11719,1.);
#5421=VECTOR('',#11722,1.);
#5422=VECTOR('',#11723,1.);
#5423=VECTOR('',#11724,1.);
#5424=VECTOR('',#11727,1.);
#5425=VECTOR('',#11728,1.);
#5426=VECTOR('',#11729,1.);
#5427=VECTOR('',#11732,1.);
#5428=VECTOR('',#11733,1.);
#5429=VECTOR('',#11734,1.);
#5430=VECTOR('',#11737,1.);
#5431=VECTOR('',#11738,1.);
#5432=VECTOR('',#11739,1.);
#5433=VECTOR('',#11742,1.);
#5434=VECTOR('',#11743,1.);
#5435=VECTOR('',#11748,1.);
#5436=VECTOR('',#11749,1.);
#5437=VECTOR('',#11750,1.);
#5438=VECTOR('',#11753,1.);
#5439=VECTOR('',#11756,1.);
#5440=VECTOR('',#11761,1.);
#5441=VECTOR('',#11764,1.);
#5442=VECTOR('',#11767,1.);
#5443=VECTOR('',#11770,1.);
#5444=VECTOR('',#11773,1.);
#5445=VECTOR('',#11774,1.);
#5446=VECTOR('',#11775,1.);
#5447=VECTOR('',#11776,1.);
#5448=VECTOR('',#11777,1.);
#5449=VECTOR('',#11780,1.);
#5450=VECTOR('',#11781,1.);
#5451=VECTOR('',#11782,1.);
#5452=VECTOR('',#11785,1.);
#5453=VECTOR('',#11792,1.);
#5454=VECTOR('',#11793,1.);
#5455=VECTOR('',#11794,1.);
#5456=VECTOR('',#11797,1.);
#5457=VECTOR('',#11798,1.);
#5458=VECTOR('',#11803,1.);
#5459=VECTOR('',#11806,1.);
#5460=EDGE_LOOP('',(#222,#223,#224,#225));
#5461=EDGE_LOOP('',(#226,#227,#228,#229));
#5462=EDGE_LOOP('',(#230,#231,#232,#233));
#5463=EDGE_LOOP('',(#234,#235,#236,#237));
#5464=EDGE_LOOP('',(#238,#239,#240,#241));
#5465=EDGE_LOOP('',(#242,#243,#244,#245));
#5466=EDGE_LOOP('',(#246,#247,#248,#249));
#5467=EDGE_LOOP('',(#250,#251,#252,#253,#254,#255,#256));
#5468=EDGE_LOOP('',(#257,#258,#259,#260));
#5469=EDGE_LOOP('',(#261,#262,#263,#264));
#5470=EDGE_LOOP('',(#265,#266,#267,#268));
#5471=EDGE_LOOP('',(#269,#270,#271,#272));
#5472=EDGE_LOOP('',(#273,#274,#275,#276));
#5473=EDGE_LOOP('',(#277,#278,#279,#280));
#5474=EDGE_LOOP('',(#281,#282));
#5475=EDGE_LOOP('',(#283,#284));
#5476=EDGE_LOOP('',(#285,#286,#287,#288));
#5477=EDGE_LOOP('',(#289,#290));
#5478=EDGE_LOOP('',(#291,#292));
#5479=EDGE_LOOP('',(#293,#294,#295,#296));
#5480=EDGE_LOOP('',(#297,#298));
#5481=EDGE_LOOP('',(#299,#300));
#5482=EDGE_LOOP('',(#301,#302,#303,#304));
#5483=EDGE_LOOP('',(#305,#306));
#5484=EDGE_LOOP('',(#307,#308));
#5485=EDGE_LOOP('',(#309,#310,#311,#312));
#5486=EDGE_LOOP('',(#313,#314));
#5487=EDGE_LOOP('',(#315,#316));
#5488=EDGE_LOOP('',(#317,#318,#319,#320));
#5489=EDGE_LOOP('',(#321,#322));
#5490=EDGE_LOOP('',(#323,#324));
#5491=EDGE_LOOP('',(#325,#326,#327,#328));
#5492=EDGE_LOOP('',(#329,#330));
#5493=EDGE_LOOP('',(#331,#332));
#5494=EDGE_LOOP('',(#333,#334,#335,#336));
#5495=EDGE_LOOP('',(#337,#338));
#5496=EDGE_LOOP('',(#339,#340));
#5497=EDGE_LOOP('',(#341,#342,#343,#344));
#5498=EDGE_LOOP('',(#345,#346));
#5499=EDGE_LOOP('',(#347,#348));
#5500=EDGE_LOOP('',(#349,#350,#351,#352));
#5501=EDGE_LOOP('',(#353,#354));
#5502=EDGE_LOOP('',(#355,#356));
#5503=EDGE_LOOP('',(#357,#358,#359,#360));
#5504=EDGE_LOOP('',(#361,#362));
#5505=EDGE_LOOP('',(#363,#364));
#5506=EDGE_LOOP('',(#365,#366,#367,#368));
#5507=EDGE_LOOP('',(#369,#370));
#5508=EDGE_LOOP('',(#371,#372));
#5509=EDGE_LOOP('',(#373,#374,#375,#376));
#5510=EDGE_LOOP('',(#377,#378));
#5511=EDGE_LOOP('',(#379,#380));
#5512=EDGE_LOOP('',(#381,#382,#383,#384));
#5513=EDGE_LOOP('',(#385,#386));
#5514=EDGE_LOOP('',(#387,#388));
#5515=EDGE_LOOP('',(#389,#390,#391,#392));
#5516=EDGE_LOOP('',(#393,#394));
#5517=EDGE_LOOP('',(#395,#396));
#5518=EDGE_LOOP('',(#397,#398,#399,#400));
#5519=EDGE_LOOP('',(#401,#402));
#5520=EDGE_LOOP('',(#403,#404));
#5521=EDGE_LOOP('',(#405,#406,#407,#408));
#5522=EDGE_LOOP('',(#409,#410));
#5523=EDGE_LOOP('',(#411,#412));
#5524=EDGE_LOOP('',(#413,#414,#415,#416));
#5525=EDGE_LOOP('',(#417,#418));
#5526=EDGE_LOOP('',(#419,#420));
#5527=EDGE_LOOP('',(#421,#422,#423,#424));
#5528=EDGE_LOOP('',(#425,#426));
#5529=EDGE_LOOP('',(#427,#428));
#5530=EDGE_LOOP('',(#429,#430,#431,#432));
#5531=EDGE_LOOP('',(#433,#434));
#5532=EDGE_LOOP('',(#435,#436));
#5533=EDGE_LOOP('',(#437,#438,#439,#440));
#5534=EDGE_LOOP('',(#441,#442));
#5535=EDGE_LOOP('',(#443,#444));
#5536=EDGE_LOOP('',(#445,#446,#447,#448));
#5537=EDGE_LOOP('',(#449,#450));
#5538=EDGE_LOOP('',(#451,#452));
#5539=EDGE_LOOP('',(#453,#454,#455,#456));
#5540=EDGE_LOOP('',(#457,#458));
#5541=EDGE_LOOP('',(#459,#460));
#5542=EDGE_LOOP('',(#461,#462,#463,#464));
#5543=EDGE_LOOP('',(#465,#466));
#5544=EDGE_LOOP('',(#467,#468));
#5545=EDGE_LOOP('',(#469,#470,#471,#472));
#5546=EDGE_LOOP('',(#473,#474,#475,#476));
#5547=EDGE_LOOP('',(#477,#478,#479,#480));
#5548=EDGE_LOOP('',(#481,#482,#483,#484));
#5549=EDGE_LOOP('',(#485,#486,#487,#488));
#5550=EDGE_LOOP('',(#489,#490,#491,#492));
#5551=EDGE_LOOP('',(#493,#494,#495,#496));
#5552=EDGE_LOOP('',(#497,#498,#499,#500));
#5553=EDGE_LOOP('',(#501,#502,#503,#504));
#5554=EDGE_LOOP('',(#505,#506,#507,#508));
#5555=EDGE_LOOP('',(#509,#510,#511,#512));
#5556=EDGE_LOOP('',(#513,#514,#515,#516));
#5557=EDGE_LOOP('',(#517,#518,#519,#520));
#5558=EDGE_LOOP('',(#521,#522,#523,#524));
#5559=EDGE_LOOP('',(#525,#526,#527,#528));
#5560=EDGE_LOOP('',(#529,#530,#531,#532));
#5561=EDGE_LOOP('',(#533,#534,#535,#536));
#5562=EDGE_LOOP('',(#537,#538,#539,#540));
#5563=EDGE_LOOP('',(#541,#542,#543,#544));
#5564=EDGE_LOOP('',(#545,#546,#547,#548));
#5565=EDGE_LOOP('',(#549,#550,#551,#552));
#5566=EDGE_LOOP('',(#553,#554,#555,#556));
#5567=EDGE_LOOP('',(#557,#558,#559,#560));
#5568=EDGE_LOOP('',(#561,#562,#563,#564));
#5569=EDGE_LOOP('',(#565,#566,#567,#568));
#5570=EDGE_LOOP('',(#569,#570,#571,#572));
#5571=EDGE_LOOP('',(#573,#574,#575,#576));
#5572=EDGE_LOOP('',(#577,#578,#579,#580));
#5573=EDGE_LOOP('',(#581,#582,#583,#584));
#5574=EDGE_LOOP('',(#585,#586,#587,#588));
#5575=EDGE_LOOP('',(#589,#590,#591,#592));
#5576=EDGE_LOOP('',(#593,#594,#595,#596));
#5577=EDGE_LOOP('',(#597,#598,#599,#600));
#5578=EDGE_LOOP('',(#601,#602,#603,#604));
#5579=EDGE_LOOP('',(#605,#606,#607,#608));
#5580=EDGE_LOOP('',(#609));
#5581=EDGE_LOOP('',(#610));
#5582=EDGE_LOOP('',(#611,#612,#613,#614));
#5583=EDGE_LOOP('',(#615,#616,#617,#618));
#5584=EDGE_LOOP('',(#619,#620,#621,#622));
#5585=EDGE_LOOP('',(#623,#624,#625,#626));
#5586=EDGE_LOOP('',(#627,#628,#629,#630));
#5587=EDGE_LOOP('',(#631,#632,#633,#634));
#5588=EDGE_LOOP('',(#635,#636,#637,#638));
#5589=EDGE_LOOP('',(#639,#640,#641,#642));
#5590=EDGE_LOOP('',(#643,#644,#645,#646));
#5591=EDGE_LOOP('',(#647,#648,#649,#650));
#5592=EDGE_LOOP('',(#651,#652,#653,#654));
#5593=EDGE_LOOP('',(#655,#656,#657,#658));
#5594=EDGE_LOOP('',(#659,#660,#661,#662));
#5595=EDGE_LOOP('',(#663,#664,#665,#666));
#5596=EDGE_LOOP('',(#667,#668,#669,#670));
#5597=EDGE_LOOP('',(#671,#672,#673,#674));
#5598=EDGE_LOOP('',(#675,#676,#677,#678));
#5599=EDGE_LOOP('',(#679,#680,#681,#682));
#5600=EDGE_LOOP('',(#683,#684,#685,#686));
#5601=EDGE_LOOP('',(#687,#688,#689,#690));
#5602=EDGE_LOOP('',(#691,#692,#693,#694));
#5603=EDGE_LOOP('',(#695,#696,#697,#698));
#5604=EDGE_LOOP('',(#699,#700,#701,#702));
#5605=EDGE_LOOP('',(#703,#704,#705,#706,#707,#708));
#5606=EDGE_LOOP('',(#709,#710,#711,#712,#713,#714,#715,#716));
#5607=EDGE_LOOP('',(#717,#718,#719,#720,#721,#722));
#5608=EDGE_LOOP('',(#723,#724,#725,#726,#727,#728));
#5609=EDGE_LOOP('',(#729,#730,#731,#732));
#5610=EDGE_LOOP('',(#733,#734,#735,#736,#737,#738));
#5611=EDGE_LOOP('',(#739,#740,#741,#742));
#5612=EDGE_LOOP('',(#743,#744,#745,#746,#747,#748,#749,#750));
#5613=EDGE_LOOP('',(#751,#752,#753,#754));
#5614=EDGE_LOOP('',(#755,#756,#757,#758,#759,#760));
#5615=EDGE_LOOP('',(#761,#762,#763,#764));
#5616=EDGE_LOOP('',(#765,#766,#767,#768));
#5617=EDGE_LOOP('',(#769,#770,#771,#772));
#5618=EDGE_LOOP('',(#773,#774,#775,#776));
#5619=EDGE_LOOP('',(#777,#778,#779,#780));
#5620=EDGE_LOOP('',(#781,#782,#783,#784));
#5621=EDGE_LOOP('',(#785,#786,#787,#788));
#5622=EDGE_LOOP('',(#789,#790,#791,#792));
#5623=EDGE_LOOP('',(#793,#794,#795,#796,#797,#798,#799,#800,#801,#802,#803,
#804));
#5624=EDGE_LOOP('',(#805,#806,#807,#808));
#5625=EDGE_LOOP('',(#809,#810,#811,#812,#813,#814));
#5626=EDGE_LOOP('',(#815,#816,#817,#818,#819,#820,#821,#822,#823,#824));
#5627=EDGE_LOOP('',(#825,#826,#827,#828));
#5628=EDGE_LOOP('',(#829,#830,#831,#832,#833,#834,#835,#836,#837,#838,#839,
#840));
#5629=EDGE_LOOP('',(#841,#842,#843,#844,#845,#846,#847));
#5630=EDGE_LOOP('',(#848,#849,#850,#851));
#5631=EDGE_LOOP('',(#852,#853,#854,#855,#856,#857,#858));
#5632=EDGE_LOOP('',(#859,#860,#861,#862));
#5633=EDGE_LOOP('',(#863,#864,#865,#866));
#5634=EDGE_LOOP('',(#867,#868,#869,#870));
#5635=EDGE_LOOP('',(#871,#872,#873,#874));
#5636=EDGE_LOOP('',(#875,#876,#877,#878));
#5637=EDGE_LOOP('',(#879,#880,#881,#882,#883,#884));
#5638=EDGE_LOOP('',(#885,#886,#887,#888,#889,#890,#891,#892));
#5639=EDGE_LOOP('',(#893,#894,#895,#896,#897));
#5640=EDGE_LOOP('',(#898,#899,#900,#901,#902));
#5641=EDGE_LOOP('',(#903,#904,#905,#906,#907,#908));
#5642=EDGE_LOOP('',(#909,#910,#911,#912,#913,#914,#915,#916,#917,#918,#919,
#920,#921,#922));
#5643=EDGE_LOOP('',(#923,#924,#925,#926));
#5644=EDGE_LOOP('',(#927,#928,#929,#930));
#5645=EDGE_LOOP('',(#931,#932,#933,#934));
#5646=EDGE_LOOP('',(#935,#936,#937,#938));
#5647=EDGE_LOOP('',(#939,#940,#941,#942));
#5648=EDGE_LOOP('',(#943,#944,#945,#946,#947));
#5649=EDGE_LOOP('',(#948,#949,#950,#951,#952));
#5650=EDGE_LOOP('',(#953,#954,#955,#956));
#5651=EDGE_LOOP('',(#957,#958,#959,#960));
#5652=EDGE_LOOP('',(#961,#962,#963,#964));
#5653=EDGE_LOOP('',(#965,#966,#967,#968,#969,#970,#971,#972,#973,#974,#975));
#5654=EDGE_LOOP('',(#976,#977,#978,#979,#980,#981,#982,#983));
#5655=EDGE_LOOP('',(#984,#985,#986,#987));
#5656=EDGE_LOOP('',(#988,#989,#990,#991,#992,#993,#994,#995));
#5657=EDGE_LOOP('',(#996,#997,#998,#999,#1000,#1001));
#5658=EDGE_LOOP('',(#1002,#1003,#1004,#1005));
#5659=EDGE_LOOP('',(#1006,#1007,#1008,#1009,#1010,#1011));
#5660=EDGE_LOOP('',(#1012,#1013,#1014,#1015));
#5661=EDGE_LOOP('',(#1016,#1017,#1018,#1019));
#5662=EDGE_LOOP('',(#1020,#1021,#1022,#1023,#1024,#1025));
#5663=EDGE_LOOP('',(#1026,#1027,#1028,#1029,#1030,#1031,#1032,#1033));
#5664=EDGE_LOOP('',(#1034,#1035,#1036,#1037));
#5665=EDGE_LOOP('',(#1038,#1039,#1040,#1041,#1042,#1043));
#5666=EDGE_LOOP('',(#1044,#1045,#1046,#1047));
#5667=EDGE_LOOP('',(#1048,#1049,#1050,#1051));
#5668=EDGE_LOOP('',(#1052,#1053,#1054,#1055));
#5669=EDGE_LOOP('',(#1056,#1057,#1058,#1059));
#5670=EDGE_LOOP('',(#1060,#1061,#1062,#1063));
#5671=EDGE_LOOP('',(#1064,#1065,#1066,#1067));
#5672=EDGE_LOOP('',(#1068,#1069,#1070,#1071));
#5673=EDGE_LOOP('',(#1072,#1073,#1074,#1075));
#5674=EDGE_LOOP('',(#1076,#1077,#1078,#1079,#1080,#1081,#1082,#1083,#1084,
#1085,#1086,#1087));
#5675=EDGE_LOOP('',(#1088,#1089,#1090,#1091));
#5676=EDGE_LOOP('',(#1092,#1093,#1094,#1095,#1096,#1097));
#5677=EDGE_LOOP('',(#1098,#1099,#1100,#1101,#1102,#1103,#1104,#1105,#1106,
#1107));
#5678=EDGE_LOOP('',(#1108,#1109,#1110,#1111));
#5679=EDGE_LOOP('',(#1112,#1113,#1114,#1115,#1116,#1117,#1118,#1119,#1120,
#1121,#1122,#1123));
#5680=EDGE_LOOP('',(#1124,#1125,#1126,#1127,#1128,#1129,#1130,#1131,#1132,
#1133,#1134));
#5681=EDGE_LOOP('',(#1135,#1136,#1137,#1138,#1139));
#5682=EDGE_LOOP('',(#1140,#1141,#1142,#1143,#1144));
#5683=EDGE_LOOP('',(#1145,#1146,#1147,#1148,#1149,#1150,#1151,#1152,#1153,
#1154,#1155,#1156));
#5684=EDGE_LOOP('',(#1157,#1158,#1159,#1160,#1161,#1162,#1163,#1164));
#5685=EDGE_LOOP('',(#1165,#1166,#1167,#1168,#1169,#1170,#1171,#1172,#1173,
#1174,#1175,#1176));
#5686=EDGE_LOOP('',(#1177,#1178,#1179,#1180,#1181,#1182,#1183,#1184));
#5687=EDGE_LOOP('',(#1185,#1186,#1187,#1188));
#5688=EDGE_LOOP('',(#1189,#1190,#1191,#1192,#1193));
#5689=EDGE_LOOP('',(#1194,#1195,#1196,#1197));
#5690=EDGE_LOOP('',(#1198,#1199,#1200,#1201));
#5691=EDGE_LOOP('',(#1202,#1203,#1204,#1205));
#5692=EDGE_LOOP('',(#1206,#1207,#1208,#1209));
#5693=EDGE_LOOP('',(#1210,#1211,#1212,#1213));
#5694=EDGE_LOOP('',(#1214,#1215,#1216,#1217));
#5695=EDGE_LOOP('',(#1218,#1219,#1220,#1221));
#5696=EDGE_LOOP('',(#1222,#1223,#1224,#1225));
#5697=EDGE_LOOP('',(#1226,#1227,#1228,#1229));
#5698=EDGE_LOOP('',(#1230,#1231,#1232,#1233));
#5699=EDGE_LOOP('',(#1234,#1235,#1236,#1237));
#5700=EDGE_LOOP('',(#1238,#1239,#1240,#1241));
#5701=EDGE_LOOP('',(#1242,#1243,#1244,#1245));
#5702=EDGE_LOOP('',(#1246,#1247,#1248,#1249));
#5703=EDGE_LOOP('',(#1250,#1251,#1252,#1253,#1254));
#5704=EDGE_LOOP('',(#1255,#1256,#1257,#1258));
#5705=EDGE_LOOP('',(#1259,#1260,#1261,#1262,#1263));
#5706=EDGE_LOOP('',(#1264,#1265,#1266,#1267));
#5707=EDGE_LOOP('',(#1268,#1269,#1270,#1271));
#5708=EDGE_LOOP('',(#1272,#1273,#1274,#1275));
#5709=EDGE_LOOP('',(#1276,#1277,#1278,#1279));
#5710=EDGE_LOOP('',(#1280,#1281,#1282,#1283));
#5711=EDGE_LOOP('',(#1284,#1285,#1286,#1287));
#5712=EDGE_LOOP('',(#1288,#1289,#1290,#1291));
#5713=EDGE_LOOP('',(#1292,#1293,#1294,#1295,#1296));
#5714=EDGE_LOOP('',(#1297,#1298,#1299,#1300));
#5715=EDGE_LOOP('',(#1301,#1302,#1303,#1304,#1305));
#5716=EDGE_LOOP('',(#1306,#1307,#1308,#1309));
#5717=EDGE_LOOP('',(#1310,#1311,#1312,#1313));
#5718=EDGE_LOOP('',(#1314,#1315,#1316,#1317));
#5719=EDGE_LOOP('',(#1318,#1319,#1320,#1321));
#5720=EDGE_LOOP('',(#1322,#1323,#1324,#1325));
#5721=EDGE_LOOP('',(#1326,#1327,#1328,#1329));
#5722=EDGE_LOOP('',(#1330,#1331,#1332,#1333));
#5723=EDGE_LOOP('',(#1334,#1335,#1336,#1337,#1338));
#5724=EDGE_LOOP('',(#1339,#1340,#1341,#1342));
#5725=EDGE_LOOP('',(#1343,#1344,#1345,#1346,#1347));
#5726=EDGE_LOOP('',(#1348,#1349,#1350,#1351));
#5727=EDGE_LOOP('',(#1352,#1353,#1354,#1355));
#5728=EDGE_LOOP('',(#1356,#1357,#1358,#1359));
#5729=EDGE_LOOP('',(#1360,#1361,#1362,#1363));
#5730=EDGE_LOOP('',(#1364,#1365,#1366,#1367));
#5731=EDGE_LOOP('',(#1368,#1369,#1370,#1371));
#5732=EDGE_LOOP('',(#1372,#1373,#1374,#1375));
#5733=EDGE_LOOP('',(#1376,#1377,#1378,#1379,#1380));
#5734=EDGE_LOOP('',(#1381,#1382,#1383,#1384));
#5735=EDGE_LOOP('',(#1385,#1386,#1387,#1388,#1389));
#5736=EDGE_LOOP('',(#1390,#1391,#1392,#1393));
#5737=EDGE_LOOP('',(#1394,#1395,#1396,#1397));
#5738=EDGE_LOOP('',(#1398,#1399,#1400,#1401));
#5739=EDGE_LOOP('',(#1402,#1403,#1404,#1405));
#5740=EDGE_LOOP('',(#1406,#1407,#1408,#1409));
#5741=EDGE_LOOP('',(#1410,#1411,#1412,#1413));
#5742=EDGE_LOOP('',(#1414,#1415,#1416,#1417));
#5743=EDGE_LOOP('',(#1418,#1419,#1420,#1421,#1422));
#5744=EDGE_LOOP('',(#1423,#1424,#1425,#1426));
#5745=EDGE_LOOP('',(#1427,#1428,#1429,#1430,#1431));
#5746=EDGE_LOOP('',(#1432,#1433,#1434,#1435));
#5747=EDGE_LOOP('',(#1436,#1437,#1438,#1439));
#5748=EDGE_LOOP('',(#1440,#1441,#1442,#1443));
#5749=EDGE_LOOP('',(#1444,#1445,#1446,#1447));
#5750=EDGE_LOOP('',(#1448,#1449,#1450,#1451));
#5751=EDGE_LOOP('',(#1452,#1453,#1454,#1455));
#5752=EDGE_LOOP('',(#1456,#1457,#1458,#1459));
#5753=EDGE_LOOP('',(#1460,#1461,#1462,#1463,#1464));
#5754=EDGE_LOOP('',(#1465,#1466,#1467,#1468));
#5755=EDGE_LOOP('',(#1469,#1470,#1471,#1472,#1473));
#5756=EDGE_LOOP('',(#1474,#1475,#1476,#1477));
#5757=EDGE_LOOP('',(#1478,#1479,#1480,#1481));
#5758=EDGE_LOOP('',(#1482,#1483,#1484,#1485));
#5759=EDGE_LOOP('',(#1486,#1487,#1488,#1489));
#5760=EDGE_LOOP('',(#1490,#1491,#1492,#1493));
#5761=EDGE_LOOP('',(#1494,#1495,#1496,#1497));
#5762=EDGE_LOOP('',(#1498,#1499,#1500,#1501));
#5763=EDGE_LOOP('',(#1502,#1503,#1504,#1505,#1506));
#5764=EDGE_LOOP('',(#1507,#1508,#1509,#1510));
#5765=EDGE_LOOP('',(#1511,#1512,#1513,#1514,#1515));
#5766=EDGE_LOOP('',(#1516,#1517,#1518,#1519));
#5767=EDGE_LOOP('',(#1520,#1521,#1522,#1523));
#5768=EDGE_LOOP('',(#1524,#1525,#1526,#1527));
#5769=EDGE_LOOP('',(#1528,#1529,#1530,#1531));
#5770=EDGE_LOOP('',(#1532,#1533,#1534,#1535));
#5771=EDGE_LOOP('',(#1536,#1537,#1538,#1539));
#5772=EDGE_LOOP('',(#1540,#1541,#1542,#1543));
#5773=EDGE_LOOP('',(#1544,#1545,#1546,#1547,#1548));
#5774=EDGE_LOOP('',(#1549,#1550,#1551,#1552));
#5775=EDGE_LOOP('',(#1553,#1554,#1555,#1556,#1557));
#5776=EDGE_LOOP('',(#1558,#1559,#1560,#1561));
#5777=EDGE_LOOP('',(#1562,#1563,#1564,#1565));
#5778=EDGE_LOOP('',(#1566,#1567,#1568,#1569));
#5779=EDGE_LOOP('',(#1570,#1571,#1572,#1573));
#5780=EDGE_LOOP('',(#1574,#1575,#1576,#1577));
#5781=EDGE_LOOP('',(#1578,#1579,#1580,#1581));
#5782=EDGE_LOOP('',(#1582,#1583,#1584,#1585));
#5783=EDGE_LOOP('',(#1586,#1587,#1588,#1589,#1590));
#5784=EDGE_LOOP('',(#1591,#1592,#1593,#1594));
#5785=EDGE_LOOP('',(#1595,#1596,#1597,#1598,#1599));
#5786=EDGE_LOOP('',(#1600,#1601,#1602,#1603));
#5787=EDGE_LOOP('',(#1604,#1605,#1606,#1607));
#5788=EDGE_LOOP('',(#1608,#1609,#1610,#1611));
#5789=EDGE_LOOP('',(#1612,#1613,#1614,#1615));
#5790=EDGE_LOOP('',(#1616,#1617,#1618,#1619));
#5791=EDGE_LOOP('',(#1620,#1621,#1622,#1623));
#5792=EDGE_LOOP('',(#1624,#1625,#1626,#1627));
#5793=EDGE_LOOP('',(#1628,#1629,#1630,#1631,#1632));
#5794=EDGE_LOOP('',(#1633,#1634,#1635,#1636));
#5795=EDGE_LOOP('',(#1637,#1638,#1639,#1640,#1641));
#5796=EDGE_LOOP('',(#1642,#1643,#1644,#1645));
#5797=EDGE_LOOP('',(#1646,#1647,#1648,#1649));
#5798=EDGE_LOOP('',(#1650,#1651,#1652,#1653));
#5799=EDGE_LOOP('',(#1654,#1655,#1656,#1657));
#5800=EDGE_LOOP('',(#1658,#1659,#1660,#1661));
#5801=EDGE_LOOP('',(#1662,#1663,#1664,#1665));
#5802=EDGE_LOOP('',(#1666,#1667,#1668,#1669));
#5803=EDGE_LOOP('',(#1670,#1671,#1672,#1673));
#5804=EDGE_LOOP('',(#1674,#1675,#1676,#1677));
#5805=EDGE_LOOP('',(#1678,#1679,#1680,#1681));
#5806=EDGE_LOOP('',(#1682,#1683,#1684,#1685));
#5807=EDGE_LOOP('',(#1686,#1687,#1688,#1689));
#5808=EDGE_LOOP('',(#1690,#1691,#1692,#1693,#1694,#1695,#1696,#1697,#1698,
#1699,#1700,#1701,#1702,#1703,#1704,#1705,#1706,#1707,#1708,#1709,#1710,
#1711,#1712,#1713,#1714,#1715,#1716,#1717));
#5809=EDGE_LOOP('',(#1718,#1719,#1720,#1721));
#5810=EDGE_LOOP('',(#1722,#1723,#1724,#1725));
#5811=EDGE_LOOP('',(#1726,#1727,#1728,#1729));
#5812=EDGE_LOOP('',(#1730,#1731,#1732,#1733));
#5813=EDGE_LOOP('',(#1734,#1735,#1736,#1737));
#5814=EDGE_LOOP('',(#1738,#1739,#1740,#1741));
#5815=EDGE_LOOP('',(#1742,#1743,#1744,#1745));
#5816=EDGE_LOOP('',(#1746,#1747,#1748,#1749,#1750));
#5817=EDGE_LOOP('',(#1751,#1752,#1753,#1754));
#5818=EDGE_LOOP('',(#1755,#1756,#1757,#1758,#1759));
#5819=EDGE_LOOP('',(#1760,#1761,#1762,#1763));
#5820=EDGE_LOOP('',(#1764,#1765,#1766,#1767));
#5821=EDGE_LOOP('',(#1768,#1769,#1770,#1771));
#5822=EDGE_LOOP('',(#1772,#1773,#1774,#1775));
#5823=EDGE_LOOP('',(#1776,#1777,#1778,#1779));
#5824=EDGE_LOOP('',(#1780,#1781,#1782,#1783));
#5825=EDGE_LOOP('',(#1784,#1785,#1786,#1787));
#5826=EDGE_LOOP('',(#1788,#1789,#1790,#1791));
#5827=EDGE_LOOP('',(#1792,#1793,#1794,#1795));
#5828=EDGE_LOOP('',(#1796,#1797,#1798,#1799));
#5829=EDGE_LOOP('',(#1800,#1801,#1802,#1803));
#5830=EDGE_LOOP('',(#1804,#1805,#1806,#1807));
#5831=EDGE_LOOP('',(#1808,#1809,#1810,#1811));
#5832=EDGE_LOOP('',(#1812,#1813,#1814,#1815));
#5833=EDGE_LOOP('',(#1816,#1817,#1818,#1819));
#5834=EDGE_LOOP('',(#1820,#1821,#1822,#1823));
#5835=EDGE_LOOP('',(#1824,#1825,#1826,#1827,#1828));
#5836=EDGE_LOOP('',(#1829,#1830,#1831,#1832,#1833,#1834,#1835,#1836,#1837,
#1838,#1839,#1840,#1841,#1842,#1843,#1844,#1845,#1846,#1847,#1848,#1849,
#1850,#1851,#1852,#1853,#1854,#1855,#1856,#1857,#1858,#1859,#1860,#1861,
#1862,#1863,#1864,#1865,#1866,#1867,#1868,#1869,#1870,#1871,#1872,#1873,
#1874,#1875,#1876,#1877,#1878,#1879,#1880));
#5837=EDGE_LOOP('',(#1881,#1882,#1883,#1884,#1885,#1886,#1887,#1888,#1889,
#1890));
#5838=EDGE_LOOP('',(#1891,#1892,#1893,#1894,#1895,#1896,#1897,#1898,#1899,
#1900,#1901,#1902));
#5839=EDGE_LOOP('',(#1903,#1904,#1905,#1906));
#5840=EDGE_LOOP('',(#1907,#1908,#1909,#1910));
#5841=EDGE_LOOP('',(#1911,#1912,#1913,#1914));
#5842=EDGE_LOOP('',(#1915,#1916,#1917,#1918));
#5843=EDGE_LOOP('',(#1919,#1920,#1921,#1922));
#5844=EDGE_LOOP('',(#1923,#1924,#1925,#1926));
#5845=EDGE_LOOP('',(#1927,#1928,#1929,#1930));
#5846=EDGE_LOOP('',(#1931,#1932,#1933,#1934));
#5847=EDGE_LOOP('',(#1935,#1936,#1937,#1938));
#5848=EDGE_LOOP('',(#1939,#1940,#1941,#1942));
#5849=EDGE_LOOP('',(#1943,#1944,#1945,#1946,#1947,#1948,#1949,#1950));
#5850=EDGE_LOOP('',(#1951,#1952,#1953,#1954));
#5851=EDGE_LOOP('',(#1955,#1956,#1957,#1958));
#5852=EDGE_LOOP('',(#1959,#1960,#1961,#1962,#1963,#1964,#1965,#1966));
#5853=EDGE_LOOP('',(#1967,#1968,#1969,#1970,#1971,#1972,#1973,#1974,#1975,
#1976,#1977,#1978,#1979,#1980));
#5854=EDGE_LOOP('',(#1981,#1982,#1983,#1984));
#5855=EDGE_LOOP('',(#1985,#1986,#1987,#1988));
#5856=EDGE_LOOP('',(#1989,#1990,#1991,#1992));
#5857=EDGE_LOOP('',(#1993,#1994,#1995,#1996));
#5858=EDGE_LOOP('',(#1997,#1998,#1999,#2000));
#5859=EDGE_LOOP('',(#2001,#2002,#2003,#2004));
#5860=EDGE_LOOP('',(#2005,#2006,#2007,#2008,#2009,#2010,#2011,#2012,#2013,
#2014,#2015,#2016,#2017,#2018,#2019,#2020));
#5861=EDGE_LOOP('',(#2021,#2022,#2023,#2024));
#5862=EDGE_LOOP('',(#2025,#2026,#2027,#2028));
#5863=EDGE_LOOP('',(#2029,#2030,#2031,#2032,#2033,#2034));
#5864=EDGE_LOOP('',(#2035,#2036,#2037,#2038));
#5865=EDGE_LOOP('',(#2039,#2040,#2041,#2042));
#5866=EDGE_LOOP('',(#2043,#2044,#2045,#2046,#2047,#2048,#2049,#2050,#2051,
#2052,#2053,#2054));
#5867=EDGE_LOOP('',(#2055,#2056,#2057,#2058));
#5868=EDGE_LOOP('',(#2059,#2060,#2061,#2062));
#5869=EDGE_LOOP('',(#2063,#2064,#2065,#2066));
#5870=EDGE_LOOP('',(#2067,#2068,#2069,#2070));
#5871=EDGE_LOOP('',(#2071,#2072,#2073,#2074));
#5872=EDGE_LOOP('',(#2075,#2076,#2077,#2078,#2079,#2080,#2081,#2082,#2083,
#2084,#2085,#2086));
#5873=EDGE_LOOP('',(#2087,#2088,#2089,#2090,#2091,#2092,#2093,#2094,#2095,
#2096,#2097,#2098,#2099,#2100));
#5874=EDGE_LOOP('',(#2101,#2102,#2103,#2104));
#5875=EDGE_LOOP('',(#2105));
#5876=EDGE_LOOP('',(#2106));
#5877=EDGE_LOOP('',(#2107));
#5878=EDGE_LOOP('',(#2108));
#5879=EDGE_LOOP('',(#2109,#2110,#2111,#2112,#2113,#2114,#2115,#2116));
#5880=EDGE_LOOP('',(#2117));
#5881=EDGE_LOOP('',(#2118));
#5882=EDGE_LOOP('',(#2119));
#5883=EDGE_LOOP('',(#2120));
#5884=EDGE_LOOP('',(#2121));
#5885=EDGE_LOOP('',(#2122));
#5886=EDGE_LOOP('',(#2123));
#5887=EDGE_LOOP('',(#2124));
#5888=EDGE_LOOP('',(#2125,#2126,#2127,#2128));
#5889=EDGE_LOOP('',(#2129,#2130,#2131,#2132,#2133,#2134,#2135,#2136));
#5890=EDGE_LOOP('',(#2137));
#5891=EDGE_LOOP('',(#2138));
#5892=EDGE_LOOP('',(#2139,#2140,#2141,#2142,#2143,#2144,#2145,#2146));
#5893=EDGE_LOOP('',(#2147,#2148,#2149,#2150));
#5894=EDGE_LOOP('',(#2151,#2152,#2153,#2154,#2155,#2156,#2157));
#5895=EDGE_LOOP('',(#2158,#2159,#2160,#2161));
#5896=EDGE_LOOP('',(#2162,#2163,#2164,#2165));
#5897=EDGE_LOOP('',(#2166,#2167,#2168,#2169,#2170,#2171,#2172,#2173));
#5898=FACE_BOUND('',#5460,.T.);
#5899=FACE_BOUND('',#5461,.T.);
#5900=FACE_BOUND('',#5462,.T.);
#5901=FACE_BOUND('',#5463,.T.);
#5902=FACE_BOUND('',#5464,.T.);
#5903=FACE_BOUND('',#5465,.T.);
#5904=FACE_BOUND('',#5466,.T.);
#5905=FACE_BOUND('',#5467,.T.);
#5906=FACE_BOUND('',#5468,.T.);
#5907=FACE_BOUND('',#5469,.T.);
#5908=FACE_BOUND('',#5470,.T.);
#5909=FACE_BOUND('',#5471,.T.);
#5910=FACE_BOUND('',#5472,.T.);
#5911=FACE_BOUND('',#5473,.T.);
#5912=FACE_BOUND('',#5474,.T.);
#5913=FACE_BOUND('',#5475,.T.);
#5914=FACE_BOUND('',#5476,.T.);
#5915=FACE_BOUND('',#5477,.T.);
#5916=FACE_BOUND('',#5478,.T.);
#5917=FACE_BOUND('',#5479,.T.);
#5918=FACE_BOUND('',#5480,.T.);
#5919=FACE_BOUND('',#5481,.T.);
#5920=FACE_BOUND('',#5482,.T.);
#5921=FACE_BOUND('',#5483,.T.);
#5922=FACE_BOUND('',#5484,.T.);
#5923=FACE_BOUND('',#5485,.T.);
#5924=FACE_BOUND('',#5486,.T.);
#5925=FACE_BOUND('',#5487,.T.);
#5926=FACE_BOUND('',#5488,.T.);
#5927=FACE_BOUND('',#5489,.T.);
#5928=FACE_BOUND('',#5490,.T.);
#5929=FACE_BOUND('',#5491,.T.);
#5930=FACE_BOUND('',#5492,.T.);
#5931=FACE_BOUND('',#5493,.T.);
#5932=FACE_BOUND('',#5494,.T.);
#5933=FACE_BOUND('',#5495,.T.);
#5934=FACE_BOUND('',#5496,.T.);
#5935=FACE_BOUND('',#5497,.T.);
#5936=FACE_BOUND('',#5498,.T.);
#5937=FACE_BOUND('',#5499,.T.);
#5938=FACE_BOUND('',#5500,.T.);
#5939=FACE_BOUND('',#5501,.T.);
#5940=FACE_BOUND('',#5502,.T.);
#5941=FACE_BOUND('',#5503,.T.);
#5942=FACE_BOUND('',#5504,.T.);
#5943=FACE_BOUND('',#5505,.T.);
#5944=FACE_BOUND('',#5506,.T.);
#5945=FACE_BOUND('',#5507,.T.);
#5946=FACE_BOUND('',#5508,.T.);
#5947=FACE_BOUND('',#5509,.T.);
#5948=FACE_BOUND('',#5510,.T.);
#5949=FACE_BOUND('',#5511,.T.);
#5950=FACE_BOUND('',#5512,.T.);
#5951=FACE_BOUND('',#5513,.T.);
#5952=FACE_BOUND('',#5514,.T.);
#5953=FACE_BOUND('',#5515,.T.);
#5954=FACE_BOUND('',#5516,.T.);
#5955=FACE_BOUND('',#5517,.T.);
#5956=FACE_BOUND('',#5518,.T.);
#5957=FACE_BOUND('',#5519,.T.);
#5958=FACE_BOUND('',#5520,.T.);
#5959=FACE_BOUND('',#5521,.T.);
#5960=FACE_BOUND('',#5522,.T.);
#5961=FACE_BOUND('',#5523,.T.);
#5962=FACE_BOUND('',#5524,.T.);
#5963=FACE_BOUND('',#5525,.T.);
#5964=FACE_BOUND('',#5526,.T.);
#5965=FACE_BOUND('',#5527,.T.);
#5966=FACE_BOUND('',#5528,.T.);
#5967=FACE_BOUND('',#5529,.T.);
#5968=FACE_BOUND('',#5530,.T.);
#5969=FACE_BOUND('',#5531,.T.);
#5970=FACE_BOUND('',#5532,.T.);
#5971=FACE_BOUND('',#5533,.T.);
#5972=FACE_BOUND('',#5534,.T.);
#5973=FACE_BOUND('',#5535,.T.);
#5974=FACE_BOUND('',#5536,.T.);
#5975=FACE_BOUND('',#5537,.T.);
#5976=FACE_BOUND('',#5538,.T.);
#5977=FACE_BOUND('',#5539,.T.);
#5978=FACE_BOUND('',#5540,.T.);
#5979=FACE_BOUND('',#5541,.T.);
#5980=FACE_BOUND('',#5542,.T.);
#5981=FACE_BOUND('',#5543,.T.);
#5982=FACE_BOUND('',#5544,.T.);
#5983=FACE_BOUND('',#5545,.T.);
#5984=FACE_BOUND('',#5546,.T.);
#5985=FACE_BOUND('',#5547,.T.);
#5986=FACE_BOUND('',#5548,.T.);
#5987=FACE_BOUND('',#5549,.T.);
#5988=FACE_BOUND('',#5550,.T.);
#5989=FACE_BOUND('',#5551,.T.);
#5990=FACE_BOUND('',#5552,.T.);
#5991=FACE_BOUND('',#5553,.T.);
#5992=FACE_BOUND('',#5554,.T.);
#5993=FACE_BOUND('',#5555,.T.);
#5994=FACE_BOUND('',#5556,.T.);
#5995=FACE_BOUND('',#5557,.T.);
#5996=FACE_BOUND('',#5558,.T.);
#5997=FACE_BOUND('',#5559,.T.);
#5998=FACE_BOUND('',#5560,.T.);
#5999=FACE_BOUND('',#5561,.T.);
#6000=FACE_BOUND('',#5562,.T.);
#6001=FACE_BOUND('',#5563,.T.);
#6002=FACE_BOUND('',#5564,.T.);
#6003=FACE_BOUND('',#5565,.T.);
#6004=FACE_BOUND('',#5566,.T.);
#6005=FACE_BOUND('',#5567,.T.);
#6006=FACE_BOUND('',#5568,.T.);
#6007=FACE_BOUND('',#5569,.T.);
#6008=FACE_BOUND('',#5570,.T.);
#6009=FACE_BOUND('',#5571,.T.);
#6010=FACE_BOUND('',#5572,.T.);
#6011=FACE_BOUND('',#5573,.T.);
#6012=FACE_BOUND('',#5574,.T.);
#6013=FACE_BOUND('',#5575,.T.);
#6014=FACE_BOUND('',#5576,.T.);
#6015=FACE_BOUND('',#5577,.T.);
#6016=FACE_BOUND('',#5578,.T.);
#6017=FACE_BOUND('',#5579,.T.);
#6018=FACE_BOUND('',#5580,.T.);
#6019=FACE_BOUND('',#5581,.T.);
#6020=FACE_BOUND('',#5582,.T.);
#6021=FACE_BOUND('',#5583,.T.);
#6022=FACE_BOUND('',#5584,.T.);
#6023=FACE_BOUND('',#5585,.T.);
#6024=FACE_BOUND('',#5586,.T.);
#6025=FACE_BOUND('',#5587,.T.);
#6026=FACE_BOUND('',#5588,.T.);
#6027=FACE_BOUND('',#5589,.T.);
#6028=FACE_BOUND('',#5590,.T.);
#6029=FACE_BOUND('',#5591,.T.);
#6030=FACE_BOUND('',#5592,.T.);
#6031=FACE_BOUND('',#5593,.T.);
#6032=FACE_BOUND('',#5594,.T.);
#6033=FACE_BOUND('',#5595,.T.);
#6034=FACE_BOUND('',#5596,.T.);
#6035=FACE_BOUND('',#5597,.T.);
#6036=FACE_BOUND('',#5598,.T.);
#6037=FACE_BOUND('',#5599,.T.);
#6038=FACE_BOUND('',#5600,.T.);
#6039=FACE_BOUND('',#5601,.T.);
#6040=FACE_BOUND('',#5602,.T.);
#6041=FACE_BOUND('',#5603,.T.);
#6042=FACE_BOUND('',#5604,.T.);
#6043=FACE_BOUND('',#5605,.T.);
#6044=FACE_BOUND('',#5606,.T.);
#6045=FACE_BOUND('',#5607,.T.);
#6046=FACE_BOUND('',#5608,.T.);
#6047=FACE_BOUND('',#5609,.T.);
#6048=FACE_BOUND('',#5610,.T.);
#6049=FACE_BOUND('',#5611,.T.);
#6050=FACE_BOUND('',#5612,.T.);
#6051=FACE_BOUND('',#5613,.T.);
#6052=FACE_BOUND('',#5614,.T.);
#6053=FACE_BOUND('',#5615,.T.);
#6054=FACE_BOUND('',#5616,.T.);
#6055=FACE_BOUND('',#5617,.T.);
#6056=FACE_BOUND('',#5618,.T.);
#6057=FACE_BOUND('',#5619,.T.);
#6058=FACE_BOUND('',#5620,.T.);
#6059=FACE_BOUND('',#5621,.T.);
#6060=FACE_BOUND('',#5622,.T.);
#6061=FACE_BOUND('',#5623,.T.);
#6062=FACE_BOUND('',#5624,.T.);
#6063=FACE_BOUND('',#5625,.T.);
#6064=FACE_BOUND('',#5626,.T.);
#6065=FACE_BOUND('',#5627,.T.);
#6066=FACE_BOUND('',#5628,.T.);
#6067=FACE_BOUND('',#5629,.T.);
#6068=FACE_BOUND('',#5630,.T.);
#6069=FACE_BOUND('',#5631,.T.);
#6070=FACE_BOUND('',#5632,.T.);
#6071=FACE_BOUND('',#5633,.T.);
#6072=FACE_BOUND('',#5634,.T.);
#6073=FACE_BOUND('',#5635,.T.);
#6074=FACE_BOUND('',#5636,.T.);
#6075=FACE_BOUND('',#5637,.T.);
#6076=FACE_BOUND('',#5638,.T.);
#6077=FACE_BOUND('',#5639,.T.);
#6078=FACE_BOUND('',#5640,.T.);
#6079=FACE_BOUND('',#5641,.T.);
#6080=FACE_BOUND('',#5642,.T.);
#6081=FACE_BOUND('',#5643,.T.);
#6082=FACE_BOUND('',#5644,.T.);
#6083=FACE_BOUND('',#5645,.T.);
#6084=FACE_BOUND('',#5646,.T.);
#6085=FACE_BOUND('',#5647,.T.);
#6086=FACE_BOUND('',#5648,.T.);
#6087=FACE_BOUND('',#5649,.T.);
#6088=FACE_BOUND('',#5650,.T.);
#6089=FACE_BOUND('',#5651,.T.);
#6090=FACE_BOUND('',#5652,.T.);
#6091=FACE_BOUND('',#5653,.T.);
#6092=FACE_BOUND('',#5654,.T.);
#6093=FACE_BOUND('',#5655,.T.);
#6094=FACE_BOUND('',#5656,.T.);
#6095=FACE_BOUND('',#5657,.T.);
#6096=FACE_BOUND('',#5658,.T.);
#6097=FACE_BOUND('',#5659,.T.);
#6098=FACE_BOUND('',#5660,.T.);
#6099=FACE_BOUND('',#5661,.T.);
#6100=FACE_BOUND('',#5662,.T.);
#6101=FACE_BOUND('',#5663,.T.);
#6102=FACE_BOUND('',#5664,.T.);
#6103=FACE_BOUND('',#5665,.T.);
#6104=FACE_BOUND('',#5666,.T.);
#6105=FACE_BOUND('',#5667,.T.);
#6106=FACE_BOUND('',#5668,.T.);
#6107=FACE_BOUND('',#5669,.T.);
#6108=FACE_BOUND('',#5670,.T.);
#6109=FACE_BOUND('',#5671,.T.);
#6110=FACE_BOUND('',#5672,.T.);
#6111=FACE_BOUND('',#5673,.T.);
#6112=FACE_BOUND('',#5674,.T.);
#6113=FACE_BOUND('',#5675,.T.);
#6114=FACE_BOUND('',#5676,.T.);
#6115=FACE_BOUND('',#5677,.T.);
#6116=FACE_BOUND('',#5678,.T.);
#6117=FACE_BOUND('',#5679,.T.);
#6118=FACE_BOUND('',#5680,.T.);
#6119=FACE_BOUND('',#5681,.T.);
#6120=FACE_BOUND('',#5682,.T.);
#6121=FACE_BOUND('',#5683,.T.);
#6122=FACE_BOUND('',#5684,.T.);
#6123=FACE_BOUND('',#5685,.T.);
#6124=FACE_BOUND('',#5686,.T.);
#6125=FACE_BOUND('',#5687,.T.);
#6126=FACE_BOUND('',#5688,.T.);
#6127=FACE_BOUND('',#5689,.T.);
#6128=FACE_BOUND('',#5690,.T.);
#6129=FACE_BOUND('',#5691,.T.);
#6130=FACE_BOUND('',#5692,.T.);
#6131=FACE_BOUND('',#5693,.T.);
#6132=FACE_BOUND('',#5694,.T.);
#6133=FACE_BOUND('',#5695,.T.);
#6134=FACE_BOUND('',#5696,.T.);
#6135=FACE_BOUND('',#5697,.T.);
#6136=FACE_BOUND('',#5698,.T.);
#6137=FACE_BOUND('',#5699,.T.);
#6138=FACE_BOUND('',#5700,.T.);
#6139=FACE_BOUND('',#5701,.T.);
#6140=FACE_BOUND('',#5702,.T.);
#6141=FACE_BOUND('',#5703,.T.);
#6142=FACE_BOUND('',#5704,.T.);
#6143=FACE_BOUND('',#5705,.T.);
#6144=FACE_BOUND('',#5706,.T.);
#6145=FACE_BOUND('',#5707,.T.);
#6146=FACE_BOUND('',#5708,.T.);
#6147=FACE_BOUND('',#5709,.T.);
#6148=FACE_BOUND('',#5710,.T.);
#6149=FACE_BOUND('',#5711,.T.);
#6150=FACE_BOUND('',#5712,.T.);
#6151=FACE_BOUND('',#5713,.T.);
#6152=FACE_BOUND('',#5714,.T.);
#6153=FACE_BOUND('',#5715,.T.);
#6154=FACE_BOUND('',#5716,.T.);
#6155=FACE_BOUND('',#5717,.T.);
#6156=FACE_BOUND('',#5718,.T.);
#6157=FACE_BOUND('',#5719,.T.);
#6158=FACE_BOUND('',#5720,.T.);
#6159=FACE_BOUND('',#5721,.T.);
#6160=FACE_BOUND('',#5722,.T.);
#6161=FACE_BOUND('',#5723,.T.);
#6162=FACE_BOUND('',#5724,.T.);
#6163=FACE_BOUND('',#5725,.T.);
#6164=FACE_BOUND('',#5726,.T.);
#6165=FACE_BOUND('',#5727,.T.);
#6166=FACE_BOUND('',#5728,.T.);
#6167=FACE_BOUND('',#5729,.T.);
#6168=FACE_BOUND('',#5730,.T.);
#6169=FACE_BOUND('',#5731,.T.);
#6170=FACE_BOUND('',#5732,.T.);
#6171=FACE_BOUND('',#5733,.T.);
#6172=FACE_BOUND('',#5734,.T.);
#6173=FACE_BOUND('',#5735,.T.);
#6174=FACE_BOUND('',#5736,.T.);
#6175=FACE_BOUND('',#5737,.T.);
#6176=FACE_BOUND('',#5738,.T.);
#6177=FACE_BOUND('',#5739,.T.);
#6178=FACE_BOUND('',#5740,.T.);
#6179=FACE_BOUND('',#5741,.T.);
#6180=FACE_BOUND('',#5742,.T.);
#6181=FACE_BOUND('',#5743,.T.);
#6182=FACE_BOUND('',#5744,.T.);
#6183=FACE_BOUND('',#5745,.T.);
#6184=FACE_BOUND('',#5746,.T.);
#6185=FACE_BOUND('',#5747,.T.);
#6186=FACE_BOUND('',#5748,.T.);
#6187=FACE_BOUND('',#5749,.T.);
#6188=FACE_BOUND('',#5750,.T.);
#6189=FACE_BOUND('',#5751,.T.);
#6190=FACE_BOUND('',#5752,.T.);
#6191=FACE_BOUND('',#5753,.T.);
#6192=FACE_BOUND('',#5754,.T.);
#6193=FACE_BOUND('',#5755,.T.);
#6194=FACE_BOUND('',#5756,.T.);
#6195=FACE_BOUND('',#5757,.T.);
#6196=FACE_BOUND('',#5758,.T.);
#6197=FACE_BOUND('',#5759,.T.);
#6198=FACE_BOUND('',#5760,.T.);
#6199=FACE_BOUND('',#5761,.T.);
#6200=FACE_BOUND('',#5762,.T.);
#6201=FACE_BOUND('',#5763,.T.);
#6202=FACE_BOUND('',#5764,.T.);
#6203=FACE_BOUND('',#5765,.T.);
#6204=FACE_BOUND('',#5766,.T.);
#6205=FACE_BOUND('',#5767,.T.);
#6206=FACE_BOUND('',#5768,.T.);
#6207=FACE_BOUND('',#5769,.T.);
#6208=FACE_BOUND('',#5770,.T.);
#6209=FACE_BOUND('',#5771,.T.);
#6210=FACE_BOUND('',#5772,.T.);
#6211=FACE_BOUND('',#5773,.T.);
#6212=FACE_BOUND('',#5774,.T.);
#6213=FACE_BOUND('',#5775,.T.);
#6214=FACE_BOUND('',#5776,.T.);
#6215=FACE_BOUND('',#5777,.T.);
#6216=FACE_BOUND('',#5778,.T.);
#6217=FACE_BOUND('',#5779,.T.);
#6218=FACE_BOUND('',#5780,.T.);
#6219=FACE_BOUND('',#5781,.T.);
#6220=FACE_BOUND('',#5782,.T.);
#6221=FACE_BOUND('',#5783,.T.);
#6222=FACE_BOUND('',#5784,.T.);
#6223=FACE_BOUND('',#5785,.T.);
#6224=FACE_BOUND('',#5786,.T.);
#6225=FACE_BOUND('',#5787,.T.);
#6226=FACE_BOUND('',#5788,.T.);
#6227=FACE_BOUND('',#5789,.T.);
#6228=FACE_BOUND('',#5790,.T.);
#6229=FACE_BOUND('',#5791,.T.);
#6230=FACE_BOUND('',#5792,.T.);
#6231=FACE_BOUND('',#5793,.T.);
#6232=FACE_BOUND('',#5794,.T.);
#6233=FACE_BOUND('',#5795,.T.);
#6234=FACE_BOUND('',#5796,.T.);
#6235=FACE_BOUND('',#5797,.T.);
#6236=FACE_BOUND('',#5798,.T.);
#6237=FACE_BOUND('',#5799,.T.);
#6238=FACE_BOUND('',#5800,.T.);
#6239=FACE_BOUND('',#5801,.T.);
#6240=FACE_BOUND('',#5802,.T.);
#6241=FACE_BOUND('',#5803,.T.);
#6242=FACE_BOUND('',#5804,.T.);
#6243=FACE_BOUND('',#5805,.T.);
#6244=FACE_BOUND('',#5806,.T.);
#6245=FACE_BOUND('',#5807,.T.);
#6246=FACE_BOUND('',#5808,.T.);
#6247=FACE_BOUND('',#5809,.T.);
#6248=FACE_BOUND('',#5810,.T.);
#6249=FACE_BOUND('',#5811,.T.);
#6250=FACE_BOUND('',#5812,.T.);
#6251=FACE_BOUND('',#5813,.T.);
#6252=FACE_BOUND('',#5814,.T.);
#6253=FACE_BOUND('',#5815,.T.);
#6254=FACE_BOUND('',#5816,.T.);
#6255=FACE_BOUND('',#5817,.T.);
#6256=FACE_BOUND('',#5818,.T.);
#6257=FACE_BOUND('',#5819,.T.);
#6258=FACE_BOUND('',#5820,.T.);
#6259=FACE_BOUND('',#5821,.T.);
#6260=FACE_BOUND('',#5822,.T.);
#6261=FACE_BOUND('',#5823,.T.);
#6262=FACE_BOUND('',#5824,.T.);
#6263=FACE_BOUND('',#5825,.T.);
#6264=FACE_BOUND('',#5826,.T.);
#6265=FACE_BOUND('',#5827,.T.);
#6266=FACE_BOUND('',#5828,.T.);
#6267=FACE_BOUND('',#5829,.T.);
#6268=FACE_BOUND('',#5830,.T.);
#6269=FACE_BOUND('',#5831,.T.);
#6270=FACE_BOUND('',#5832,.T.);
#6271=FACE_BOUND('',#5833,.T.);
#6272=FACE_BOUND('',#5834,.T.);
#6273=FACE_BOUND('',#5835,.T.);
#6274=FACE_BOUND('',#5836,.T.);
#6275=FACE_BOUND('',#5837,.T.);
#6276=FACE_BOUND('',#5838,.T.);
#6277=FACE_BOUND('',#5839,.T.);
#6278=FACE_BOUND('',#5840,.T.);
#6279=FACE_BOUND('',#5841,.T.);
#6280=FACE_BOUND('',#5842,.T.);
#6281=FACE_BOUND('',#5843,.T.);
#6282=FACE_BOUND('',#5844,.T.);
#6283=FACE_BOUND('',#5845,.T.);
#6284=FACE_BOUND('',#5846,.T.);
#6285=FACE_BOUND('',#5847,.T.);
#6286=FACE_BOUND('',#5848,.T.);
#6287=FACE_BOUND('',#5849,.T.);
#6288=FACE_BOUND('',#5850,.T.);
#6289=FACE_BOUND('',#5851,.T.);
#6290=FACE_BOUND('',#5852,.T.);
#6291=FACE_BOUND('',#5853,.T.);
#6292=FACE_BOUND('',#5854,.T.);
#6293=FACE_BOUND('',#5855,.T.);
#6294=FACE_BOUND('',#5856,.T.);
#6295=FACE_BOUND('',#5857,.T.);
#6296=FACE_BOUND('',#5858,.T.);
#6297=FACE_BOUND('',#5859,.T.);
#6298=FACE_BOUND('',#5860,.T.);
#6299=FACE_BOUND('',#5861,.T.);
#6300=FACE_BOUND('',#5862,.T.);
#6301=FACE_BOUND('',#5863,.T.);
#6302=FACE_BOUND('',#5864,.T.);
#6303=FACE_BOUND('',#5865,.T.);
#6304=FACE_BOUND('',#5866,.T.);
#6305=FACE_BOUND('',#5867,.T.);
#6306=FACE_BOUND('',#5868,.T.);
#6307=FACE_BOUND('',#5869,.T.);
#6308=FACE_BOUND('',#5870,.T.);
#6309=FACE_BOUND('',#5871,.T.);
#6310=FACE_BOUND('',#5872,.T.);
#6311=FACE_BOUND('',#5873,.T.);
#6312=FACE_BOUND('',#5874,.T.);
#6313=FACE_BOUND('',#5875,.T.);
#6314=FACE_BOUND('',#5876,.T.);
#6315=FACE_BOUND('',#5877,.T.);
#6316=FACE_BOUND('',#5878,.T.);
#6317=FACE_BOUND('',#5879,.T.);
#6318=FACE_BOUND('',#5880,.T.);
#6319=FACE_BOUND('',#5881,.T.);
#6320=FACE_BOUND('',#5882,.T.);
#6321=FACE_BOUND('',#5883,.T.);
#6322=FACE_BOUND('',#5884,.T.);
#6323=FACE_BOUND('',#5885,.T.);
#6324=FACE_BOUND('',#5886,.T.);
#6325=FACE_BOUND('',#5887,.T.);
#6326=FACE_BOUND('',#5888,.T.);
#6327=FACE_BOUND('',#5889,.T.);
#6328=FACE_BOUND('',#5890,.T.);
#6329=FACE_BOUND('',#5891,.T.);
#6330=FACE_BOUND('',#5892,.T.);
#6331=FACE_BOUND('',#5893,.T.);
#6332=FACE_BOUND('',#5894,.T.);
#6333=FACE_BOUND('',#5895,.T.);
#6334=FACE_BOUND('',#5896,.T.);
#6335=FACE_BOUND('',#5897,.T.);
#6336=PLANE('',#9467);
#6337=PLANE('',#9468);
#6338=PLANE('',#9469);
#6339=PLANE('',#9470);
#6340=PLANE('',#9471);
#6341=PLANE('',#9472);
#6342=PLANE('',#9473);
#6343=PLANE('',#9474);
#6344=PLANE('',#9475);
#6345=PLANE('',#9476);
#6346=PLANE('',#9477);
#6347=PLANE('',#9478);
#6348=PLANE('',#9482);
#6349=PLANE('',#9483);
#6350=PLANE('',#9487);
#6351=PLANE('',#9488);
#6352=PLANE('',#9492);
#6353=PLANE('',#9493);
#6354=PLANE('',#9497);
#6355=PLANE('',#9498);
#6356=PLANE('',#9502);
#6357=PLANE('',#9503);
#6358=PLANE('',#9507);
#6359=PLANE('',#9508);
#6360=PLANE('',#9512);
#6361=PLANE('',#9513);
#6362=PLANE('',#9517);
#6363=PLANE('',#9518);
#6364=PLANE('',#9522);
#6365=PLANE('',#9523);
#6366=PLANE('',#9527);
#6367=PLANE('',#9528);
#6368=PLANE('',#9532);
#6369=PLANE('',#9533);
#6370=PLANE('',#9537);
#6371=PLANE('',#9538);
#6372=PLANE('',#9542);
#6373=PLANE('',#9543);
#6374=PLANE('',#9547);
#6375=PLANE('',#9548);
#6376=PLANE('',#9552);
#6377=PLANE('',#9553);
#6378=PLANE('',#9557);
#6379=PLANE('',#9558);
#6380=PLANE('',#9562);
#6381=PLANE('',#9563);
#6382=PLANE('',#9567);
#6383=PLANE('',#9568);
#6384=PLANE('',#9572);
#6385=PLANE('',#9573);
#6386=PLANE('',#9577);
#6387=PLANE('',#9578);
#6388=PLANE('',#9582);
#6389=PLANE('',#9583);
#6390=PLANE('',#9587);
#6391=PLANE('',#9588);
#6392=PLANE('',#9592);
#6393=PLANE('',#9593);
#6394=PLANE('',#9597);
#6395=PLANE('',#9598);
#6396=PLANE('',#9599);
#6397=PLANE('',#9600);
#6398=PLANE('',#9601);
#6399=PLANE('',#9602);
#6400=PLANE('',#9603);
#6401=PLANE('',#9607);
#6402=PLANE('',#9611);
#6403=PLANE('',#9615);
#6404=PLANE('',#9622);
#6405=PLANE('',#9623);
#6406=PLANE('',#9627);
#6407=PLANE('',#9634);
#6408=PLANE('',#9638);
#6409=PLANE('',#9642);
#6410=PLANE('',#9646);
#6411=PLANE('',#9650);
#6412=PLANE('',#9651);
#6413=PLANE('',#9652);
#6414=PLANE('',#9653);
#6415=PLANE('',#9654);
#6416=PLANE('',#9656);
#6417=PLANE('',#9662);
#6418=PLANE('',#9663);
#6419=PLANE('',#9664);
#6420=PLANE('',#9669);
#6421=PLANE('',#9670);
#6422=PLANE('',#9672);
#6423=PLANE('',#9674);
#6424=PLANE('',#9685);
#6425=PLANE('',#9692);
#6426=PLANE('',#9693);
#6427=PLANE('',#9694);
#6428=PLANE('',#9698);
#6429=PLANE('',#9702);
#6430=PLANE('',#9703);
#6431=PLANE('',#9704);
#6432=PLANE('',#9705);
#6433=PLANE('',#9706);
#6434=PLANE('',#9707);
#6435=PLANE('',#9711);
#6436=PLANE('',#9715);
#6437=PLANE('',#9720);
#6438=PLANE('',#9721);
#6439=PLANE('',#9722);
#6440=PLANE('',#9727);
#6441=PLANE('',#9728);
#6442=PLANE('',#9729);
#6443=PLANE('',#9730);
#6444=PLANE('',#9731);
#6445=PLANE('',#9732);
#6446=PLANE('',#9733);
#6447=PLANE('',#9734);
#6448=PLANE('',#9735);
#6449=PLANE('',#9736);
#6450=PLANE('',#9737);
#6451=PLANE('',#9738);
#6452=PLANE('',#9739);
#6453=PLANE('',#9740);
#6454=PLANE('',#9741);
#6455=PLANE('',#9742);
#6456=PLANE('',#9743);
#6457=PLANE('',#9744);
#6458=PLANE('',#9745);
#6459=PLANE('',#9751);
#6460=PLANE('',#9753);
#6461=PLANE('',#9764);
#6462=PLANE('',#9765);
#6463=PLANE('',#9766);
#6464=PLANE('',#9773);
#6465=PLANE('',#9777);
#6466=PLANE('',#9781);
#6467=PLANE('',#9782);
#6468=PLANE('',#9783);
#6469=PLANE('',#9784);
#6470=PLANE('',#9785);
#6471=PLANE('',#9786);
#6472=PLANE('',#9787);
#6473=PLANE('',#9788);
#6474=PLANE('',#9789);
#6475=PLANE('',#9790);
#6476=PLANE('',#9791);
#6477=PLANE('',#9792);
#6478=PLANE('',#9793);
#6479=PLANE('',#9794);
#6480=PLANE('',#9795);
#6481=PLANE('',#9796);
#6482=PLANE('',#9797);
#6483=PLANE('',#9798);
#6484=PLANE('',#9799);
#6485=PLANE('',#9800);
#6486=PLANE('',#9801);
#6487=PLANE('',#9802);
#6488=PLANE('',#9803);
#6489=PLANE('',#9804);
#6490=PLANE('',#9805);
#6491=PLANE('',#9806);
#6492=PLANE('',#9807);
#6493=PLANE('',#9808);
#6494=PLANE('',#9809);
#6495=PLANE('',#9810);
#6496=PLANE('',#9811);
#6497=PLANE('',#9812);
#6498=PLANE('',#9813);
#6499=PLANE('',#9814);
#6500=PLANE('',#9815);
#6501=PLANE('',#9816);
#6502=PLANE('',#9817);
#6503=PLANE('',#9818);
#6504=PLANE('',#9819);
#6505=PLANE('',#9820);
#6506=PLANE('',#9821);
#6507=PLANE('',#9822);
#6508=PLANE('',#9823);
#6509=PLANE('',#9824);
#6510=PLANE('',#9825);
#6511=PLANE('',#9826);
#6512=PLANE('',#9827);
#6513=PLANE('',#9828);
#6514=PLANE('',#9829);
#6515=PLANE('',#9830);
#6516=PLANE('',#9831);
#6517=PLANE('',#9832);
#6518=PLANE('',#9833);
#6519=PLANE('',#9834);
#6520=PLANE('',#9835);
#6521=PLANE('',#9836);
#6522=PLANE('',#9837);
#6523=PLANE('',#9838);
#6524=PLANE('',#9839);
#6525=PLANE('',#9840);
#6526=PLANE('',#9841);
#6527=PLANE('',#9842);
#6528=PLANE('',#9843);
#6529=PLANE('',#9844);
#6530=PLANE('',#9845);
#6531=PLANE('',#9846);
#6532=PLANE('',#9847);
#6533=PLANE('',#9848);
#6534=PLANE('',#9849);
#6535=PLANE('',#9850);
#6536=PLANE('',#9851);
#6537=PLANE('',#9852);
#6538=PLANE('',#9853);
#6539=PLANE('',#9854);
#6540=PLANE('',#9855);
#6541=PLANE('',#9856);
#6542=PLANE('',#9857);
#6543=PLANE('',#9858);
#6544=PLANE('',#9859);
#6545=PLANE('',#9860);
#6546=PLANE('',#9861);
#6547=PLANE('',#9862);
#6548=PLANE('',#9863);
#6549=PLANE('',#9864);
#6550=PLANE('',#9865);
#6551=PLANE('',#9866);
#6552=PLANE('',#9867);
#6553=PLANE('',#9868);
#6554=PLANE('',#9869);
#6555=PLANE('',#9870);
#6556=PLANE('',#9871);
#6557=PLANE('',#9872);
#6558=PLANE('',#9873);
#6559=PLANE('',#9874);
#6560=PLANE('',#9875);
#6561=PLANE('',#9876);
#6562=PLANE('',#9877);
#6563=PLANE('',#9878);
#6564=PLANE('',#9879);
#6565=PLANE('',#9880);
#6566=PLANE('',#9881);
#6567=PLANE('',#9882);
#6568=PLANE('',#9883);
#6569=PLANE('',#9884);
#6570=PLANE('',#9885);
#6571=PLANE('',#9886);
#6572=PLANE('',#9887);
#6573=PLANE('',#9888);
#6574=PLANE('',#9889);
#6575=PLANE('',#9890);
#6576=PLANE('',#9891);
#6577=PLANE('',#9892);
#6578=PLANE('',#9893);
#6579=PLANE('',#9894);
#6580=PLANE('',#9895);
#6581=PLANE('',#9896);
#6582=PLANE('',#9897);
#6583=PLANE('',#9898);
#6584=PLANE('',#9899);
#6585=PLANE('',#9900);
#6586=PLANE('',#9901);
#6587=PLANE('',#9902);
#6588=PLANE('',#9903);
#6589=PLANE('',#9904);
#6590=PLANE('',#9905);
#6591=PLANE('',#9906);
#6592=PLANE('',#9907);
#6593=PLANE('',#9908);
#6594=PLANE('',#9909);
#6595=PLANE('',#9910);
#6596=PLANE('',#9911);
#6597=PLANE('',#9912);
#6598=PLANE('',#9913);
#6599=PLANE('',#9914);
#6600=PLANE('',#9915);
#6601=PLANE('',#9916);
#6602=PLANE('',#9917);
#6603=PLANE('',#9918);
#6604=PLANE('',#9919);
#6605=PLANE('',#9920);
#6606=PLANE('',#9921);
#6607=PLANE('',#9922);
#6608=PLANE('',#9923);
#6609=PLANE('',#9924);
#6610=PLANE('',#9925);
#6611=PLANE('',#9926);
#6612=PLANE('',#9927);
#6613=PLANE('',#9928);
#6614=PLANE('',#9929);
#6615=PLANE('',#9930);
#6616=PLANE('',#9931);
#6617=PLANE('',#9932);
#6618=PLANE('',#9933);
#6619=PLANE('',#9934);
#6620=PLANE('',#9935);
#6621=PLANE('',#9936);
#6622=PLANE('',#9937);
#6623=PLANE('',#9938);
#6624=PLANE('',#9939);
#6625=PLANE('',#9940);
#6626=PLANE('',#9941);
#6627=PLANE('',#9942);
#6628=PLANE('',#9943);
#6629=PLANE('',#9944);
#6630=PLANE('',#9948);
#6631=PLANE('',#9949);
#6632=PLANE('',#9950);
#6633=PLANE('',#9951);
#6634=PLANE('',#9952);
#6635=PLANE('',#9953);
#6636=PLANE('',#9957);
#6637=PLANE('',#9958);
#6638=PLANE('',#9959);
#6639=PLANE('',#9960);
#6640=PLANE('',#9961);
#6641=PLANE('',#9965);
#6642=PLANE('',#9969);
#6643=PLANE('',#9970);
#6644=PLANE('',#9974);
#6645=PLANE('',#9975);
#6646=PLANE('',#9979);
#6647=PLANE('',#9980);
#6648=OVER_RIDING_STYLED_ITEM('',(#7377),#6994,#7375);
#6649=OVER_RIDING_STYLED_ITEM('',(#7378),#6995,#7375);
#6650=OVER_RIDING_STYLED_ITEM('',(#7379),#6996,#7375);
#6651=OVER_RIDING_STYLED_ITEM('',(#7380),#6997,#7375);
#6652=OVER_RIDING_STYLED_ITEM('',(#7381),#6998,#7375);
#6653=OVER_RIDING_STYLED_ITEM('',(#7382),#6999,#7375);
#6654=OVER_RIDING_STYLED_ITEM('',(#7383),#7000,#7375);
#6655=OVER_RIDING_STYLED_ITEM('',(#7384),#7001,#7375);
#6656=OVER_RIDING_STYLED_ITEM('',(#7385),#7002,#7375);
#6657=OVER_RIDING_STYLED_ITEM('',(#7386),#7003,#7375);
#6658=OVER_RIDING_STYLED_ITEM('',(#7387),#7004,#7375);
#6659=OVER_RIDING_STYLED_ITEM('',(#7388),#7005,#7375);
#6660=OVER_RIDING_STYLED_ITEM('',(#7389),#7006,#7375);
#6661=OVER_RIDING_STYLED_ITEM('',(#7390),#7007,#7375);
#6662=OVER_RIDING_STYLED_ITEM('',(#7391),#7008,#7375);
#6663=OVER_RIDING_STYLED_ITEM('',(#7392),#7009,#7375);
#6664=OVER_RIDING_STYLED_ITEM('',(#7393),#7010,#7375);
#6665=OVER_RIDING_STYLED_ITEM('',(#7394),#7011,#7375);
#6666=OVER_RIDING_STYLED_ITEM('',(#7395),#7012,#7375);
#6667=OVER_RIDING_STYLED_ITEM('',(#7396),#7013,#7375);
#6668=OVER_RIDING_STYLED_ITEM('',(#7397),#7014,#7375);
#6669=OVER_RIDING_STYLED_ITEM('',(#7398),#7015,#7375);
#6670=OVER_RIDING_STYLED_ITEM('',(#7399),#7016,#7375);
#6671=OVER_RIDING_STYLED_ITEM('',(#7400),#7017,#7375);
#6672=OVER_RIDING_STYLED_ITEM('',(#7401),#7018,#7375);
#6673=OVER_RIDING_STYLED_ITEM('',(#7402),#7019,#7375);
#6674=OVER_RIDING_STYLED_ITEM('',(#7403),#7020,#7375);
#6675=OVER_RIDING_STYLED_ITEM('',(#7404),#7021,#7375);
#6676=OVER_RIDING_STYLED_ITEM('',(#7405),#7022,#7375);
#6677=OVER_RIDING_STYLED_ITEM('',(#7406),#7023,#7375);
#6678=OVER_RIDING_STYLED_ITEM('',(#7407),#7024,#7375);
#6679=OVER_RIDING_STYLED_ITEM('',(#7408),#7025,#7375);
#6680=OVER_RIDING_STYLED_ITEM('',(#7409),#7026,#7375);
#6681=OVER_RIDING_STYLED_ITEM('',(#7410),#7027,#7375);
#6682=OVER_RIDING_STYLED_ITEM('',(#7411),#7028,#7375);
#6683=OVER_RIDING_STYLED_ITEM('',(#7412),#7029,#7375);
#6684=OVER_RIDING_STYLED_ITEM('',(#7413),#7030,#7375);
#6685=OVER_RIDING_STYLED_ITEM('',(#7414),#7031,#7375);
#6686=OVER_RIDING_STYLED_ITEM('',(#7415),#7032,#7375);
#6687=OVER_RIDING_STYLED_ITEM('',(#7416),#7033,#7375);
#6688=OVER_RIDING_STYLED_ITEM('',(#7417),#7034,#7375);
#6689=OVER_RIDING_STYLED_ITEM('',(#7418),#7035,#7375);
#6690=OVER_RIDING_STYLED_ITEM('',(#7419),#7036,#7375);
#6691=OVER_RIDING_STYLED_ITEM('',(#7420),#7037,#7375);
#6692=OVER_RIDING_STYLED_ITEM('',(#7421),#7038,#7375);
#6693=OVER_RIDING_STYLED_ITEM('',(#7422),#7039,#7375);
#6694=OVER_RIDING_STYLED_ITEM('',(#7423),#7040,#7375);
#6695=OVER_RIDING_STYLED_ITEM('',(#7424),#7041,#7375);
#6696=OVER_RIDING_STYLED_ITEM('',(#7425),#7042,#7375);
#6697=OVER_RIDING_STYLED_ITEM('',(#7426),#7043,#7375);
#6698=OVER_RIDING_STYLED_ITEM('',(#7427),#7044,#7375);
#6699=OVER_RIDING_STYLED_ITEM('',(#7428),#7045,#7375);
#6700=OVER_RIDING_STYLED_ITEM('',(#7429),#7046,#7375);
#6701=OVER_RIDING_STYLED_ITEM('',(#7430),#7047,#7375);
#6702=OVER_RIDING_STYLED_ITEM('',(#7431),#7048,#7375);
#6703=OVER_RIDING_STYLED_ITEM('',(#7432),#7049,#7375);
#6704=OVER_RIDING_STYLED_ITEM('',(#7433),#7050,#7375);
#6705=OVER_RIDING_STYLED_ITEM('',(#7434),#7051,#7375);
#6706=OVER_RIDING_STYLED_ITEM('',(#7435),#7052,#7375);
#6707=OVER_RIDING_STYLED_ITEM('',(#7436),#7053,#7375);
#6708=OVER_RIDING_STYLED_ITEM('',(#7437),#7054,#7375);
#6709=OVER_RIDING_STYLED_ITEM('',(#7438),#7055,#7375);
#6710=OVER_RIDING_STYLED_ITEM('',(#7439),#7056,#7375);
#6711=OVER_RIDING_STYLED_ITEM('',(#7440),#7057,#7375);
#6712=OVER_RIDING_STYLED_ITEM('',(#7441),#7058,#7375);
#6713=OVER_RIDING_STYLED_ITEM('',(#7442),#7059,#7375);
#6714=OVER_RIDING_STYLED_ITEM('',(#7443),#7060,#7375);
#6715=OVER_RIDING_STYLED_ITEM('',(#7444),#7061,#7375);
#6716=OVER_RIDING_STYLED_ITEM('',(#7445),#7062,#7375);
#6717=OVER_RIDING_STYLED_ITEM('',(#7446),#7063,#7375);
#6718=OVER_RIDING_STYLED_ITEM('',(#7447),#7064,#7375);
#6719=OVER_RIDING_STYLED_ITEM('',(#7448),#7065,#7375);
#6720=OVER_RIDING_STYLED_ITEM('',(#7449),#7066,#7375);
#6721=OVER_RIDING_STYLED_ITEM('',(#7450),#7067,#7375);
#6722=OVER_RIDING_STYLED_ITEM('',(#7451),#7068,#7375);
#6723=OVER_RIDING_STYLED_ITEM('',(#7452),#7069,#7375);
#6724=OVER_RIDING_STYLED_ITEM('',(#7453),#7070,#7375);
#6725=OVER_RIDING_STYLED_ITEM('',(#7454),#7071,#7375);
#6726=OVER_RIDING_STYLED_ITEM('',(#7455),#7072,#7375);
#6727=OVER_RIDING_STYLED_ITEM('',(#7456),#7073,#7375);
#6728=OVER_RIDING_STYLED_ITEM('',(#7457),#7074,#7375);
#6729=OVER_RIDING_STYLED_ITEM('',(#7458),#7075,#7375);
#6730=OVER_RIDING_STYLED_ITEM('',(#7459),#7076,#7375);
#6731=OVER_RIDING_STYLED_ITEM('',(#7460),#7077,#7375);
#6732=OVER_RIDING_STYLED_ITEM('',(#7461),#7078,#7375);
#6733=OVER_RIDING_STYLED_ITEM('',(#7462),#7079,#7375);
#6734=OVER_RIDING_STYLED_ITEM('',(#7463),#7080,#7375);
#6735=OVER_RIDING_STYLED_ITEM('',(#7464),#7081,#7375);
#6736=OVER_RIDING_STYLED_ITEM('',(#7465),#7082,#7375);
#6737=OVER_RIDING_STYLED_ITEM('',(#7466),#7083,#7375);
#6738=OVER_RIDING_STYLED_ITEM('',(#7467),#7084,#7375);
#6739=OVER_RIDING_STYLED_ITEM('',(#7468),#7085,#7375);
#6740=OVER_RIDING_STYLED_ITEM('',(#7469),#7086,#7375);
#6741=OVER_RIDING_STYLED_ITEM('',(#7470),#7087,#7375);
#6742=OVER_RIDING_STYLED_ITEM('',(#7471),#7088,#7375);
#6743=OVER_RIDING_STYLED_ITEM('',(#7472),#7089,#7375);
#6744=OVER_RIDING_STYLED_ITEM('',(#7473),#7092,#7375);
#6745=OVER_RIDING_STYLED_ITEM('',(#7474),#7093,#7375);
#6746=OVER_RIDING_STYLED_ITEM('',(#7475),#7094,#7375);
#6747=OVER_RIDING_STYLED_ITEM('',(#7476),#7095,#7375);
#6748=OVER_RIDING_STYLED_ITEM('',(#7477),#7096,#7375);
#6749=OVER_RIDING_STYLED_ITEM('',(#7478),#7097,#7375);
#6750=OVER_RIDING_STYLED_ITEM('',(#7479),#7098,#7375);
#6751=OVER_RIDING_STYLED_ITEM('',(#7480),#7099,#7375);
#6752=OVER_RIDING_STYLED_ITEM('',(#7481),#7100,#7375);
#6753=OVER_RIDING_STYLED_ITEM('',(#7482),#7101,#7375);
#6754=OVER_RIDING_STYLED_ITEM('',(#7483),#7102,#7375);
#6755=OVER_RIDING_STYLED_ITEM('',(#7484),#7103,#7375);
#6756=OVER_RIDING_STYLED_ITEM('',(#7485),#7104,#7375);
#6757=OVER_RIDING_STYLED_ITEM('',(#7486),#7105,#7375);
#6758=OVER_RIDING_STYLED_ITEM('',(#7487),#7106,#7375);
#6759=OVER_RIDING_STYLED_ITEM('',(#7488),#7107,#7375);
#6760=OVER_RIDING_STYLED_ITEM('',(#7489),#7108,#7375);
#6761=OVER_RIDING_STYLED_ITEM('',(#7490),#7109,#7375);
#6762=OVER_RIDING_STYLED_ITEM('',(#7491),#7110,#7375);
#6763=OVER_RIDING_STYLED_ITEM('',(#7492),#7111,#7375);
#6764=OVER_RIDING_STYLED_ITEM('',(#7493),#7112,#7375);
#6765=OVER_RIDING_STYLED_ITEM('',(#7494),#7113,#7375);
#6766=OVER_RIDING_STYLED_ITEM('',(#7495),#7114,#7375);
#6767=OVER_RIDING_STYLED_ITEM('',(#7496),#7115,#7375);
#6768=OVER_RIDING_STYLED_ITEM('',(#7497),#7116,#7375);
#6769=OVER_RIDING_STYLED_ITEM('',(#7498),#7117,#7375);
#6770=OVER_RIDING_STYLED_ITEM('',(#7499),#7118,#7375);
#6771=OVER_RIDING_STYLED_ITEM('',(#7500),#7119,#7375);
#6772=OVER_RIDING_STYLED_ITEM('',(#7501),#7120,#7375);
#6773=OVER_RIDING_STYLED_ITEM('',(#7502),#7121,#7375);
#6774=OVER_RIDING_STYLED_ITEM('',(#7503),#7122,#7375);
#6775=OVER_RIDING_STYLED_ITEM('',(#7504),#7123,#7375);
#6776=OVER_RIDING_STYLED_ITEM('',(#7505),#7124,#7375);
#6777=OVER_RIDING_STYLED_ITEM('',(#7506),#7125,#7375);
#6778=OVER_RIDING_STYLED_ITEM('',(#7507),#7126,#7375);
#6779=OVER_RIDING_STYLED_ITEM('',(#7508),#7127,#7375);
#6780=OVER_RIDING_STYLED_ITEM('',(#7509),#7128,#7375);
#6781=OVER_RIDING_STYLED_ITEM('',(#7510),#7129,#7375);
#6782=OVER_RIDING_STYLED_ITEM('',(#7511),#7130,#7375);
#6783=OVER_RIDING_STYLED_ITEM('',(#7512),#7131,#7375);
#6784=OVER_RIDING_STYLED_ITEM('',(#7513),#7132,#7375);
#6785=OVER_RIDING_STYLED_ITEM('',(#7514),#7133,#7375);
#6786=OVER_RIDING_STYLED_ITEM('',(#7515),#7135,#7375);
#6787=OVER_RIDING_STYLED_ITEM('',(#7516),#7136,#7375);
#6788=OVER_RIDING_STYLED_ITEM('',(#7517),#7137,#7375);
#6789=OVER_RIDING_STYLED_ITEM('',(#7518),#7138,#7375);
#6790=OVER_RIDING_STYLED_ITEM('',(#7519),#7139,#7375);
#6791=OVER_RIDING_STYLED_ITEM('',(#7520),#7140,#7375);
#6792=OVER_RIDING_STYLED_ITEM('',(#7521),#7141,#7375);
#6793=OVER_RIDING_STYLED_ITEM('',(#7522),#7142,#7375);
#6794=OVER_RIDING_STYLED_ITEM('',(#7523),#7143,#7375);
#6795=OVER_RIDING_STYLED_ITEM('',(#7524),#7144,#7375);
#6796=OVER_RIDING_STYLED_ITEM('',(#7525),#7145,#7375);
#6797=OVER_RIDING_STYLED_ITEM('',(#7526),#7146,#7375);
#6798=OVER_RIDING_STYLED_ITEM('',(#7527),#7149,#7375);
#6799=OVER_RIDING_STYLED_ITEM('',(#7528),#7150,#7375);
#6800=OVER_RIDING_STYLED_ITEM('',(#7529),#7151,#7375);
#6801=OVER_RIDING_STYLED_ITEM('',(#7530),#7152,#7375);
#6802=OVER_RIDING_STYLED_ITEM('',(#7531),#7154,#7375);
#6803=OVER_RIDING_STYLED_ITEM('',(#7532),#7155,#7375);
#6804=OVER_RIDING_STYLED_ITEM('',(#7533),#7156,#7375);
#6805=OVER_RIDING_STYLED_ITEM('',(#7534),#7157,#7375);
#6806=OVER_RIDING_STYLED_ITEM('',(#7535),#7158,#7375);
#6807=OVER_RIDING_STYLED_ITEM('',(#7536),#7159,#7375);
#6808=OVER_RIDING_STYLED_ITEM('',(#7537),#7161,#7375);
#6809=OVER_RIDING_STYLED_ITEM('',(#7538),#7162,#7375);
#6810=OVER_RIDING_STYLED_ITEM('',(#7539),#7163,#7375);
#6811=OVER_RIDING_STYLED_ITEM('',(#7540),#7164,#7375);
#6812=OVER_RIDING_STYLED_ITEM('',(#7541),#7165,#7375);
#6813=OVER_RIDING_STYLED_ITEM('',(#7542),#7166,#7375);
#6814=OVER_RIDING_STYLED_ITEM('',(#7543),#7167,#7375);
#6815=OVER_RIDING_STYLED_ITEM('',(#7544),#7168,#7375);
#6816=OVER_RIDING_STYLED_ITEM('',(#7545),#7169,#7375);
#6817=OVER_RIDING_STYLED_ITEM('',(#7546),#7170,#7375);
#6818=OVER_RIDING_STYLED_ITEM('',(#7547),#7171,#7375);
#6819=OVER_RIDING_STYLED_ITEM('',(#7548),#7172,#7375);
#6820=OVER_RIDING_STYLED_ITEM('',(#7549),#7173,#7375);
#6821=OVER_RIDING_STYLED_ITEM('',(#7550),#7174,#7375);
#6822=OVER_RIDING_STYLED_ITEM('',(#7551),#7175,#7375);
#6823=OVER_RIDING_STYLED_ITEM('',(#7552),#7176,#7375);
#6824=OVER_RIDING_STYLED_ITEM('',(#7553),#7177,#7375);
#6825=OVER_RIDING_STYLED_ITEM('',(#7554),#7178,#7375);
#6826=OVER_RIDING_STYLED_ITEM('',(#7555),#7179,#7375);
#6827=OVER_RIDING_STYLED_ITEM('',(#7556),#7180,#7375);
#6828=OVER_RIDING_STYLED_ITEM('',(#7557),#7181,#7375);
#6829=OVER_RIDING_STYLED_ITEM('',(#7558),#7182,#7375);
#6830=OVER_RIDING_STYLED_ITEM('',(#7559),#7183,#7375);
#6831=OVER_RIDING_STYLED_ITEM('',(#7560),#7184,#7375);
#6832=OVER_RIDING_STYLED_ITEM('',(#7561),#7186,#7375);
#6833=OVER_RIDING_STYLED_ITEM('',(#7562),#7187,#7375);
#6834=OVER_RIDING_STYLED_ITEM('',(#7563),#7188,#7375);
#6835=OVER_RIDING_STYLED_ITEM('',(#7564),#7189,#7375);
#6836=OVER_RIDING_STYLED_ITEM('',(#7565),#7190,#7375);
#6837=OVER_RIDING_STYLED_ITEM('',(#7566),#7191,#7375);
#6838=OVER_RIDING_STYLED_ITEM('',(#7567),#7192,#7375);
#6839=OVER_RIDING_STYLED_ITEM('',(#7568),#7193,#7375);
#6840=OVER_RIDING_STYLED_ITEM('',(#7569),#7194,#7375);
#6841=OVER_RIDING_STYLED_ITEM('',(#7570),#7195,#7375);
#6842=OVER_RIDING_STYLED_ITEM('',(#7571),#7196,#7375);
#6843=OVER_RIDING_STYLED_ITEM('',(#7572),#7197,#7375);
#6844=OVER_RIDING_STYLED_ITEM('',(#7573),#7198,#7375);
#6845=OVER_RIDING_STYLED_ITEM('',(#7574),#7199,#7375);
#6846=OVER_RIDING_STYLED_ITEM('',(#7575),#7200,#7375);
#6847=OVER_RIDING_STYLED_ITEM('',(#7576),#7201,#7375);
#6848=OVER_RIDING_STYLED_ITEM('',(#7577),#7202,#7375);
#6849=OVER_RIDING_STYLED_ITEM('',(#7578),#7203,#7375);
#6850=OVER_RIDING_STYLED_ITEM('',(#7579),#7204,#7375);
#6851=OVER_RIDING_STYLED_ITEM('',(#7580),#7205,#7375);
#6852=OVER_RIDING_STYLED_ITEM('',(#7581),#7206,#7375);
#6853=OVER_RIDING_STYLED_ITEM('',(#7582),#7207,#7375);
#6854=OVER_RIDING_STYLED_ITEM('',(#7583),#7208,#7375);
#6855=OVER_RIDING_STYLED_ITEM('',(#7584),#7209,#7375);
#6856=OVER_RIDING_STYLED_ITEM('',(#7585),#7210,#7375);
#6857=OVER_RIDING_STYLED_ITEM('',(#7586),#7211,#7375);
#6858=OVER_RIDING_STYLED_ITEM('',(#7587),#7212,#7375);
#6859=OVER_RIDING_STYLED_ITEM('',(#7588),#7213,#7375);
#6860=OVER_RIDING_STYLED_ITEM('',(#7589),#7214,#7375);
#6861=OVER_RIDING_STYLED_ITEM('',(#7590),#7215,#7375);
#6862=OVER_RIDING_STYLED_ITEM('',(#7591),#7216,#7375);
#6863=OVER_RIDING_STYLED_ITEM('',(#7592),#7217,#7375);
#6864=OVER_RIDING_STYLED_ITEM('',(#7593),#7218,#7375);
#6865=OVER_RIDING_STYLED_ITEM('',(#7594),#7219,#7375);
#6866=OVER_RIDING_STYLED_ITEM('',(#7595),#7220,#7375);
#6867=OVER_RIDING_STYLED_ITEM('',(#7596),#7221,#7375);
#6868=OVER_RIDING_STYLED_ITEM('',(#7597),#7222,#7375);
#6869=OVER_RIDING_STYLED_ITEM('',(#7598),#7223,#7375);
#6870=OVER_RIDING_STYLED_ITEM('',(#7599),#7224,#7375);
#6871=OVER_RIDING_STYLED_ITEM('',(#7600),#7225,#7375);
#6872=OVER_RIDING_STYLED_ITEM('',(#7601),#7226,#7375);
#6873=OVER_RIDING_STYLED_ITEM('',(#7602),#7227,#7375);
#6874=OVER_RIDING_STYLED_ITEM('',(#7603),#7228,#7375);
#6875=OVER_RIDING_STYLED_ITEM('',(#7604),#7229,#7375);
#6876=OVER_RIDING_STYLED_ITEM('',(#7605),#7230,#7375);
#6877=OVER_RIDING_STYLED_ITEM('',(#7606),#7231,#7375);
#6878=OVER_RIDING_STYLED_ITEM('',(#7607),#7232,#7375);
#6879=OVER_RIDING_STYLED_ITEM('',(#7608),#7233,#7375);
#6880=OVER_RIDING_STYLED_ITEM('',(#7609),#7234,#7375);
#6881=OVER_RIDING_STYLED_ITEM('',(#7610),#7235,#7375);
#6882=OVER_RIDING_STYLED_ITEM('',(#7611),#7236,#7375);
#6883=OVER_RIDING_STYLED_ITEM('',(#7612),#7237,#7375);
#6884=OVER_RIDING_STYLED_ITEM('',(#7613),#7238,#7375);
#6885=OVER_RIDING_STYLED_ITEM('',(#7614),#7239,#7375);
#6886=OVER_RIDING_STYLED_ITEM('',(#7615),#7240,#7375);
#6887=OVER_RIDING_STYLED_ITEM('',(#7616),#7241,#7375);
#6888=OVER_RIDING_STYLED_ITEM('',(#7617),#7242,#7375);
#6889=OVER_RIDING_STYLED_ITEM('',(#7618),#7243,#7375);
#6890=OVER_RIDING_STYLED_ITEM('',(#7619),#7244,#7375);
#6891=OVER_RIDING_STYLED_ITEM('',(#7620),#7245,#7375);
#6892=OVER_RIDING_STYLED_ITEM('',(#7621),#7246,#7375);
#6893=OVER_RIDING_STYLED_ITEM('',(#7622),#7247,#7375);
#6894=OVER_RIDING_STYLED_ITEM('',(#7623),#7248,#7375);
#6895=OVER_RIDING_STYLED_ITEM('',(#7624),#7249,#7375);
#6896=OVER_RIDING_STYLED_ITEM('',(#7625),#7250,#7375);
#6897=OVER_RIDING_STYLED_ITEM('',(#7626),#7251,#7375);
#6898=OVER_RIDING_STYLED_ITEM('',(#7627),#7252,#7375);
#6899=OVER_RIDING_STYLED_ITEM('',(#7628),#7253,#7375);
#6900=OVER_RIDING_STYLED_ITEM('',(#7629),#7254,#7375);
#6901=OVER_RIDING_STYLED_ITEM('',(#7630),#7255,#7375);
#6902=OVER_RIDING_STYLED_ITEM('',(#7631),#7256,#7375);
#6903=OVER_RIDING_STYLED_ITEM('',(#7632),#7257,#7375);
#6904=OVER_RIDING_STYLED_ITEM('',(#7633),#7258,#7375);
#6905=OVER_RIDING_STYLED_ITEM('',(#7634),#7259,#7375);
#6906=OVER_RIDING_STYLED_ITEM('',(#7635),#7260,#7375);
#6907=OVER_RIDING_STYLED_ITEM('',(#7636),#7261,#7375);
#6908=OVER_RIDING_STYLED_ITEM('',(#7637),#7262,#7375);
#6909=OVER_RIDING_STYLED_ITEM('',(#7638),#7263,#7375);
#6910=OVER_RIDING_STYLED_ITEM('',(#7639),#7264,#7375);
#6911=OVER_RIDING_STYLED_ITEM('',(#7640),#7265,#7375);
#6912=OVER_RIDING_STYLED_ITEM('',(#7641),#7266,#7375);
#6913=OVER_RIDING_STYLED_ITEM('',(#7642),#7267,#7375);
#6914=OVER_RIDING_STYLED_ITEM('',(#7643),#7268,#7375);
#6915=OVER_RIDING_STYLED_ITEM('',(#7644),#7269,#7375);
#6916=OVER_RIDING_STYLED_ITEM('',(#7645),#7270,#7375);
#6917=OVER_RIDING_STYLED_ITEM('',(#7646),#7271,#7375);
#6918=OVER_RIDING_STYLED_ITEM('',(#7647),#7272,#7375);
#6919=OVER_RIDING_STYLED_ITEM('',(#7648),#7273,#7375);
#6920=OVER_RIDING_STYLED_ITEM('',(#7649),#7274,#7375);
#6921=OVER_RIDING_STYLED_ITEM('',(#7650),#7275,#7375);
#6922=OVER_RIDING_STYLED_ITEM('',(#7651),#7276,#7375);
#6923=OVER_RIDING_STYLED_ITEM('',(#7652),#7277,#7375);
#6924=OVER_RIDING_STYLED_ITEM('',(#7653),#7278,#7375);
#6925=OVER_RIDING_STYLED_ITEM('',(#7654),#7279,#7375);
#6926=OVER_RIDING_STYLED_ITEM('',(#7655),#7280,#7375);
#6927=OVER_RIDING_STYLED_ITEM('',(#7656),#7281,#7375);
#6928=OVER_RIDING_STYLED_ITEM('',(#7657),#7282,#7375);
#6929=OVER_RIDING_STYLED_ITEM('',(#7658),#7283,#7375);
#6930=OVER_RIDING_STYLED_ITEM('',(#7659),#7284,#7375);
#6931=OVER_RIDING_STYLED_ITEM('',(#7660),#7285,#7375);
#6932=OVER_RIDING_STYLED_ITEM('',(#7661),#7286,#7375);
#6933=OVER_RIDING_STYLED_ITEM('',(#7662),#7287,#7375);
#6934=OVER_RIDING_STYLED_ITEM('',(#7663),#7288,#7375);
#6935=OVER_RIDING_STYLED_ITEM('',(#7664),#7289,#7375);
#6936=OVER_RIDING_STYLED_ITEM('',(#7665),#7290,#7375);
#6937=OVER_RIDING_STYLED_ITEM('',(#7666),#7291,#7375);
#6938=OVER_RIDING_STYLED_ITEM('',(#7667),#7292,#7375);
#6939=OVER_RIDING_STYLED_ITEM('',(#7668),#7293,#7375);
#6940=OVER_RIDING_STYLED_ITEM('',(#7669),#7294,#7375);
#6941=OVER_RIDING_STYLED_ITEM('',(#7670),#7295,#7375);
#6942=OVER_RIDING_STYLED_ITEM('',(#7671),#7296,#7375);
#6943=OVER_RIDING_STYLED_ITEM('',(#7672),#7297,#7375);
#6944=OVER_RIDING_STYLED_ITEM('',(#7673),#7298,#7375);
#6945=OVER_RIDING_STYLED_ITEM('',(#7674),#7299,#7375);
#6946=OVER_RIDING_STYLED_ITEM('',(#7675),#7300,#7375);
#6947=OVER_RIDING_STYLED_ITEM('',(#7676),#7301,#7375);
#6948=OVER_RIDING_STYLED_ITEM('',(#7677),#7302,#7375);
#6949=OVER_RIDING_STYLED_ITEM('',(#7678),#7303,#7375);
#6950=OVER_RIDING_STYLED_ITEM('',(#7679),#7304,#7375);
#6951=OVER_RIDING_STYLED_ITEM('',(#7680),#7305,#7375);
#6952=OVER_RIDING_STYLED_ITEM('',(#7681),#7306,#7375);
#6953=OVER_RIDING_STYLED_ITEM('',(#7682),#7307,#7375);
#6954=OVER_RIDING_STYLED_ITEM('',(#7683),#7308,#7375);
#6955=OVER_RIDING_STYLED_ITEM('',(#7684),#7310,#7375);
#6956=OVER_RIDING_STYLED_ITEM('',(#7685),#7311,#7375);
#6957=OVER_RIDING_STYLED_ITEM('',(#7686),#7312,#7375);
#6958=OVER_RIDING_STYLED_ITEM('',(#7687),#7329,#7375);
#6959=OVER_RIDING_STYLED_ITEM('',(#7688),#7330,#7375);
#6960=OVER_RIDING_STYLED_ITEM('',(#7689),#7331,#7375);
#6961=OVER_RIDING_STYLED_ITEM('',(#7690),#7332,#7375);
#6962=OVER_RIDING_STYLED_ITEM('',(#7691),#7333,#7375);
#6963=OVER_RIDING_STYLED_ITEM('',(#7692),#7334,#7375);
#6964=OVER_RIDING_STYLED_ITEM('',(#7693),#7335,#7375);
#6965=OVER_RIDING_STYLED_ITEM('',(#7694),#7336,#7375);
#6966=OVER_RIDING_STYLED_ITEM('',(#7695),#7337,#7375);
#6967=OVER_RIDING_STYLED_ITEM('',(#7696),#7338,#7375);
#6968=OVER_RIDING_STYLED_ITEM('',(#7697),#7339,#7375);
#6969=OVER_RIDING_STYLED_ITEM('',(#7698),#7340,#7375);
#6970=OVER_RIDING_STYLED_ITEM('',(#7699),#7341,#7375);
#6971=OVER_RIDING_STYLED_ITEM('',(#7700),#7342,#7375);
#6972=OVER_RIDING_STYLED_ITEM('',(#7701),#7343,#7375);
#6973=OVER_RIDING_STYLED_ITEM('',(#7702),#7344,#7375);
#6974=OVER_RIDING_STYLED_ITEM('',(#7703),#7345,#7375);
#6975=OVER_RIDING_STYLED_ITEM('',(#7704),#7346,#7375);
#6976=OVER_RIDING_STYLED_ITEM('',(#7705),#7347,#7375);
#6977=OVER_RIDING_STYLED_ITEM('',(#7706),#7349,#7375);
#6978=OVER_RIDING_STYLED_ITEM('',(#7707),#7350,#7375);
#6979=OVER_RIDING_STYLED_ITEM('',(#7708),#7352,#7375);
#6980=OVER_RIDING_STYLED_ITEM('',(#7709),#7353,#7375);
#6981=OVER_RIDING_STYLED_ITEM('',(#7710),#7354,#7375);
#6982=OVER_RIDING_STYLED_ITEM('',(#7711),#7355,#7375);
#6983=OVER_RIDING_STYLED_ITEM('',(#7712),#7360,#7375);
#6984=OVER_RIDING_STYLED_ITEM('',(#7713),#7361,#7375);
#6985=OVER_RIDING_STYLED_ITEM('',(#7714),#7365,#7375);
#6986=OVER_RIDING_STYLED_ITEM('',(#7715),#7366,#7375);
#6987=OVER_RIDING_STYLED_ITEM('',(#7716),#7367,#7375);
#6988=OVER_RIDING_STYLED_ITEM('',(#7717),#7368,#7375);
#6989=OVER_RIDING_STYLED_ITEM('',(#7718),#7369,#7375);
#6990=OVER_RIDING_STYLED_ITEM('',(#7719),#7370,#7375);
#6991=OVER_RIDING_STYLED_ITEM('',(#7720),#7371,#7375);
#6992=OVER_RIDING_STYLED_ITEM('',(#7721),#7372,#7375);
#6993=OVER_RIDING_STYLED_ITEM('',(#7722),#7373,#7375);
#6994=ADVANCED_FACE('',(#5898),#6336,.F.);
#6995=ADVANCED_FACE('',(#5899),#6337,.F.);
#6996=ADVANCED_FACE('',(#5900),#6338,.F.);
#6997=ADVANCED_FACE('',(#5901),#6339,.F.);
#6998=ADVANCED_FACE('',(#5902),#6340,.F.);
#6999=ADVANCED_FACE('',(#5903),#6341,.F.);
#7000=ADVANCED_FACE('',(#5904),#6342,.F.);
#7001=ADVANCED_FACE('',(#5905,#5906),#6343,.T.);
#7002=ADVANCED_FACE('',(#5907),#6344,.F.);
#7003=ADVANCED_FACE('',(#5908),#6345,.F.);
#7004=ADVANCED_FACE('',(#5909),#6346,.F.);
#7005=ADVANCED_FACE('',(#5910),#6347,.F.);
#7006=ADVANCED_FACE('',(#5911),#154,.T.);
#7007=ADVANCED_FACE('',(#5912),#6348,.T.);
#7008=ADVANCED_FACE('',(#5913),#6349,.T.);
#7009=ADVANCED_FACE('',(#5914),#155,.T.);
#7010=ADVANCED_FACE('',(#5915),#6350,.F.);
#7011=ADVANCED_FACE('',(#5916),#6351,.F.);
#7012=ADVANCED_FACE('',(#5917),#156,.T.);
#7013=ADVANCED_FACE('',(#5918),#6352,.T.);
#7014=ADVANCED_FACE('',(#5919),#6353,.T.);
#7015=ADVANCED_FACE('',(#5920),#157,.T.);
#7016=ADVANCED_FACE('',(#5921),#6354,.F.);
#7017=ADVANCED_FACE('',(#5922),#6355,.F.);
#7018=ADVANCED_FACE('',(#5923),#158,.T.);
#7019=ADVANCED_FACE('',(#5924),#6356,.T.);
#7020=ADVANCED_FACE('',(#5925),#6357,.T.);
#7021=ADVANCED_FACE('',(#5926),#159,.T.);
#7022=ADVANCED_FACE('',(#5927),#6358,.F.);
#7023=ADVANCED_FACE('',(#5928),#6359,.F.);
#7024=ADVANCED_FACE('',(#5929),#160,.T.);
#7025=ADVANCED_FACE('',(#5930),#6360,.T.);
#7026=ADVANCED_FACE('',(#5931),#6361,.T.);
#7027=ADVANCED_FACE('',(#5932),#161,.T.);
#7028=ADVANCED_FACE('',(#5933),#6362,.F.);
#7029=ADVANCED_FACE('',(#5934),#6363,.F.);
#7030=ADVANCED_FACE('',(#5935),#162,.T.);
#7031=ADVANCED_FACE('',(#5936),#6364,.T.);
#7032=ADVANCED_FACE('',(#5937),#6365,.T.);
#7033=ADVANCED_FACE('',(#5938),#163,.T.);
#7034=ADVANCED_FACE('',(#5939),#6366,.F.);
#7035=ADVANCED_FACE('',(#5940),#6367,.F.);
#7036=ADVANCED_FACE('',(#5941),#164,.T.);
#7037=ADVANCED_FACE('',(#5942),#6368,.T.);
#7038=ADVANCED_FACE('',(#5943),#6369,.T.);
#7039=ADVANCED_FACE('',(#5944),#165,.T.);
#7040=ADVANCED_FACE('',(#5945),#6370,.F.);
#7041=ADVANCED_FACE('',(#5946),#6371,.F.);
#7042=ADVANCED_FACE('',(#5947),#166,.T.);
#7043=ADVANCED_FACE('',(#5948),#6372,.T.);
#7044=ADVANCED_FACE('',(#5949),#6373,.T.);
#7045=ADVANCED_FACE('',(#5950),#167,.T.);
#7046=ADVANCED_FACE('',(#5951),#6374,.F.);
#7047=ADVANCED_FACE('',(#5952),#6375,.F.);
#7048=ADVANCED_FACE('',(#5953),#168,.T.);
#7049=ADVANCED_FACE('',(#5954),#6376,.T.);
#7050=ADVANCED_FACE('',(#5955),#6377,.T.);
#7051=ADVANCED_FACE('',(#5956),#169,.T.);
#7052=ADVANCED_FACE('',(#5957),#6378,.F.);
#7053=ADVANCED_FACE('',(#5958),#6379,.F.);
#7054=ADVANCED_FACE('',(#5959),#170,.T.);
#7055=ADVANCED_FACE('',(#5960),#6380,.T.);
#7056=ADVANCED_FACE('',(#5961),#6381,.T.);
#7057=ADVANCED_FACE('',(#5962),#171,.T.);
#7058=ADVANCED_FACE('',(#5963),#6382,.F.);
#7059=ADVANCED_FACE('',(#5964),#6383,.F.);
#7060=ADVANCED_FACE('',(#5965),#172,.T.);
#7061=ADVANCED_FACE('',(#5966),#6384,.T.);
#7062=ADVANCED_FACE('',(#5967),#6385,.T.);
#7063=ADVANCED_FACE('',(#5968),#173,.T.);
#7064=ADVANCED_FACE('',(#5969),#6386,.F.);
#7065=ADVANCED_FACE('',(#5970),#6387,.F.);
#7066=ADVANCED_FACE('',(#5971),#174,.T.);
#7067=ADVANCED_FACE('',(#5972),#6388,.T.);
#7068=ADVANCED_FACE('',(#5973),#6389,.T.);
#7069=ADVANCED_FACE('',(#5974),#175,.T.);
#7070=ADVANCED_FACE('',(#5975),#6390,.F.);
#7071=ADVANCED_FACE('',(#5976),#6391,.F.);
#7072=ADVANCED_FACE('',(#5977),#176,.T.);
#7073=ADVANCED_FACE('',(#5978),#6392,.T.);
#7074=ADVANCED_FACE('',(#5979),#6393,.T.);
#7075=ADVANCED_FACE('',(#5980),#177,.T.);
#7076=ADVANCED_FACE('',(#5981),#6394,.F.);
#7077=ADVANCED_FACE('',(#5982),#6395,.F.);
#7078=ADVANCED_FACE('',(#5983,#5984,#5985,#5986,#5987,#5988,#5989,#5990,
#5991,#5992,#5993,#5994,#5995),#6396,.F.);
#7079=ADVANCED_FACE('',(#5996),#6397,.F.);
#7080=ADVANCED_FACE('',(#5997,#5998,#5999,#6000,#6001,#6002,#6003,#6004,
#6005,#6006,#6007,#6008,#6009),#6398,.F.);
#7081=ADVANCED_FACE('',(#6010),#6399,.F.);
#7082=ADVANCED_FACE('',(#6011),#6400,.T.);
#7083=ADVANCED_FACE('',(#6012),#178,.T.);
#7084=ADVANCED_FACE('',(#6013),#6401,.T.);
#7085=ADVANCED_FACE('',(#6014),#179,.T.);
#7086=ADVANCED_FACE('',(#6015),#6402,.T.);
#7087=ADVANCED_FACE('',(#6016),#180,.T.);
#7088=ADVANCED_FACE('',(#6017),#6403,.T.);
#7089=ADVANCED_FACE('',(#6018,#6019),#181,.F.);
#7090=ADVANCED_FACE('',(#6020),#182,.T.);
#7091=ADVANCED_FACE('',(#6021),#6404,.T.);
#7092=ADVANCED_FACE('',(#6022),#6405,.T.);
#7093=ADVANCED_FACE('',(#6023),#183,.F.);
#7094=ADVANCED_FACE('',(#6024),#6406,.T.);
#7095=ADVANCED_FACE('',(#6025),#184,.T.);
#7096=ADVANCED_FACE('',(#6026),#185,.T.);
#7097=ADVANCED_FACE('',(#6027),#6407,.F.);
#7098=ADVANCED_FACE('',(#6028),#186,.F.);
#7099=ADVANCED_FACE('',(#6029),#6408,.F.);
#7100=ADVANCED_FACE('',(#6030),#187,.F.);
#7101=ADVANCED_FACE('',(#6031),#6409,.F.);
#7102=ADVANCED_FACE('',(#6032),#188,.T.);
#7103=ADVANCED_FACE('',(#6033),#6410,.F.);
#7104=ADVANCED_FACE('',(#6034),#189,.F.);
#7105=ADVANCED_FACE('',(#6035),#6411,.T.);
#7106=ADVANCED_FACE('',(#6036),#6412,.F.);
#7107=ADVANCED_FACE('',(#6037),#6413,.F.);
#7108=ADVANCED_FACE('',(#6038),#6414,.F.);
#7109=ADVANCED_FACE('',(#6039),#6415,.F.);
#7110=ADVANCED_FACE('',(#6040),#6416,.T.);
#7111=ADVANCED_FACE('',(#6041),#190,.T.);
#7112=ADVANCED_FACE('',(#6042),#191,.F.);
#7113=ADVANCED_FACE('',(#6043),#6417,.F.);
#7114=ADVANCED_FACE('',(#6044),#6418,.F.);
#7115=ADVANCED_FACE('',(#6045),#6419,.F.);
#7116=ADVANCED_FACE('',(#6046),#192,.F.);
#7117=ADVANCED_FACE('',(#6047),#193,.F.);
#7118=ADVANCED_FACE('',(#6048),#6420,.T.);
#7119=ADVANCED_FACE('',(#6049),#6421,.F.);
#7120=ADVANCED_FACE('',(#6050),#6422,.T.);
#7121=ADVANCED_FACE('',(#6051),#194,.F.);
#7122=ADVANCED_FACE('',(#6052),#6423,.F.);
#7123=ADVANCED_FACE('',(#6053),#195,.F.);
#7124=ADVANCED_FACE('',(#6054),#196,.T.);
#7125=ADVANCED_FACE('',(#6055),#197,.F.);
#7126=ADVANCED_FACE('',(#6056),#6424,.F.);
#7127=ADVANCED_FACE('',(#6057),#198,.T.);
#7128=ADVANCED_FACE('',(#6058),#199,.F.);
#7129=ADVANCED_FACE('',(#6059),#6425,.F.);
#7130=ADVANCED_FACE('',(#6060),#6426,.T.);
#7131=ADVANCED_FACE('',(#6061),#6427,.T.);
#7132=ADVANCED_FACE('',(#6062),#200,.F.);
#7133=ADVANCED_FACE('',(#6063),#6428,.F.);
#7134=ADVANCED_FACE('',(#6064),#201,.T.);
#7135=ADVANCED_FACE('',(#6065),#6429,.T.);
#7136=ADVANCED_FACE('',(#6066),#6430,.F.);
#7137=ADVANCED_FACE('',(#6067),#6431,.T.);
#7138=ADVANCED_FACE('',(#6068),#6432,.T.);
#7139=ADVANCED_FACE('',(#6069),#6433,.T.);
#7140=ADVANCED_FACE('',(#6070),#6434,.T.);
#7141=ADVANCED_FACE('',(#6071),#202,.T.);
#7142=ADVANCED_FACE('',(#6072),#6435,.T.);
#7143=ADVANCED_FACE('',(#6073),#203,.T.);
#7144=ADVANCED_FACE('',(#6074),#6436,.T.);
#7145=ADVANCED_FACE('',(#6075),#204,.T.);
#7146=ADVANCED_FACE('',(#6076),#6437,.T.);
#7147=ADVANCED_FACE('',(#6077),#6438,.T.);
#7148=ADVANCED_FACE('',(#6078),#6439,.T.);
#7149=ADVANCED_FACE('',(#6079),#205,.T.);
#7150=ADVANCED_FACE('',(#6080),#6440,.F.);
#7151=ADVANCED_FACE('',(#6081),#6441,.F.);
#7152=ADVANCED_FACE('',(#6082),#6442,.T.);
#7153=ADVANCED_FACE('',(#6083),#6443,.T.);
#7154=ADVANCED_FACE('',(#6084),#6444,.T.);
#7155=ADVANCED_FACE('',(#6085),#6445,.T.);
#7156=ADVANCED_FACE('',(#6086),#6446,.T.);
#7157=ADVANCED_FACE('',(#6087),#6447,.T.);
#7158=ADVANCED_FACE('',(#6088),#6448,.T.);
#7159=ADVANCED_FACE('',(#6089),#6449,.T.);
#7160=ADVANCED_FACE('',(#6090),#6450,.T.);
#7161=ADVANCED_FACE('',(#6091),#6451,.T.);
#7162=ADVANCED_FACE('',(#6092),#6452,.T.);
#7163=ADVANCED_FACE('',(#6093),#6453,.F.);
#7164=ADVANCED_FACE('',(#6094),#6454,.F.);
#7165=ADVANCED_FACE('',(#6095),#6455,.F.);
#7166=ADVANCED_FACE('',(#6096),#6456,.T.);
#7167=ADVANCED_FACE('',(#6097),#6457,.T.);
#7168=ADVANCED_FACE('',(#6098),#6458,.T.);
#7169=ADVANCED_FACE('',(#6099),#206,.F.);
#7170=ADVANCED_FACE('',(#6100),#207,.F.);
#7171=ADVANCED_FACE('',(#6101),#6459,.T.);
#7172=ADVANCED_FACE('',(#6102),#208,.F.);
#7173=ADVANCED_FACE('',(#6103),#6460,.F.);
#7174=ADVANCED_FACE('',(#6104),#209,.F.);
#7175=ADVANCED_FACE('',(#6105),#210,.T.);
#7176=ADVANCED_FACE('',(#6106),#211,.F.);
#7177=ADVANCED_FACE('',(#6107),#6461,.F.);
#7178=ADVANCED_FACE('',(#6108),#6462,.T.);
#7179=ADVANCED_FACE('',(#6109),#6463,.F.);
#7180=ADVANCED_FACE('',(#6110),#212,.F.);
#7181=ADVANCED_FACE('',(#6111),#213,.T.);
#7182=ADVANCED_FACE('',(#6112),#6464,.T.);
#7183=ADVANCED_FACE('',(#6113),#214,.F.);
#7184=ADVANCED_FACE('',(#6114),#6465,.F.);
#7185=ADVANCED_FACE('',(#6115),#215,.T.);
#7186=ADVANCED_FACE('',(#6116),#6466,.F.);
#7187=ADVANCED_FACE('',(#6117),#6467,.F.);
#7188=ADVANCED_FACE('',(#6118),#6468,.T.);
#7189=ADVANCED_FACE('',(#6119),#6469,.F.);
#7190=ADVANCED_FACE('',(#6120),#6470,.F.);
#7191=ADVANCED_FACE('',(#6121,#6122),#6471,.T.);
#7192=ADVANCED_FACE('',(#6123,#6124),#6472,.T.);
#7193=ADVANCED_FACE('',(#6125),#6473,.T.);
#7194=ADVANCED_FACE('',(#6126),#6474,.T.);
#7195=ADVANCED_FACE('',(#6127),#6475,.F.);
#7196=ADVANCED_FACE('',(#6128),#6476,.T.);
#7197=ADVANCED_FACE('',(#6129),#6477,.T.);
#7198=ADVANCED_FACE('',(#6130),#6478,.T.);
#7199=ADVANCED_FACE('',(#6131),#6479,.T.);
#7200=ADVANCED_FACE('',(#6132),#6480,.T.);
#7201=ADVANCED_FACE('',(#6133),#6481,.T.);
#7202=ADVANCED_FACE('',(#6134),#6482,.F.);
#7203=ADVANCED_FACE('',(#6135),#6483,.T.);
#7204=ADVANCED_FACE('',(#6136),#6484,.T.);
#7205=ADVANCED_FACE('',(#6137),#6485,.T.);
#7206=ADVANCED_FACE('',(#6138),#6486,.T.);
#7207=ADVANCED_FACE('',(#6139),#6487,.T.);
#7208=ADVANCED_FACE('',(#6140),#6488,.T.);
#7209=ADVANCED_FACE('',(#6141),#6489,.T.);
#7210=ADVANCED_FACE('',(#6142),#6490,.T.);
#7211=ADVANCED_FACE('',(#6143),#6491,.T.);
#7212=ADVANCED_FACE('',(#6144),#6492,.F.);
#7213=ADVANCED_FACE('',(#6145),#6493,.T.);
#7214=ADVANCED_FACE('',(#6146),#6494,.T.);
#7215=ADVANCED_FACE('',(#6147),#6495,.T.);
#7216=ADVANCED_FACE('',(#6148),#6496,.T.);
#7217=ADVANCED_FACE('',(#6149),#6497,.T.);
#7218=ADVANCED_FACE('',(#6150),#6498,.T.);
#7219=ADVANCED_FACE('',(#6151),#6499,.T.);
#7220=ADVANCED_FACE('',(#6152),#6500,.T.);
#7221=ADVANCED_FACE('',(#6153),#6501,.T.);
#7222=ADVANCED_FACE('',(#6154),#6502,.F.);
#7223=ADVANCED_FACE('',(#6155),#6503,.T.);
#7224=ADVANCED_FACE('',(#6156),#6504,.T.);
#7225=ADVANCED_FACE('',(#6157),#6505,.T.);
#7226=ADVANCED_FACE('',(#6158),#6506,.T.);
#7227=ADVANCED_FACE('',(#6159),#6507,.T.);
#7228=ADVANCED_FACE('',(#6160),#6508,.T.);
#7229=ADVANCED_FACE('',(#6161),#6509,.T.);
#7230=ADVANCED_FACE('',(#6162),#6510,.T.);
#7231=ADVANCED_FACE('',(#6163),#6511,.T.);
#7232=ADVANCED_FACE('',(#6164),#6512,.F.);
#7233=ADVANCED_FACE('',(#6165),#6513,.T.);
#7234=ADVANCED_FACE('',(#6166),#6514,.T.);
#7235=ADVANCED_FACE('',(#6167),#6515,.T.);
#7236=ADVANCED_FACE('',(#6168),#6516,.T.);
#7237=ADVANCED_FACE('',(#6169),#6517,.T.);
#7238=ADVANCED_FACE('',(#6170),#6518,.T.);
#7239=ADVANCED_FACE('',(#6171),#6519,.T.);
#7240=ADVANCED_FACE('',(#6172),#6520,.T.);
#7241=ADVANCED_FACE('',(#6173),#6521,.T.);
#7242=ADVANCED_FACE('',(#6174),#6522,.F.);
#7243=ADVANCED_FACE('',(#6175),#6523,.T.);
#7244=ADVANCED_FACE('',(#6176),#6524,.T.);
#7245=ADVANCED_FACE('',(#6177),#6525,.T.);
#7246=ADVANCED_FACE('',(#6178),#6526,.T.);
#7247=ADVANCED_FACE('',(#6179),#6527,.T.);
#7248=ADVANCED_FACE('',(#6180),#6528,.T.);
#7249=ADVANCED_FACE('',(#6181),#6529,.T.);
#7250=ADVANCED_FACE('',(#6182),#6530,.T.);
#7251=ADVANCED_FACE('',(#6183),#6531,.T.);
#7252=ADVANCED_FACE('',(#6184),#6532,.F.);
#7253=ADVANCED_FACE('',(#6185),#6533,.T.);
#7254=ADVANCED_FACE('',(#6186),#6534,.T.);
#7255=ADVANCED_FACE('',(#6187),#6535,.T.);
#7256=ADVANCED_FACE('',(#6188),#6536,.T.);
#7257=ADVANCED_FACE('',(#6189),#6537,.T.);
#7258=ADVANCED_FACE('',(#6190),#6538,.T.);
#7259=ADVANCED_FACE('',(#6191),#6539,.T.);
#7260=ADVANCED_FACE('',(#6192),#6540,.T.);
#7261=ADVANCED_FACE('',(#6193),#6541,.T.);
#7262=ADVANCED_FACE('',(#6194),#6542,.F.);
#7263=ADVANCED_FACE('',(#6195),#6543,.T.);
#7264=ADVANCED_FACE('',(#6196),#6544,.T.);
#7265=ADVANCED_FACE('',(#6197),#6545,.T.);
#7266=ADVANCED_FACE('',(#6198),#6546,.T.);
#7267=ADVANCED_FACE('',(#6199),#6547,.T.);
#7268=ADVANCED_FACE('',(#6200),#6548,.T.);
#7269=ADVANCED_FACE('',(#6201),#6549,.T.);
#7270=ADVANCED_FACE('',(#6202),#6550,.T.);
#7271=ADVANCED_FACE('',(#6203),#6551,.T.);
#7272=ADVANCED_FACE('',(#6204),#6552,.F.);
#7273=ADVANCED_FACE('',(#6205),#6553,.T.);
#7274=ADVANCED_FACE('',(#6206),#6554,.T.);
#7275=ADVANCED_FACE('',(#6207),#6555,.T.);
#7276=ADVANCED_FACE('',(#6208),#6556,.T.);
#7277=ADVANCED_FACE('',(#6209),#6557,.T.);
#7278=ADVANCED_FACE('',(#6210),#6558,.T.);
#7279=ADVANCED_FACE('',(#6211),#6559,.T.);
#7280=ADVANCED_FACE('',(#6212),#6560,.T.);
#7281=ADVANCED_FACE('',(#6213),#6561,.T.);
#7282=ADVANCED_FACE('',(#6214),#6562,.F.);
#7283=ADVANCED_FACE('',(#6215),#6563,.T.);
#7284=ADVANCED_FACE('',(#6216),#6564,.T.);
#7285=ADVANCED_FACE('',(#6217),#6565,.T.);
#7286=ADVANCED_FACE('',(#6218),#6566,.T.);
#7287=ADVANCED_FACE('',(#6219),#6567,.T.);
#7288=ADVANCED_FACE('',(#6220),#6568,.T.);
#7289=ADVANCED_FACE('',(#6221),#6569,.T.);
#7290=ADVANCED_FACE('',(#6222),#6570,.T.);
#7291=ADVANCED_FACE('',(#6223),#6571,.T.);
#7292=ADVANCED_FACE('',(#6224),#6572,.F.);
#7293=ADVANCED_FACE('',(#6225),#6573,.T.);
#7294=ADVANCED_FACE('',(#6226),#6574,.T.);
#7295=ADVANCED_FACE('',(#6227),#6575,.T.);
#7296=ADVANCED_FACE('',(#6228),#6576,.T.);
#7297=ADVANCED_FACE('',(#6229),#6577,.T.);
#7298=ADVANCED_FACE('',(#6230),#6578,.T.);
#7299=ADVANCED_FACE('',(#6231),#6579,.T.);
#7300=ADVANCED_FACE('',(#6232),#6580,.T.);
#7301=ADVANCED_FACE('',(#6233),#6581,.T.);
#7302=ADVANCED_FACE('',(#6234),#6582,.F.);
#7303=ADVANCED_FACE('',(#6235),#6583,.T.);
#7304=ADVANCED_FACE('',(#6236),#6584,.T.);
#7305=ADVANCED_FACE('',(#6237),#6585,.T.);
#7306=ADVANCED_FACE('',(#6238),#6586,.T.);
#7307=ADVANCED_FACE('',(#6239),#6587,.T.);
#7308=ADVANCED_FACE('',(#6240),#6588,.T.);
#7309=ADVANCED_FACE('',(#6241,#6242,#6243,#6244,#6245,#6246,#6247,#6248,
#6249,#6250,#6251,#6252,#6253),#6589,.T.);
#7310=ADVANCED_FACE('',(#6254),#6590,.T.);
#7311=ADVANCED_FACE('',(#6255),#6591,.T.);
#7312=ADVANCED_FACE('',(#6256),#6592,.T.);
#7313=ADVANCED_FACE('',(#6257),#6593,.F.);
#7314=ADVANCED_FACE('',(#6258),#6594,.T.);
#7315=ADVANCED_FACE('',(#6259),#6595,.T.);
#7316=ADVANCED_FACE('',(#6260),#6596,.T.);
#7317=ADVANCED_FACE('',(#6261),#6597,.T.);
#7318=ADVANCED_FACE('',(#6262),#6598,.T.);
#7319=ADVANCED_FACE('',(#6263),#6599,.T.);
#7320=ADVANCED_FACE('',(#6264),#6600,.T.);
#7321=ADVANCED_FACE('',(#6265),#6601,.T.);
#7322=ADVANCED_FACE('',(#6266),#6602,.T.);
#7323=ADVANCED_FACE('',(#6267),#6603,.T.);
#7324=ADVANCED_FACE('',(#6268),#6604,.T.);
#7325=ADVANCED_FACE('',(#6269),#6605,.T.);
#7326=ADVANCED_FACE('',(#6270),#6606,.T.);
#7327=ADVANCED_FACE('',(#6271),#6607,.T.);
#7328=ADVANCED_FACE('',(#6272),#6608,.T.);
#7329=ADVANCED_FACE('',(#6273),#6609,.T.);
#7330=ADVANCED_FACE('',(#6274,#6275),#6610,.T.);
#7331=ADVANCED_FACE('',(#6276),#6611,.T.);
#7332=ADVANCED_FACE('',(#6277),#6612,.F.);
#7333=ADVANCED_FACE('',(#6278),#6613,.F.);
#7334=ADVANCED_FACE('',(#6279),#6614,.F.);
#7335=ADVANCED_FACE('',(#6280),#6615,.F.);
#7336=ADVANCED_FACE('',(#6281),#6616,.F.);
#7337=ADVANCED_FACE('',(#6282),#6617,.F.);
#7338=ADVANCED_FACE('',(#6283),#6618,.F.);
#7339=ADVANCED_FACE('',(#6284),#6619,.F.);
#7340=ADVANCED_FACE('',(#6285,#6286,#6287),#6620,.T.);
#7341=ADVANCED_FACE('',(#6288,#6289,#6290),#6621,.T.);
#7342=ADVANCED_FACE('',(#6291),#6622,.T.);
#7343=ADVANCED_FACE('',(#6292),#6623,.T.);
#7344=ADVANCED_FACE('',(#6293),#6624,.T.);
#7345=ADVANCED_FACE('',(#6294),#6625,.T.);
#7346=ADVANCED_FACE('',(#6295),#6626,.T.);
#7347=ADVANCED_FACE('',(#6296),#6627,.T.);
#7348=ADVANCED_FACE('',(#6297),#6628,.T.);
#7349=ADVANCED_FACE('',(#6298),#6629,.T.);
#7350=ADVANCED_FACE('',(#6299),#216,.F.);
#7351=ADVANCED_FACE('',(#6300),#6630,.T.);
#7352=ADVANCED_FACE('',(#6301),#6631,.F.);
#7353=ADVANCED_FACE('',(#6302),#6632,.F.);
#7354=ADVANCED_FACE('',(#6303),#6633,.F.);
#7355=ADVANCED_FACE('',(#6304),#6634,.T.);
#7356=ADVANCED_FACE('',(#6305),#6635,.T.);
#7357=ADVANCED_FACE('',(#6306),#217,.T.);
#7358=ADVANCED_FACE('',(#6307),#6636,.T.);
#7359=ADVANCED_FACE('',(#6308),#6637,.T.);
#7360=ADVANCED_FACE('',(#6309),#6638,.F.);
#7361=ADVANCED_FACE('',(#6310,#6311),#6639,.F.);
#7362=ADVANCED_FACE('',(#6312),#6640,.T.);
#7363=ADVANCED_FACE('',(#6313,#6314),#218,.F.);
#7364=ADVANCED_FACE('',(#6315,#6316,#6317),#6641,.T.);
#7365=ADVANCED_FACE('',(#6318,#6319),#219,.F.);
#7366=ADVANCED_FACE('',(#6320,#6321),#6642,.T.);
#7367=ADVANCED_FACE('',(#6322,#6323),#6643,.T.);
#7368=ADVANCED_FACE('',(#6324,#6325),#220,.F.);
#7369=ADVANCED_FACE('',(#6326),#6644,.T.);
#7370=ADVANCED_FACE('',(#6327,#6328,#6329,#6330),#6645,.T.);
#7371=ADVANCED_FACE('',(#6331),#221,.T.);
#7372=ADVANCED_FACE('',(#6332),#6646,.T.);
#7373=ADVANCED_FACE('',(#6333,#6334,#6335),#6647,.T.);
#7374=CLOSED_SHELL('',(#6994,#6995,#6996,#6997,#6998,#6999,#7000,#7001,
#7002,#7003,#7004,#7005,#7006,#7007,#7008,#7009,#7010,#7011,#7012,#7013,
#7014,#7015,#7016,#7017,#7018,#7019,#7020,#7021,#7022,#7023,#7024,#7025,
#7026,#7027,#7028,#7029,#7030,#7031,#7032,#7033,#7034,#7035,#7036,#7037,
#7038,#7039,#7040,#7041,#7042,#7043,#7044,#7045,#7046,#7047,#7048,#7049,
#7050,#7051,#7052,#7053,#7054,#7055,#7056,#7057,#7058,#7059,#7060,#7061,
#7062,#7063,#7064,#7065,#7066,#7067,#7068,#7069,#7070,#7071,#7072,#7073,
#7074,#7075,#7076,#7077,#7078,#7079,#7080,#7081,#7082,#7083,#7084,#7085,
#7086,#7087,#7088,#7089,#7090,#7091,#7092,#7093,#7094,#7095,#7096,#7097,
#7098,#7099,#7100,#7101,#7102,#7103,#7104,#7105,#7106,#7107,#7108,#7109,
#7110,#7111,#7112,#7113,#7114,#7115,#7116,#7117,#7118,#7119,#7120,#7121,
#7122,#7123,#7124,#7125,#7126,#7127,#7128,#7129,#7130,#7131,#7132,#7133,
#7134,#7135,#7136,#7137,#7138,#7139,#7140,#7141,#7142,#7143,#7144,#7145,
#7146,#7147,#7148,#7149,#7150,#7151,#7152,#7153,#7154,#7155,#7156,#7157,
#7158,#7159,#7160,#7161,#7162,#7163,#7164,#7165,#7166,#7167,#7168,#7169,
#7170,#7171,#7172,#7173,#7174,#7175,#7176,#7177,#7178,#7179,#7180,#7181,
#7182,#7183,#7184,#7185,#7186,#7187,#7188,#7189,#7190,#7191,#7192,#7193,
#7194,#7195,#7196,#7197,#7198,#7199,#7200,#7201,#7202,#7203,#7204,#7205,
#7206,#7207,#7208,#7209,#7210,#7211,#7212,#7213,#7214,#7215,#7216,#7217,
#7218,#7219,#7220,#7221,#7222,#7223,#7224,#7225,#7226,#7227,#7228,#7229,
#7230,#7231,#7232,#7233,#7234,#7235,#7236,#7237,#7238,#7239,#7240,#7241,
#7242,#7243,#7244,#7245,#7246,#7247,#7248,#7249,#7250,#7251,#7252,#7253,
#7254,#7255,#7256,#7257,#7258,#7259,#7260,#7261,#7262,#7263,#7264,#7265,
#7266,#7267,#7268,#7269,#7270,#7271,#7272,#7273,#7274,#7275,#7276,#7277,
#7278,#7279,#7280,#7281,#7282,#7283,#7284,#7285,#7286,#7287,#7288,#7289,
#7290,#7291,#7292,#7293,#7294,#7295,#7296,#7297,#7298,#7299,#7300,#7301,
#7302,#7303,#7304,#7305,#7306,#7307,#7308,#7309,#7310,#7311,#7312,#7313,
#7314,#7315,#7316,#7317,#7318,#7319,#7320,#7321,#7322,#7323,#7324,#7325,
#7326,#7327,#7328,#7329,#7330,#7331,#7332,#7333,#7334,#7335,#7336,#7337,
#7338,#7339,#7340,#7341,#7342,#7343,#7344,#7345,#7346,#7347,#7348,#7349,
#7350,#7351,#7352,#7353,#7354,#7355,#7356,#7357,#7358,#7359,#7360,#7361,
#7362,#7363,#7364,#7365,#7366,#7367,#7368,#7369,#7370,#7371,#7372,#7373));
#7375=STYLED_ITEM('',(#7376),#9463);
#7376=PRESENTATION_STYLE_ASSIGNMENT((#7723));
#7377=PRESENTATION_STYLE_ASSIGNMENT((#7724));
#7378=PRESENTATION_STYLE_ASSIGNMENT((#7725));
#7379=PRESENTATION_STYLE_ASSIGNMENT((#7726));
#7380=PRESENTATION_STYLE_ASSIGNMENT((#7727));
#7381=PRESENTATION_STYLE_ASSIGNMENT((#7728));
#7382=PRESENTATION_STYLE_ASSIGNMENT((#7729));
#7383=PRESENTATION_STYLE_ASSIGNMENT((#7730));
#7384=PRESENTATION_STYLE_ASSIGNMENT((#7731));
#7385=PRESENTATION_STYLE_ASSIGNMENT((#7732));
#7386=PRESENTATION_STYLE_ASSIGNMENT((#7733));
#7387=PRESENTATION_STYLE_ASSIGNMENT((#7734));
#7388=PRESENTATION_STYLE_ASSIGNMENT((#7735));
#7389=PRESENTATION_STYLE_ASSIGNMENT((#7736));
#7390=PRESENTATION_STYLE_ASSIGNMENT((#7737));
#7391=PRESENTATION_STYLE_ASSIGNMENT((#7738));
#7392=PRESENTATION_STYLE_ASSIGNMENT((#7739));
#7393=PRESENTATION_STYLE_ASSIGNMENT((#7740));
#7394=PRESENTATION_STYLE_ASSIGNMENT((#7741));
#7395=PRESENTATION_STYLE_ASSIGNMENT((#7742));
#7396=PRESENTATION_STYLE_ASSIGNMENT((#7743));
#7397=PRESENTATION_STYLE_ASSIGNMENT((#7744));
#7398=PRESENTATION_STYLE_ASSIGNMENT((#7745));
#7399=PRESENTATION_STYLE_ASSIGNMENT((#7746));
#7400=PRESENTATION_STYLE_ASSIGNMENT((#7747));
#7401=PRESENTATION_STYLE_ASSIGNMENT((#7748));
#7402=PRESENTATION_STYLE_ASSIGNMENT((#7749));
#7403=PRESENTATION_STYLE_ASSIGNMENT((#7750));
#7404=PRESENTATION_STYLE_ASSIGNMENT((#7751));
#7405=PRESENTATION_STYLE_ASSIGNMENT((#7752));
#7406=PRESENTATION_STYLE_ASSIGNMENT((#7753));
#7407=PRESENTATION_STYLE_ASSIGNMENT((#7754));
#7408=PRESENTATION_STYLE_ASSIGNMENT((#7755));
#7409=PRESENTATION_STYLE_ASSIGNMENT((#7756));
#7410=PRESENTATION_STYLE_ASSIGNMENT((#7757));
#7411=PRESENTATION_STYLE_ASSIGNMENT((#7758));
#7412=PRESENTATION_STYLE_ASSIGNMENT((#7759));
#7413=PRESENTATION_STYLE_ASSIGNMENT((#7760));
#7414=PRESENTATION_STYLE_ASSIGNMENT((#7761));
#7415=PRESENTATION_STYLE_ASSIGNMENT((#7762));
#7416=PRESENTATION_STYLE_ASSIGNMENT((#7763));
#7417=PRESENTATION_STYLE_ASSIGNMENT((#7764));
#7418=PRESENTATION_STYLE_ASSIGNMENT((#7765));
#7419=PRESENTATION_STYLE_ASSIGNMENT((#7766));
#7420=PRESENTATION_STYLE_ASSIGNMENT((#7767));
#7421=PRESENTATION_STYLE_ASSIGNMENT((#7768));
#7422=PRESENTATION_STYLE_ASSIGNMENT((#7769));
#7423=PRESENTATION_STYLE_ASSIGNMENT((#7770));
#7424=PRESENTATION_STYLE_ASSIGNMENT((#7771));
#7425=PRESENTATION_STYLE_ASSIGNMENT((#7772));
#7426=PRESENTATION_STYLE_ASSIGNMENT((#7773));
#7427=PRESENTATION_STYLE_ASSIGNMENT((#7774));
#7428=PRESENTATION_STYLE_ASSIGNMENT((#7775));
#7429=PRESENTATION_STYLE_ASSIGNMENT((#7776));
#7430=PRESENTATION_STYLE_ASSIGNMENT((#7777));
#7431=PRESENTATION_STYLE_ASSIGNMENT((#7778));
#7432=PRESENTATION_STYLE_ASSIGNMENT((#7779));
#7433=PRESENTATION_STYLE_ASSIGNMENT((#7780));
#7434=PRESENTATION_STYLE_ASSIGNMENT((#7781));
#7435=PRESENTATION_STYLE_ASSIGNMENT((#7782));
#7436=PRESENTATION_STYLE_ASSIGNMENT((#7783));
#7437=PRESENTATION_STYLE_ASSIGNMENT((#7784));
#7438=PRESENTATION_STYLE_ASSIGNMENT((#7785));
#7439=PRESENTATION_STYLE_ASSIGNMENT((#7786));
#7440=PRESENTATION_STYLE_ASSIGNMENT((#7787));
#7441=PRESENTATION_STYLE_ASSIGNMENT((#7788));
#7442=PRESENTATION_STYLE_ASSIGNMENT((#7789));
#7443=PRESENTATION_STYLE_ASSIGNMENT((#7790));
#7444=PRESENTATION_STYLE_ASSIGNMENT((#7791));
#7445=PRESENTATION_STYLE_ASSIGNMENT((#7792));
#7446=PRESENTATION_STYLE_ASSIGNMENT((#7793));
#7447=PRESENTATION_STYLE_ASSIGNMENT((#7794));
#7448=PRESENTATION_STYLE_ASSIGNMENT((#7795));
#7449=PRESENTATION_STYLE_ASSIGNMENT((#7796));
#7450=PRESENTATION_STYLE_ASSIGNMENT((#7797));
#7451=PRESENTATION_STYLE_ASSIGNMENT((#7798));
#7452=PRESENTATION_STYLE_ASSIGNMENT((#7799));
#7453=PRESENTATION_STYLE_ASSIGNMENT((#7800));
#7454=PRESENTATION_STYLE_ASSIGNMENT((#7801));
#7455=PRESENTATION_STYLE_ASSIGNMENT((#7802));
#7456=PRESENTATION_STYLE_ASSIGNMENT((#7803));
#7457=PRESENTATION_STYLE_ASSIGNMENT((#7804));
#7458=PRESENTATION_STYLE_ASSIGNMENT((#7805));
#7459=PRESENTATION_STYLE_ASSIGNMENT((#7806));
#7460=PRESENTATION_STYLE_ASSIGNMENT((#7807));
#7461=PRESENTATION_STYLE_ASSIGNMENT((#7808));
#7462=PRESENTATION_STYLE_ASSIGNMENT((#7809));
#7463=PRESENTATION_STYLE_ASSIGNMENT((#7810));
#7464=PRESENTATION_STYLE_ASSIGNMENT((#7811));
#7465=PRESENTATION_STYLE_ASSIGNMENT((#7812));
#7466=PRESENTATION_STYLE_ASSIGNMENT((#7813));
#7467=PRESENTATION_STYLE_ASSIGNMENT((#7814));
#7468=PRESENTATION_STYLE_ASSIGNMENT((#7815));
#7469=PRESENTATION_STYLE_ASSIGNMENT((#7816));
#7470=PRESENTATION_STYLE_ASSIGNMENT((#7817));
#7471=PRESENTATION_STYLE_ASSIGNMENT((#7818));
#7472=PRESENTATION_STYLE_ASSIGNMENT((#7819));
#7473=PRESENTATION_STYLE_ASSIGNMENT((#7820));
#7474=PRESENTATION_STYLE_ASSIGNMENT((#7821));
#7475=PRESENTATION_STYLE_ASSIGNMENT((#7822));
#7476=PRESENTATION_STYLE_ASSIGNMENT((#7823));
#7477=PRESENTATION_STYLE_ASSIGNMENT((#7824));
#7478=PRESENTATION_STYLE_ASSIGNMENT((#7825));
#7479=PRESENTATION_STYLE_ASSIGNMENT((#7826));
#7480=PRESENTATION_STYLE_ASSIGNMENT((#7827));
#7481=PRESENTATION_STYLE_ASSIGNMENT((#7828));
#7482=PRESENTATION_STYLE_ASSIGNMENT((#7829));
#7483=PRESENTATION_STYLE_ASSIGNMENT((#7830));
#7484=PRESENTATION_STYLE_ASSIGNMENT((#7831));
#7485=PRESENTATION_STYLE_ASSIGNMENT((#7832));
#7486=PRESENTATION_STYLE_ASSIGNMENT((#7833));
#7487=PRESENTATION_STYLE_ASSIGNMENT((#7834));
#7488=PRESENTATION_STYLE_ASSIGNMENT((#7835));
#7489=PRESENTATION_STYLE_ASSIGNMENT((#7836));
#7490=PRESENTATION_STYLE_ASSIGNMENT((#7837));
#7491=PRESENTATION_STYLE_ASSIGNMENT((#7838));
#7492=PRESENTATION_STYLE_ASSIGNMENT((#7839));
#7493=PRESENTATION_STYLE_ASSIGNMENT((#7840));
#7494=PRESENTATION_STYLE_ASSIGNMENT((#7841));
#7495=PRESENTATION_STYLE_ASSIGNMENT((#7842));
#7496=PRESENTATION_STYLE_ASSIGNMENT((#7843));
#7497=PRESENTATION_STYLE_ASSIGNMENT((#7844));
#7498=PRESENTATION_STYLE_ASSIGNMENT((#7845));
#7499=PRESENTATION_STYLE_ASSIGNMENT((#7846));
#7500=PRESENTATION_STYLE_ASSIGNMENT((#7847));
#7501=PRESENTATION_STYLE_ASSIGNMENT((#7848));
#7502=PRESENTATION_STYLE_ASSIGNMENT((#7849));
#7503=PRESENTATION_STYLE_ASSIGNMENT((#7850));
#7504=PRESENTATION_STYLE_ASSIGNMENT((#7851));
#7505=PRESENTATION_STYLE_ASSIGNMENT((#7852));
#7506=PRESENTATION_STYLE_ASSIGNMENT((#7853));
#7507=PRESENTATION_STYLE_ASSIGNMENT((#7854));
#7508=PRESENTATION_STYLE_ASSIGNMENT((#7855));
#7509=PRESENTATION_STYLE_ASSIGNMENT((#7856));
#7510=PRESENTATION_STYLE_ASSIGNMENT((#7857));
#7511=PRESENTATION_STYLE_ASSIGNMENT((#7858));
#7512=PRESENTATION_STYLE_ASSIGNMENT((#7859));
#7513=PRESENTATION_STYLE_ASSIGNMENT((#7860));
#7514=PRESENTATION_STYLE_ASSIGNMENT((#7861));
#7515=PRESENTATION_STYLE_ASSIGNMENT((#7862));
#7516=PRESENTATION_STYLE_ASSIGNMENT((#7863));
#7517=PRESENTATION_STYLE_ASSIGNMENT((#7864));
#7518=PRESENTATION_STYLE_ASSIGNMENT((#7865));
#7519=PRESENTATION_STYLE_ASSIGNMENT((#7866));
#7520=PRESENTATION_STYLE_ASSIGNMENT((#7867));
#7521=PRESENTATION_STYLE_ASSIGNMENT((#7868));
#7522=PRESENTATION_STYLE_ASSIGNMENT((#7869));
#7523=PRESENTATION_STYLE_ASSIGNMENT((#7870));
#7524=PRESENTATION_STYLE_ASSIGNMENT((#7871));
#7525=PRESENTATION_STYLE_ASSIGNMENT((#7872));
#7526=PRESENTATION_STYLE_ASSIGNMENT((#7873));
#7527=PRESENTATION_STYLE_ASSIGNMENT((#7874));
#7528=PRESENTATION_STYLE_ASSIGNMENT((#7875));
#7529=PRESENTATION_STYLE_ASSIGNMENT((#7876));
#7530=PRESENTATION_STYLE_ASSIGNMENT((#7877));
#7531=PRESENTATION_STYLE_ASSIGNMENT((#7878));
#7532=PRESENTATION_STYLE_ASSIGNMENT((#7879));
#7533=PRESENTATION_STYLE_ASSIGNMENT((#7880));
#7534=PRESENTATION_STYLE_ASSIGNMENT((#7881));
#7535=PRESENTATION_STYLE_ASSIGNMENT((#7882));
#7536=PRESENTATION_STYLE_ASSIGNMENT((#7883));
#7537=PRESENTATION_STYLE_ASSIGNMENT((#7884));
#7538=PRESENTATION_STYLE_ASSIGNMENT((#7885));
#7539=PRESENTATION_STYLE_ASSIGNMENT((#7886));
#7540=PRESENTATION_STYLE_ASSIGNMENT((#7887));
#7541=PRESENTATION_STYLE_ASSIGNMENT((#7888));
#7542=PRESENTATION_STYLE_ASSIGNMENT((#7889));
#7543=PRESENTATION_STYLE_ASSIGNMENT((#7890));
#7544=PRESENTATION_STYLE_ASSIGNMENT((#7891));
#7545=PRESENTATION_STYLE_ASSIGNMENT((#7892));
#7546=PRESENTATION_STYLE_ASSIGNMENT((#7893));
#7547=PRESENTATION_STYLE_ASSIGNMENT((#7894));
#7548=PRESENTATION_STYLE_ASSIGNMENT((#7895));
#7549=PRESENTATION_STYLE_ASSIGNMENT((#7896));
#7550=PRESENTATION_STYLE_ASSIGNMENT((#7897));
#7551=PRESENTATION_STYLE_ASSIGNMENT((#7898));
#7552=PRESENTATION_STYLE_ASSIGNMENT((#7899));
#7553=PRESENTATION_STYLE_ASSIGNMENT((#7900));
#7554=PRESENTATION_STYLE_ASSIGNMENT((#7901));
#7555=PRESENTATION_STYLE_ASSIGNMENT((#7902));
#7556=PRESENTATION_STYLE_ASSIGNMENT((#7903));
#7557=PRESENTATION_STYLE_ASSIGNMENT((#7904));
#7558=PRESENTATION_STYLE_ASSIGNMENT((#7905));
#7559=PRESENTATION_STYLE_ASSIGNMENT((#7906));
#7560=PRESENTATION_STYLE_ASSIGNMENT((#7907));
#7561=PRESENTATION_STYLE_ASSIGNMENT((#7908));
#7562=PRESENTATION_STYLE_ASSIGNMENT((#7909));
#7563=PRESENTATION_STYLE_ASSIGNMENT((#7910));
#7564=PRESENTATION_STYLE_ASSIGNMENT((#7911));
#7565=PRESENTATION_STYLE_ASSIGNMENT((#7912));
#7566=PRESENTATION_STYLE_ASSIGNMENT((#7913));
#7567=PRESENTATION_STYLE_ASSIGNMENT((#7914));
#7568=PRESENTATION_STYLE_ASSIGNMENT((#7915));
#7569=PRESENTATION_STYLE_ASSIGNMENT((#7916));
#7570=PRESENTATION_STYLE_ASSIGNMENT((#7917));
#7571=PRESENTATION_STYLE_ASSIGNMENT((#7918));
#7572=PRESENTATION_STYLE_ASSIGNMENT((#7919));
#7573=PRESENTATION_STYLE_ASSIGNMENT((#7920));
#7574=PRESENTATION_STYLE_ASSIGNMENT((#7921));
#7575=PRESENTATION_STYLE_ASSIGNMENT((#7922));
#7576=PRESENTATION_STYLE_ASSIGNMENT((#7923));
#7577=PRESENTATION_STYLE_ASSIGNMENT((#7924));
#7578=PRESENTATION_STYLE_ASSIGNMENT((#7925));
#7579=PRESENTATION_STYLE_ASSIGNMENT((#7926));
#7580=PRESENTATION_STYLE_ASSIGNMENT((#7927));
#7581=PRESENTATION_STYLE_ASSIGNMENT((#7928));
#7582=PRESENTATION_STYLE_ASSIGNMENT((#7929));
#7583=PRESENTATION_STYLE_ASSIGNMENT((#7930));
#7584=PRESENTATION_STYLE_ASSIGNMENT((#7931));
#7585=PRESENTATION_STYLE_ASSIGNMENT((#7932));
#7586=PRESENTATION_STYLE_ASSIGNMENT((#7933));
#7587=PRESENTATION_STYLE_ASSIGNMENT((#7934));
#7588=PRESENTATION_STYLE_ASSIGNMENT((#7935));
#7589=PRESENTATION_STYLE_ASSIGNMENT((#7936));
#7590=PRESENTATION_STYLE_ASSIGNMENT((#7937));
#7591=PRESENTATION_STYLE_ASSIGNMENT((#7938));
#7592=PRESENTATION_STYLE_ASSIGNMENT((#7939));
#7593=PRESENTATION_STYLE_ASSIGNMENT((#7940));
#7594=PRESENTATION_STYLE_ASSIGNMENT((#7941));
#7595=PRESENTATION_STYLE_ASSIGNMENT((#7942));
#7596=PRESENTATION_STYLE_ASSIGNMENT((#7943));
#7597=PRESENTATION_STYLE_ASSIGNMENT((#7944));
#7598=PRESENTATION_STYLE_ASSIGNMENT((#7945));
#7599=PRESENTATION_STYLE_ASSIGNMENT((#7946));
#7600=PRESENTATION_STYLE_ASSIGNMENT((#7947));
#7601=PRESENTATION_STYLE_ASSIGNMENT((#7948));
#7602=PRESENTATION_STYLE_ASSIGNMENT((#7949));
#7603=PRESENTATION_STYLE_ASSIGNMENT((#7950));
#7604=PRESENTATION_STYLE_ASSIGNMENT((#7951));
#7605=PRESENTATION_STYLE_ASSIGNMENT((#7952));
#7606=PRESENTATION_STYLE_ASSIGNMENT((#7953));
#7607=PRESENTATION_STYLE_ASSIGNMENT((#7954));
#7608=PRESENTATION_STYLE_ASSIGNMENT((#7955));
#7609=PRESENTATION_STYLE_ASSIGNMENT((#7956));
#7610=PRESENTATION_STYLE_ASSIGNMENT((#7957));
#7611=PRESENTATION_STYLE_ASSIGNMENT((#7958));
#7612=PRESENTATION_STYLE_ASSIGNMENT((#7959));
#7613=PRESENTATION_STYLE_ASSIGNMENT((#7960));
#7614=PRESENTATION_STYLE_ASSIGNMENT((#7961));
#7615=PRESENTATION_STYLE_ASSIGNMENT((#7962));
#7616=PRESENTATION_STYLE_ASSIGNMENT((#7963));
#7617=PRESENTATION_STYLE_ASSIGNMENT((#7964));
#7618=PRESENTATION_STYLE_ASSIGNMENT((#7965));
#7619=PRESENTATION_STYLE_ASSIGNMENT((#7966));
#7620=PRESENTATION_STYLE_ASSIGNMENT((#7967));
#7621=PRESENTATION_STYLE_ASSIGNMENT((#7968));
#7622=PRESENTATION_STYLE_ASSIGNMENT((#7969));
#7623=PRESENTATION_STYLE_ASSIGNMENT((#7970));
#7624=PRESENTATION_STYLE_ASSIGNMENT((#7971));
#7625=PRESENTATION_STYLE_ASSIGNMENT((#7972));
#7626=PRESENTATION_STYLE_ASSIGNMENT((#7973));
#7627=PRESENTATION_STYLE_ASSIGNMENT((#7974));
#7628=PRESENTATION_STYLE_ASSIGNMENT((#7975));
#7629=PRESENTATION_STYLE_ASSIGNMENT((#7976));
#7630=PRESENTATION_STYLE_ASSIGNMENT((#7977));
#7631=PRESENTATION_STYLE_ASSIGNMENT((#7978));
#7632=PRESENTATION_STYLE_ASSIGNMENT((#7979));
#7633=PRESENTATION_STYLE_ASSIGNMENT((#7980));
#7634=PRESENTATION_STYLE_ASSIGNMENT((#7981));
#7635=PRESENTATION_STYLE_ASSIGNMENT((#7982));
#7636=PRESENTATION_STYLE_ASSIGNMENT((#7983));
#7637=PRESENTATION_STYLE_ASSIGNMENT((#7984));
#7638=PRESENTATION_STYLE_ASSIGNMENT((#7985));
#7639=PRESENTATION_STYLE_ASSIGNMENT((#7986));
#7640=PRESENTATION_STYLE_ASSIGNMENT((#7987));
#7641=PRESENTATION_STYLE_ASSIGNMENT((#7988));
#7642=PRESENTATION_STYLE_ASSIGNMENT((#7989));
#7643=PRESENTATION_STYLE_ASSIGNMENT((#7990));
#7644=PRESENTATION_STYLE_ASSIGNMENT((#7991));
#7645=PRESENTATION_STYLE_ASSIGNMENT((#7992));
#7646=PRESENTATION_STYLE_ASSIGNMENT((#7993));
#7647=PRESENTATION_STYLE_ASSIGNMENT((#7994));
#7648=PRESENTATION_STYLE_ASSIGNMENT((#7995));
#7649=PRESENTATION_STYLE_ASSIGNMENT((#7996));
#7650=PRESENTATION_STYLE_ASSIGNMENT((#7997));
#7651=PRESENTATION_STYLE_ASSIGNMENT((#7998));
#7652=PRESENTATION_STYLE_ASSIGNMENT((#7999));
#7653=PRESENTATION_STYLE_ASSIGNMENT((#8000));
#7654=PRESENTATION_STYLE_ASSIGNMENT((#8001));
#7655=PRESENTATION_STYLE_ASSIGNMENT((#8002));
#7656=PRESENTATION_STYLE_ASSIGNMENT((#8003));
#7657=PRESENTATION_STYLE_ASSIGNMENT((#8004));
#7658=PRESENTATION_STYLE_ASSIGNMENT((#8005));
#7659=PRESENTATION_STYLE_ASSIGNMENT((#8006));
#7660=PRESENTATION_STYLE_ASSIGNMENT((#8007));
#7661=PRESENTATION_STYLE_ASSIGNMENT((#8008));
#7662=PRESENTATION_STYLE_ASSIGNMENT((#8009));
#7663=PRESENTATION_STYLE_ASSIGNMENT((#8010));
#7664=PRESENTATION_STYLE_ASSIGNMENT((#8011));
#7665=PRESENTATION_STYLE_ASSIGNMENT((#8012));
#7666=PRESENTATION_STYLE_ASSIGNMENT((#8013));
#7667=PRESENTATION_STYLE_ASSIGNMENT((#8014));
#7668=PRESENTATION_STYLE_ASSIGNMENT((#8015));
#7669=PRESENTATION_STYLE_ASSIGNMENT((#8016));
#7670=PRESENTATION_STYLE_ASSIGNMENT((#8017));
#7671=PRESENTATION_STYLE_ASSIGNMENT((#8018));
#7672=PRESENTATION_STYLE_ASSIGNMENT((#8019));
#7673=PRESENTATION_STYLE_ASSIGNMENT((#8020));
#7674=PRESENTATION_STYLE_ASSIGNMENT((#8021));
#7675=PRESENTATION_STYLE_ASSIGNMENT((#8022));
#7676=PRESENTATION_STYLE_ASSIGNMENT((#8023));
#7677=PRESENTATION_STYLE_ASSIGNMENT((#8024));
#7678=PRESENTATION_STYLE_ASSIGNMENT((#8025));
#7679=PRESENTATION_STYLE_ASSIGNMENT((#8026));
#7680=PRESENTATION_STYLE_ASSIGNMENT((#8027));
#7681=PRESENTATION_STYLE_ASSIGNMENT((#8028));
#7682=PRESENTATION_STYLE_ASSIGNMENT((#8029));
#7683=PRESENTATION_STYLE_ASSIGNMENT((#8030));
#7684=PRESENTATION_STYLE_ASSIGNMENT((#8031));
#7685=PRESENTATION_STYLE_ASSIGNMENT((#8032));
#7686=PRESENTATION_STYLE_ASSIGNMENT((#8033));
#7687=PRESENTATION_STYLE_ASSIGNMENT((#8034));
#7688=PRESENTATION_STYLE_ASSIGNMENT((#8035));
#7689=PRESENTATION_STYLE_ASSIGNMENT((#8036));
#7690=PRESENTATION_STYLE_ASSIGNMENT((#8037));
#7691=PRESENTATION_STYLE_ASSIGNMENT((#8038));
#7692=PRESENTATION_STYLE_ASSIGNMENT((#8039));
#7693=PRESENTATION_STYLE_ASSIGNMENT((#8040));
#7694=PRESENTATION_STYLE_ASSIGNMENT((#8041));
#7695=PRESENTATION_STYLE_ASSIGNMENT((#8042));
#7696=PRESENTATION_STYLE_ASSIGNMENT((#8043));
#7697=PRESENTATION_STYLE_ASSIGNMENT((#8044));
#7698=PRESENTATION_STYLE_ASSIGNMENT((#8045));
#7699=PRESENTATION_STYLE_ASSIGNMENT((#8046));
#7700=PRESENTATION_STYLE_ASSIGNMENT((#8047));
#7701=PRESENTATION_STYLE_ASSIGNMENT((#8048));
#7702=PRESENTATION_STYLE_ASSIGNMENT((#8049));
#7703=PRESENTATION_STYLE_ASSIGNMENT((#8050));
#7704=PRESENTATION_STYLE_ASSIGNMENT((#8051));
#7705=PRESENTATION_STYLE_ASSIGNMENT((#8052));
#7706=PRESENTATION_STYLE_ASSIGNMENT((#8053));
#7707=PRESENTATION_STYLE_ASSIGNMENT((#8054));
#7708=PRESENTATION_STYLE_ASSIGNMENT((#8055));
#7709=PRESENTATION_STYLE_ASSIGNMENT((#8056));
#7710=PRESENTATION_STYLE_ASSIGNMENT((#8057));
#7711=PRESENTATION_STYLE_ASSIGNMENT((#8058));
#7712=PRESENTATION_STYLE_ASSIGNMENT((#8059));
#7713=PRESENTATION_STYLE_ASSIGNMENT((#8060));
#7714=PRESENTATION_STYLE_ASSIGNMENT((#8061));
#7715=PRESENTATION_STYLE_ASSIGNMENT((#8062));
#7716=PRESENTATION_STYLE_ASSIGNMENT((#8063));
#7717=PRESENTATION_STYLE_ASSIGNMENT((#8064));
#7718=PRESENTATION_STYLE_ASSIGNMENT((#8065));
#7719=PRESENTATION_STYLE_ASSIGNMENT((#8066));
#7720=PRESENTATION_STYLE_ASSIGNMENT((#8067));
#7721=PRESENTATION_STYLE_ASSIGNMENT((#8068));
#7722=PRESENTATION_STYLE_ASSIGNMENT((#8069));
#7723=SURFACE_STYLE_USAGE(.BOTH.,#8070);
#7724=SURFACE_STYLE_USAGE(.BOTH.,#8071);
#7725=SURFACE_STYLE_USAGE(.BOTH.,#8072);
#7726=SURFACE_STYLE_USAGE(.BOTH.,#8073);
#7727=SURFACE_STYLE_USAGE(.BOTH.,#8074);
#7728=SURFACE_STYLE_USAGE(.BOTH.,#8075);
#7729=SURFACE_STYLE_USAGE(.BOTH.,#8076);
#7730=SURFACE_STYLE_USAGE(.BOTH.,#8077);
#7731=SURFACE_STYLE_USAGE(.BOTH.,#8078);
#7732=SURFACE_STYLE_USAGE(.BOTH.,#8079);
#7733=SURFACE_STYLE_USAGE(.BOTH.,#8080);
#7734=SURFACE_STYLE_USAGE(.BOTH.,#8081);
#7735=SURFACE_STYLE_USAGE(.BOTH.,#8082);
#7736=SURFACE_STYLE_USAGE(.BOTH.,#8083);
#7737=SURFACE_STYLE_USAGE(.BOTH.,#8084);
#7738=SURFACE_STYLE_USAGE(.BOTH.,#8085);
#7739=SURFACE_STYLE_USAGE(.BOTH.,#8086);
#7740=SURFACE_STYLE_USAGE(.BOTH.,#8087);
#7741=SURFACE_STYLE_USAGE(.BOTH.,#8088);
#7742=SURFACE_STYLE_USAGE(.BOTH.,#8089);
#7743=SURFACE_STYLE_USAGE(.BOTH.,#8090);
#7744=SURFACE_STYLE_USAGE(.BOTH.,#8091);
#7745=SURFACE_STYLE_USAGE(.BOTH.,#8092);
#7746=SURFACE_STYLE_USAGE(.BOTH.,#8093);
#7747=SURFACE_STYLE_USAGE(.BOTH.,#8094);
#7748=SURFACE_STYLE_USAGE(.BOTH.,#8095);
#7749=SURFACE_STYLE_USAGE(.BOTH.,#8096);
#7750=SURFACE_STYLE_USAGE(.BOTH.,#8097);
#7751=SURFACE_STYLE_USAGE(.BOTH.,#8098);
#7752=SURFACE_STYLE_USAGE(.BOTH.,#8099);
#7753=SURFACE_STYLE_USAGE(.BOTH.,#8100);
#7754=SURFACE_STYLE_USAGE(.BOTH.,#8101);
#7755=SURFACE_STYLE_USAGE(.BOTH.,#8102);
#7756=SURFACE_STYLE_USAGE(.BOTH.,#8103);
#7757=SURFACE_STYLE_USAGE(.BOTH.,#8104);
#7758=SURFACE_STYLE_USAGE(.BOTH.,#8105);
#7759=SURFACE_STYLE_USAGE(.BOTH.,#8106);
#7760=SURFACE_STYLE_USAGE(.BOTH.,#8107);
#7761=SURFACE_STYLE_USAGE(.BOTH.,#8108);
#7762=SURFACE_STYLE_USAGE(.BOTH.,#8109);
#7763=SURFACE_STYLE_USAGE(.BOTH.,#8110);
#7764=SURFACE_STYLE_USAGE(.BOTH.,#8111);
#7765=SURFACE_STYLE_USAGE(.BOTH.,#8112);
#7766=SURFACE_STYLE_USAGE(.BOTH.,#8113);
#7767=SURFACE_STYLE_USAGE(.BOTH.,#8114);
#7768=SURFACE_STYLE_USAGE(.BOTH.,#8115);
#7769=SURFACE_STYLE_USAGE(.BOTH.,#8116);
#7770=SURFACE_STYLE_USAGE(.BOTH.,#8117);
#7771=SURFACE_STYLE_USAGE(.BOTH.,#8118);
#7772=SURFACE_STYLE_USAGE(.BOTH.,#8119);
#7773=SURFACE_STYLE_USAGE(.BOTH.,#8120);
#7774=SURFACE_STYLE_USAGE(.BOTH.,#8121);
#7775=SURFACE_STYLE_USAGE(.BOTH.,#8122);
#7776=SURFACE_STYLE_USAGE(.BOTH.,#8123);
#7777=SURFACE_STYLE_USAGE(.BOTH.,#8124);
#7778=SURFACE_STYLE_USAGE(.BOTH.,#8125);
#7779=SURFACE_STYLE_USAGE(.BOTH.,#8126);
#7780=SURFACE_STYLE_USAGE(.BOTH.,#8127);
#7781=SURFACE_STYLE_USAGE(.BOTH.,#8128);
#7782=SURFACE_STYLE_USAGE(.BOTH.,#8129);
#7783=SURFACE_STYLE_USAGE(.BOTH.,#8130);
#7784=SURFACE_STYLE_USAGE(.BOTH.,#8131);
#7785=SURFACE_STYLE_USAGE(.BOTH.,#8132);
#7786=SURFACE_STYLE_USAGE(.BOTH.,#8133);
#7787=SURFACE_STYLE_USAGE(.BOTH.,#8134);
#7788=SURFACE_STYLE_USAGE(.BOTH.,#8135);
#7789=SURFACE_STYLE_USAGE(.BOTH.,#8136);
#7790=SURFACE_STYLE_USAGE(.BOTH.,#8137);
#7791=SURFACE_STYLE_USAGE(.BOTH.,#8138);
#7792=SURFACE_STYLE_USAGE(.BOTH.,#8139);
#7793=SURFACE_STYLE_USAGE(.BOTH.,#8140);
#7794=SURFACE_STYLE_USAGE(.BOTH.,#8141);
#7795=SURFACE_STYLE_USAGE(.BOTH.,#8142);
#7796=SURFACE_STYLE_USAGE(.BOTH.,#8143);
#7797=SURFACE_STYLE_USAGE(.BOTH.,#8144);
#7798=SURFACE_STYLE_USAGE(.BOTH.,#8145);
#7799=SURFACE_STYLE_USAGE(.BOTH.,#8146);
#7800=SURFACE_STYLE_USAGE(.BOTH.,#8147);
#7801=SURFACE_STYLE_USAGE(.BOTH.,#8148);
#7802=SURFACE_STYLE_USAGE(.BOTH.,#8149);
#7803=SURFACE_STYLE_USAGE(.BOTH.,#8150);
#7804=SURFACE_STYLE_USAGE(.BOTH.,#8151);
#7805=SURFACE_STYLE_USAGE(.BOTH.,#8152);
#7806=SURFACE_STYLE_USAGE(.BOTH.,#8153);
#7807=SURFACE_STYLE_USAGE(.BOTH.,#8154);
#7808=SURFACE_STYLE_USAGE(.BOTH.,#8155);
#7809=SURFACE_STYLE_USAGE(.BOTH.,#8156);
#7810=SURFACE_STYLE_USAGE(.BOTH.,#8157);
#7811=SURFACE_STYLE_USAGE(.BOTH.,#8158);
#7812=SURFACE_STYLE_USAGE(.BOTH.,#8159);
#7813=SURFACE_STYLE_USAGE(.BOTH.,#8160);
#7814=SURFACE_STYLE_USAGE(.BOTH.,#8161);
#7815=SURFACE_STYLE_USAGE(.BOTH.,#8162);
#7816=SURFACE_STYLE_USAGE(.BOTH.,#8163);
#7817=SURFACE_STYLE_USAGE(.BOTH.,#8164);
#7818=SURFACE_STYLE_USAGE(.BOTH.,#8165);
#7819=SURFACE_STYLE_USAGE(.BOTH.,#8166);
#7820=SURFACE_STYLE_USAGE(.BOTH.,#8167);
#7821=SURFACE_STYLE_USAGE(.BOTH.,#8168);
#7822=SURFACE_STYLE_USAGE(.BOTH.,#8169);
#7823=SURFACE_STYLE_USAGE(.BOTH.,#8170);
#7824=SURFACE_STYLE_USAGE(.BOTH.,#8171);
#7825=SURFACE_STYLE_USAGE(.BOTH.,#8172);
#7826=SURFACE_STYLE_USAGE(.BOTH.,#8173);
#7827=SURFACE_STYLE_USAGE(.BOTH.,#8174);
#7828=SURFACE_STYLE_USAGE(.BOTH.,#8175);
#7829=SURFACE_STYLE_USAGE(.BOTH.,#8176);
#7830=SURFACE_STYLE_USAGE(.BOTH.,#8177);
#7831=SURFACE_STYLE_USAGE(.BOTH.,#8178);
#7832=SURFACE_STYLE_USAGE(.BOTH.,#8179);
#7833=SURFACE_STYLE_USAGE(.BOTH.,#8180);
#7834=SURFACE_STYLE_USAGE(.BOTH.,#8181);
#7835=SURFACE_STYLE_USAGE(.BOTH.,#8182);
#7836=SURFACE_STYLE_USAGE(.BOTH.,#8183);
#7837=SURFACE_STYLE_USAGE(.BOTH.,#8184);
#7838=SURFACE_STYLE_USAGE(.BOTH.,#8185);
#7839=SURFACE_STYLE_USAGE(.BOTH.,#8186);
#7840=SURFACE_STYLE_USAGE(.BOTH.,#8187);
#7841=SURFACE_STYLE_USAGE(.BOTH.,#8188);
#7842=SURFACE_STYLE_USAGE(.BOTH.,#8189);
#7843=SURFACE_STYLE_USAGE(.BOTH.,#8190);
#7844=SURFACE_STYLE_USAGE(.BOTH.,#8191);
#7845=SURFACE_STYLE_USAGE(.BOTH.,#8192);
#7846=SURFACE_STYLE_USAGE(.BOTH.,#8193);
#7847=SURFACE_STYLE_USAGE(.BOTH.,#8194);
#7848=SURFACE_STYLE_USAGE(.BOTH.,#8195);
#7849=SURFACE_STYLE_USAGE(.BOTH.,#8196);
#7850=SURFACE_STYLE_USAGE(.BOTH.,#8197);
#7851=SURFACE_STYLE_USAGE(.BOTH.,#8198);
#7852=SURFACE_STYLE_USAGE(.BOTH.,#8199);
#7853=SURFACE_STYLE_USAGE(.BOTH.,#8200);
#7854=SURFACE_STYLE_USAGE(.BOTH.,#8201);
#7855=SURFACE_STYLE_USAGE(.BOTH.,#8202);
#7856=SURFACE_STYLE_USAGE(.BOTH.,#8203);
#7857=SURFACE_STYLE_USAGE(.BOTH.,#8204);
#7858=SURFACE_STYLE_USAGE(.BOTH.,#8205);
#7859=SURFACE_STYLE_USAGE(.BOTH.,#8206);
#7860=SURFACE_STYLE_USAGE(.BOTH.,#8207);
#7861=SURFACE_STYLE_USAGE(.BOTH.,#8208);
#7862=SURFACE_STYLE_USAGE(.BOTH.,#8209);
#7863=SURFACE_STYLE_USAGE(.BOTH.,#8210);
#7864=SURFACE_STYLE_USAGE(.BOTH.,#8211);
#7865=SURFACE_STYLE_USAGE(.BOTH.,#8212);
#7866=SURFACE_STYLE_USAGE(.BOTH.,#8213);
#7867=SURFACE_STYLE_USAGE(.BOTH.,#8214);
#7868=SURFACE_STYLE_USAGE(.BOTH.,#8215);
#7869=SURFACE_STYLE_USAGE(.BOTH.,#8216);
#7870=SURFACE_STYLE_USAGE(.BOTH.,#8217);
#7871=SURFACE_STYLE_USAGE(.BOTH.,#8218);
#7872=SURFACE_STYLE_USAGE(.BOTH.,#8219);
#7873=SURFACE_STYLE_USAGE(.BOTH.,#8220);
#7874=SURFACE_STYLE_USAGE(.BOTH.,#8221);
#7875=SURFACE_STYLE_USAGE(.BOTH.,#8222);
#7876=SURFACE_STYLE_USAGE(.BOTH.,#8223);
#7877=SURFACE_STYLE_USAGE(.BOTH.,#8224);
#7878=SURFACE_STYLE_USAGE(.BOTH.,#8225);
#7879=SURFACE_STYLE_USAGE(.BOTH.,#8226);
#7880=SURFACE_STYLE_USAGE(.BOTH.,#8227);
#7881=SURFACE_STYLE_USAGE(.BOTH.,#8228);
#7882=SURFACE_STYLE_USAGE(.BOTH.,#8229);
#7883=SURFACE_STYLE_USAGE(.BOTH.,#8230);
#7884=SURFACE_STYLE_USAGE(.BOTH.,#8231);
#7885=SURFACE_STYLE_USAGE(.BOTH.,#8232);
#7886=SURFACE_STYLE_USAGE(.BOTH.,#8233);
#7887=SURFACE_STYLE_USAGE(.BOTH.,#8234);
#7888=SURFACE_STYLE_USAGE(.BOTH.,#8235);
#7889=SURFACE_STYLE_USAGE(.BOTH.,#8236);
#7890=SURFACE_STYLE_USAGE(.BOTH.,#8237);
#7891=SURFACE_STYLE_USAGE(.BOTH.,#8238);
#7892=SURFACE_STYLE_USAGE(.BOTH.,#8239);
#7893=SURFACE_STYLE_USAGE(.BOTH.,#8240);
#7894=SURFACE_STYLE_USAGE(.BOTH.,#8241);
#7895=SURFACE_STYLE_USAGE(.BOTH.,#8242);
#7896=SURFACE_STYLE_USAGE(.BOTH.,#8243);
#7897=SURFACE_STYLE_USAGE(.BOTH.,#8244);
#7898=SURFACE_STYLE_USAGE(.BOTH.,#8245);
#7899=SURFACE_STYLE_USAGE(.BOTH.,#8246);
#7900=SURFACE_STYLE_USAGE(.BOTH.,#8247);
#7901=SURFACE_STYLE_USAGE(.BOTH.,#8248);
#7902=SURFACE_STYLE_USAGE(.BOTH.,#8249);
#7903=SURFACE_STYLE_USAGE(.BOTH.,#8250);
#7904=SURFACE_STYLE_USAGE(.BOTH.,#8251);
#7905=SURFACE_STYLE_USAGE(.BOTH.,#8252);
#7906=SURFACE_STYLE_USAGE(.BOTH.,#8253);
#7907=SURFACE_STYLE_USAGE(.BOTH.,#8254);
#7908=SURFACE_STYLE_USAGE(.BOTH.,#8255);
#7909=SURFACE_STYLE_USAGE(.BOTH.,#8256);
#7910=SURFACE_STYLE_USAGE(.BOTH.,#8257);
#7911=SURFACE_STYLE_USAGE(.BOTH.,#8258);
#7912=SURFACE_STYLE_USAGE(.BOTH.,#8259);
#7913=SURFACE_STYLE_USAGE(.BOTH.,#8260);
#7914=SURFACE_STYLE_USAGE(.BOTH.,#8261);
#7915=SURFACE_STYLE_USAGE(.BOTH.,#8262);
#7916=SURFACE_STYLE_USAGE(.BOTH.,#8263);
#7917=SURFACE_STYLE_USAGE(.BOTH.,#8264);
#7918=SURFACE_STYLE_USAGE(.BOTH.,#8265);
#7919=SURFACE_STYLE_USAGE(.BOTH.,#8266);
#7920=SURFACE_STYLE_USAGE(.BOTH.,#8267);
#7921=SURFACE_STYLE_USAGE(.BOTH.,#8268);
#7922=SURFACE_STYLE_USAGE(.BOTH.,#8269);
#7923=SURFACE_STYLE_USAGE(.BOTH.,#8270);
#7924=SURFACE_STYLE_USAGE(.BOTH.,#8271);
#7925=SURFACE_STYLE_USAGE(.BOTH.,#8272);
#7926=SURFACE_STYLE_USAGE(.BOTH.,#8273);
#7927=SURFACE_STYLE_USAGE(.BOTH.,#8274);
#7928=SURFACE_STYLE_USAGE(.BOTH.,#8275);
#7929=SURFACE_STYLE_USAGE(.BOTH.,#8276);
#7930=SURFACE_STYLE_USAGE(.BOTH.,#8277);
#7931=SURFACE_STYLE_USAGE(.BOTH.,#8278);
#7932=SURFACE_STYLE_USAGE(.BOTH.,#8279);
#7933=SURFACE_STYLE_USAGE(.BOTH.,#8280);
#7934=SURFACE_STYLE_USAGE(.BOTH.,#8281);
#7935=SURFACE_STYLE_USAGE(.BOTH.,#8282);
#7936=SURFACE_STYLE_USAGE(.BOTH.,#8283);
#7937=SURFACE_STYLE_USAGE(.BOTH.,#8284);
#7938=SURFACE_STYLE_USAGE(.BOTH.,#8285);
#7939=SURFACE_STYLE_USAGE(.BOTH.,#8286);
#7940=SURFACE_STYLE_USAGE(.BOTH.,#8287);
#7941=SURFACE_STYLE_USAGE(.BOTH.,#8288);
#7942=SURFACE_STYLE_USAGE(.BOTH.,#8289);
#7943=SURFACE_STYLE_USAGE(.BOTH.,#8290);
#7944=SURFACE_STYLE_USAGE(.BOTH.,#8291);
#7945=SURFACE_STYLE_USAGE(.BOTH.,#8292);
#7946=SURFACE_STYLE_USAGE(.BOTH.,#8293);
#7947=SURFACE_STYLE_USAGE(.BOTH.,#8294);
#7948=SURFACE_STYLE_USAGE(.BOTH.,#8295);
#7949=SURFACE_STYLE_USAGE(.BOTH.,#8296);
#7950=SURFACE_STYLE_USAGE(.BOTH.,#8297);
#7951=SURFACE_STYLE_USAGE(.BOTH.,#8298);
#7952=SURFACE_STYLE_USAGE(.BOTH.,#8299);
#7953=SURFACE_STYLE_USAGE(.BOTH.,#8300);
#7954=SURFACE_STYLE_USAGE(.BOTH.,#8301);
#7955=SURFACE_STYLE_USAGE(.BOTH.,#8302);
#7956=SURFACE_STYLE_USAGE(.BOTH.,#8303);
#7957=SURFACE_STYLE_USAGE(.BOTH.,#8304);
#7958=SURFACE_STYLE_USAGE(.BOTH.,#8305);
#7959=SURFACE_STYLE_USAGE(.BOTH.,#8306);
#7960=SURFACE_STYLE_USAGE(.BOTH.,#8307);
#7961=SURFACE_STYLE_USAGE(.BOTH.,#8308);
#7962=SURFACE_STYLE_USAGE(.BOTH.,#8309);
#7963=SURFACE_STYLE_USAGE(.BOTH.,#8310);
#7964=SURFACE_STYLE_USAGE(.BOTH.,#8311);
#7965=SURFACE_STYLE_USAGE(.BOTH.,#8312);
#7966=SURFACE_STYLE_USAGE(.BOTH.,#8313);
#7967=SURFACE_STYLE_USAGE(.BOTH.,#8314);
#7968=SURFACE_STYLE_USAGE(.BOTH.,#8315);
#7969=SURFACE_STYLE_USAGE(.BOTH.,#8316);
#7970=SURFACE_STYLE_USAGE(.BOTH.,#8317);
#7971=SURFACE_STYLE_USAGE(.BOTH.,#8318);
#7972=SURFACE_STYLE_USAGE(.BOTH.,#8319);
#7973=SURFACE_STYLE_USAGE(.BOTH.,#8320);
#7974=SURFACE_STYLE_USAGE(.BOTH.,#8321);
#7975=SURFACE_STYLE_USAGE(.BOTH.,#8322);
#7976=SURFACE_STYLE_USAGE(.BOTH.,#8323);
#7977=SURFACE_STYLE_USAGE(.BOTH.,#8324);
#7978=SURFACE_STYLE_USAGE(.BOTH.,#8325);
#7979=SURFACE_STYLE_USAGE(.BOTH.,#8326);
#7980=SURFACE_STYLE_USAGE(.BOTH.,#8327);
#7981=SURFACE_STYLE_USAGE(.BOTH.,#8328);
#7982=SURFACE_STYLE_USAGE(.BOTH.,#8329);
#7983=SURFACE_STYLE_USAGE(.BOTH.,#8330);
#7984=SURFACE_STYLE_USAGE(.BOTH.,#8331);
#7985=SURFACE_STYLE_USAGE(.BOTH.,#8332);
#7986=SURFACE_STYLE_USAGE(.BOTH.,#8333);
#7987=SURFACE_STYLE_USAGE(.BOTH.,#8334);
#7988=SURFACE_STYLE_USAGE(.BOTH.,#8335);
#7989=SURFACE_STYLE_USAGE(.BOTH.,#8336);
#7990=SURFACE_STYLE_USAGE(.BOTH.,#8337);
#7991=SURFACE_STYLE_USAGE(.BOTH.,#8338);
#7992=SURFACE_STYLE_USAGE(.BOTH.,#8339);
#7993=SURFACE_STYLE_USAGE(.BOTH.,#8340);
#7994=SURFACE_STYLE_USAGE(.BOTH.,#8341);
#7995=SURFACE_STYLE_USAGE(.BOTH.,#8342);
#7996=SURFACE_STYLE_USAGE(.BOTH.,#8343);
#7997=SURFACE_STYLE_USAGE(.BOTH.,#8344);
#7998=SURFACE_STYLE_USAGE(.BOTH.,#8345);
#7999=SURFACE_STYLE_USAGE(.BOTH.,#8346);
#8000=SURFACE_STYLE_USAGE(.BOTH.,#8347);
#8001=SURFACE_STYLE_USAGE(.BOTH.,#8348);
#8002=SURFACE_STYLE_USAGE(.BOTH.,#8349);
#8003=SURFACE_STYLE_USAGE(.BOTH.,#8350);
#8004=SURFACE_STYLE_USAGE(.BOTH.,#8351);
#8005=SURFACE_STYLE_USAGE(.BOTH.,#8352);
#8006=SURFACE_STYLE_USAGE(.BOTH.,#8353);
#8007=SURFACE_STYLE_USAGE(.BOTH.,#8354);
#8008=SURFACE_STYLE_USAGE(.BOTH.,#8355);
#8009=SURFACE_STYLE_USAGE(.BOTH.,#8356);
#8010=SURFACE_STYLE_USAGE(.BOTH.,#8357);
#8011=SURFACE_STYLE_USAGE(.BOTH.,#8358);
#8012=SURFACE_STYLE_USAGE(.BOTH.,#8359);
#8013=SURFACE_STYLE_USAGE(.BOTH.,#8360);
#8014=SURFACE_STYLE_USAGE(.BOTH.,#8361);
#8015=SURFACE_STYLE_USAGE(.BOTH.,#8362);
#8016=SURFACE_STYLE_USAGE(.BOTH.,#8363);
#8017=SURFACE_STYLE_USAGE(.BOTH.,#8364);
#8018=SURFACE_STYLE_USAGE(.BOTH.,#8365);
#8019=SURFACE_STYLE_USAGE(.BOTH.,#8366);
#8020=SURFACE_STYLE_USAGE(.BOTH.,#8367);
#8021=SURFACE_STYLE_USAGE(.BOTH.,#8368);
#8022=SURFACE_STYLE_USAGE(.BOTH.,#8369);
#8023=SURFACE_STYLE_USAGE(.BOTH.,#8370);
#8024=SURFACE_STYLE_USAGE(.BOTH.,#8371);
#8025=SURFACE_STYLE_USAGE(.BOTH.,#8372);
#8026=SURFACE_STYLE_USAGE(.BOTH.,#8373);
#8027=SURFACE_STYLE_USAGE(.BOTH.,#8374);
#8028=SURFACE_STYLE_USAGE(.BOTH.,#8375);
#8029=SURFACE_STYLE_USAGE(.BOTH.,#8376);
#8030=SURFACE_STYLE_USAGE(.BOTH.,#8377);
#8031=SURFACE_STYLE_USAGE(.BOTH.,#8378);
#8032=SURFACE_STYLE_USAGE(.BOTH.,#8379);
#8033=SURFACE_STYLE_USAGE(.BOTH.,#8380);
#8034=SURFACE_STYLE_USAGE(.BOTH.,#8381);
#8035=SURFACE_STYLE_USAGE(.BOTH.,#8382);
#8036=SURFACE_STYLE_USAGE(.BOTH.,#8383);
#8037=SURFACE_STYLE_USAGE(.BOTH.,#8384);
#8038=SURFACE_STYLE_USAGE(.BOTH.,#8385);
#8039=SURFACE_STYLE_USAGE(.BOTH.,#8386);
#8040=SURFACE_STYLE_USAGE(.BOTH.,#8387);
#8041=SURFACE_STYLE_USAGE(.BOTH.,#8388);
#8042=SURFACE_STYLE_USAGE(.BOTH.,#8389);
#8043=SURFACE_STYLE_USAGE(.BOTH.,#8390);
#8044=SURFACE_STYLE_USAGE(.BOTH.,#8391);
#8045=SURFACE_STYLE_USAGE(.BOTH.,#8392);
#8046=SURFACE_STYLE_USAGE(.BOTH.,#8393);
#8047=SURFACE_STYLE_USAGE(.BOTH.,#8394);
#8048=SURFACE_STYLE_USAGE(.BOTH.,#8395);
#8049=SURFACE_STYLE_USAGE(.BOTH.,#8396);
#8050=SURFACE_STYLE_USAGE(.BOTH.,#8397);
#8051=SURFACE_STYLE_USAGE(.BOTH.,#8398);
#8052=SURFACE_STYLE_USAGE(.BOTH.,#8399);
#8053=SURFACE_STYLE_USAGE(.BOTH.,#8400);
#8054=SURFACE_STYLE_USAGE(.BOTH.,#8401);
#8055=SURFACE_STYLE_USAGE(.BOTH.,#8402);
#8056=SURFACE_STYLE_USAGE(.BOTH.,#8403);
#8057=SURFACE_STYLE_USAGE(.BOTH.,#8404);
#8058=SURFACE_STYLE_USAGE(.BOTH.,#8405);
#8059=SURFACE_STYLE_USAGE(.BOTH.,#8406);
#8060=SURFACE_STYLE_USAGE(.BOTH.,#8407);
#8061=SURFACE_STYLE_USAGE(.BOTH.,#8408);
#8062=SURFACE_STYLE_USAGE(.BOTH.,#8409);
#8063=SURFACE_STYLE_USAGE(.BOTH.,#8410);
#8064=SURFACE_STYLE_USAGE(.BOTH.,#8411);
#8065=SURFACE_STYLE_USAGE(.BOTH.,#8412);
#8066=SURFACE_STYLE_USAGE(.BOTH.,#8413);
#8067=SURFACE_STYLE_USAGE(.BOTH.,#8414);
#8068=SURFACE_STYLE_USAGE(.BOTH.,#8415);
#8069=SURFACE_STYLE_USAGE(.BOTH.,#8416);
#8070=SURFACE_SIDE_STYLE('',(#8417));
#8071=SURFACE_SIDE_STYLE('',(#8418));
#8072=SURFACE_SIDE_STYLE('',(#8419));
#8073=SURFACE_SIDE_STYLE('',(#8420));
#8074=SURFACE_SIDE_STYLE('',(#8421));
#8075=SURFACE_SIDE_STYLE('',(#8422));
#8076=SURFACE_SIDE_STYLE('',(#8423));
#8077=SURFACE_SIDE_STYLE('',(#8424));
#8078=SURFACE_SIDE_STYLE('',(#8425));
#8079=SURFACE_SIDE_STYLE('',(#8426));
#8080=SURFACE_SIDE_STYLE('',(#8427));
#8081=SURFACE_SIDE_STYLE('',(#8428));
#8082=SURFACE_SIDE_STYLE('',(#8429));
#8083=SURFACE_SIDE_STYLE('',(#8430));
#8084=SURFACE_SIDE_STYLE('',(#8431));
#8085=SURFACE_SIDE_STYLE('',(#8432));
#8086=SURFACE_SIDE_STYLE('',(#8433));
#8087=SURFACE_SIDE_STYLE('',(#8434));
#8088=SURFACE_SIDE_STYLE('',(#8435));
#8089=SURFACE_SIDE_STYLE('',(#8436));
#8090=SURFACE_SIDE_STYLE('',(#8437));
#8091=SURFACE_SIDE_STYLE('',(#8438));
#8092=SURFACE_SIDE_STYLE('',(#8439));
#8093=SURFACE_SIDE_STYLE('',(#8440));
#8094=SURFACE_SIDE_STYLE('',(#8441));
#8095=SURFACE_SIDE_STYLE('',(#8442));
#8096=SURFACE_SIDE_STYLE('',(#8443));
#8097=SURFACE_SIDE_STYLE('',(#8444));
#8098=SURFACE_SIDE_STYLE('',(#8445));
#8099=SURFACE_SIDE_STYLE('',(#8446));
#8100=SURFACE_SIDE_STYLE('',(#8447));
#8101=SURFACE_SIDE_STYLE('',(#8448));
#8102=SURFACE_SIDE_STYLE('',(#8449));
#8103=SURFACE_SIDE_STYLE('',(#8450));
#8104=SURFACE_SIDE_STYLE('',(#8451));
#8105=SURFACE_SIDE_STYLE('',(#8452));
#8106=SURFACE_SIDE_STYLE('',(#8453));
#8107=SURFACE_SIDE_STYLE('',(#8454));
#8108=SURFACE_SIDE_STYLE('',(#8455));
#8109=SURFACE_SIDE_STYLE('',(#8456));
#8110=SURFACE_SIDE_STYLE('',(#8457));
#8111=SURFACE_SIDE_STYLE('',(#8458));
#8112=SURFACE_SIDE_STYLE('',(#8459));
#8113=SURFACE_SIDE_STYLE('',(#8460));
#8114=SURFACE_SIDE_STYLE('',(#8461));
#8115=SURFACE_SIDE_STYLE('',(#8462));
#8116=SURFACE_SIDE_STYLE('',(#8463));
#8117=SURFACE_SIDE_STYLE('',(#8464));
#8118=SURFACE_SIDE_STYLE('',(#8465));
#8119=SURFACE_SIDE_STYLE('',(#8466));
#8120=SURFACE_SIDE_STYLE('',(#8467));
#8121=SURFACE_SIDE_STYLE('',(#8468));
#8122=SURFACE_SIDE_STYLE('',(#8469));
#8123=SURFACE_SIDE_STYLE('',(#8470));
#8124=SURFACE_SIDE_STYLE('',(#8471));
#8125=SURFACE_SIDE_STYLE('',(#8472));
#8126=SURFACE_SIDE_STYLE('',(#8473));
#8127=SURFACE_SIDE_STYLE('',(#8474));
#8128=SURFACE_SIDE_STYLE('',(#8475));
#8129=SURFACE_SIDE_STYLE('',(#8476));
#8130=SURFACE_SIDE_STYLE('',(#8477));
#8131=SURFACE_SIDE_STYLE('',(#8478));
#8132=SURFACE_SIDE_STYLE('',(#8479));
#8133=SURFACE_SIDE_STYLE('',(#8480));
#8134=SURFACE_SIDE_STYLE('',(#8481));
#8135=SURFACE_SIDE_STYLE('',(#8482));
#8136=SURFACE_SIDE_STYLE('',(#8483));
#8137=SURFACE_SIDE_STYLE('',(#8484));
#8138=SURFACE_SIDE_STYLE('',(#8485));
#8139=SURFACE_SIDE_STYLE('',(#8486));
#8140=SURFACE_SIDE_STYLE('',(#8487));
#8141=SURFACE_SIDE_STYLE('',(#8488));
#8142=SURFACE_SIDE_STYLE('',(#8489));
#8143=SURFACE_SIDE_STYLE('',(#8490));
#8144=SURFACE_SIDE_STYLE('',(#8491));
#8145=SURFACE_SIDE_STYLE('',(#8492));
#8146=SURFACE_SIDE_STYLE('',(#8493));
#8147=SURFACE_SIDE_STYLE('',(#8494));
#8148=SURFACE_SIDE_STYLE('',(#8495));
#8149=SURFACE_SIDE_STYLE('',(#8496));
#8150=SURFACE_SIDE_STYLE('',(#8497));
#8151=SURFACE_SIDE_STYLE('',(#8498));
#8152=SURFACE_SIDE_STYLE('',(#8499));
#8153=SURFACE_SIDE_STYLE('',(#8500));
#8154=SURFACE_SIDE_STYLE('',(#8501));
#8155=SURFACE_SIDE_STYLE('',(#8502));
#8156=SURFACE_SIDE_STYLE('',(#8503));
#8157=SURFACE_SIDE_STYLE('',(#8504));
#8158=SURFACE_SIDE_STYLE('',(#8505));
#8159=SURFACE_SIDE_STYLE('',(#8506));
#8160=SURFACE_SIDE_STYLE('',(#8507));
#8161=SURFACE_SIDE_STYLE('',(#8508));
#8162=SURFACE_SIDE_STYLE('',(#8509));
#8163=SURFACE_SIDE_STYLE('',(#8510));
#8164=SURFACE_SIDE_STYLE('',(#8511));
#8165=SURFACE_SIDE_STYLE('',(#8512));
#8166=SURFACE_SIDE_STYLE('',(#8513));
#8167=SURFACE_SIDE_STYLE('',(#8514));
#8168=SURFACE_SIDE_STYLE('',(#8515));
#8169=SURFACE_SIDE_STYLE('',(#8516));
#8170=SURFACE_SIDE_STYLE('',(#8517));
#8171=SURFACE_SIDE_STYLE('',(#8518));
#8172=SURFACE_SIDE_STYLE('',(#8519));
#8173=SURFACE_SIDE_STYLE('',(#8520));
#8174=SURFACE_SIDE_STYLE('',(#8521));
#8175=SURFACE_SIDE_STYLE('',(#8522));
#8176=SURFACE_SIDE_STYLE('',(#8523));
#8177=SURFACE_SIDE_STYLE('',(#8524));
#8178=SURFACE_SIDE_STYLE('',(#8525));
#8179=SURFACE_SIDE_STYLE('',(#8526));
#8180=SURFACE_SIDE_STYLE('',(#8527));
#8181=SURFACE_SIDE_STYLE('',(#8528));
#8182=SURFACE_SIDE_STYLE('',(#8529));
#8183=SURFACE_SIDE_STYLE('',(#8530));
#8184=SURFACE_SIDE_STYLE('',(#8531));
#8185=SURFACE_SIDE_STYLE('',(#8532));
#8186=SURFACE_SIDE_STYLE('',(#8533));
#8187=SURFACE_SIDE_STYLE('',(#8534));
#8188=SURFACE_SIDE_STYLE('',(#8535));
#8189=SURFACE_SIDE_STYLE('',(#8536));
#8190=SURFACE_SIDE_STYLE('',(#8537));
#8191=SURFACE_SIDE_STYLE('',(#8538));
#8192=SURFACE_SIDE_STYLE('',(#8539));
#8193=SURFACE_SIDE_STYLE('',(#8540));
#8194=SURFACE_SIDE_STYLE('',(#8541));
#8195=SURFACE_SIDE_STYLE('',(#8542));
#8196=SURFACE_SIDE_STYLE('',(#8543));
#8197=SURFACE_SIDE_STYLE('',(#8544));
#8198=SURFACE_SIDE_STYLE('',(#8545));
#8199=SURFACE_SIDE_STYLE('',(#8546));
#8200=SURFACE_SIDE_STYLE('',(#8547));
#8201=SURFACE_SIDE_STYLE('',(#8548));
#8202=SURFACE_SIDE_STYLE('',(#8549));
#8203=SURFACE_SIDE_STYLE('',(#8550));
#8204=SURFACE_SIDE_STYLE('',(#8551));
#8205=SURFACE_SIDE_STYLE('',(#8552));
#8206=SURFACE_SIDE_STYLE('',(#8553));
#8207=SURFACE_SIDE_STYLE('',(#8554));
#8208=SURFACE_SIDE_STYLE('',(#8555));
#8209=SURFACE_SIDE_STYLE('',(#8556));
#8210=SURFACE_SIDE_STYLE('',(#8557));
#8211=SURFACE_SIDE_STYLE('',(#8558));
#8212=SURFACE_SIDE_STYLE('',(#8559));
#8213=SURFACE_SIDE_STYLE('',(#8560));
#8214=SURFACE_SIDE_STYLE('',(#8561));
#8215=SURFACE_SIDE_STYLE('',(#8562));
#8216=SURFACE_SIDE_STYLE('',(#8563));
#8217=SURFACE_SIDE_STYLE('',(#8564));
#8218=SURFACE_SIDE_STYLE('',(#8565));
#8219=SURFACE_SIDE_STYLE('',(#8566));
#8220=SURFACE_SIDE_STYLE('',(#8567));
#8221=SURFACE_SIDE_STYLE('',(#8568));
#8222=SURFACE_SIDE_STYLE('',(#8569));
#8223=SURFACE_SIDE_STYLE('',(#8570));
#8224=SURFACE_SIDE_STYLE('',(#8571));
#8225=SURFACE_SIDE_STYLE('',(#8572));
#8226=SURFACE_SIDE_STYLE('',(#8573));
#8227=SURFACE_SIDE_STYLE('',(#8574));
#8228=SURFACE_SIDE_STYLE('',(#8575));
#8229=SURFACE_SIDE_STYLE('',(#8576));
#8230=SURFACE_SIDE_STYLE('',(#8577));
#8231=SURFACE_SIDE_STYLE('',(#8578));
#8232=SURFACE_SIDE_STYLE('',(#8579));
#8233=SURFACE_SIDE_STYLE('',(#8580));
#8234=SURFACE_SIDE_STYLE('',(#8581));
#8235=SURFACE_SIDE_STYLE('',(#8582));
#8236=SURFACE_SIDE_STYLE('',(#8583));
#8237=SURFACE_SIDE_STYLE('',(#8584));
#8238=SURFACE_SIDE_STYLE('',(#8585));
#8239=SURFACE_SIDE_STYLE('',(#8586));
#8240=SURFACE_SIDE_STYLE('',(#8587));
#8241=SURFACE_SIDE_STYLE('',(#8588));
#8242=SURFACE_SIDE_STYLE('',(#8589));
#8243=SURFACE_SIDE_STYLE('',(#8590));
#8244=SURFACE_SIDE_STYLE('',(#8591));
#8245=SURFACE_SIDE_STYLE('',(#8592));
#8246=SURFACE_SIDE_STYLE('',(#8593));
#8247=SURFACE_SIDE_STYLE('',(#8594));
#8248=SURFACE_SIDE_STYLE('',(#8595));
#8249=SURFACE_SIDE_STYLE('',(#8596));
#8250=SURFACE_SIDE_STYLE('',(#8597));
#8251=SURFACE_SIDE_STYLE('',(#8598));
#8252=SURFACE_SIDE_STYLE('',(#8599));
#8253=SURFACE_SIDE_STYLE('',(#8600));
#8254=SURFACE_SIDE_STYLE('',(#8601));
#8255=SURFACE_SIDE_STYLE('',(#8602));
#8256=SURFACE_SIDE_STYLE('',(#8603));
#8257=SURFACE_SIDE_STYLE('',(#8604));
#8258=SURFACE_SIDE_STYLE('',(#8605));
#8259=SURFACE_SIDE_STYLE('',(#8606));
#8260=SURFACE_SIDE_STYLE('',(#8607));
#8261=SURFACE_SIDE_STYLE('',(#8608));
#8262=SURFACE_SIDE_STYLE('',(#8609));
#8263=SURFACE_SIDE_STYLE('',(#8610));
#8264=SURFACE_SIDE_STYLE('',(#8611));
#8265=SURFACE_SIDE_STYLE('',(#8612));
#8266=SURFACE_SIDE_STYLE('',(#8613));
#8267=SURFACE_SIDE_STYLE('',(#8614));
#8268=SURFACE_SIDE_STYLE('',(#8615));
#8269=SURFACE_SIDE_STYLE('',(#8616));
#8270=SURFACE_SIDE_STYLE('',(#8617));
#8271=SURFACE_SIDE_STYLE('',(#8618));
#8272=SURFACE_SIDE_STYLE('',(#8619));
#8273=SURFACE_SIDE_STYLE('',(#8620));
#8274=SURFACE_SIDE_STYLE('',(#8621));
#8275=SURFACE_SIDE_STYLE('',(#8622));
#8276=SURFACE_SIDE_STYLE('',(#8623));
#8277=SURFACE_SIDE_STYLE('',(#8624));
#8278=SURFACE_SIDE_STYLE('',(#8625));
#8279=SURFACE_SIDE_STYLE('',(#8626));
#8280=SURFACE_SIDE_STYLE('',(#8627));
#8281=SURFACE_SIDE_STYLE('',(#8628));
#8282=SURFACE_SIDE_STYLE('',(#8629));
#8283=SURFACE_SIDE_STYLE('',(#8630));
#8284=SURFACE_SIDE_STYLE('',(#8631));
#8285=SURFACE_SIDE_STYLE('',(#8632));
#8286=SURFACE_SIDE_STYLE('',(#8633));
#8287=SURFACE_SIDE_STYLE('',(#8634));
#8288=SURFACE_SIDE_STYLE('',(#8635));
#8289=SURFACE_SIDE_STYLE('',(#8636));
#8290=SURFACE_SIDE_STYLE('',(#8637));
#8291=SURFACE_SIDE_STYLE('',(#8638));
#8292=SURFACE_SIDE_STYLE('',(#8639));
#8293=SURFACE_SIDE_STYLE('',(#8640));
#8294=SURFACE_SIDE_STYLE('',(#8641));
#8295=SURFACE_SIDE_STYLE('',(#8642));
#8296=SURFACE_SIDE_STYLE('',(#8643));
#8297=SURFACE_SIDE_STYLE('',(#8644));
#8298=SURFACE_SIDE_STYLE('',(#8645));
#8299=SURFACE_SIDE_STYLE('',(#8646));
#8300=SURFACE_SIDE_STYLE('',(#8647));
#8301=SURFACE_SIDE_STYLE('',(#8648));
#8302=SURFACE_SIDE_STYLE('',(#8649));
#8303=SURFACE_SIDE_STYLE('',(#8650));
#8304=SURFACE_SIDE_STYLE('',(#8651));
#8305=SURFACE_SIDE_STYLE('',(#8652));
#8306=SURFACE_SIDE_STYLE('',(#8653));
#8307=SURFACE_SIDE_STYLE('',(#8654));
#8308=SURFACE_SIDE_STYLE('',(#8655));
#8309=SURFACE_SIDE_STYLE('',(#8656));
#8310=SURFACE_SIDE_STYLE('',(#8657));
#8311=SURFACE_SIDE_STYLE('',(#8658));
#8312=SURFACE_SIDE_STYLE('',(#8659));
#8313=SURFACE_SIDE_STYLE('',(#8660));
#8314=SURFACE_SIDE_STYLE('',(#8661));
#8315=SURFACE_SIDE_STYLE('',(#8662));
#8316=SURFACE_SIDE_STYLE('',(#8663));
#8317=SURFACE_SIDE_STYLE('',(#8664));
#8318=SURFACE_SIDE_STYLE('',(#8665));
#8319=SURFACE_SIDE_STYLE('',(#8666));
#8320=SURFACE_SIDE_STYLE('',(#8667));
#8321=SURFACE_SIDE_STYLE('',(#8668));
#8322=SURFACE_SIDE_STYLE('',(#8669));
#8323=SURFACE_SIDE_STYLE('',(#8670));
#8324=SURFACE_SIDE_STYLE('',(#8671));
#8325=SURFACE_SIDE_STYLE('',(#8672));
#8326=SURFACE_SIDE_STYLE('',(#8673));
#8327=SURFACE_SIDE_STYLE('',(#8674));
#8328=SURFACE_SIDE_STYLE('',(#8675));
#8329=SURFACE_SIDE_STYLE('',(#8676));
#8330=SURFACE_SIDE_STYLE('',(#8677));
#8331=SURFACE_SIDE_STYLE('',(#8678));
#8332=SURFACE_SIDE_STYLE('',(#8679));
#8333=SURFACE_SIDE_STYLE('',(#8680));
#8334=SURFACE_SIDE_STYLE('',(#8681));
#8335=SURFACE_SIDE_STYLE('',(#8682));
#8336=SURFACE_SIDE_STYLE('',(#8683));
#8337=SURFACE_SIDE_STYLE('',(#8684));
#8338=SURFACE_SIDE_STYLE('',(#8685));
#8339=SURFACE_SIDE_STYLE('',(#8686));
#8340=SURFACE_SIDE_STYLE('',(#8687));
#8341=SURFACE_SIDE_STYLE('',(#8688));
#8342=SURFACE_SIDE_STYLE('',(#8689));
#8343=SURFACE_SIDE_STYLE('',(#8690));
#8344=SURFACE_SIDE_STYLE('',(#8691));
#8345=SURFACE_SIDE_STYLE('',(#8692));
#8346=SURFACE_SIDE_STYLE('',(#8693));
#8347=SURFACE_SIDE_STYLE('',(#8694));
#8348=SURFACE_SIDE_STYLE('',(#8695));
#8349=SURFACE_SIDE_STYLE('',(#8696));
#8350=SURFACE_SIDE_STYLE('',(#8697));
#8351=SURFACE_SIDE_STYLE('',(#8698));
#8352=SURFACE_SIDE_STYLE('',(#8699));
#8353=SURFACE_SIDE_STYLE('',(#8700));
#8354=SURFACE_SIDE_STYLE('',(#8701));
#8355=SURFACE_SIDE_STYLE('',(#8702));
#8356=SURFACE_SIDE_STYLE('',(#8703));
#8357=SURFACE_SIDE_STYLE('',(#8704));
#8358=SURFACE_SIDE_STYLE('',(#8705));
#8359=SURFACE_SIDE_STYLE('',(#8706));
#8360=SURFACE_SIDE_STYLE('',(#8707));
#8361=SURFACE_SIDE_STYLE('',(#8708));
#8362=SURFACE_SIDE_STYLE('',(#8709));
#8363=SURFACE_SIDE_STYLE('',(#8710));
#8364=SURFACE_SIDE_STYLE('',(#8711));
#8365=SURFACE_SIDE_STYLE('',(#8712));
#8366=SURFACE_SIDE_STYLE('',(#8713));
#8367=SURFACE_SIDE_STYLE('',(#8714));
#8368=SURFACE_SIDE_STYLE('',(#8715));
#8369=SURFACE_SIDE_STYLE('',(#8716));
#8370=SURFACE_SIDE_STYLE('',(#8717));
#8371=SURFACE_SIDE_STYLE('',(#8718));
#8372=SURFACE_SIDE_STYLE('',(#8719));
#8373=SURFACE_SIDE_STYLE('',(#8720));
#8374=SURFACE_SIDE_STYLE('',(#8721));
#8375=SURFACE_SIDE_STYLE('',(#8722));
#8376=SURFACE_SIDE_STYLE('',(#8723));
#8377=SURFACE_SIDE_STYLE('',(#8724));
#8378=SURFACE_SIDE_STYLE('',(#8725));
#8379=SURFACE_SIDE_STYLE('',(#8726));
#8380=SURFACE_SIDE_STYLE('',(#8727));
#8381=SURFACE_SIDE_STYLE('',(#8728));
#8382=SURFACE_SIDE_STYLE('',(#8729));
#8383=SURFACE_SIDE_STYLE('',(#8730));
#8384=SURFACE_SIDE_STYLE('',(#8731));
#8385=SURFACE_SIDE_STYLE('',(#8732));
#8386=SURFACE_SIDE_STYLE('',(#8733));
#8387=SURFACE_SIDE_STYLE('',(#8734));
#8388=SURFACE_SIDE_STYLE('',(#8735));
#8389=SURFACE_SIDE_STYLE('',(#8736));
#8390=SURFACE_SIDE_STYLE('',(#8737));
#8391=SURFACE_SIDE_STYLE('',(#8738));
#8392=SURFACE_SIDE_STYLE('',(#8739));
#8393=SURFACE_SIDE_STYLE('',(#8740));
#8394=SURFACE_SIDE_STYLE('',(#8741));
#8395=SURFACE_SIDE_STYLE('',(#8742));
#8396=SURFACE_SIDE_STYLE('',(#8743));
#8397=SURFACE_SIDE_STYLE('',(#8744));
#8398=SURFACE_SIDE_STYLE('',(#8745));
#8399=SURFACE_SIDE_STYLE('',(#8746));
#8400=SURFACE_SIDE_STYLE('',(#8747));
#8401=SURFACE_SIDE_STYLE('',(#8748));
#8402=SURFACE_SIDE_STYLE('',(#8749));
#8403=SURFACE_SIDE_STYLE('',(#8750));
#8404=SURFACE_SIDE_STYLE('',(#8751));
#8405=SURFACE_SIDE_STYLE('',(#8752));
#8406=SURFACE_SIDE_STYLE('',(#8753));
#8407=SURFACE_SIDE_STYLE('',(#8754));
#8408=SURFACE_SIDE_STYLE('',(#8755));
#8409=SURFACE_SIDE_STYLE('',(#8756));
#8410=SURFACE_SIDE_STYLE('',(#8757));
#8411=SURFACE_SIDE_STYLE('',(#8758));
#8412=SURFACE_SIDE_STYLE('',(#8759));
#8413=SURFACE_SIDE_STYLE('',(#8760));
#8414=SURFACE_SIDE_STYLE('',(#8761));
#8415=SURFACE_SIDE_STYLE('',(#8762));
#8416=SURFACE_SIDE_STYLE('',(#8763));
#8417=SURFACE_STYLE_FILL_AREA(#8764);
#8418=SURFACE_STYLE_FILL_AREA(#8765);
#8419=SURFACE_STYLE_FILL_AREA(#8766);
#8420=SURFACE_STYLE_FILL_AREA(#8767);
#8421=SURFACE_STYLE_FILL_AREA(#8768);
#8422=SURFACE_STYLE_FILL_AREA(#8769);
#8423=SURFACE_STYLE_FILL_AREA(#8770);
#8424=SURFACE_STYLE_FILL_AREA(#8771);
#8425=SURFACE_STYLE_FILL_AREA(#8772);
#8426=SURFACE_STYLE_FILL_AREA(#8773);
#8427=SURFACE_STYLE_FILL_AREA(#8774);
#8428=SURFACE_STYLE_FILL_AREA(#8775);
#8429=SURFACE_STYLE_FILL_AREA(#8776);
#8430=SURFACE_STYLE_FILL_AREA(#8777);
#8431=SURFACE_STYLE_FILL_AREA(#8778);
#8432=SURFACE_STYLE_FILL_AREA(#8779);
#8433=SURFACE_STYLE_FILL_AREA(#8780);
#8434=SURFACE_STYLE_FILL_AREA(#8781);
#8435=SURFACE_STYLE_FILL_AREA(#8782);
#8436=SURFACE_STYLE_FILL_AREA(#8783);
#8437=SURFACE_STYLE_FILL_AREA(#8784);
#8438=SURFACE_STYLE_FILL_AREA(#8785);
#8439=SURFACE_STYLE_FILL_AREA(#8786);
#8440=SURFACE_STYLE_FILL_AREA(#8787);
#8441=SURFACE_STYLE_FILL_AREA(#8788);
#8442=SURFACE_STYLE_FILL_AREA(#8789);
#8443=SURFACE_STYLE_FILL_AREA(#8790);
#8444=SURFACE_STYLE_FILL_AREA(#8791);
#8445=SURFACE_STYLE_FILL_AREA(#8792);
#8446=SURFACE_STYLE_FILL_AREA(#8793);
#8447=SURFACE_STYLE_FILL_AREA(#8794);
#8448=SURFACE_STYLE_FILL_AREA(#8795);
#8449=SURFACE_STYLE_FILL_AREA(#8796);
#8450=SURFACE_STYLE_FILL_AREA(#8797);
#8451=SURFACE_STYLE_FILL_AREA(#8798);
#8452=SURFACE_STYLE_FILL_AREA(#8799);
#8453=SURFACE_STYLE_FILL_AREA(#8800);
#8454=SURFACE_STYLE_FILL_AREA(#8801);
#8455=SURFACE_STYLE_FILL_AREA(#8802);
#8456=SURFACE_STYLE_FILL_AREA(#8803);
#8457=SURFACE_STYLE_FILL_AREA(#8804);
#8458=SURFACE_STYLE_FILL_AREA(#8805);
#8459=SURFACE_STYLE_FILL_AREA(#8806);
#8460=SURFACE_STYLE_FILL_AREA(#8807);
#8461=SURFACE_STYLE_FILL_AREA(#8808);
#8462=SURFACE_STYLE_FILL_AREA(#8809);
#8463=SURFACE_STYLE_FILL_AREA(#8810);
#8464=SURFACE_STYLE_FILL_AREA(#8811);
#8465=SURFACE_STYLE_FILL_AREA(#8812);
#8466=SURFACE_STYLE_FILL_AREA(#8813);
#8467=SURFACE_STYLE_FILL_AREA(#8814);
#8468=SURFACE_STYLE_FILL_AREA(#8815);
#8469=SURFACE_STYLE_FILL_AREA(#8816);
#8470=SURFACE_STYLE_FILL_AREA(#8817);
#8471=SURFACE_STYLE_FILL_AREA(#8818);
#8472=SURFACE_STYLE_FILL_AREA(#8819);
#8473=SURFACE_STYLE_FILL_AREA(#8820);
#8474=SURFACE_STYLE_FILL_AREA(#8821);
#8475=SURFACE_STYLE_FILL_AREA(#8822);
#8476=SURFACE_STYLE_FILL_AREA(#8823);
#8477=SURFACE_STYLE_FILL_AREA(#8824);
#8478=SURFACE_STYLE_FILL_AREA(#8825);
#8479=SURFACE_STYLE_FILL_AREA(#8826);
#8480=SURFACE_STYLE_FILL_AREA(#8827);
#8481=SURFACE_STYLE_FILL_AREA(#8828);
#8482=SURFACE_STYLE_FILL_AREA(#8829);
#8483=SURFACE_STYLE_FILL_AREA(#8830);
#8484=SURFACE_STYLE_FILL_AREA(#8831);
#8485=SURFACE_STYLE_FILL_AREA(#8832);
#8486=SURFACE_STYLE_FILL_AREA(#8833);
#8487=SURFACE_STYLE_FILL_AREA(#8834);
#8488=SURFACE_STYLE_FILL_AREA(#8835);
#8489=SURFACE_STYLE_FILL_AREA(#8836);
#8490=SURFACE_STYLE_FILL_AREA(#8837);
#8491=SURFACE_STYLE_FILL_AREA(#8838);
#8492=SURFACE_STYLE_FILL_AREA(#8839);
#8493=SURFACE_STYLE_FILL_AREA(#8840);
#8494=SURFACE_STYLE_FILL_AREA(#8841);
#8495=SURFACE_STYLE_FILL_AREA(#8842);
#8496=SURFACE_STYLE_FILL_AREA(#8843);
#8497=SURFACE_STYLE_FILL_AREA(#8844);
#8498=SURFACE_STYLE_FILL_AREA(#8845);
#8499=SURFACE_STYLE_FILL_AREA(#8846);
#8500=SURFACE_STYLE_FILL_AREA(#8847);
#8501=SURFACE_STYLE_FILL_AREA(#8848);
#8502=SURFACE_STYLE_FILL_AREA(#8849);
#8503=SURFACE_STYLE_FILL_AREA(#8850);
#8504=SURFACE_STYLE_FILL_AREA(#8851);
#8505=SURFACE_STYLE_FILL_AREA(#8852);
#8506=SURFACE_STYLE_FILL_AREA(#8853);
#8507=SURFACE_STYLE_FILL_AREA(#8854);
#8508=SURFACE_STYLE_FILL_AREA(#8855);
#8509=SURFACE_STYLE_FILL_AREA(#8856);
#8510=SURFACE_STYLE_FILL_AREA(#8857);
#8511=SURFACE_STYLE_FILL_AREA(#8858);
#8512=SURFACE_STYLE_FILL_AREA(#8859);
#8513=SURFACE_STYLE_FILL_AREA(#8860);
#8514=SURFACE_STYLE_FILL_AREA(#8861);
#8515=SURFACE_STYLE_FILL_AREA(#8862);
#8516=SURFACE_STYLE_FILL_AREA(#8863);
#8517=SURFACE_STYLE_FILL_AREA(#8864);
#8518=SURFACE_STYLE_FILL_AREA(#8865);
#8519=SURFACE_STYLE_FILL_AREA(#8866);
#8520=SURFACE_STYLE_FILL_AREA(#8867);
#8521=SURFACE_STYLE_FILL_AREA(#8868);
#8522=SURFACE_STYLE_FILL_AREA(#8869);
#8523=SURFACE_STYLE_FILL_AREA(#8870);
#8524=SURFACE_STYLE_FILL_AREA(#8871);
#8525=SURFACE_STYLE_FILL_AREA(#8872);
#8526=SURFACE_STYLE_FILL_AREA(#8873);
#8527=SURFACE_STYLE_FILL_AREA(#8874);
#8528=SURFACE_STYLE_FILL_AREA(#8875);
#8529=SURFACE_STYLE_FILL_AREA(#8876);
#8530=SURFACE_STYLE_FILL_AREA(#8877);
#8531=SURFACE_STYLE_FILL_AREA(#8878);
#8532=SURFACE_STYLE_FILL_AREA(#8879);
#8533=SURFACE_STYLE_FILL_AREA(#8880);
#8534=SURFACE_STYLE_FILL_AREA(#8881);
#8535=SURFACE_STYLE_FILL_AREA(#8882);
#8536=SURFACE_STYLE_FILL_AREA(#8883);
#8537=SURFACE_STYLE_FILL_AREA(#8884);
#8538=SURFACE_STYLE_FILL_AREA(#8885);
#8539=SURFACE_STYLE_FILL_AREA(#8886);
#8540=SURFACE_STYLE_FILL_AREA(#8887);
#8541=SURFACE_STYLE_FILL_AREA(#8888);
#8542=SURFACE_STYLE_FILL_AREA(#8889);
#8543=SURFACE_STYLE_FILL_AREA(#8890);
#8544=SURFACE_STYLE_FILL_AREA(#8891);
#8545=SURFACE_STYLE_FILL_AREA(#8892);
#8546=SURFACE_STYLE_FILL_AREA(#8893);
#8547=SURFACE_STYLE_FILL_AREA(#8894);
#8548=SURFACE_STYLE_FILL_AREA(#8895);
#8549=SURFACE_STYLE_FILL_AREA(#8896);
#8550=SURFACE_STYLE_FILL_AREA(#8897);
#8551=SURFACE_STYLE_FILL_AREA(#8898);
#8552=SURFACE_STYLE_FILL_AREA(#8899);
#8553=SURFACE_STYLE_FILL_AREA(#8900);
#8554=SURFACE_STYLE_FILL_AREA(#8901);
#8555=SURFACE_STYLE_FILL_AREA(#8902);
#8556=SURFACE_STYLE_FILL_AREA(#8903);
#8557=SURFACE_STYLE_FILL_AREA(#8904);
#8558=SURFACE_STYLE_FILL_AREA(#8905);
#8559=SURFACE_STYLE_FILL_AREA(#8906);
#8560=SURFACE_STYLE_FILL_AREA(#8907);
#8561=SURFACE_STYLE_FILL_AREA(#8908);
#8562=SURFACE_STYLE_FILL_AREA(#8909);
#8563=SURFACE_STYLE_FILL_AREA(#8910);
#8564=SURFACE_STYLE_FILL_AREA(#8911);
#8565=SURFACE_STYLE_FILL_AREA(#8912);
#8566=SURFACE_STYLE_FILL_AREA(#8913);
#8567=SURFACE_STYLE_FILL_AREA(#8914);
#8568=SURFACE_STYLE_FILL_AREA(#8915);
#8569=SURFACE_STYLE_FILL_AREA(#8916);
#8570=SURFACE_STYLE_FILL_AREA(#8917);
#8571=SURFACE_STYLE_FILL_AREA(#8918);
#8572=SURFACE_STYLE_FILL_AREA(#8919);
#8573=SURFACE_STYLE_FILL_AREA(#8920);
#8574=SURFACE_STYLE_FILL_AREA(#8921);
#8575=SURFACE_STYLE_FILL_AREA(#8922);
#8576=SURFACE_STYLE_FILL_AREA(#8923);
#8577=SURFACE_STYLE_FILL_AREA(#8924);
#8578=SURFACE_STYLE_FILL_AREA(#8925);
#8579=SURFACE_STYLE_FILL_AREA(#8926);
#8580=SURFACE_STYLE_FILL_AREA(#8927);
#8581=SURFACE_STYLE_FILL_AREA(#8928);
#8582=SURFACE_STYLE_FILL_AREA(#8929);
#8583=SURFACE_STYLE_FILL_AREA(#8930);
#8584=SURFACE_STYLE_FILL_AREA(#8931);
#8585=SURFACE_STYLE_FILL_AREA(#8932);
#8586=SURFACE_STYLE_FILL_AREA(#8933);
#8587=SURFACE_STYLE_FILL_AREA(#8934);
#8588=SURFACE_STYLE_FILL_AREA(#8935);
#8589=SURFACE_STYLE_FILL_AREA(#8936);
#8590=SURFACE_STYLE_FILL_AREA(#8937);
#8591=SURFACE_STYLE_FILL_AREA(#8938);
#8592=SURFACE_STYLE_FILL_AREA(#8939);
#8593=SURFACE_STYLE_FILL_AREA(#8940);
#8594=SURFACE_STYLE_FILL_AREA(#8941);
#8595=SURFACE_STYLE_FILL_AREA(#8942);
#8596=SURFACE_STYLE_FILL_AREA(#8943);
#8597=SURFACE_STYLE_FILL_AREA(#8944);
#8598=SURFACE_STYLE_FILL_AREA(#8945);
#8599=SURFACE_STYLE_FILL_AREA(#8946);
#8600=SURFACE_STYLE_FILL_AREA(#8947);
#8601=SURFACE_STYLE_FILL_AREA(#8948);
#8602=SURFACE_STYLE_FILL_AREA(#8949);
#8603=SURFACE_STYLE_FILL_AREA(#8950);
#8604=SURFACE_STYLE_FILL_AREA(#8951);
#8605=SURFACE_STYLE_FILL_AREA(#8952);
#8606=SURFACE_STYLE_FILL_AREA(#8953);
#8607=SURFACE_STYLE_FILL_AREA(#8954);
#8608=SURFACE_STYLE_FILL_AREA(#8955);
#8609=SURFACE_STYLE_FILL_AREA(#8956);
#8610=SURFACE_STYLE_FILL_AREA(#8957);
#8611=SURFACE_STYLE_FILL_AREA(#8958);
#8612=SURFACE_STYLE_FILL_AREA(#8959);
#8613=SURFACE_STYLE_FILL_AREA(#8960);
#8614=SURFACE_STYLE_FILL_AREA(#8961);
#8615=SURFACE_STYLE_FILL_AREA(#8962);
#8616=SURFACE_STYLE_FILL_AREA(#8963);
#8617=SURFACE_STYLE_FILL_AREA(#8964);
#8618=SURFACE_STYLE_FILL_AREA(#8965);
#8619=SURFACE_STYLE_FILL_AREA(#8966);
#8620=SURFACE_STYLE_FILL_AREA(#8967);
#8621=SURFACE_STYLE_FILL_AREA(#8968);
#8622=SURFACE_STYLE_FILL_AREA(#8969);
#8623=SURFACE_STYLE_FILL_AREA(#8970);
#8624=SURFACE_STYLE_FILL_AREA(#8971);
#8625=SURFACE_STYLE_FILL_AREA(#8972);
#8626=SURFACE_STYLE_FILL_AREA(#8973);
#8627=SURFACE_STYLE_FILL_AREA(#8974);
#8628=SURFACE_STYLE_FILL_AREA(#8975);
#8629=SURFACE_STYLE_FILL_AREA(#8976);
#8630=SURFACE_STYLE_FILL_AREA(#8977);
#8631=SURFACE_STYLE_FILL_AREA(#8978);
#8632=SURFACE_STYLE_FILL_AREA(#8979);
#8633=SURFACE_STYLE_FILL_AREA(#8980);
#8634=SURFACE_STYLE_FILL_AREA(#8981);
#8635=SURFACE_STYLE_FILL_AREA(#8982);
#8636=SURFACE_STYLE_FILL_AREA(#8983);
#8637=SURFACE_STYLE_FILL_AREA(#8984);
#8638=SURFACE_STYLE_FILL_AREA(#8985);
#8639=SURFACE_STYLE_FILL_AREA(#8986);
#8640=SURFACE_STYLE_FILL_AREA(#8987);
#8641=SURFACE_STYLE_FILL_AREA(#8988);
#8642=SURFACE_STYLE_FILL_AREA(#8989);
#8643=SURFACE_STYLE_FILL_AREA(#8990);
#8644=SURFACE_STYLE_FILL_AREA(#8991);
#8645=SURFACE_STYLE_FILL_AREA(#8992);
#8646=SURFACE_STYLE_FILL_AREA(#8993);
#8647=SURFACE_STYLE_FILL_AREA(#8994);
#8648=SURFACE_STYLE_FILL_AREA(#8995);
#8649=SURFACE_STYLE_FILL_AREA(#8996);
#8650=SURFACE_STYLE_FILL_AREA(#8997);
#8651=SURFACE_STYLE_FILL_AREA(#8998);
#8652=SURFACE_STYLE_FILL_AREA(#8999);
#8653=SURFACE_STYLE_FILL_AREA(#9000);
#8654=SURFACE_STYLE_FILL_AREA(#9001);
#8655=SURFACE_STYLE_FILL_AREA(#9002);
#8656=SURFACE_STYLE_FILL_AREA(#9003);
#8657=SURFACE_STYLE_FILL_AREA(#9004);
#8658=SURFACE_STYLE_FILL_AREA(#9005);
#8659=SURFACE_STYLE_FILL_AREA(#9006);
#8660=SURFACE_STYLE_FILL_AREA(#9007);
#8661=SURFACE_STYLE_FILL_AREA(#9008);
#8662=SURFACE_STYLE_FILL_AREA(#9009);
#8663=SURFACE_STYLE_FILL_AREA(#9010);
#8664=SURFACE_STYLE_FILL_AREA(#9011);
#8665=SURFACE_STYLE_FILL_AREA(#9012);
#8666=SURFACE_STYLE_FILL_AREA(#9013);
#8667=SURFACE_STYLE_FILL_AREA(#9014);
#8668=SURFACE_STYLE_FILL_AREA(#9015);
#8669=SURFACE_STYLE_FILL_AREA(#9016);
#8670=SURFACE_STYLE_FILL_AREA(#9017);
#8671=SURFACE_STYLE_FILL_AREA(#9018);
#8672=SURFACE_STYLE_FILL_AREA(#9019);
#8673=SURFACE_STYLE_FILL_AREA(#9020);
#8674=SURFACE_STYLE_FILL_AREA(#9021);
#8675=SURFACE_STYLE_FILL_AREA(#9022);
#8676=SURFACE_STYLE_FILL_AREA(#9023);
#8677=SURFACE_STYLE_FILL_AREA(#9024);
#8678=SURFACE_STYLE_FILL_AREA(#9025);
#8679=SURFACE_STYLE_FILL_AREA(#9026);
#8680=SURFACE_STYLE_FILL_AREA(#9027);
#8681=SURFACE_STYLE_FILL_AREA(#9028);
#8682=SURFACE_STYLE_FILL_AREA(#9029);
#8683=SURFACE_STYLE_FILL_AREA(#9030);
#8684=SURFACE_STYLE_FILL_AREA(#9031);
#8685=SURFACE_STYLE_FILL_AREA(#9032);
#8686=SURFACE_STYLE_FILL_AREA(#9033);
#8687=SURFACE_STYLE_FILL_AREA(#9034);
#8688=SURFACE_STYLE_FILL_AREA(#9035);
#8689=SURFACE_STYLE_FILL_AREA(#9036);
#8690=SURFACE_STYLE_FILL_AREA(#9037);
#8691=SURFACE_STYLE_FILL_AREA(#9038);
#8692=SURFACE_STYLE_FILL_AREA(#9039);
#8693=SURFACE_STYLE_FILL_AREA(#9040);
#8694=SURFACE_STYLE_FILL_AREA(#9041);
#8695=SURFACE_STYLE_FILL_AREA(#9042);
#8696=SURFACE_STYLE_FILL_AREA(#9043);
#8697=SURFACE_STYLE_FILL_AREA(#9044);
#8698=SURFACE_STYLE_FILL_AREA(#9045);
#8699=SURFACE_STYLE_FILL_AREA(#9046);
#8700=SURFACE_STYLE_FILL_AREA(#9047);
#8701=SURFACE_STYLE_FILL_AREA(#9048);
#8702=SURFACE_STYLE_FILL_AREA(#9049);
#8703=SURFACE_STYLE_FILL_AREA(#9050);
#8704=SURFACE_STYLE_FILL_AREA(#9051);
#8705=SURFACE_STYLE_FILL_AREA(#9052);
#8706=SURFACE_STYLE_FILL_AREA(#9053);
#8707=SURFACE_STYLE_FILL_AREA(#9054);
#8708=SURFACE_STYLE_FILL_AREA(#9055);
#8709=SURFACE_STYLE_FILL_AREA(#9056);
#8710=SURFACE_STYLE_FILL_AREA(#9057);
#8711=SURFACE_STYLE_FILL_AREA(#9058);
#8712=SURFACE_STYLE_FILL_AREA(#9059);
#8713=SURFACE_STYLE_FILL_AREA(#9060);
#8714=SURFACE_STYLE_FILL_AREA(#9061);
#8715=SURFACE_STYLE_FILL_AREA(#9062);
#8716=SURFACE_STYLE_FILL_AREA(#9063);
#8717=SURFACE_STYLE_FILL_AREA(#9064);
#8718=SURFACE_STYLE_FILL_AREA(#9065);
#8719=SURFACE_STYLE_FILL_AREA(#9066);
#8720=SURFACE_STYLE_FILL_AREA(#9067);
#8721=SURFACE_STYLE_FILL_AREA(#9068);
#8722=SURFACE_STYLE_FILL_AREA(#9069);
#8723=SURFACE_STYLE_FILL_AREA(#9070);
#8724=SURFACE_STYLE_FILL_AREA(#9071);
#8725=SURFACE_STYLE_FILL_AREA(#9072);
#8726=SURFACE_STYLE_FILL_AREA(#9073);
#8727=SURFACE_STYLE_FILL_AREA(#9074);
#8728=SURFACE_STYLE_FILL_AREA(#9075);
#8729=SURFACE_STYLE_FILL_AREA(#9076);
#8730=SURFACE_STYLE_FILL_AREA(#9077);
#8731=SURFACE_STYLE_FILL_AREA(#9078);
#8732=SURFACE_STYLE_FILL_AREA(#9079);
#8733=SURFACE_STYLE_FILL_AREA(#9080);
#8734=SURFACE_STYLE_FILL_AREA(#9081);
#8735=SURFACE_STYLE_FILL_AREA(#9082);
#8736=SURFACE_STYLE_FILL_AREA(#9083);
#8737=SURFACE_STYLE_FILL_AREA(#9084);
#8738=SURFACE_STYLE_FILL_AREA(#9085);
#8739=SURFACE_STYLE_FILL_AREA(#9086);
#8740=SURFACE_STYLE_FILL_AREA(#9087);
#8741=SURFACE_STYLE_FILL_AREA(#9088);
#8742=SURFACE_STYLE_FILL_AREA(#9089);
#8743=SURFACE_STYLE_FILL_AREA(#9090);
#8744=SURFACE_STYLE_FILL_AREA(#9091);
#8745=SURFACE_STYLE_FILL_AREA(#9092);
#8746=SURFACE_STYLE_FILL_AREA(#9093);
#8747=SURFACE_STYLE_FILL_AREA(#9094);
#8748=SURFACE_STYLE_FILL_AREA(#9095);
#8749=SURFACE_STYLE_FILL_AREA(#9096);
#8750=SURFACE_STYLE_FILL_AREA(#9097);
#8751=SURFACE_STYLE_FILL_AREA(#9098);
#8752=SURFACE_STYLE_FILL_AREA(#9099);
#8753=SURFACE_STYLE_FILL_AREA(#9100);
#8754=SURFACE_STYLE_FILL_AREA(#9101);
#8755=SURFACE_STYLE_FILL_AREA(#9102);
#8756=SURFACE_STYLE_FILL_AREA(#9103);
#8757=SURFACE_STYLE_FILL_AREA(#9104);
#8758=SURFACE_STYLE_FILL_AREA(#9105);
#8759=SURFACE_STYLE_FILL_AREA(#9106);
#8760=SURFACE_STYLE_FILL_AREA(#9107);
#8761=SURFACE_STYLE_FILL_AREA(#9108);
#8762=SURFACE_STYLE_FILL_AREA(#9109);
#8763=SURFACE_STYLE_FILL_AREA(#9110);
#8764=FILL_AREA_STYLE('',(#9111));
#8765=FILL_AREA_STYLE('',(#9112));
#8766=FILL_AREA_STYLE('',(#9113));
#8767=FILL_AREA_STYLE('',(#9114));
#8768=FILL_AREA_STYLE('',(#9115));
#8769=FILL_AREA_STYLE('',(#9116));
#8770=FILL_AREA_STYLE('',(#9117));
#8771=FILL_AREA_STYLE('',(#9118));
#8772=FILL_AREA_STYLE('',(#9119));
#8773=FILL_AREA_STYLE('',(#9120));
#8774=FILL_AREA_STYLE('',(#9121));
#8775=FILL_AREA_STYLE('',(#9122));
#8776=FILL_AREA_STYLE('',(#9123));
#8777=FILL_AREA_STYLE('',(#9124));
#8778=FILL_AREA_STYLE('',(#9125));
#8779=FILL_AREA_STYLE('',(#9126));
#8780=FILL_AREA_STYLE('',(#9127));
#8781=FILL_AREA_STYLE('',(#9128));
#8782=FILL_AREA_STYLE('',(#9129));
#8783=FILL_AREA_STYLE('',(#9130));
#8784=FILL_AREA_STYLE('',(#9131));
#8785=FILL_AREA_STYLE('',(#9132));
#8786=FILL_AREA_STYLE('',(#9133));
#8787=FILL_AREA_STYLE('',(#9134));
#8788=FILL_AREA_STYLE('',(#9135));
#8789=FILL_AREA_STYLE('',(#9136));
#8790=FILL_AREA_STYLE('',(#9137));
#8791=FILL_AREA_STYLE('',(#9138));
#8792=FILL_AREA_STYLE('',(#9139));
#8793=FILL_AREA_STYLE('',(#9140));
#8794=FILL_AREA_STYLE('',(#9141));
#8795=FILL_AREA_STYLE('',(#9142));
#8796=FILL_AREA_STYLE('',(#9143));
#8797=FILL_AREA_STYLE('',(#9144));
#8798=FILL_AREA_STYLE('',(#9145));
#8799=FILL_AREA_STYLE('',(#9146));
#8800=FILL_AREA_STYLE('',(#9147));
#8801=FILL_AREA_STYLE('',(#9148));
#8802=FILL_AREA_STYLE('',(#9149));
#8803=FILL_AREA_STYLE('',(#9150));
#8804=FILL_AREA_STYLE('',(#9151));
#8805=FILL_AREA_STYLE('',(#9152));
#8806=FILL_AREA_STYLE('',(#9153));
#8807=FILL_AREA_STYLE('',(#9154));
#8808=FILL_AREA_STYLE('',(#9155));
#8809=FILL_AREA_STYLE('',(#9156));
#8810=FILL_AREA_STYLE('',(#9157));
#8811=FILL_AREA_STYLE('',(#9158));
#8812=FILL_AREA_STYLE('',(#9159));
#8813=FILL_AREA_STYLE('',(#9160));
#8814=FILL_AREA_STYLE('',(#9161));
#8815=FILL_AREA_STYLE('',(#9162));
#8816=FILL_AREA_STYLE('',(#9163));
#8817=FILL_AREA_STYLE('',(#9164));
#8818=FILL_AREA_STYLE('',(#9165));
#8819=FILL_AREA_STYLE('',(#9166));
#8820=FILL_AREA_STYLE('',(#9167));
#8821=FILL_AREA_STYLE('',(#9168));
#8822=FILL_AREA_STYLE('',(#9169));
#8823=FILL_AREA_STYLE('',(#9170));
#8824=FILL_AREA_STYLE('',(#9171));
#8825=FILL_AREA_STYLE('',(#9172));
#8826=FILL_AREA_STYLE('',(#9173));
#8827=FILL_AREA_STYLE('',(#9174));
#8828=FILL_AREA_STYLE('',(#9175));
#8829=FILL_AREA_STYLE('',(#9176));
#8830=FILL_AREA_STYLE('',(#9177));
#8831=FILL_AREA_STYLE('',(#9178));
#8832=FILL_AREA_STYLE('',(#9179));
#8833=FILL_AREA_STYLE('',(#9180));
#8834=FILL_AREA_STYLE('',(#9181));
#8835=FILL_AREA_STYLE('',(#9182));
#8836=FILL_AREA_STYLE('',(#9183));
#8837=FILL_AREA_STYLE('',(#9184));
#8838=FILL_AREA_STYLE('',(#9185));
#8839=FILL_AREA_STYLE('',(#9186));
#8840=FILL_AREA_STYLE('',(#9187));
#8841=FILL_AREA_STYLE('',(#9188));
#8842=FILL_AREA_STYLE('',(#9189));
#8843=FILL_AREA_STYLE('',(#9190));
#8844=FILL_AREA_STYLE('',(#9191));
#8845=FILL_AREA_STYLE('',(#9192));
#8846=FILL_AREA_STYLE('',(#9193));
#8847=FILL_AREA_STYLE('',(#9194));
#8848=FILL_AREA_STYLE('',(#9195));
#8849=FILL_AREA_STYLE('',(#9196));
#8850=FILL_AREA_STYLE('',(#9197));
#8851=FILL_AREA_STYLE('',(#9198));
#8852=FILL_AREA_STYLE('',(#9199));
#8853=FILL_AREA_STYLE('',(#9200));
#8854=FILL_AREA_STYLE('',(#9201));
#8855=FILL_AREA_STYLE('',(#9202));
#8856=FILL_AREA_STYLE('',(#9203));
#8857=FILL_AREA_STYLE('',(#9204));
#8858=FILL_AREA_STYLE('',(#9205));
#8859=FILL_AREA_STYLE('',(#9206));
#8860=FILL_AREA_STYLE('',(#9207));
#8861=FILL_AREA_STYLE('',(#9208));
#8862=FILL_AREA_STYLE('',(#9209));
#8863=FILL_AREA_STYLE('',(#9210));
#8864=FILL_AREA_STYLE('',(#9211));
#8865=FILL_AREA_STYLE('',(#9212));
#8866=FILL_AREA_STYLE('',(#9213));
#8867=FILL_AREA_STYLE('',(#9214));
#8868=FILL_AREA_STYLE('',(#9215));
#8869=FILL_AREA_STYLE('',(#9216));
#8870=FILL_AREA_STYLE('',(#9217));
#8871=FILL_AREA_STYLE('',(#9218));
#8872=FILL_AREA_STYLE('',(#9219));
#8873=FILL_AREA_STYLE('',(#9220));
#8874=FILL_AREA_STYLE('',(#9221));
#8875=FILL_AREA_STYLE('',(#9222));
#8876=FILL_AREA_STYLE('',(#9223));
#8877=FILL_AREA_STYLE('',(#9224));
#8878=FILL_AREA_STYLE('',(#9225));
#8879=FILL_AREA_STYLE('',(#9226));
#8880=FILL_AREA_STYLE('',(#9227));
#8881=FILL_AREA_STYLE('',(#9228));
#8882=FILL_AREA_STYLE('',(#9229));
#8883=FILL_AREA_STYLE('',(#9230));
#8884=FILL_AREA_STYLE('',(#9231));
#8885=FILL_AREA_STYLE('',(#9232));
#8886=FILL_AREA_STYLE('',(#9233));
#8887=FILL_AREA_STYLE('',(#9234));
#8888=FILL_AREA_STYLE('',(#9235));
#8889=FILL_AREA_STYLE('',(#9236));
#8890=FILL_AREA_STYLE('',(#9237));
#8891=FILL_AREA_STYLE('',(#9238));
#8892=FILL_AREA_STYLE('',(#9239));
#8893=FILL_AREA_STYLE('',(#9240));
#8894=FILL_AREA_STYLE('',(#9241));
#8895=FILL_AREA_STYLE('',(#9242));
#8896=FILL_AREA_STYLE('',(#9243));
#8897=FILL_AREA_STYLE('',(#9244));
#8898=FILL_AREA_STYLE('',(#9245));
#8899=FILL_AREA_STYLE('',(#9246));
#8900=FILL_AREA_STYLE('',(#9247));
#8901=FILL_AREA_STYLE('',(#9248));
#8902=FILL_AREA_STYLE('',(#9249));
#8903=FILL_AREA_STYLE('',(#9250));
#8904=FILL_AREA_STYLE('',(#9251));
#8905=FILL_AREA_STYLE('',(#9252));
#8906=FILL_AREA_STYLE('',(#9253));
#8907=FILL_AREA_STYLE('',(#9254));
#8908=FILL_AREA_STYLE('',(#9255));
#8909=FILL_AREA_STYLE('',(#9256));
#8910=FILL_AREA_STYLE('',(#9257));
#8911=FILL_AREA_STYLE('',(#9258));
#8912=FILL_AREA_STYLE('',(#9259));
#8913=FILL_AREA_STYLE('',(#9260));
#8914=FILL_AREA_STYLE('',(#9261));
#8915=FILL_AREA_STYLE('',(#9262));
#8916=FILL_AREA_STYLE('',(#9263));
#8917=FILL_AREA_STYLE('',(#9264));
#8918=FILL_AREA_STYLE('',(#9265));
#8919=FILL_AREA_STYLE('',(#9266));
#8920=FILL_AREA_STYLE('',(#9267));
#8921=FILL_AREA_STYLE('',(#9268));
#8922=FILL_AREA_STYLE('',(#9269));
#8923=FILL_AREA_STYLE('',(#9270));
#8924=FILL_AREA_STYLE('',(#9271));
#8925=FILL_AREA_STYLE('',(#9272));
#8926=FILL_AREA_STYLE('',(#9273));
#8927=FILL_AREA_STYLE('',(#9274));
#8928=FILL_AREA_STYLE('',(#9275));
#8929=FILL_AREA_STYLE('',(#9276));
#8930=FILL_AREA_STYLE('',(#9277));
#8931=FILL_AREA_STYLE('',(#9278));
#8932=FILL_AREA_STYLE('',(#9279));
#8933=FILL_AREA_STYLE('',(#9280));
#8934=FILL_AREA_STYLE('',(#9281));
#8935=FILL_AREA_STYLE('',(#9282));
#8936=FILL_AREA_STYLE('',(#9283));
#8937=FILL_AREA_STYLE('',(#9284));
#8938=FILL_AREA_STYLE('',(#9285));
#8939=FILL_AREA_STYLE('',(#9286));
#8940=FILL_AREA_STYLE('',(#9287));
#8941=FILL_AREA_STYLE('',(#9288));
#8942=FILL_AREA_STYLE('',(#9289));
#8943=FILL_AREA_STYLE('',(#9290));
#8944=FILL_AREA_STYLE('',(#9291));
#8945=FILL_AREA_STYLE('',(#9292));
#8946=FILL_AREA_STYLE('',(#9293));
#8947=FILL_AREA_STYLE('',(#9294));
#8948=FILL_AREA_STYLE('',(#9295));
#8949=FILL_AREA_STYLE('',(#9296));
#8950=FILL_AREA_STYLE('',(#9297));
#8951=FILL_AREA_STYLE('',(#9298));
#8952=FILL_AREA_STYLE('',(#9299));
#8953=FILL_AREA_STYLE('',(#9300));
#8954=FILL_AREA_STYLE('',(#9301));
#8955=FILL_AREA_STYLE('',(#9302));
#8956=FILL_AREA_STYLE('',(#9303));
#8957=FILL_AREA_STYLE('',(#9304));
#8958=FILL_AREA_STYLE('',(#9305));
#8959=FILL_AREA_STYLE('',(#9306));
#8960=FILL_AREA_STYLE('',(#9307));
#8961=FILL_AREA_STYLE('',(#9308));
#8962=FILL_AREA_STYLE('',(#9309));
#8963=FILL_AREA_STYLE('',(#9310));
#8964=FILL_AREA_STYLE('',(#9311));
#8965=FILL_AREA_STYLE('',(#9312));
#8966=FILL_AREA_STYLE('',(#9313));
#8967=FILL_AREA_STYLE('',(#9314));
#8968=FILL_AREA_STYLE('',(#9315));
#8969=FILL_AREA_STYLE('',(#9316));
#8970=FILL_AREA_STYLE('',(#9317));
#8971=FILL_AREA_STYLE('',(#9318));
#8972=FILL_AREA_STYLE('',(#9319));
#8973=FILL_AREA_STYLE('',(#9320));
#8974=FILL_AREA_STYLE('',(#9321));
#8975=FILL_AREA_STYLE('',(#9322));
#8976=FILL_AREA_STYLE('',(#9323));
#8977=FILL_AREA_STYLE('',(#9324));
#8978=FILL_AREA_STYLE('',(#9325));
#8979=FILL_AREA_STYLE('',(#9326));
#8980=FILL_AREA_STYLE('',(#9327));
#8981=FILL_AREA_STYLE('',(#9328));
#8982=FILL_AREA_STYLE('',(#9329));
#8983=FILL_AREA_STYLE('',(#9330));
#8984=FILL_AREA_STYLE('',(#9331));
#8985=FILL_AREA_STYLE('',(#9332));
#8986=FILL_AREA_STYLE('',(#9333));
#8987=FILL_AREA_STYLE('',(#9334));
#8988=FILL_AREA_STYLE('',(#9335));
#8989=FILL_AREA_STYLE('',(#9336));
#8990=FILL_AREA_STYLE('',(#9337));
#8991=FILL_AREA_STYLE('',(#9338));
#8992=FILL_AREA_STYLE('',(#9339));
#8993=FILL_AREA_STYLE('',(#9340));
#8994=FILL_AREA_STYLE('',(#9341));
#8995=FILL_AREA_STYLE('',(#9342));
#8996=FILL_AREA_STYLE('',(#9343));
#8997=FILL_AREA_STYLE('',(#9344));
#8998=FILL_AREA_STYLE('',(#9345));
#8999=FILL_AREA_STYLE('',(#9346));
#9000=FILL_AREA_STYLE('',(#9347));
#9001=FILL_AREA_STYLE('',(#9348));
#9002=FILL_AREA_STYLE('',(#9349));
#9003=FILL_AREA_STYLE('',(#9350));
#9004=FILL_AREA_STYLE('',(#9351));
#9005=FILL_AREA_STYLE('',(#9352));
#9006=FILL_AREA_STYLE('',(#9353));
#9007=FILL_AREA_STYLE('',(#9354));
#9008=FILL_AREA_STYLE('',(#9355));
#9009=FILL_AREA_STYLE('',(#9356));
#9010=FILL_AREA_STYLE('',(#9357));
#9011=FILL_AREA_STYLE('',(#9358));
#9012=FILL_AREA_STYLE('',(#9359));
#9013=FILL_AREA_STYLE('',(#9360));
#9014=FILL_AREA_STYLE('',(#9361));
#9015=FILL_AREA_STYLE('',(#9362));
#9016=FILL_AREA_STYLE('',(#9363));
#9017=FILL_AREA_STYLE('',(#9364));
#9018=FILL_AREA_STYLE('',(#9365));
#9019=FILL_AREA_STYLE('',(#9366));
#9020=FILL_AREA_STYLE('',(#9367));
#9021=FILL_AREA_STYLE('',(#9368));
#9022=FILL_AREA_STYLE('',(#9369));
#9023=FILL_AREA_STYLE('',(#9370));
#9024=FILL_AREA_STYLE('',(#9371));
#9025=FILL_AREA_STYLE('',(#9372));
#9026=FILL_AREA_STYLE('',(#9373));
#9027=FILL_AREA_STYLE('',(#9374));
#9028=FILL_AREA_STYLE('',(#9375));
#9029=FILL_AREA_STYLE('',(#9376));
#9030=FILL_AREA_STYLE('',(#9377));
#9031=FILL_AREA_STYLE('',(#9378));
#9032=FILL_AREA_STYLE('',(#9379));
#9033=FILL_AREA_STYLE('',(#9380));
#9034=FILL_AREA_STYLE('',(#9381));
#9035=FILL_AREA_STYLE('',(#9382));
#9036=FILL_AREA_STYLE('',(#9383));
#9037=FILL_AREA_STYLE('',(#9384));
#9038=FILL_AREA_STYLE('',(#9385));
#9039=FILL_AREA_STYLE('',(#9386));
#9040=FILL_AREA_STYLE('',(#9387));
#9041=FILL_AREA_STYLE('',(#9388));
#9042=FILL_AREA_STYLE('',(#9389));
#9043=FILL_AREA_STYLE('',(#9390));
#9044=FILL_AREA_STYLE('',(#9391));
#9045=FILL_AREA_STYLE('',(#9392));
#9046=FILL_AREA_STYLE('',(#9393));
#9047=FILL_AREA_STYLE('',(#9394));
#9048=FILL_AREA_STYLE('',(#9395));
#9049=FILL_AREA_STYLE('',(#9396));
#9050=FILL_AREA_STYLE('',(#9397));
#9051=FILL_AREA_STYLE('',(#9398));
#9052=FILL_AREA_STYLE('',(#9399));
#9053=FILL_AREA_STYLE('',(#9400));
#9054=FILL_AREA_STYLE('',(#9401));
#9055=FILL_AREA_STYLE('',(#9402));
#9056=FILL_AREA_STYLE('',(#9403));
#9057=FILL_AREA_STYLE('',(#9404));
#9058=FILL_AREA_STYLE('',(#9405));
#9059=FILL_AREA_STYLE('',(#9406));
#9060=FILL_AREA_STYLE('',(#9407));
#9061=FILL_AREA_STYLE('',(#9408));
#9062=FILL_AREA_STYLE('',(#9409));
#9063=FILL_AREA_STYLE('',(#9410));
#9064=FILL_AREA_STYLE('',(#9411));
#9065=FILL_AREA_STYLE('',(#9412));
#9066=FILL_AREA_STYLE('',(#9413));
#9067=FILL_AREA_STYLE('',(#9414));
#9068=FILL_AREA_STYLE('',(#9415));
#9069=FILL_AREA_STYLE('',(#9416));
#9070=FILL_AREA_STYLE('',(#9417));
#9071=FILL_AREA_STYLE('',(#9418));
#9072=FILL_AREA_STYLE('',(#9419));
#9073=FILL_AREA_STYLE('',(#9420));
#9074=FILL_AREA_STYLE('',(#9421));
#9075=FILL_AREA_STYLE('',(#9422));
#9076=FILL_AREA_STYLE('',(#9423));
#9077=FILL_AREA_STYLE('',(#9424));
#9078=FILL_AREA_STYLE('',(#9425));
#9079=FILL_AREA_STYLE('',(#9426));
#9080=FILL_AREA_STYLE('',(#9427));
#9081=FILL_AREA_STYLE('',(#9428));
#9082=FILL_AREA_STYLE('',(#9429));
#9083=FILL_AREA_STYLE('',(#9430));
#9084=FILL_AREA_STYLE('',(#9431));
#9085=FILL_AREA_STYLE('',(#9432));
#9086=FILL_AREA_STYLE('',(#9433));
#9087=FILL_AREA_STYLE('',(#9434));
#9088=FILL_AREA_STYLE('',(#9435));
#9089=FILL_AREA_STYLE('',(#9436));
#9090=FILL_AREA_STYLE('',(#9437));
#9091=FILL_AREA_STYLE('',(#9438));
#9092=FILL_AREA_STYLE('',(#9439));
#9093=FILL_AREA_STYLE('',(#9440));
#9094=FILL_AREA_STYLE('',(#9441));
#9095=FILL_AREA_STYLE('',(#9442));
#9096=FILL_AREA_STYLE('',(#9443));
#9097=FILL_AREA_STYLE('',(#9444));
#9098=FILL_AREA_STYLE('',(#9445));
#9099=FILL_AREA_STYLE('',(#9446));
#9100=FILL_AREA_STYLE('',(#9447));
#9101=FILL_AREA_STYLE('',(#9448));
#9102=FILL_AREA_STYLE('',(#9449));
#9103=FILL_AREA_STYLE('',(#9450));
#9104=FILL_AREA_STYLE('',(#9451));
#9105=FILL_AREA_STYLE('',(#9452));
#9106=FILL_AREA_STYLE('',(#9453));
#9107=FILL_AREA_STYLE('',(#9454));
#9108=FILL_AREA_STYLE('',(#9455));
#9109=FILL_AREA_STYLE('',(#9456));
#9110=FILL_AREA_STYLE('',(#9457));
#9111=FILL_AREA_STYLE_COLOUR('',#9458);
#9112=FILL_AREA_STYLE_COLOUR('',#9459);
#9113=FILL_AREA_STYLE_COLOUR('',#9459);
#9114=FILL_AREA_STYLE_COLOUR('',#9459);
#9115=FILL_AREA_STYLE_COLOUR('',#9459);
#9116=FILL_AREA_STYLE_COLOUR('',#9459);
#9117=FILL_AREA_STYLE_COLOUR('',#9459);
#9118=FILL_AREA_STYLE_COLOUR('',#9459);
#9119=FILL_AREA_STYLE_COLOUR('',#9459);
#9120=FILL_AREA_STYLE_COLOUR('',#9459);
#9121=FILL_AREA_STYLE_COLOUR('',#9459);
#9122=FILL_AREA_STYLE_COLOUR('',#9459);
#9123=FILL_AREA_STYLE_COLOUR('',#9459);
#9124=FILL_AREA_STYLE_COLOUR('',#9460);
#9125=FILL_AREA_STYLE_COLOUR('',#9460);
#9126=FILL_AREA_STYLE_COLOUR('',#9460);
#9127=FILL_AREA_STYLE_COLOUR('',#9460);
#9128=FILL_AREA_STYLE_COLOUR('',#9460);
#9129=FILL_AREA_STYLE_COLOUR('',#9460);
#9130=FILL_AREA_STYLE_COLOUR('',#9460);
#9131=FILL_AREA_STYLE_COLOUR('',#9460);
#9132=FILL_AREA_STYLE_COLOUR('',#9460);
#9133=FILL_AREA_STYLE_COLOUR('',#9460);
#9134=FILL_AREA_STYLE_COLOUR('',#9460);
#9135=FILL_AREA_STYLE_COLOUR('',#9460);
#9136=FILL_AREA_STYLE_COLOUR('',#9460);
#9137=FILL_AREA_STYLE_COLOUR('',#9460);
#9138=FILL_AREA_STYLE_COLOUR('',#9460);
#9139=FILL_AREA_STYLE_COLOUR('',#9460);
#9140=FILL_AREA_STYLE_COLOUR('',#9460);
#9141=FILL_AREA_STYLE_COLOUR('',#9460);
#9142=FILL_AREA_STYLE_COLOUR('',#9460);
#9143=FILL_AREA_STYLE_COLOUR('',#9460);
#9144=FILL_AREA_STYLE_COLOUR('',#9460);
#9145=FILL_AREA_STYLE_COLOUR('',#9460);
#9146=FILL_AREA_STYLE_COLOUR('',#9460);
#9147=FILL_AREA_STYLE_COLOUR('',#9460);
#9148=FILL_AREA_STYLE_COLOUR('',#9460);
#9149=FILL_AREA_STYLE_COLOUR('',#9460);
#9150=FILL_AREA_STYLE_COLOUR('',#9460);
#9151=FILL_AREA_STYLE_COLOUR('',#9460);
#9152=FILL_AREA_STYLE_COLOUR('',#9460);
#9153=FILL_AREA_STYLE_COLOUR('',#9460);
#9154=FILL_AREA_STYLE_COLOUR('',#9460);
#9155=FILL_AREA_STYLE_COLOUR('',#9460);
#9156=FILL_AREA_STYLE_COLOUR('',#9460);
#9157=FILL_AREA_STYLE_COLOUR('',#9460);
#9158=FILL_AREA_STYLE_COLOUR('',#9460);
#9159=FILL_AREA_STYLE_COLOUR('',#9460);
#9160=FILL_AREA_STYLE_COLOUR('',#9460);
#9161=FILL_AREA_STYLE_COLOUR('',#9460);
#9162=FILL_AREA_STYLE_COLOUR('',#9460);
#9163=FILL_AREA_STYLE_COLOUR('',#9460);
#9164=FILL_AREA_STYLE_COLOUR('',#9460);
#9165=FILL_AREA_STYLE_COLOUR('',#9460);
#9166=FILL_AREA_STYLE_COLOUR('',#9460);
#9167=FILL_AREA_STYLE_COLOUR('',#9460);
#9168=FILL_AREA_STYLE_COLOUR('',#9460);
#9169=FILL_AREA_STYLE_COLOUR('',#9460);
#9170=FILL_AREA_STYLE_COLOUR('',#9460);
#9171=FILL_AREA_STYLE_COLOUR('',#9460);
#9172=FILL_AREA_STYLE_COLOUR('',#9460);
#9173=FILL_AREA_STYLE_COLOUR('',#9460);
#9174=FILL_AREA_STYLE_COLOUR('',#9460);
#9175=FILL_AREA_STYLE_COLOUR('',#9460);
#9176=FILL_AREA_STYLE_COLOUR('',#9460);
#9177=FILL_AREA_STYLE_COLOUR('',#9460);
#9178=FILL_AREA_STYLE_COLOUR('',#9460);
#9179=FILL_AREA_STYLE_COLOUR('',#9460);
#9180=FILL_AREA_STYLE_COLOUR('',#9460);
#9181=FILL_AREA_STYLE_COLOUR('',#9460);
#9182=FILL_AREA_STYLE_COLOUR('',#9460);
#9183=FILL_AREA_STYLE_COLOUR('',#9460);
#9184=FILL_AREA_STYLE_COLOUR('',#9460);
#9185=FILL_AREA_STYLE_COLOUR('',#9460);
#9186=FILL_AREA_STYLE_COLOUR('',#9460);
#9187=FILL_AREA_STYLE_COLOUR('',#9460);
#9188=FILL_AREA_STYLE_COLOUR('',#9460);
#9189=FILL_AREA_STYLE_COLOUR('',#9460);
#9190=FILL_AREA_STYLE_COLOUR('',#9460);
#9191=FILL_AREA_STYLE_COLOUR('',#9460);
#9192=FILL_AREA_STYLE_COLOUR('',#9460);
#9193=FILL_AREA_STYLE_COLOUR('',#9460);
#9194=FILL_AREA_STYLE_COLOUR('',#9460);
#9195=FILL_AREA_STYLE_COLOUR('',#9460);
#9196=FILL_AREA_STYLE_COLOUR('',#9459);
#9197=FILL_AREA_STYLE_COLOUR('',#9459);
#9198=FILL_AREA_STYLE_COLOUR('',#9459);
#9199=FILL_AREA_STYLE_COLOUR('',#9459);
#9200=FILL_AREA_STYLE_COLOUR('',#9460);
#9201=FILL_AREA_STYLE_COLOUR('',#9460);
#9202=FILL_AREA_STYLE_COLOUR('',#9460);
#9203=FILL_AREA_STYLE_COLOUR('',#9460);
#9204=FILL_AREA_STYLE_COLOUR('',#9460);
#9205=FILL_AREA_STYLE_COLOUR('',#9460);
#9206=FILL_AREA_STYLE_COLOUR('',#9460);
#9207=FILL_AREA_STYLE_COLOUR('',#9460);
#9208=FILL_AREA_STYLE_COLOUR('',#9460);
#9209=FILL_AREA_STYLE_COLOUR('',#9460);
#9210=FILL_AREA_STYLE_COLOUR('',#9460);
#9211=FILL_AREA_STYLE_COLOUR('',#9460);
#9212=FILL_AREA_STYLE_COLOUR('',#9460);
#9213=FILL_AREA_STYLE_COLOUR('',#9460);
#9214=FILL_AREA_STYLE_COLOUR('',#9460);
#9215=FILL_AREA_STYLE_COLOUR('',#9460);
#9216=FILL_AREA_STYLE_COLOUR('',#9460);
#9217=FILL_AREA_STYLE_COLOUR('',#9460);
#9218=FILL_AREA_STYLE_COLOUR('',#9460);
#9219=FILL_AREA_STYLE_COLOUR('',#9460);
#9220=FILL_AREA_STYLE_COLOUR('',#9460);
#9221=FILL_AREA_STYLE_COLOUR('',#9460);
#9222=FILL_AREA_STYLE_COLOUR('',#9460);
#9223=FILL_AREA_STYLE_COLOUR('',#9460);
#9224=FILL_AREA_STYLE_COLOUR('',#9460);
#9225=FILL_AREA_STYLE_COLOUR('',#9460);
#9226=FILL_AREA_STYLE_COLOUR('',#9460);
#9227=FILL_AREA_STYLE_COLOUR('',#9460);
#9228=FILL_AREA_STYLE_COLOUR('',#9461);
#9229=FILL_AREA_STYLE_COLOUR('',#9461);
#9230=FILL_AREA_STYLE_COLOUR('',#9461);
#9231=FILL_AREA_STYLE_COLOUR('',#9461);
#9232=FILL_AREA_STYLE_COLOUR('',#9460);
#9233=FILL_AREA_STYLE_COLOUR('',#9460);
#9234=FILL_AREA_STYLE_COLOUR('',#9460);
#9235=FILL_AREA_STYLE_COLOUR('',#9460);
#9236=FILL_AREA_STYLE_COLOUR('',#9460);
#9237=FILL_AREA_STYLE_COLOUR('',#9460);
#9238=FILL_AREA_STYLE_COLOUR('',#9460);
#9239=FILL_AREA_STYLE_COLOUR('',#9460);
#9240=FILL_AREA_STYLE_COLOUR('',#9460);
#9241=FILL_AREA_STYLE_COLOUR('',#9460);
#9242=FILL_AREA_STYLE_COLOUR('',#9460);
#9243=FILL_AREA_STYLE_COLOUR('',#9460);
#9244=FILL_AREA_STYLE_COLOUR('',#9460);
#9245=FILL_AREA_STYLE_COLOUR('',#9460);
#9246=FILL_AREA_STYLE_COLOUR('',#9460);
#9247=FILL_AREA_STYLE_COLOUR('',#9460);
#9248=FILL_AREA_STYLE_COLOUR('',#9460);
#9249=FILL_AREA_STYLE_COLOUR('',#9460);
#9250=FILL_AREA_STYLE_COLOUR('',#9460);
#9251=FILL_AREA_STYLE_COLOUR('',#9461);
#9252=FILL_AREA_STYLE_COLOUR('',#9462);
#9253=FILL_AREA_STYLE_COLOUR('',#9462);
#9254=FILL_AREA_STYLE_COLOUR('',#9462);
#9255=FILL_AREA_STYLE_COLOUR('',#9460);
#9256=FILL_AREA_STYLE_COLOUR('',#9460);
#9257=FILL_AREA_STYLE_COLOUR('',#9460);
#9258=FILL_AREA_STYLE_COLOUR('',#9460);
#9259=FILL_AREA_STYLE_COLOUR('',#9460);
#9260=FILL_AREA_STYLE_COLOUR('',#9460);
#9261=FILL_AREA_STYLE_COLOUR('',#9460);
#9262=FILL_AREA_STYLE_COLOUR('',#9460);
#9263=FILL_AREA_STYLE_COLOUR('',#9461);
#9264=FILL_AREA_STYLE_COLOUR('',#9461);
#9265=FILL_AREA_STYLE_COLOUR('',#9461);
#9266=FILL_AREA_STYLE_COLOUR('',#9461);
#9267=FILL_AREA_STYLE_COLOUR('',#9461);
#9268=FILL_AREA_STYLE_COLOUR('',#9461);
#9269=FILL_AREA_STYLE_COLOUR('',#9461);
#9270=FILL_AREA_STYLE_COLOUR('',#9461);
#9271=FILL_AREA_STYLE_COLOUR('',#9461);
#9272=FILL_AREA_STYLE_COLOUR('',#9461);
#9273=FILL_AREA_STYLE_COLOUR('',#9461);
#9274=FILL_AREA_STYLE_COLOUR('',#9461);
#9275=FILL_AREA_STYLE_COLOUR('',#9461);
#9276=FILL_AREA_STYLE_COLOUR('',#9461);
#9277=FILL_AREA_STYLE_COLOUR('',#9461);
#9278=FILL_AREA_STYLE_COLOUR('',#9460);
#9279=FILL_AREA_STYLE_COLOUR('',#9460);
#9280=FILL_AREA_STYLE_COLOUR('',#9460);
#9281=FILL_AREA_STYLE_COLOUR('',#9460);
#9282=FILL_AREA_STYLE_COLOUR('',#9460);
#9283=FILL_AREA_STYLE_COLOUR('',#9460);
#9284=FILL_AREA_STYLE_COLOUR('',#9460);
#9285=FILL_AREA_STYLE_COLOUR('',#9460);
#9286=FILL_AREA_STYLE_COLOUR('',#9460);
#9287=FILL_AREA_STYLE_COLOUR('',#9460);
#9288=FILL_AREA_STYLE_COLOUR('',#9460);
#9289=FILL_AREA_STYLE_COLOUR('',#9460);
#9290=FILL_AREA_STYLE_COLOUR('',#9460);
#9291=FILL_AREA_STYLE_COLOUR('',#9460);
#9292=FILL_AREA_STYLE_COLOUR('',#9460);
#9293=FILL_AREA_STYLE_COLOUR('',#9460);
#9294=FILL_AREA_STYLE_COLOUR('',#9460);
#9295=FILL_AREA_STYLE_COLOUR('',#9460);
#9296=FILL_AREA_STYLE_COLOUR('',#9460);
#9297=FILL_AREA_STYLE_COLOUR('',#9461);
#9298=FILL_AREA_STYLE_COLOUR('',#9461);
#9299=FILL_AREA_STYLE_COLOUR('',#9461);
#9300=FILL_AREA_STYLE_COLOUR('',#9461);
#9301=FILL_AREA_STYLE_COLOUR('',#9462);
#9302=FILL_AREA_STYLE_COLOUR('',#9462);
#9303=FILL_AREA_STYLE_COLOUR('',#9460);
#9304=FILL_AREA_STYLE_COLOUR('',#9460);
#9305=FILL_AREA_STYLE_COLOUR('',#9460);
#9306=FILL_AREA_STYLE_COLOUR('',#9460);
#9307=FILL_AREA_STYLE_COLOUR('',#9460);
#9308=FILL_AREA_STYLE_COLOUR('',#9460);
#9309=FILL_AREA_STYLE_COLOUR('',#9460);
#9310=FILL_AREA_STYLE_COLOUR('',#9460);
#9311=FILL_AREA_STYLE_COLOUR('',#9460);
#9312=FILL_AREA_STYLE_COLOUR('',#9460);
#9313=FILL_AREA_STYLE_COLOUR('',#9460);
#9314=FILL_AREA_STYLE_COLOUR('',#9460);
#9315=FILL_AREA_STYLE_COLOUR('',#9460);
#9316=FILL_AREA_STYLE_COLOUR('',#9460);
#9317=FILL_AREA_STYLE_COLOUR('',#9460);
#9318=FILL_AREA_STYLE_COLOUR('',#9460);
#9319=FILL_AREA_STYLE_COLOUR('',#9460);
#9320=FILL_AREA_STYLE_COLOUR('',#9460);
#9321=FILL_AREA_STYLE_COLOUR('',#9460);
#9322=FILL_AREA_STYLE_COLOUR('',#9460);
#9323=FILL_AREA_STYLE_COLOUR('',#9460);
#9324=FILL_AREA_STYLE_COLOUR('',#9460);
#9325=FILL_AREA_STYLE_COLOUR('',#9460);
#9326=FILL_AREA_STYLE_COLOUR('',#9460);
#9327=FILL_AREA_STYLE_COLOUR('',#9460);
#9328=FILL_AREA_STYLE_COLOUR('',#9460);
#9329=FILL_AREA_STYLE_COLOUR('',#9460);
#9330=FILL_AREA_STYLE_COLOUR('',#9460);
#9331=FILL_AREA_STYLE_COLOUR('',#9460);
#9332=FILL_AREA_STYLE_COLOUR('',#9460);
#9333=FILL_AREA_STYLE_COLOUR('',#9460);
#9334=FILL_AREA_STYLE_COLOUR('',#9460);
#9335=FILL_AREA_STYLE_COLOUR('',#9460);
#9336=FILL_AREA_STYLE_COLOUR('',#9460);
#9337=FILL_AREA_STYLE_COLOUR('',#9460);
#9338=FILL_AREA_STYLE_COLOUR('',#9460);
#9339=FILL_AREA_STYLE_COLOUR('',#9460);
#9340=FILL_AREA_STYLE_COLOUR('',#9460);
#9341=FILL_AREA_STYLE_COLOUR('',#9460);
#9342=FILL_AREA_STYLE_COLOUR('',#9460);
#9343=FILL_AREA_STYLE_COLOUR('',#9460);
#9344=FILL_AREA_STYLE_COLOUR('',#9460);
#9345=FILL_AREA_STYLE_COLOUR('',#9460);
#9346=FILL_AREA_STYLE_COLOUR('',#9460);
#9347=FILL_AREA_STYLE_COLOUR('',#9460);
#9348=FILL_AREA_STYLE_COLOUR('',#9460);
#9349=FILL_AREA_STYLE_COLOUR('',#9460);
#9350=FILL_AREA_STYLE_COLOUR('',#9460);
#9351=FILL_AREA_STYLE_COLOUR('',#9460);
#9352=FILL_AREA_STYLE_COLOUR('',#9460);
#9353=FILL_AREA_STYLE_COLOUR('',#9460);
#9354=FILL_AREA_STYLE_COLOUR('',#9460);
#9355=FILL_AREA_STYLE_COLOUR('',#9460);
#9356=FILL_AREA_STYLE_COLOUR('',#9460);
#9357=FILL_AREA_STYLE_COLOUR('',#9460);
#9358=FILL_AREA_STYLE_COLOUR('',#9460);
#9359=FILL_AREA_STYLE_COLOUR('',#9460);
#9360=FILL_AREA_STYLE_COLOUR('',#9460);
#9361=FILL_AREA_STYLE_COLOUR('',#9460);
#9362=FILL_AREA_STYLE_COLOUR('',#9460);
#9363=FILL_AREA_STYLE_COLOUR('',#9460);
#9364=FILL_AREA_STYLE_COLOUR('',#9460);
#9365=FILL_AREA_STYLE_COLOUR('',#9460);
#9366=FILL_AREA_STYLE_COLOUR('',#9460);
#9367=FILL_AREA_STYLE_COLOUR('',#9460);
#9368=FILL_AREA_STYLE_COLOUR('',#9460);
#9369=FILL_AREA_STYLE_COLOUR('',#9460);
#9370=FILL_AREA_STYLE_COLOUR('',#9460);
#9371=FILL_AREA_STYLE_COLOUR('',#9460);
#9372=FILL_AREA_STYLE_COLOUR('',#9460);
#9373=FILL_AREA_STYLE_COLOUR('',#9460);
#9374=FILL_AREA_STYLE_COLOUR('',#9460);
#9375=FILL_AREA_STYLE_COLOUR('',#9460);
#9376=FILL_AREA_STYLE_COLOUR('',#9460);
#9377=FILL_AREA_STYLE_COLOUR('',#9460);
#9378=FILL_AREA_STYLE_COLOUR('',#9460);
#9379=FILL_AREA_STYLE_COLOUR('',#9460);
#9380=FILL_AREA_STYLE_COLOUR('',#9460);
#9381=FILL_AREA_STYLE_COLOUR('',#9460);
#9382=FILL_AREA_STYLE_COLOUR('',#9460);
#9383=FILL_AREA_STYLE_COLOUR('',#9460);
#9384=FILL_AREA_STYLE_COLOUR('',#9460);
#9385=FILL_AREA_STYLE_COLOUR('',#9460);
#9386=FILL_AREA_STYLE_COLOUR('',#9460);
#9387=FILL_AREA_STYLE_COLOUR('',#9460);
#9388=FILL_AREA_STYLE_COLOUR('',#9460);
#9389=FILL_AREA_STYLE_COLOUR('',#9460);
#9390=FILL_AREA_STYLE_COLOUR('',#9460);
#9391=FILL_AREA_STYLE_COLOUR('',#9460);
#9392=FILL_AREA_STYLE_COLOUR('',#9460);
#9393=FILL_AREA_STYLE_COLOUR('',#9460);
#9394=FILL_AREA_STYLE_COLOUR('',#9460);
#9395=FILL_AREA_STYLE_COLOUR('',#9460);
#9396=FILL_AREA_STYLE_COLOUR('',#9460);
#9397=FILL_AREA_STYLE_COLOUR('',#9460);
#9398=FILL_AREA_STYLE_COLOUR('',#9460);
#9399=FILL_AREA_STYLE_COLOUR('',#9460);
#9400=FILL_AREA_STYLE_COLOUR('',#9460);
#9401=FILL_AREA_STYLE_COLOUR('',#9460);
#9402=FILL_AREA_STYLE_COLOUR('',#9460);
#9403=FILL_AREA_STYLE_COLOUR('',#9460);
#9404=FILL_AREA_STYLE_COLOUR('',#9460);
#9405=FILL_AREA_STYLE_COLOUR('',#9460);
#9406=FILL_AREA_STYLE_COLOUR('',#9460);
#9407=FILL_AREA_STYLE_COLOUR('',#9460);
#9408=FILL_AREA_STYLE_COLOUR('',#9460);
#9409=FILL_AREA_STYLE_COLOUR('',#9460);
#9410=FILL_AREA_STYLE_COLOUR('',#9460);
#9411=FILL_AREA_STYLE_COLOUR('',#9460);
#9412=FILL_AREA_STYLE_COLOUR('',#9460);
#9413=FILL_AREA_STYLE_COLOUR('',#9460);
#9414=FILL_AREA_STYLE_COLOUR('',#9460);
#9415=FILL_AREA_STYLE_COLOUR('',#9460);
#9416=FILL_AREA_STYLE_COLOUR('',#9460);
#9417=FILL_AREA_STYLE_COLOUR('',#9460);
#9418=FILL_AREA_STYLE_COLOUR('',#9460);
#9419=FILL_AREA_STYLE_COLOUR('',#9460);
#9420=FILL_AREA_STYLE_COLOUR('',#9460);
#9421=FILL_AREA_STYLE_COLOUR('',#9460);
#9422=FILL_AREA_STYLE_COLOUR('',#9460);
#9423=FILL_AREA_STYLE_COLOUR('',#9462);
#9424=FILL_AREA_STYLE_COLOUR('',#9461);
#9425=FILL_AREA_STYLE_COLOUR('',#9462);
#9426=FILL_AREA_STYLE_COLOUR('',#9462);
#9427=FILL_AREA_STYLE_COLOUR('',#9462);
#9428=FILL_AREA_STYLE_COLOUR('',#9462);
#9429=FILL_AREA_STYLE_COLOUR('',#9462);
#9430=FILL_AREA_STYLE_COLOUR('',#9462);
#9431=FILL_AREA_STYLE_COLOUR('',#9462);
#9432=FILL_AREA_STYLE_COLOUR('',#9462);
#9433=FILL_AREA_STYLE_COLOUR('',#9462);
#9434=FILL_AREA_STYLE_COLOUR('',#9462);
#9435=FILL_AREA_STYLE_COLOUR('',#9461);
#9436=FILL_AREA_STYLE_COLOUR('',#9461);
#9437=FILL_AREA_STYLE_COLOUR('',#9461);
#9438=FILL_AREA_STYLE_COLOUR('',#9461);
#9439=FILL_AREA_STYLE_COLOUR('',#9461);
#9440=FILL_AREA_STYLE_COLOUR('',#9461);
#9441=FILL_AREA_STYLE_COLOUR('',#9461);
#9442=FILL_AREA_STYLE_COLOUR('',#9461);
#9443=FILL_AREA_STYLE_COLOUR('',#9461);
#9444=FILL_AREA_STYLE_COLOUR('',#9461);
#9445=FILL_AREA_STYLE_COLOUR('',#9461);
#9446=FILL_AREA_STYLE_COLOUR('',#9461);
#9447=FILL_AREA_STYLE_COLOUR('',#9460);
#9448=FILL_AREA_STYLE_COLOUR('',#9461);
#9449=FILL_AREA_STYLE_COLOUR('',#9460);
#9450=FILL_AREA_STYLE_COLOUR('',#9460);
#9451=FILL_AREA_STYLE_COLOUR('',#9460);
#9452=FILL_AREA_STYLE_COLOUR('',#9460);
#9453=FILL_AREA_STYLE_COLOUR('',#9459);
#9454=FILL_AREA_STYLE_COLOUR('',#9460);
#9455=FILL_AREA_STYLE_COLOUR('',#9460);
#9456=FILL_AREA_STYLE_COLOUR('',#9459);
#9457=FILL_AREA_STYLE_COLOUR('',#9459);
#9458=COLOUR_RGB('',0.768627450980392,0.886274509803922,0.952941176470588);
#9459=COLOUR_RGB('',0.43921568627451,0.474509803921569,0.501960784313726);
#9460=COLOUR_RGB('',0.901960784313726,0.87843137254902,0.811764705882353);
#9461=COLOUR_RGB('',0.262745098039216,0.282352941176471,0.301960784313725);
#9462=COLOUR_RGB('',0.349019607843138,0.376470588235294,0.4);
#9463=MANIFOLD_SOLID_BREP('C-5554923-2',#7374);
#9464=SHAPE_DEFINITION_REPRESENTATION(#13882,#9465);
#9465=SHAPE_REPRESENTATION('C-5554923-2',(#9466),#13877);
#9466=AXIS2_PLACEMENT_3D('',#11845,#9981,#9982);
#9467=AXIS2_PLACEMENT_3D('',#11846,#9983,#9984);
#9468=AXIS2_PLACEMENT_3D('',#11855,#9989,#9990);
#9469=AXIS2_PLACEMENT_3D('',#11861,#9994,#9995);
#9470=AXIS2_PLACEMENT_3D('',#11867,#9999,#10000);
#9471=AXIS2_PLACEMENT_3D('',#11873,#10004,#10005);
#9472=AXIS2_PLACEMENT_3D('',#11879,#10009,#10010);
#9473=AXIS2_PLACEMENT_3D('',#11885,#10014,#10015);
#9474=AXIS2_PLACEMENT_3D('',#11888,#10018,#10019);
#9475=AXIS2_PLACEMENT_3D('',#11897,#10024,#10025);
#9476=AXIS2_PLACEMENT_3D('',#11903,#10029,#10030);
#9477=AXIS2_PLACEMENT_3D('',#11907,#10033,#10034);
#9478=AXIS2_PLACEMENT_3D('',#11911,#10037,#10038);
#9479=AXIS2_PLACEMENT_3D('',#11913,#10040,#10041);
#9480=AXIS2_PLACEMENT_3D('',#11914,#10042,#10043);
#9481=AXIS2_PLACEMENT_3D('',#11919,#10045,#10046);
#9482=AXIS2_PLACEMENT_3D('',#11922,#10048,#10049);
#9483=AXIS2_PLACEMENT_3D('',#11924,#10051,#10052);
#9484=AXIS2_PLACEMENT_3D('',#11925,#10053,#10054);
#9485=AXIS2_PLACEMENT_3D('',#11929,#10056,#10057);
#9486=AXIS2_PLACEMENT_3D('',#11930,#10058,#10059);
#9487=AXIS2_PLACEMENT_3D('',#11935,#10062,#10063);
#9488=AXIS2_PLACEMENT_3D('',#11937,#10065,#10066);
#9489=AXIS2_PLACEMENT_3D('',#11939,#10068,#10069);
#9490=AXIS2_PLACEMENT_3D('',#11940,#10070,#10071);
#9491=AXIS2_PLACEMENT_3D('',#11945,#10073,#10074);
#9492=AXIS2_PLACEMENT_3D('',#11948,#10076,#10077);
#9493=AXIS2_PLACEMENT_3D('',#11950,#10079,#10080);
#9494=AXIS2_PLACEMENT_3D('',#11951,#10081,#10082);
#9495=AXIS2_PLACEMENT_3D('',#11955,#10084,#10085);
#9496=AXIS2_PLACEMENT_3D('',#11956,#10086,#10087);
#9497=AXIS2_PLACEMENT_3D('',#11961,#10090,#10091);
#9498=AXIS2_PLACEMENT_3D('',#11963,#10093,#10094);
#9499=AXIS2_PLACEMENT_3D('',#11965,#10096,#10097);
#9500=AXIS2_PLACEMENT_3D('',#11966,#10098,#10099);
#9501=AXIS2_PLACEMENT_3D('',#11971,#10101,#10102);
#9502=AXIS2_PLACEMENT_3D('',#11974,#10104,#10105);
#9503=AXIS2_PLACEMENT_3D('',#11976,#10107,#10108);
#9504=AXIS2_PLACEMENT_3D('',#11977,#10109,#10110);
#9505=AXIS2_PLACEMENT_3D('',#11981,#10112,#10113);
#9506=AXIS2_PLACEMENT_3D('',#11982,#10114,#10115);
#9507=AXIS2_PLACEMENT_3D('',#11987,#10118,#10119);
#9508=AXIS2_PLACEMENT_3D('',#11989,#10121,#10122);
#9509=AXIS2_PLACEMENT_3D('',#11991,#10124,#10125);
#9510=AXIS2_PLACEMENT_3D('',#11992,#10126,#10127);
#9511=AXIS2_PLACEMENT_3D('',#11997,#10129,#10130);
#9512=AXIS2_PLACEMENT_3D('',#12000,#10132,#10133);
#9513=AXIS2_PLACEMENT_3D('',#12002,#10135,#10136);
#9514=AXIS2_PLACEMENT_3D('',#12003,#10137,#10138);
#9515=AXIS2_PLACEMENT_3D('',#12007,#10140,#10141);
#9516=AXIS2_PLACEMENT_3D('',#12008,#10142,#10143);
#9517=AXIS2_PLACEMENT_3D('',#12013,#10146,#10147);
#9518=AXIS2_PLACEMENT_3D('',#12015,#10149,#10150);
#9519=AXIS2_PLACEMENT_3D('',#12017,#10152,#10153);
#9520=AXIS2_PLACEMENT_3D('',#12018,#10154,#10155);
#9521=AXIS2_PLACEMENT_3D('',#12023,#10157,#10158);
#9522=AXIS2_PLACEMENT_3D('',#12026,#10160,#10161);
#9523=AXIS2_PLACEMENT_3D('',#12028,#10163,#10164);
#9524=AXIS2_PLACEMENT_3D('',#12029,#10165,#10166);
#9525=AXIS2_PLACEMENT_3D('',#12033,#10168,#10169);
#9526=AXIS2_PLACEMENT_3D('',#12034,#10170,#10171);
#9527=AXIS2_PLACEMENT_3D('',#12039,#10174,#10175);
#9528=AXIS2_PLACEMENT_3D('',#12041,#10177,#10178);
#9529=AXIS2_PLACEMENT_3D('',#12043,#10180,#10181);
#9530=AXIS2_PLACEMENT_3D('',#12044,#10182,#10183);
#9531=AXIS2_PLACEMENT_3D('',#12049,#10185,#10186);
#9532=AXIS2_PLACEMENT_3D('',#12052,#10188,#10189);
#9533=AXIS2_PLACEMENT_3D('',#12054,#10191,#10192);
#9534=AXIS2_PLACEMENT_3D('',#12055,#10193,#10194);
#9535=AXIS2_PLACEMENT_3D('',#12059,#10196,#10197);
#9536=AXIS2_PLACEMENT_3D('',#12060,#10198,#10199);
#9537=AXIS2_PLACEMENT_3D('',#12065,#10202,#10203);
#9538=AXIS2_PLACEMENT_3D('',#12067,#10205,#10206);
#9539=AXIS2_PLACEMENT_3D('',#12069,#10208,#10209);
#9540=AXIS2_PLACEMENT_3D('',#12070,#10210,#10211);
#9541=AXIS2_PLACEMENT_3D('',#12075,#10213,#10214);
#9542=AXIS2_PLACEMENT_3D('',#12078,#10216,#10217);
#9543=AXIS2_PLACEMENT_3D('',#12080,#10219,#10220);
#9544=AXIS2_PLACEMENT_3D('',#12081,#10221,#10222);
#9545=AXIS2_PLACEMENT_3D('',#12085,#10224,#10225);
#9546=AXIS2_PLACEMENT_3D('',#12086,#10226,#10227);
#9547=AXIS2_PLACEMENT_3D('',#12091,#10230,#10231);
#9548=AXIS2_PLACEMENT_3D('',#12093,#10233,#10234);
#9549=AXIS2_PLACEMENT_3D('',#12095,#10236,#10237);
#9550=AXIS2_PLACEMENT_3D('',#12096,#10238,#10239);
#9551=AXIS2_PLACEMENT_3D('',#12101,#10241,#10242);
#9552=AXIS2_PLACEMENT_3D('',#12104,#10244,#10245);
#9553=AXIS2_PLACEMENT_3D('',#12106,#10247,#10248);
#9554=AXIS2_PLACEMENT_3D('',#12107,#10249,#10250);
#9555=AXIS2_PLACEMENT_3D('',#12111,#10252,#10253);
#9556=AXIS2_PLACEMENT_3D('',#12112,#10254,#10255);
#9557=AXIS2_PLACEMENT_3D('',#12117,#10258,#10259);
#9558=AXIS2_PLACEMENT_3D('',#12119,#10261,#10262);
#9559=AXIS2_PLACEMENT_3D('',#12121,#10264,#10265);
#9560=AXIS2_PLACEMENT_3D('',#12122,#10266,#10267);
#9561=AXIS2_PLACEMENT_3D('',#12127,#10269,#10270);
#9562=AXIS2_PLACEMENT_3D('',#12130,#10272,#10273);
#9563=AXIS2_PLACEMENT_3D('',#12132,#10275,#10276);
#9564=AXIS2_PLACEMENT_3D('',#12133,#10277,#10278);
#9565=AXIS2_PLACEMENT_3D('',#12137,#10280,#10281);
#9566=AXIS2_PLACEMENT_3D('',#12138,#10282,#10283);
#9567=AXIS2_PLACEMENT_3D('',#12143,#10286,#10287);
#9568=AXIS2_PLACEMENT_3D('',#12145,#10289,#10290);
#9569=AXIS2_PLACEMENT_3D('',#12147,#10292,#10293);
#9570=AXIS2_PLACEMENT_3D('',#12148,#10294,#10295);
#9571=AXIS2_PLACEMENT_3D('',#12153,#10297,#10298);
#9572=AXIS2_PLACEMENT_3D('',#12156,#10300,#10301);
#9573=AXIS2_PLACEMENT_3D('',#12158,#10303,#10304);
#9574=AXIS2_PLACEMENT_3D('',#12159,#10305,#10306);
#9575=AXIS2_PLACEMENT_3D('',#12163,#10308,#10309);
#9576=AXIS2_PLACEMENT_3D('',#12164,#10310,#10311);
#9577=AXIS2_PLACEMENT_3D('',#12169,#10314,#10315);
#9578=AXIS2_PLACEMENT_3D('',#12171,#10317,#10318);
#9579=AXIS2_PLACEMENT_3D('',#12173,#10320,#10321);
#9580=AXIS2_PLACEMENT_3D('',#12174,#10322,#10323);
#9581=AXIS2_PLACEMENT_3D('',#12179,#10325,#10326);
#9582=AXIS2_PLACEMENT_3D('',#12182,#10328,#10329);
#9583=AXIS2_PLACEMENT_3D('',#12184,#10331,#10332);
#9584=AXIS2_PLACEMENT_3D('',#12185,#10333,#10334);
#9585=AXIS2_PLACEMENT_3D('',#12189,#10336,#10337);
#9586=AXIS2_PLACEMENT_3D('',#12190,#10338,#10339);
#9587=AXIS2_PLACEMENT_3D('',#12195,#10342,#10343);
#9588=AXIS2_PLACEMENT_3D('',#12197,#10345,#10346);
#9589=AXIS2_PLACEMENT_3D('',#12199,#10348,#10349);
#9590=AXIS2_PLACEMENT_3D('',#12200,#10350,#10351);
#9591=AXIS2_PLACEMENT_3D('',#12205,#10353,#10354);
#9592=AXIS2_PLACEMENT_3D('',#12208,#10356,#10357);
#9593=AXIS2_PLACEMENT_3D('',#12210,#10359,#10360);
#9594=AXIS2_PLACEMENT_3D('',#12211,#10361,#10362);
#9595=AXIS2_PLACEMENT_3D('',#12215,#10364,#10365);
#9596=AXIS2_PLACEMENT_3D('',#12216,#10366,#10367);
#9597=AXIS2_PLACEMENT_3D('',#12221,#10370,#10371);
#9598=AXIS2_PLACEMENT_3D('',#12223,#10373,#10374);
#9599=AXIS2_PLACEMENT_3D('',#12225,#10376,#10377);
#9600=AXIS2_PLACEMENT_3D('',#12234,#10382,#10383);
#9601=AXIS2_PLACEMENT_3D('',#12240,#10387,#10388);
#9602=AXIS2_PLACEMENT_3D('',#12246,#10392,#10393);
#9603=AXIS2_PLACEMENT_3D('',#12249,#10396,#10397);
#9604=AXIS2_PLACEMENT_3D('',#12258,#10402,#10403);
#9605=AXIS2_PLACEMENT_3D('',#12259,#10404,#10405);
#9606=AXIS2_PLACEMENT_3D('',#12263,#10407,#10408);
#9607=AXIS2_PLACEMENT_3D('',#12264,#10409,#10410);
#9608=AXIS2_PLACEMENT_3D('',#12270,#10414,#10415);
#9609=AXIS2_PLACEMENT_3D('',#12271,#10416,#10417);
#9610=AXIS2_PLACEMENT_3D('',#12275,#10419,#10420);
#9611=AXIS2_PLACEMENT_3D('',#12276,#10421,#10422);
#9612=AXIS2_PLACEMENT_3D('',#12282,#10426,#10427);
#9613=AXIS2_PLACEMENT_3D('',#12283,#10428,#10429);
#9614=AXIS2_PLACEMENT_3D('',#12287,#10431,#10432);
#9615=AXIS2_PLACEMENT_3D('',#12288,#10433,#10434);
#9616=AXIS2_PLACEMENT_3D('',#12294,#10438,#10439);
#9617=AXIS2_PLACEMENT_3D('',#12295,#10440,#10441);
#9618=AXIS2_PLACEMENT_3D('',#12297,#10442,#10443);
#9619=AXIS2_PLACEMENT_3D('',#12299,#10444,#10445);
#9620=AXIS2_PLACEMENT_3D('',#12303,#10447,#10448);
#9621=AXIS2_PLACEMENT_3D('',#12307,#10450,#10451);
#9622=AXIS2_PLACEMENT_3D('',#12308,#10452,#10453);
#9623=AXIS2_PLACEMENT_3D('',#12314,#10457,#10458);
#9624=AXIS2_PLACEMENT_3D('',#12323,#10463,#10464);
#9625=AXIS2_PLACEMENT_3D('',#12324,#10465,#10466);
#9626=AXIS2_PLACEMENT_3D('',#12326,#10467,#10468);
#9627=AXIS2_PLACEMENT_3D('',#12329,#10470,#10471);
#9628=AXIS2_PLACEMENT_3D('',#12335,#10475,#10476);
#9629=AXIS2_PLACEMENT_3D('',#12336,#10477,#10478);
#9630=AXIS2_PLACEMENT_3D('',#12337,#10479,#10480);
#9631=AXIS2_PLACEMENT_3D('',#12338,#10481,#10482);
#9632=AXIS2_PLACEMENT_3D('',#12342,#10484,#10485);
#9633=AXIS2_PLACEMENT_3D('',#12346,#10487,#10488);
#9634=AXIS2_PLACEMENT_3D('',#12347,#10489,#10490);
#9635=AXIS2_PLACEMENT_3D('',#12353,#10494,#10495);
#9636=AXIS2_PLACEMENT_3D('',#12354,#10496,#10497);
#9637=AXIS2_PLACEMENT_3D('',#12356,#10498,#10499);
#9638=AXIS2_PLACEMENT_3D('',#12359,#10501,#10502);
#9639=AXIS2_PLACEMENT_3D('',#12362,#10505,#10506);
#9640=AXIS2_PLACEMENT_3D('',#12363,#10507,#10508);
#9641=AXIS2_PLACEMENT_3D('',#12368,#10510,#10511);
#9642=AXIS2_PLACEMENT_3D('',#12371,#10513,#10514);
#9643=AXIS2_PLACEMENT_3D('',#12377,#10518,#10519);
#9644=AXIS2_PLACEMENT_3D('',#12378,#10520,#10521);
#9645=AXIS2_PLACEMENT_3D('',#12380,#10522,#10523);
#9646=AXIS2_PLACEMENT_3D('',#12383,#10525,#10526);
#9647=AXIS2_PLACEMENT_3D('',#12386,#10529,#10530);
#9648=AXIS2_PLACEMENT_3D('',#12387,#10531,#10532);
#9649=AXIS2_PLACEMENT_3D('',#12392,#10534,#10535);
#9650=AXIS2_PLACEMENT_3D('',#12395,#10537,#10538);
#9651=AXIS2_PLACEMENT_3D('',#12401,#10542,#10543);
#9652=AXIS2_PLACEMENT_3D('',#12402,#10544,#10545);
#9653=AXIS2_PLACEMENT_3D('',#12403,#10546,#10547);
#9654=AXIS2_PLACEMENT_3D('',#12404,#10548,#10549);
#9655=AXIS2_PLACEMENT_3D('',#12407,#10551,#10552);
#9656=AXIS2_PLACEMENT_3D('',#12408,#10553,#10554);
#9657=AXIS2_PLACEMENT_3D('',#12412,#10557,#10558);
#9658=AXIS2_PLACEMENT_3D('',#12413,#10559,#10560);
#9659=AXIS2_PLACEMENT_3D('',#12414,#10561,#10562);
#9660=AXIS2_PLACEMENT_3D('',#12418,#10564,#10565);
#9661=AXIS2_PLACEMENT_3D('',#12422,#10567,#10568);
#9662=AXIS2_PLACEMENT_3D('',#12423,#10569,#10570);
#9663=AXIS2_PLACEMENT_3D('',#12433,#10576,#10577);
#9664=AXIS2_PLACEMENT_3D('',#12450,#10586,#10587);
#9665=AXIS2_PLACEMENT_3D('',#12460,#10593,#10594);
#9666=AXIS2_PLACEMENT_3D('',#12461,#10595,#10596);
#9667=AXIS2_PLACEMENT_3D('',#12478,#10598,#10599);
#9668=AXIS2_PLACEMENT_3D('',#12481,#10601,#10602);
#9669=AXIS2_PLACEMENT_3D('',#12491,#10605,#10606);
#9670=AXIS2_PLACEMENT_3D('',#12503,#10613,#10614);
#9671=AXIS2_PLACEMENT_3D('',#12508,#10617,#10618);
#9672=AXIS2_PLACEMENT_3D('',#12509,#10619,#10620);
#9673=AXIS2_PLACEMENT_3D('',#12516,#10625,#10626);
#9674=AXIS2_PLACEMENT_3D('',#12524,#10628,#10629);
#9675=AXIS2_PLACEMENT_3D('',#12531,#10633,#10634);
#9676=AXIS2_PLACEMENT_3D('',#12532,#10635,#10636);
#9677=AXIS2_PLACEMENT_3D('',#12533,#10637,#10638);
#9678=AXIS2_PLACEMENT_3D('',#12537,#10640,#10641);
#9679=AXIS2_PLACEMENT_3D('',#12538,#10642,#10643);
#9680=AXIS2_PLACEMENT_3D('',#12539,#10644,#10645);
#9681=AXIS2_PLACEMENT_3D('',#12543,#10647,#10648);
#9682=AXIS2_PLACEMENT_3D('',#12544,#10649,#10650);
#9683=AXIS2_PLACEMENT_3D('',#12545,#10651,#10652);
#9684=AXIS2_PLACEMENT_3D('',#12549,#10654,#10655);
#9685=AXIS2_PLACEMENT_3D('',#12550,#10656,#10657);
#9686=AXIS2_PLACEMENT_3D('',#12556,#10661,#10662);
#9687=AXIS2_PLACEMENT_3D('',#12560,#10664,#10665);
#9688=AXIS2_PLACEMENT_3D('',#12564,#10667,#10668);
#9689=AXIS2_PLACEMENT_3D('',#12565,#10669,#10670);
#9690=AXIS2_PLACEMENT_3D('',#12569,#10672,#10673);
#9691=AXIS2_PLACEMENT_3D('',#12570,#10674,#10675);
#9692=AXIS2_PLACEMENT_3D('',#12571,#10676,#10677);
#9693=AXIS2_PLACEMENT_3D('',#12577,#10681,#10682);
#9694=AXIS2_PLACEMENT_3D('',#12580,#10685,#10686);
#9695=AXIS2_PLACEMENT_3D('',#12581,#10687,#10688);
#9696=AXIS2_PLACEMENT_3D('',#12584,#10690,#10691);
#9697=AXIS2_PLACEMENT_3D('',#12585,#10692,#10693);
#9698=AXIS2_PLACEMENT_3D('',#12588,#10695,#10696);
#9699=AXIS2_PLACEMENT_3D('',#12591,#10698,#10699);
#9700=AXIS2_PLACEMENT_3D('',#12592,#10700,#10701);
#9701=AXIS2_PLACEMENT_3D('',#12593,#10702,#10703);
#9702=AXIS2_PLACEMENT_3D('',#12597,#10706,#10707);
#9703=AXIS2_PLACEMENT_3D('',#12599,#10709,#10710);
#9704=AXIS2_PLACEMENT_3D('',#12606,#10715,#10716);
#9705=AXIS2_PLACEMENT_3D('',#12621,#10724,#10725);
#9706=AXIS2_PLACEMENT_3D('',#12627,#10729,#10730);
#9707=AXIS2_PLACEMENT_3D('',#12639,#10737,#10738);
#9708=AXIS2_PLACEMENT_3D('',#12648,#10743,#10744);
#9709=AXIS2_PLACEMENT_3D('',#12649,#10745,#10746);
#9710=AXIS2_PLACEMENT_3D('',#12653,#10748,#10749);
#9711=AXIS2_PLACEMENT_3D('',#12654,#10750,#10751);
#9712=AXIS2_PLACEMENT_3D('',#12660,#10755,#10756);
#9713=AXIS2_PLACEMENT_3D('',#12661,#10757,#10758);
#9714=AXIS2_PLACEMENT_3D('',#12665,#10760,#10761);
#9715=AXIS2_PLACEMENT_3D('',#12666,#10762,#10763);
#9716=AXIS2_PLACEMENT_3D('',#12672,#10767,#10768);
#9717=AXIS2_PLACEMENT_3D('',#12676,#10770,#10771);
#9718=AXIS2_PLACEMENT_3D('',#12677,#10772,#10773);
#9719=AXIS2_PLACEMENT_3D('',#12681,#10775,#10776);
#9720=AXIS2_PLACEMENT_3D('',#12682,#10777,#10778);
#9721=AXIS2_PLACEMENT_3D('',#12690,#10784,#10785);
#9722=AXIS2_PLACEMENT_3D('',#12694,#10788,#10789);
#9723=AXIS2_PLACEMENT_3D('',#12699,#10792,#10793);
#9724=AXIS2_PLACEMENT_3D('',#12700,#10794,#10795);
#9725=AXIS2_PLACEMENT_3D('',#12701,#10796,#10797);
#9726=AXIS2_PLACEMENT_3D('',#12702,#10798,#10799);
#9727=AXIS2_PLACEMENT_3D('',#12705,#10801,#10802);
#9728=AXIS2_PLACEMENT_3D('',#12724,#10813,#10814);
#9729=AXIS2_PLACEMENT_3D('',#12728,#10817,#10818);
#9730=AXIS2_PLACEMENT_3D('',#12737,#10823,#10824);
#9731=AXIS2_PLACEMENT_3D('',#12746,#10829,#10830);
#9732=AXIS2_PLACEMENT_3D('',#12752,#10834,#10835);
#9733=AXIS2_PLACEMENT_3D('',#12758,#10839,#10840);
#9734=AXIS2_PLACEMENT_3D('',#12769,#10846,#10847);
#9735=AXIS2_PLACEMENT_3D('',#12773,#10850,#10851);
#9736=AXIS2_PLACEMENT_3D('',#12779,#10855,#10856);
#9737=AXIS2_PLACEMENT_3D('',#12783,#10859,#10860);
#9738=AXIS2_PLACEMENT_3D('',#12787,#10863,#10864);
#9739=AXIS2_PLACEMENT_3D('',#12795,#10870,#10871);
#9740=AXIS2_PLACEMENT_3D('',#12803,#10876,#10877);
#9741=AXIS2_PLACEMENT_3D('',#12809,#10881,#10882);
#9742=AXIS2_PLACEMENT_3D('',#12820,#10889,#10890);
#9743=AXIS2_PLACEMENT_3D('',#12827,#10895,#10896);
#9744=AXIS2_PLACEMENT_3D('',#12829,#10898,#10899);
#9745=AXIS2_PLACEMENT_3D('',#12839,#10905,#10906);
#9746=AXIS2_PLACEMENT_3D('',#12844,#10909,#10910);
#9747=AXIS2_PLACEMENT_3D('',#12845,#10911,#10912);
#9748=AXIS2_PLACEMENT_3D('',#12862,#10915,#10916);
#9749=AXIS2_PLACEMENT_3D('',#12863,#10917,#10918);
#9750=AXIS2_PLACEMENT_3D('',#12873,#10920,#10921);
#9751=AXIS2_PLACEMENT_3D('',#12876,#10923,#10924);
#9752=AXIS2_PLACEMENT_3D('',#12883,#10929,#10930);
#9753=AXIS2_PLACEMENT_3D('',#12891,#10932,#10933);
#9754=AXIS2_PLACEMENT_3D('',#12898,#10937,#10938);
#9755=AXIS2_PLACEMENT_3D('',#12899,#10939,#10940);
#9756=AXIS2_PLACEMENT_3D('',#12900,#10941,#10942);
#9757=AXIS2_PLACEMENT_3D('',#12904,#10944,#10945);
#9758=AXIS2_PLACEMENT_3D('',#12905,#10946,#10947);
#9759=AXIS2_PLACEMENT_3D('',#12906,#10948,#10949);
#9760=AXIS2_PLACEMENT_3D('',#12910,#10951,#10952);
#9761=AXIS2_PLACEMENT_3D('',#12911,#10953,#10954);
#9762=AXIS2_PLACEMENT_3D('',#12912,#10955,#10956);
#9763=AXIS2_PLACEMENT_3D('',#12916,#10958,#10959);
#9764=AXIS2_PLACEMENT_3D('',#12917,#10960,#10961);
#9765=AXIS2_PLACEMENT_3D('',#12923,#10965,#10966);
#9766=AXIS2_PLACEMENT_3D('',#12929,#10970,#10971);
#9767=AXIS2_PLACEMENT_3D('',#12935,#10975,#10976);
#9768=AXIS2_PLACEMENT_3D('',#12936,#10977,#10978);
#9769=AXIS2_PLACEMENT_3D('',#12940,#10980,#10981);
#9770=AXIS2_PLACEMENT_3D('',#12941,#10982,#10983);
#9771=AXIS2_PLACEMENT_3D('',#12942,#10984,#10985);
#9772=AXIS2_PLACEMENT_3D('',#12946,#10987,#10988);
#9773=AXIS2_PLACEMENT_3D('',#12947,#10989,#10990);
#9774=AXIS2_PLACEMENT_3D('',#12948,#10991,#10992);
#9775=AXIS2_PLACEMENT_3D('',#12951,#10994,#10995);
#9776=AXIS2_PLACEMENT_3D('',#12952,#10996,#10997);
#9777=AXIS2_PLACEMENT_3D('',#12955,#10999,#11000);
#9778=AXIS2_PLACEMENT_3D('',#12958,#11002,#11003);
#9779=AXIS2_PLACEMENT_3D('',#12959,#11004,#11005);
#9780=AXIS2_PLACEMENT_3D('',#12963,#11008,#11009);
#9781=AXIS2_PLACEMENT_3D('',#12964,#11010,#11011);
#9782=AXIS2_PLACEMENT_3D('',#12966,#11013,#11014);
#9783=AXIS2_PLACEMENT_3D('',#12972,#11018,#11019);
#9784=AXIS2_PLACEMENT_3D('',#12979,#11024,#11025);
#9785=AXIS2_PLACEMENT_3D('',#12981,#11027,#11028);
#9786=AXIS2_PLACEMENT_3D('',#12983,#11030,#11031);
#9787=AXIS2_PLACEMENT_3D('',#12987,#11034,#11035);
#9788=AXIS2_PLACEMENT_3D('',#12989,#11037,#11038);
#9789=AXIS2_PLACEMENT_3D('',#12998,#11043,#11044);
#9790=AXIS2_PLACEMENT_3D('',#13006,#11049,#11050);
#9791=AXIS2_PLACEMENT_3D('',#13012,#11054,#11055);
#9792=AXIS2_PLACEMENT_3D('',#13014,#11057,#11058);
#9793=AXIS2_PLACEMENT_3D('',#13023,#11063,#11064);
#9794=AXIS2_PLACEMENT_3D('',#13029,#11068,#11069);
#9795=AXIS2_PLACEMENT_3D('',#13033,#11072,#11073);
#9796=AXIS2_PLACEMENT_3D('',#13037,#11076,#11077);
#9797=AXIS2_PLACEMENT_3D('',#13039,#11079,#11080);
#9798=AXIS2_PLACEMENT_3D('',#13048,#11085,#11086);
#9799=AXIS2_PLACEMENT_3D('',#13054,#11090,#11091);
#9800=AXIS2_PLACEMENT_3D('',#13063,#11096,#11097);
#9801=AXIS2_PLACEMENT_3D('',#13069,#11101,#11102);
#9802=AXIS2_PLACEMENT_3D('',#13073,#11105,#11106);
#9803=AXIS2_PLACEMENT_3D('',#13077,#11109,#11110);
#9804=AXIS2_PLACEMENT_3D('',#13079,#11112,#11113);
#9805=AXIS2_PLACEMENT_3D('',#13090,#11119,#11120);
#9806=AXIS2_PLACEMENT_3D('',#13096,#11124,#11125);
#9807=AXIS2_PLACEMENT_3D('',#13104,#11130,#11131);
#9808=AXIS2_PLACEMENT_3D('',#13107,#11134,#11135);
#9809=AXIS2_PLACEMENT_3D('',#13108,#11136,#11137);
#9810=AXIS2_PLACEMENT_3D('',#13117,#11142,#11143);
#9811=AXIS2_PLACEMENT_3D('',#13123,#11147,#11148);
#9812=AXIS2_PLACEMENT_3D('',#13127,#11151,#11152);
#9813=AXIS2_PLACEMENT_3D('',#13131,#11155,#11156);
#9814=AXIS2_PLACEMENT_3D('',#13133,#11158,#11159);
#9815=AXIS2_PLACEMENT_3D('',#13144,#11165,#11166);
#9816=AXIS2_PLACEMENT_3D('',#13150,#11170,#11171);
#9817=AXIS2_PLACEMENT_3D('',#13158,#11176,#11177);
#9818=AXIS2_PLACEMENT_3D('',#13161,#11180,#11181);
#9819=AXIS2_PLACEMENT_3D('',#13162,#11182,#11183);
#9820=AXIS2_PLACEMENT_3D('',#13171,#11188,#11189);
#9821=AXIS2_PLACEMENT_3D('',#13177,#11193,#11194);
#9822=AXIS2_PLACEMENT_3D('',#13181,#11197,#11198);
#9823=AXIS2_PLACEMENT_3D('',#13185,#11201,#11202);
#9824=AXIS2_PLACEMENT_3D('',#13187,#11204,#11205);
#9825=AXIS2_PLACEMENT_3D('',#13198,#11211,#11212);
#9826=AXIS2_PLACEMENT_3D('',#13204,#11216,#11217);
#9827=AXIS2_PLACEMENT_3D('',#13212,#11222,#11223);
#9828=AXIS2_PLACEMENT_3D('',#13215,#11226,#11227);
#9829=AXIS2_PLACEMENT_3D('',#13216,#11228,#11229);
#9830=AXIS2_PLACEMENT_3D('',#13225,#11234,#11235);
#9831=AXIS2_PLACEMENT_3D('',#13231,#11239,#11240);
#9832=AXIS2_PLACEMENT_3D('',#13235,#11243,#11244);
#9833=AXIS2_PLACEMENT_3D('',#13239,#11247,#11248);
#9834=AXIS2_PLACEMENT_3D('',#13241,#11250,#11251);
#9835=AXIS2_PLACEMENT_3D('',#13252,#11257,#11258);
#9836=AXIS2_PLACEMENT_3D('',#13258,#11262,#11263);
#9837=AXIS2_PLACEMENT_3D('',#13266,#11268,#11269);
#9838=AXIS2_PLACEMENT_3D('',#13269,#11272,#11273);
#9839=AXIS2_PLACEMENT_3D('',#13270,#11274,#11275);
#9840=AXIS2_PLACEMENT_3D('',#13279,#11280,#11281);
#9841=AXIS2_PLACEMENT_3D('',#13285,#11285,#11286);
#9842=AXIS2_PLACEMENT_3D('',#13289,#11289,#11290);
#9843=AXIS2_PLACEMENT_3D('',#13293,#11293,#11294);
#9844=AXIS2_PLACEMENT_3D('',#13295,#11296,#11297);
#9845=AXIS2_PLACEMENT_3D('',#13306,#11303,#11304);
#9846=AXIS2_PLACEMENT_3D('',#13312,#11308,#11309);
#9847=AXIS2_PLACEMENT_3D('',#13320,#11314,#11315);
#9848=AXIS2_PLACEMENT_3D('',#13323,#11318,#11319);
#9849=AXIS2_PLACEMENT_3D('',#13324,#11320,#11321);
#9850=AXIS2_PLACEMENT_3D('',#13333,#11326,#11327);
#9851=AXIS2_PLACEMENT_3D('',#13339,#11331,#11332);
#9852=AXIS2_PLACEMENT_3D('',#13343,#11335,#11336);
#9853=AXIS2_PLACEMENT_3D('',#13347,#11339,#11340);
#9854=AXIS2_PLACEMENT_3D('',#13349,#11342,#11343);
#9855=AXIS2_PLACEMENT_3D('',#13360,#11349,#11350);
#9856=AXIS2_PLACEMENT_3D('',#13366,#11354,#11355);
#9857=AXIS2_PLACEMENT_3D('',#13374,#11360,#11361);
#9858=AXIS2_PLACEMENT_3D('',#13377,#11364,#11365);
#9859=AXIS2_PLACEMENT_3D('',#13378,#11366,#11367);
#9860=AXIS2_PLACEMENT_3D('',#13387,#11372,#11373);
#9861=AXIS2_PLACEMENT_3D('',#13393,#11377,#11378);
#9862=AXIS2_PLACEMENT_3D('',#13397,#11381,#11382);
#9863=AXIS2_PLACEMENT_3D('',#13401,#11385,#11386);
#9864=AXIS2_PLACEMENT_3D('',#13403,#11388,#11389);
#9865=AXIS2_PLACEMENT_3D('',#13414,#11395,#11396);
#9866=AXIS2_PLACEMENT_3D('',#13420,#11400,#11401);
#9867=AXIS2_PLACEMENT_3D('',#13428,#11406,#11407);
#9868=AXIS2_PLACEMENT_3D('',#13431,#11410,#11411);
#9869=AXIS2_PLACEMENT_3D('',#13432,#11412,#11413);
#9870=AXIS2_PLACEMENT_3D('',#13441,#11418,#11419);
#9871=AXIS2_PLACEMENT_3D('',#13447,#11423,#11424);
#9872=AXIS2_PLACEMENT_3D('',#13451,#11427,#11428);
#9873=AXIS2_PLACEMENT_3D('',#13455,#11431,#11432);
#9874=AXIS2_PLACEMENT_3D('',#13457,#11434,#11435);
#9875=AXIS2_PLACEMENT_3D('',#13468,#11441,#11442);
#9876=AXIS2_PLACEMENT_3D('',#13474,#11446,#11447);
#9877=AXIS2_PLACEMENT_3D('',#13482,#11452,#11453);
#9878=AXIS2_PLACEMENT_3D('',#13485,#11456,#11457);
#9879=AXIS2_PLACEMENT_3D('',#13486,#11458,#11459);
#9880=AXIS2_PLACEMENT_3D('',#13495,#11464,#11465);
#9881=AXIS2_PLACEMENT_3D('',#13501,#11469,#11470);
#9882=AXIS2_PLACEMENT_3D('',#13505,#11473,#11474);
#9883=AXIS2_PLACEMENT_3D('',#13509,#11477,#11478);
#9884=AXIS2_PLACEMENT_3D('',#13511,#11480,#11481);
#9885=AXIS2_PLACEMENT_3D('',#13522,#11487,#11488);
#9886=AXIS2_PLACEMENT_3D('',#13528,#11492,#11493);
#9887=AXIS2_PLACEMENT_3D('',#13536,#11498,#11499);
#9888=AXIS2_PLACEMENT_3D('',#13539,#11502,#11503);
#9889=AXIS2_PLACEMENT_3D('',#13540,#11504,#11505);
#9890=AXIS2_PLACEMENT_3D('',#13549,#11510,#11511);
#9891=AXIS2_PLACEMENT_3D('',#13555,#11515,#11516);
#9892=AXIS2_PLACEMENT_3D('',#13559,#11519,#11520);
#9893=AXIS2_PLACEMENT_3D('',#13563,#11523,#11524);
#9894=AXIS2_PLACEMENT_3D('',#13565,#11526,#11527);
#9895=AXIS2_PLACEMENT_3D('',#13576,#11533,#11534);
#9896=AXIS2_PLACEMENT_3D('',#13582,#11538,#11539);
#9897=AXIS2_PLACEMENT_3D('',#13590,#11544,#11545);
#9898=AXIS2_PLACEMENT_3D('',#13593,#11548,#11549);
#9899=AXIS2_PLACEMENT_3D('',#13594,#11550,#11551);
#9900=AXIS2_PLACEMENT_3D('',#13603,#11556,#11557);
#9901=AXIS2_PLACEMENT_3D('',#13609,#11561,#11562);
#9902=AXIS2_PLACEMENT_3D('',#13613,#11565,#11566);
#9903=AXIS2_PLACEMENT_3D('',#13617,#11569,#11570);
#9904=AXIS2_PLACEMENT_3D('',#13619,#11572,#11573);
#9905=AXIS2_PLACEMENT_3D('',#13640,#11590,#11591);
#9906=AXIS2_PLACEMENT_3D('',#13646,#11595,#11596);
#9907=AXIS2_PLACEMENT_3D('',#13650,#11599,#11600);
#9908=AXIS2_PLACEMENT_3D('',#13654,#11603,#11604);
#9909=AXIS2_PLACEMENT_3D('',#13660,#11608,#11609);
#9910=AXIS2_PLACEMENT_3D('',#13664,#11612,#11613);
#9911=AXIS2_PLACEMENT_3D('',#13668,#11616,#11617);
#9912=AXIS2_PLACEMENT_3D('',#13672,#11620,#11621);
#9913=AXIS2_PLACEMENT_3D('',#13674,#11623,#11624);
#9914=AXIS2_PLACEMENT_3D('',#13676,#11626,#11627);
#9915=AXIS2_PLACEMENT_3D('',#13678,#11629,#11630);
#9916=AXIS2_PLACEMENT_3D('',#13680,#11632,#11633);
#9917=AXIS2_PLACEMENT_3D('',#13682,#11635,#11636);
#9918=AXIS2_PLACEMENT_3D('',#13684,#11638,#11639);
#9919=AXIS2_PLACEMENT_3D('',#13686,#11641,#11642);
#9920=AXIS2_PLACEMENT_3D('',#13688,#11644,#11645);
#9921=AXIS2_PLACEMENT_3D('',#13690,#11647,#11648);
#9922=AXIS2_PLACEMENT_3D('',#13692,#11650,#11651);
#9923=AXIS2_PLACEMENT_3D('',#13694,#11653,#11654);
#9924=AXIS2_PLACEMENT_3D('',#13696,#11656,#11657);
#9925=AXIS2_PLACEMENT_3D('',#13698,#11659,#11660);
#9926=AXIS2_PLACEMENT_3D('',#13717,#11671,#11672);
#9927=AXIS2_PLACEMENT_3D('',#13726,#11678,#11679);
#9928=AXIS2_PLACEMENT_3D('',#13730,#11682,#11683);
#9929=AXIS2_PLACEMENT_3D('',#13734,#11686,#11687);
#9930=AXIS2_PLACEMENT_3D('',#13738,#11690,#11691);
#9931=AXIS2_PLACEMENT_3D('',#13742,#11694,#11695);
#9932=AXIS2_PLACEMENT_3D('',#13744,#11697,#11698);
#9933=AXIS2_PLACEMENT_3D('',#13748,#11701,#11702);
#9934=AXIS2_PLACEMENT_3D('',#13752,#11705,#11706);
#9935=AXIS2_PLACEMENT_3D('',#13754,#11708,#11709);
#9936=AXIS2_PLACEMENT_3D('',#13756,#11711,#11712);
#9937=AXIS2_PLACEMENT_3D('',#13757,#11713,#11714);
#9938=AXIS2_PLACEMENT_3D('',#13767,#11720,#11721);
#9939=AXIS2_PLACEMENT_3D('',#13773,#11725,#11726);
#9940=AXIS2_PLACEMENT_3D('',#13779,#11730,#11731);
#9941=AXIS2_PLACEMENT_3D('',#13785,#11735,#11736);
#9942=AXIS2_PLACEMENT_3D('',#13791,#11740,#11741);
#9943=AXIS2_PLACEMENT_3D('',#13794,#11744,#11745);
#9944=AXIS2_PLACEMENT_3D('',#13795,#11746,#11747);
#9945=AXIS2_PLACEMENT_3D('',#13801,#11751,#11752);
#9946=AXIS2_PLACEMENT_3D('',#13803,#11754,#11755);
#9947=AXIS2_PLACEMENT_3D('',#13806,#11757,#11758);
#9948=AXIS2_PLACEMENT_3D('',#13807,#11759,#11760);
#9949=AXIS2_PLACEMENT_3D('',#13809,#11762,#11763);
#9950=AXIS2_PLACEMENT_3D('',#13811,#11765,#11766);
#9951=AXIS2_PLACEMENT_3D('',#13813,#11768,#11769);
#9952=AXIS2_PLACEMENT_3D('',#13815,#11771,#11772);
#9953=AXIS2_PLACEMENT_3D('',#13825,#11778,#11779);
#9954=AXIS2_PLACEMENT_3D('',#13831,#11783,#11784);
#9955=AXIS2_PLACEMENT_3D('',#13835,#11786,#11787);
#9956=AXIS2_PLACEMENT_3D('',#13836,#11788,#11789);
#9957=AXIS2_PLACEMENT_3D('',#13837,#11790,#11791);
#9958=AXIS2_PLACEMENT_3D('',#13843,#11795,#11796);
#9959=AXIS2_PLACEMENT_3D('',#13846,#11799,#11800);
#9960=AXIS2_PLACEMENT_3D('',#13847,#11801,#11802);
#9961=AXIS2_PLACEMENT_3D('',#13849,#11804,#11805);
#9962=AXIS2_PLACEMENT_3D('',#13851,#11807,#11808);
#9963=AXIS2_PLACEMENT_3D('',#13852,#11809,#11810);
#9964=AXIS2_PLACEMENT_3D('',#13854,#11811,#11812);
#9965=AXIS2_PLACEMENT_3D('',#13856,#11813,#11814);
#9966=AXIS2_PLACEMENT_3D('',#13857,#11815,#11816);
#9967=AXIS2_PLACEMENT_3D('',#13859,#11817,#11818);
#9968=AXIS2_PLACEMENT_3D('',#13860,#11819,#11820);
#9969=AXIS2_PLACEMENT_3D('',#13862,#11821,#11822);
#9970=AXIS2_PLACEMENT_3D('',#13863,#11823,#11824);
#9971=AXIS2_PLACEMENT_3D('',#13864,#11825,#11826);
#9972=AXIS2_PLACEMENT_3D('',#13866,#11827,#11828);
#9973=AXIS2_PLACEMENT_3D('',#13867,#11829,#11830);
#9974=AXIS2_PLACEMENT_3D('',#13869,#11831,#11832);
#9975=AXIS2_PLACEMENT_3D('',#13870,#11833,#11834);
#9976=AXIS2_PLACEMENT_3D('',#13871,#11835,#11836);
#9977=AXIS2_PLACEMENT_3D('',#13872,#11837,#11838);
#9978=AXIS2_PLACEMENT_3D('',#13873,#11839,#11840);
#9979=AXIS2_PLACEMENT_3D('',#13874,#11841,#11842);
#9980=AXIS2_PLACEMENT_3D('',#13875,#11843,#11844);
#9981=DIRECTION('',(0.,0.,1.));
#9982=DIRECTION('',(1.,0.,0.));
#9983=DIRECTION('',(1.,0.,0.));
#9984=DIRECTION('',(0.,0.,1.));
#9985=DIRECTION('',(0.,1.,0.));
#9986=DIRECTION('',(0.,0.,1.));
#9987=DIRECTION('',(0.,1.,0.));
#9988=DIRECTION('',(0.,0.,1.));
#9989=DIRECTION('',(-0.765974342782488,0.,0.64287114276419));
#9990=DIRECTION('',(-0.64287114276419,0.,-0.765974342782488));
#9991=DIRECTION('',(0.,1.,0.));
#9992=DIRECTION('',(-0.64287114276419,0.,-0.765974342782488));
#9993=DIRECTION('',(-0.64287114276419,0.,-0.765974342782488));
#9994=DIRECTION('',(1.,0.,0.));
#9995=DIRECTION('',(0.,0.,1.));
#9996=DIRECTION('',(0.,1.,0.));
#9997=DIRECTION('',(0.,0.,1.));
#9998=DIRECTION('',(0.,0.,1.));
#9999=DIRECTION('',(0.765974342782488,0.,-0.64287114276419));
#10000=DIRECTION('',(0.64287114276419,0.,0.765974342782488));
#10001=DIRECTION('',(0.,1.,0.));
#10002=DIRECTION('',(0.64287114276419,0.,0.765974342782488));
#10003=DIRECTION('',(0.64287114276419,0.,0.765974342782488));
#10004=DIRECTION('',(0.,0.,-1.));
#10005=DIRECTION('',(1.,0.,0.));
#10006=DIRECTION('',(0.,1.,0.));
#10007=DIRECTION('',(1.,0.,0.));
#10008=DIRECTION('',(1.,0.,0.));
#10009=DIRECTION('',(-1.,0.,0.));
#10010=DIRECTION('',(0.,0.,-1.));
#10011=DIRECTION('',(0.,1.,0.));
#10012=DIRECTION('',(0.,0.,-1.));
#10013=DIRECTION('',(0.,0.,-1.));
#10014=DIRECTION('',(0.,0.,1.));
#10015=DIRECTION('',(-1.,0.,0.));
#10016=DIRECTION('',(-1.,0.,0.));
#10017=DIRECTION('',(-1.,0.,0.));
#10018=DIRECTION('',(0.,-1.,0.));
#10019=DIRECTION('',(1.,0.,0.));
#10020=DIRECTION('',(1.,0.,0.));
#10021=DIRECTION('',(0.,0.,1.));
#10022=DIRECTION('',(-1.,0.,0.));
#10023=DIRECTION('',(0.,0.,-1.));
#10024=DIRECTION('',(0.,0.,-1.));
#10025=DIRECTION('',(1.,0.,0.));
#10026=DIRECTION('',(0.,1.,0.));
#10027=DIRECTION('',(0.,1.,0.));
#10028=DIRECTION('',(1.,0.,0.));
#10029=DIRECTION('',(1.,0.,0.));
#10030=DIRECTION('',(0.,0.,1.));
#10031=DIRECTION('',(0.,1.,0.));
#10032=DIRECTION('',(0.,0.,-1.));
#10033=DIRECTION('',(0.,0.,1.));
#10034=DIRECTION('',(-1.,0.,0.));
#10035=DIRECTION('',(0.,1.,0.));
#10036=DIRECTION('',(-1.,0.,0.));
#10037=DIRECTION('',(-1.,0.,0.));
#10038=DIRECTION('',(0.,0.,-1.));
#10039=DIRECTION('',(0.,0.,-1.));
#10040=DIRECTION('',(1.,0.,0.));
#10041=DIRECTION('',(0.,-1.,0.));
#10042=DIRECTION('',(1.,0.,0.));
#10043=DIRECTION('',(0.,-0.472972972972988,-0.881076935821778));
#10044=DIRECTION('',(1.,0.,0.));
#10045=DIRECTION('',(1.,0.,0.));
#10046=DIRECTION('',(0.,-0.472972972972988,-0.881076935821778));
#10047=DIRECTION('',(1.,0.,0.));
#10048=DIRECTION('',(1.,0.,0.));
#10049=DIRECTION('',(0.,-1.,0.));
#10050=DIRECTION('',(0.,-1.,0.));
#10051=DIRECTION('',(1.,0.,0.));
#10052=DIRECTION('',(0.,-1.,0.));
#10053=DIRECTION('',(1.,0.,0.));
#10054=DIRECTION('',(0.,0.472972972972988,0.881076935821778));
#10055=DIRECTION('',(0.,-1.,0.));
#10056=DIRECTION('',(1.,0.,0.));
#10057=DIRECTION('',(0.,-1.,0.));
#10058=DIRECTION('',(1.,0.,0.));
#10059=DIRECTION('',(0.,0.472972972972988,0.881076935821778));
#10060=DIRECTION('',(1.,0.,0.));
#10061=DIRECTION('',(1.,0.,0.));
#10062=DIRECTION('',(1.,0.,0.));
#10063=DIRECTION('',(0.,-1.,0.));
#10064=DIRECTION('',(0.,-1.,0.));
#10065=DIRECTION('',(1.,0.,0.));
#10066=DIRECTION('',(0.,-1.,0.));
#10067=DIRECTION('',(0.,-1.,0.));
#10068=DIRECTION('',(1.,0.,0.));
#10069=DIRECTION('',(0.,-1.,0.));
#10070=DIRECTION('',(1.,0.,0.));
#10071=DIRECTION('',(0.,1.,0.));
#10072=DIRECTION('',(1.,0.,0.));
#10073=DIRECTION('',(1.,0.,0.));
#10074=DIRECTION('',(0.,1.,0.));
#10075=DIRECTION('',(1.,0.,0.));
#10076=DIRECTION('',(1.,0.,0.));
#10077=DIRECTION('',(0.,-1.,0.));
#10078=DIRECTION('',(0.,-1.,0.));
#10079=DIRECTION('',(1.,0.,0.));
#10080=DIRECTION('',(0.,-1.,0.));
#10081=DIRECTION('',(1.,0.,0.));
#10082=DIRECTION('',(0.,1.,0.));
#10083=DIRECTION('',(0.,-1.,0.));
#10084=DIRECTION('',(1.,0.,0.));
#10085=DIRECTION('',(0.,-1.,0.));
#10086=DIRECTION('',(1.,0.,0.));
#10087=DIRECTION('',(0.,1.,0.));
#10088=DIRECTION('',(1.,0.,0.));
#10089=DIRECTION('',(1.,0.,0.));
#10090=DIRECTION('',(1.,0.,0.));
#10091=DIRECTION('',(0.,-1.,0.));
#10092=DIRECTION('',(0.,-1.,0.));
#10093=DIRECTION('',(1.,0.,0.));
#10094=DIRECTION('',(0.,-1.,0.));
#10095=DIRECTION('',(0.,-1.,0.));
#10096=DIRECTION('',(1.,0.,0.));
#10097=DIRECTION('',(0.,-1.,0.));
#10098=DIRECTION('',(1.,0.,0.));
#10099=DIRECTION('',(0.,1.,0.));
#10100=DIRECTION('',(1.,0.,0.));
#10101=DIRECTION('',(1.,0.,0.));
#10102=DIRECTION('',(0.,1.,0.));
#10103=DIRECTION('',(1.,0.,0.));
#10104=DIRECTION('',(1.,0.,0.));
#10105=DIRECTION('',(0.,-1.,0.));
#10106=DIRECTION('',(0.,-1.,0.));
#10107=DIRECTION('',(1.,0.,0.));
#10108=DIRECTION('',(0.,-1.,0.));
#10109=DIRECTION('',(1.,0.,0.));
#10110=DIRECTION('',(0.,1.,0.));
#10111=DIRECTION('',(0.,-1.,0.));
#10112=DIRECTION('',(1.,0.,0.));
#10113=DIRECTION('',(0.,-1.,0.));
#10114=DIRECTION('',(1.,0.,0.));
#10115=DIRECTION('',(0.,1.,0.));
#10116=DIRECTION('',(1.,0.,0.));
#10117=DIRECTION('',(1.,0.,0.));
#10118=DIRECTION('',(1.,0.,0.));
#10119=DIRECTION('',(0.,-1.,0.));
#10120=DIRECTION('',(0.,-1.,0.));
#10121=DIRECTION('',(1.,0.,0.));
#10122=DIRECTION('',(0.,-1.,0.));
#10123=DIRECTION('',(0.,-1.,0.));
#10124=DIRECTION('',(1.,0.,0.));
#10125=DIRECTION('',(0.,-1.,0.));
#10126=DIRECTION('',(1.,0.,0.));
#10127=DIRECTION('',(0.,1.,0.));
#10128=DIRECTION('',(1.,0.,0.));
#10129=DIRECTION('',(1.,0.,0.));
#10130=DIRECTION('',(0.,1.,0.));
#10131=DIRECTION('',(1.,0.,0.));
#10132=DIRECTION('',(1.,0.,0.));
#10133=DIRECTION('',(0.,-1.,0.));
#10134=DIRECTION('',(0.,-1.,0.));
#10135=DIRECTION('',(1.,0.,0.));
#10136=DIRECTION('',(0.,-1.,0.));
#10137=DIRECTION('',(1.,0.,0.));
#10138=DIRECTION('',(0.,1.,0.));
#10139=DIRECTION('',(0.,-1.,0.));
#10140=DIRECTION('',(1.,0.,0.));
#10141=DIRECTION('',(0.,-1.,0.));
#10142=DIRECTION('',(1.,0.,0.));
#10143=DIRECTION('',(0.,1.,0.));
#10144=DIRECTION('',(1.,0.,0.));
#10145=DIRECTION('',(1.,0.,0.));
#10146=DIRECTION('',(1.,0.,0.));
#10147=DIRECTION('',(0.,-1.,0.));
#10148=DIRECTION('',(0.,-1.,0.));
#10149=DIRECTION('',(1.,0.,0.));
#10150=DIRECTION('',(0.,-1.,0.));
#10151=DIRECTION('',(0.,-1.,0.));
#10152=DIRECTION('',(1.,0.,0.));
#10153=DIRECTION('',(0.,-1.,0.));
#10154=DIRECTION('',(1.,0.,0.));
#10155=DIRECTION('',(0.,1.,0.));
#10156=DIRECTION('',(1.,0.,0.));
#10157=DIRECTION('',(1.,0.,0.));
#10158=DIRECTION('',(0.,1.,0.));
#10159=DIRECTION('',(1.,0.,0.));
#10160=DIRECTION('',(1.,0.,0.));
#10161=DIRECTION('',(0.,-1.,0.));
#10162=DIRECTION('',(0.,-1.,0.));
#10163=DIRECTION('',(1.,0.,0.));
#10164=DIRECTION('',(0.,-1.,0.));
#10165=DIRECTION('',(1.,0.,0.));
#10166=DIRECTION('',(0.,1.,0.));
#10167=DIRECTION('',(0.,-1.,0.));
#10168=DIRECTION('',(1.,0.,0.));
#10169=DIRECTION('',(0.,-1.,0.));
#10170=DIRECTION('',(1.,0.,0.));
#10171=DIRECTION('',(0.,1.,0.));
#10172=DIRECTION('',(1.,0.,0.));
#10173=DIRECTION('',(1.,0.,0.));
#10174=DIRECTION('',(1.,0.,0.));
#10175=DIRECTION('',(0.,-1.,0.));
#10176=DIRECTION('',(0.,-1.,0.));
#10177=DIRECTION('',(1.,0.,0.));
#10178=DIRECTION('',(0.,-1.,0.));
#10179=DIRECTION('',(0.,-1.,0.));
#10180=DIRECTION('',(1.,0.,0.));
#10181=DIRECTION('',(0.,-1.,0.));
#10182=DIRECTION('',(1.,0.,0.));
#10183=DIRECTION('',(0.,1.,0.));
#10184=DIRECTION('',(1.,0.,0.));
#10185=DIRECTION('',(1.,0.,0.));
#10186=DIRECTION('',(0.,1.,0.));
#10187=DIRECTION('',(1.,0.,0.));
#10188=DIRECTION('',(1.,0.,0.));
#10189=DIRECTION('',(0.,-1.,0.));
#10190=DIRECTION('',(0.,-1.,0.));
#10191=DIRECTION('',(1.,0.,0.));
#10192=DIRECTION('',(0.,-1.,0.));
#10193=DIRECTION('',(1.,0.,0.));
#10194=DIRECTION('',(0.,1.,0.));
#10195=DIRECTION('',(0.,-1.,0.));
#10196=DIRECTION('',(1.,0.,0.));
#10197=DIRECTION('',(0.,-1.,0.));
#10198=DIRECTION('',(1.,0.,0.));
#10199=DIRECTION('',(0.,1.,0.));
#10200=DIRECTION('',(1.,0.,0.));
#10201=DIRECTION('',(1.,0.,0.));
#10202=DIRECTION('',(1.,0.,0.));
#10203=DIRECTION('',(0.,-1.,0.));
#10204=DIRECTION('',(0.,-1.,0.));
#10205=DIRECTION('',(1.,0.,0.));
#10206=DIRECTION('',(0.,-1.,0.));
#10207=DIRECTION('',(0.,-1.,0.));
#10208=DIRECTION('',(1.,0.,0.));
#10209=DIRECTION('',(0.,-1.,0.));
#10210=DIRECTION('',(1.,0.,0.));
#10211=DIRECTION('',(0.,1.,0.));
#10212=DIRECTION('',(1.,0.,0.));
#10213=DIRECTION('',(1.,0.,0.));
#10214=DIRECTION('',(0.,1.,0.));
#10215=DIRECTION('',(1.,0.,0.));
#10216=DIRECTION('',(1.,0.,0.));
#10217=DIRECTION('',(0.,-1.,0.));
#10218=DIRECTION('',(0.,-1.,0.));
#10219=DIRECTION('',(1.,0.,0.));
#10220=DIRECTION('',(0.,-1.,0.));
#10221=DIRECTION('',(1.,0.,0.));
#10222=DIRECTION('',(0.,1.,0.));
#10223=DIRECTION('',(0.,-1.,0.));
#10224=DIRECTION('',(1.,0.,0.));
#10225=DIRECTION('',(0.,-1.,0.));
#10226=DIRECTION('',(1.,0.,0.));
#10227=DIRECTION('',(0.,1.,0.));
#10228=DIRECTION('',(1.,0.,0.));
#10229=DIRECTION('',(1.,0.,0.));
#10230=DIRECTION('',(1.,0.,0.));
#10231=DIRECTION('',(0.,-1.,0.));
#10232=DIRECTION('',(0.,-1.,0.));
#10233=DIRECTION('',(1.,0.,0.));
#10234=DIRECTION('',(0.,-1.,0.));
#10235=DIRECTION('',(0.,-1.,0.));
#10236=DIRECTION('',(1.,0.,0.));
#10237=DIRECTION('',(0.,-1.,0.));
#10238=DIRECTION('',(1.,0.,0.));
#10239=DIRECTION('',(0.,1.,0.));
#10240=DIRECTION('',(1.,0.,0.));
#10241=DIRECTION('',(1.,0.,0.));
#10242=DIRECTION('',(0.,1.,0.));
#10243=DIRECTION('',(1.,0.,0.));
#10244=DIRECTION('',(1.,0.,0.));
#10245=DIRECTION('',(0.,-1.,0.));
#10246=DIRECTION('',(0.,-1.,0.));
#10247=DIRECTION('',(1.,0.,0.));
#10248=DIRECTION('',(0.,-1.,0.));
#10249=DIRECTION('',(1.,0.,0.));
#10250=DIRECTION('',(0.,1.,0.));
#10251=DIRECTION('',(0.,-1.,0.));
#10252=DIRECTION('',(1.,0.,0.));
#10253=DIRECTION('',(0.,-1.,0.));
#10254=DIRECTION('',(1.,0.,0.));
#10255=DIRECTION('',(0.,1.,0.));
#10256=DIRECTION('',(1.,0.,0.));
#10257=DIRECTION('',(1.,0.,0.));
#10258=DIRECTION('',(1.,0.,0.));
#10259=DIRECTION('',(0.,-1.,0.));
#10260=DIRECTION('',(0.,-1.,0.));
#10261=DIRECTION('',(1.,0.,0.));
#10262=DIRECTION('',(0.,-1.,0.));
#10263=DIRECTION('',(0.,-1.,0.));
#10264=DIRECTION('',(1.,0.,0.));
#10265=DIRECTION('',(0.,-1.,0.));
#10266=DIRECTION('',(1.,0.,0.));
#10267=DIRECTION('',(0.,1.,0.));
#10268=DIRECTION('',(1.,0.,0.));
#10269=DIRECTION('',(1.,0.,0.));
#10270=DIRECTION('',(0.,1.,0.));
#10271=DIRECTION('',(1.,0.,0.));
#10272=DIRECTION('',(1.,0.,0.));
#10273=DIRECTION('',(0.,-1.,0.));
#10274=DIRECTION('',(0.,-1.,0.));
#10275=DIRECTION('',(1.,0.,0.));
#10276=DIRECTION('',(0.,-1.,0.));
#10277=DIRECTION('',(1.,0.,0.));
#10278=DIRECTION('',(0.,1.,0.));
#10279=DIRECTION('',(0.,-1.,0.));
#10280=DIRECTION('',(1.,0.,0.));
#10281=DIRECTION('',(0.,-1.,0.));
#10282=DIRECTION('',(1.,0.,0.));
#10283=DIRECTION('',(0.,1.,0.));
#10284=DIRECTION('',(1.,0.,0.));
#10285=DIRECTION('',(1.,0.,0.));
#10286=DIRECTION('',(1.,0.,0.));
#10287=DIRECTION('',(0.,-1.,0.));
#10288=DIRECTION('',(0.,-1.,0.));
#10289=DIRECTION('',(1.,0.,0.));
#10290=DIRECTION('',(0.,-1.,0.));
#10291=DIRECTION('',(0.,-1.,0.));
#10292=DIRECTION('',(1.,0.,0.));
#10293=DIRECTION('',(0.,-1.,0.));
#10294=DIRECTION('',(1.,0.,0.));
#10295=DIRECTION('',(0.,1.,0.));
#10296=DIRECTION('',(1.,0.,0.));
#10297=DIRECTION('',(1.,0.,0.));
#10298=DIRECTION('',(0.,1.,0.));
#10299=DIRECTION('',(1.,0.,0.));
#10300=DIRECTION('',(1.,0.,0.));
#10301=DIRECTION('',(0.,-1.,0.));
#10302=DIRECTION('',(0.,-1.,0.));
#10303=DIRECTION('',(1.,0.,0.));
#10304=DIRECTION('',(0.,-1.,0.));
#10305=DIRECTION('',(1.,0.,0.));
#10306=DIRECTION('',(0.,1.,0.));
#10307=DIRECTION('',(0.,-1.,0.));
#10308=DIRECTION('',(1.,0.,0.));
#10309=DIRECTION('',(0.,-1.,0.));
#10310=DIRECTION('',(1.,0.,0.));
#10311=DIRECTION('',(0.,1.,0.));
#10312=DIRECTION('',(1.,0.,0.));
#10313=DIRECTION('',(1.,0.,0.));
#10314=DIRECTION('',(1.,0.,0.));
#10315=DIRECTION('',(0.,-1.,0.));
#10316=DIRECTION('',(0.,-1.,0.));
#10317=DIRECTION('',(1.,0.,0.));
#10318=DIRECTION('',(0.,-1.,0.));
#10319=DIRECTION('',(0.,-1.,0.));
#10320=DIRECTION('',(1.,0.,0.));
#10321=DIRECTION('',(0.,-1.,0.));
#10322=DIRECTION('',(1.,0.,0.));
#10323=DIRECTION('',(0.,1.,0.));
#10324=DIRECTION('',(1.,0.,0.));
#10325=DIRECTION('',(1.,0.,0.));
#10326=DIRECTION('',(0.,1.,0.));
#10327=DIRECTION('',(1.,0.,0.));
#10328=DIRECTION('',(1.,0.,0.));
#10329=DIRECTION('',(0.,-1.,0.));
#10330=DIRECTION('',(0.,-1.,0.));
#10331=DIRECTION('',(1.,0.,0.));
#10332=DIRECTION('',(0.,-1.,0.));
#10333=DIRECTION('',(1.,0.,0.));
#10334=DIRECTION('',(0.,1.,0.));
#10335=DIRECTION('',(0.,-1.,0.));
#10336=DIRECTION('',(1.,0.,0.));
#10337=DIRECTION('',(0.,-1.,0.));
#10338=DIRECTION('',(1.,0.,0.));
#10339=DIRECTION('',(0.,1.,0.));
#10340=DIRECTION('',(1.,0.,0.));
#10341=DIRECTION('',(1.,0.,0.));
#10342=DIRECTION('',(1.,0.,0.));
#10343=DIRECTION('',(0.,-1.,0.));
#10344=DIRECTION('',(0.,-1.,0.));
#10345=DIRECTION('',(1.,0.,0.));
#10346=DIRECTION('',(0.,-1.,0.));
#10347=DIRECTION('',(0.,-1.,0.));
#10348=DIRECTION('',(1.,0.,0.));
#10349=DIRECTION('',(0.,-1.,0.));
#10350=DIRECTION('',(1.,0.,0.));
#10351=DIRECTION('',(0.,1.,0.));
#10352=DIRECTION('',(1.,0.,0.));
#10353=DIRECTION('',(1.,0.,0.));
#10354=DIRECTION('',(0.,1.,0.));
#10355=DIRECTION('',(1.,0.,0.));
#10356=DIRECTION('',(1.,0.,0.));
#10357=DIRECTION('',(0.,-1.,0.));
#10358=DIRECTION('',(0.,-1.,0.));
#10359=DIRECTION('',(1.,0.,0.));
#10360=DIRECTION('',(0.,-1.,0.));
#10361=DIRECTION('',(1.,0.,0.));
#10362=DIRECTION('',(0.,1.,0.));
#10363=DIRECTION('',(0.,-1.,0.));
#10364=DIRECTION('',(1.,0.,0.));
#10365=DIRECTION('',(0.,-1.,0.));
#10366=DIRECTION('',(1.,0.,0.));
#10367=DIRECTION('',(0.,1.,0.));
#10368=DIRECTION('',(1.,0.,0.));
#10369=DIRECTION('',(1.,0.,0.));
#10370=DIRECTION('',(1.,0.,0.));
#10371=DIRECTION('',(0.,-1.,0.));
#10372=DIRECTION('',(0.,-1.,0.));
#10373=DIRECTION('',(1.,0.,0.));
#10374=DIRECTION('',(0.,-1.,0.));
#10375=DIRECTION('',(0.,-1.,0.));
#10376=DIRECTION('',(0.,0.,1.));
#10377=DIRECTION('',(-1.,0.,0.));
#10378=DIRECTION('',(0.,1.,0.));
#10379=DIRECTION('',(-1.,0.,0.));
#10380=DIRECTION('',(0.,1.,0.));
#10381=DIRECTION('',(-1.,0.,0.));
#10382=DIRECTION('',(1.,0.,0.));
#10383=DIRECTION('',(0.,0.,1.));
#10384=DIRECTION('',(0.,1.,0.));
#10385=DIRECTION('',(0.,0.,1.));
#10386=DIRECTION('',(0.,0.,1.));
#10387=DIRECTION('',(0.,0.,-1.));
#10388=DIRECTION('',(1.,0.,0.));
#10389=DIRECTION('',(0.,1.,0.));
#10390=DIRECTION('',(1.,0.,0.));
#10391=DIRECTION('',(1.,0.,0.));
#10392=DIRECTION('',(-1.,0.,0.));
#10393=DIRECTION('',(0.,0.,-1.));
#10394=DIRECTION('',(0.,0.,-1.));
#10395=DIRECTION('',(0.,0.,-1.));
#10396=DIRECTION('',(0.,0.,1.));
#10397=DIRECTION('',(-1.,0.,0.));
#10398=DIRECTION('',(0.,1.,0.));
#10399=DIRECTION('',(-1.,0.,0.));
#10400=DIRECTION('',(0.,1.,0.));
#10401=DIRECTION('',(-1.,0.,0.));
#10402=DIRECTION('',(0.,-1.,0.));
#10403=DIRECTION('',(1.,0.,0.));
#10404=DIRECTION('',(0.,-1.,0.));
#10405=DIRECTION('',(0.967045938913947,0.,-0.254601948205513));
#10406=DIRECTION('',(0.,1.,0.));
#10407=DIRECTION('',(0.,-1.,0.));
#10408=DIRECTION('',(0.967045938913947,0.,-0.254601948205513));
#10409=DIRECTION('',(0.967045938913947,0.,-0.254601948205513));
#10410=DIRECTION('',(0.254601948205513,0.,0.967045938913947));
#10411=DIRECTION('',(0.254601948205513,0.,0.967045938913947));
#10412=DIRECTION('',(0.,1.,0.));
#10413=DIRECTION('',(0.254601948205513,0.,0.967045938913947));
#10414=DIRECTION('',(0.,-1.,0.));
#10415=DIRECTION('',(1.,0.,0.));
#10416=DIRECTION('',(0.,-1.,0.));
#10417=DIRECTION('',(0.,0.,-1.));
#10418=DIRECTION('',(0.,1.,0.));
#10419=DIRECTION('',(0.,-1.,0.));
#10420=DIRECTION('',(0.,0.,-1.));
#10421=DIRECTION('',(0.,0.,-1.));
#10422=DIRECTION('',(1.,0.,0.));
#10423=DIRECTION('',(1.,0.,0.));
#10424=DIRECTION('',(0.,1.,0.));
#10425=DIRECTION('',(1.,0.,0.));
#10426=DIRECTION('',(0.,-1.,0.));
#10427=DIRECTION('',(1.,0.,0.));
#10428=DIRECTION('',(0.,-1.,0.));
#10429=DIRECTION('',(-0.967045938913947,0.,-0.254601948205513));
#10430=DIRECTION('',(0.,1.,0.));
#10431=DIRECTION('',(0.,-1.,0.));
#10432=DIRECTION('',(-0.967045938913947,0.,-0.254601948205513));
#10433=DIRECTION('',(-0.967045938913947,0.,-0.254601948205513));
#10434=DIRECTION('',(0.254601948205513,0.,-0.967045938913947));
#10435=DIRECTION('',(0.254601948205513,0.,-0.967045938913947));
#10436=DIRECTION('',(0.,1.,0.));
#10437=DIRECTION('',(0.254601948205513,0.,-0.967045938913947));
#10438=DIRECTION('',(0.,-1.,0.));
#10439=DIRECTION('',(1.,0.,0.));
#10440=DIRECTION('',(0.,1.,0.));
#10441=DIRECTION('',(-1.,0.,0.));
#10442=DIRECTION('',(0.,-1.,0.));
#10443=DIRECTION('',(1.,0.,0.));
#10444=DIRECTION('',(0.,1.,0.));
#10445=DIRECTION('',(1.,0.,0.));
#10446=DIRECTION('',(0.,1.,0.));
#10447=DIRECTION('',(0.,1.,0.));
#10448=DIRECTION('',(-0.707106781186548,0.,-0.707106781186548));
#10449=DIRECTION('',(0.,1.,0.));
#10450=DIRECTION('',(0.,1.,0.));
#10451=DIRECTION('',(-0.707106781186548,0.,-0.707106781186548));
#10452=DIRECTION('',(-0.707106781186548,0.,-0.707106781186548));
#10453=DIRECTION('',(-0.707106781186548,0.,0.707106781186548));
#10454=DIRECTION('',(-0.707106781186548,0.,0.707106781186548));
#10455=DIRECTION('',(0.,1.,0.));
#10456=DIRECTION('',(-0.707106781186548,0.,0.707106781186548));
#10457=DIRECTION('',(0.764227642276391,0.644946595293493,0.));
#10458=DIRECTION('',(-0.644946595293493,0.764227642276391,0.));
#10459=DIRECTION('',(0.,0.,1.));
#10460=DIRECTION('',(0.644946595293493,-0.764227642276391,0.));
#10461=DIRECTION('',(0.,0.,1.));
#10462=DIRECTION('',(0.644946595293493,-0.764227642276391,0.));
#10463=DIRECTION('',(0.,0.,1.));
#10464=DIRECTION('',(1.,0.,0.));
#10465=DIRECTION('',(0.,0.,-1.));
#10466=DIRECTION('',(-0.644946595293493,-0.764227642276391,0.));
#10467=DIRECTION('',(0.,0.,-1.));
#10468=DIRECTION('',(-0.644946595293493,-0.764227642276391,0.));
#10469=DIRECTION('',(0.,0.,-1.));
#10470=DIRECTION('',(0.764227642276391,-0.644946595293493,0.));
#10471=DIRECTION('',(0.644946595293493,0.764227642276391,0.));
#10472=DIRECTION('',(0.,0.,1.));
#10473=DIRECTION('',(-0.644946595293493,-0.764227642276391,0.));
#10474=DIRECTION('',(-0.644946595293493,-0.764227642276391,0.));
#10475=DIRECTION('',(0.,0.,1.));
#10476=DIRECTION('',(1.,0.,0.));
#10477=DIRECTION('',(0.,0.,-1.));
#10478=DIRECTION('',(-0.644946595293493,-0.764227642276391,0.));
#10479=DIRECTION('',(0.,0.,-1.));
#10480=DIRECTION('',(-0.644946595293493,-0.764227642276391,0.));
#10481=DIRECTION('',(0.,0.,1.));
#10482=DIRECTION('',(1.,0.,0.));
#10483=DIRECTION('',(0.,0.,1.));
#10484=DIRECTION('',(0.,0.,-1.));
#10485=DIRECTION('',(0.644946595293493,0.764227642276391,0.));
#10486=DIRECTION('',(0.,0.,1.));
#10487=DIRECTION('',(0.,0.,-1.));
#10488=DIRECTION('',(0.644946595293493,0.764227642276391,0.));
#10489=DIRECTION('',(0.764227642276391,0.644946595293493,0.));
#10490=DIRECTION('',(-0.644946595293493,0.764227642276391,0.));
#10491=DIRECTION('',(0.,0.,1.));
#10492=DIRECTION('',(-0.644946595293493,0.764227642276391,0.));
#10493=DIRECTION('',(-0.644946595293493,0.764227642276391,0.));
#10494=DIRECTION('',(0.,0.,1.));
#10495=DIRECTION('',(1.,0.,0.));
#10496=DIRECTION('',(0.,0.,-1.));
#10497=DIRECTION('',(0.644946595293493,0.764227642276391,0.));
#10498=DIRECTION('',(0.,0.,-1.));
#10499=DIRECTION('',(0.644946595293493,0.764227642276391,0.));
#10500=DIRECTION('',(0.,0.,-1.));
#10501=DIRECTION('',(0.764227642276391,-0.644946595293493,0.));
#10502=DIRECTION('',(0.644946595293493,0.764227642276391,0.));
#10503=DIRECTION('',(0.644946595293493,0.764227642276391,0.));
#10504=DIRECTION('',(0.644946595293493,0.764227642276391,0.));
#10505=DIRECTION('',(0.,0.,1.));
#10506=DIRECTION('',(1.,0.,0.));
#10507=DIRECTION('',(0.,0.,1.));
#10508=DIRECTION('',(0.644946595293493,-0.764227642276391,0.));
#10509=DIRECTION('',(0.,0.,1.));
#10510=DIRECTION('',(0.,0.,-1.));
#10511=DIRECTION('',(0.644946595293493,0.764227642276391,0.));
#10512=DIRECTION('',(0.,0.,1.));
#10513=DIRECTION('',(0.764227642276391,0.644946595293493,0.));
#10514=DIRECTION('',(-0.644946595293493,0.764227642276391,0.));
#10515=DIRECTION('',(-0.644946595293493,0.764227642276391,0.));
#10516=DIRECTION('',(-0.644946595293493,0.764227642276391,0.));
#10517=DIRECTION('',(0.,0.,1.));
#10518=DIRECTION('',(0.,0.,1.));
#10519=DIRECTION('',(1.,0.,0.));
#10520=DIRECTION('',(0.,0.,-1.));
#10521=DIRECTION('',(0.644946595293493,0.764227642276391,0.));
#10522=DIRECTION('',(0.,0.,-1.));
#10523=DIRECTION('',(0.644946595293493,0.764227642276391,0.));
#10524=DIRECTION('',(0.,0.,1.));
#10525=DIRECTION('',(0.764227642276391,-0.644946595293493,0.));
#10526=DIRECTION('',(0.644946595293493,0.764227642276391,0.));
#10527=DIRECTION('',(0.644946595293493,0.764227642276391,0.));
#10528=DIRECTION('',(0.644946595293493,0.764227642276391,0.));
#10529=DIRECTION('',(0.,0.,1.));
#10530=DIRECTION('',(1.,0.,0.));
#10531=DIRECTION('',(0.,0.,1.));
#10532=DIRECTION('',(-0.644946595293493,0.764227642276391,0.));
#10533=DIRECTION('',(0.,0.,1.));
#10534=DIRECTION('',(0.,0.,-1.));
#10535=DIRECTION('',(-0.644946595293493,-0.764227642276391,0.));
#10536=DIRECTION('',(0.,0.,1.));
#10537=DIRECTION('',(0.764227642276391,-0.644946595293493,0.));
#10538=DIRECTION('',(0.644946595293493,0.764227642276391,0.));
#10539=DIRECTION('',(-0.644946595293493,-0.764227642276391,0.));
#10540=DIRECTION('',(-0.644946595293493,-0.764227642276391,0.));
#10541=DIRECTION('',(0.,0.,1.));
#10542=DIRECTION('',(0.,0.,1.));
#10543=DIRECTION('',(1.,0.,0.));
#10544=DIRECTION('',(0.,0.,1.));
#10545=DIRECTION('',(1.,0.,0.));
#10546=DIRECTION('',(0.,0.,1.));
#10547=DIRECTION('',(1.,0.,0.));
#10548=DIRECTION('',(0.,0.,1.));
#10549=DIRECTION('',(1.,0.,0.));
#10550=DIRECTION('',(0.644946595293493,-0.764227642276391,0.));
#10551=DIRECTION('',(0.,0.,-1.));
#10552=DIRECTION('',(-0.644946595293493,-0.764227642276391,0.));
#10553=DIRECTION('',(0.764227642276391,0.644946595293493,0.));
#10554=DIRECTION('',(-0.644946595293493,0.764227642276391,0.));
#10555=DIRECTION('',(0.644946595293493,-0.764227642276391,0.));
#10556=DIRECTION('',(0.,0.,1.));
#10557=DIRECTION('',(0.,0.,1.));
#10558=DIRECTION('',(1.,0.,0.));
#10559=DIRECTION('',(0.,0.,-1.));
#10560=DIRECTION('',(-0.644946595293493,-0.764227642276391,0.));
#10561=DIRECTION('',(0.,1.,0.));
#10562=DIRECTION('',(-1.,0.,0.));
#10563=DIRECTION('',(0.,-1.,0.));
#10564=DIRECTION('',(0.,1.,0.));
#10565=DIRECTION('',(1.,0.,0.));
#10566=DIRECTION('',(0.,-1.,0.));
#10567=DIRECTION('',(0.,1.,0.));
#10568=DIRECTION('',(1.,0.,0.));
#10569=DIRECTION('',(-1.,0.,0.));
#10570=DIRECTION('',(0.,0.,1.));
#10571=DIRECTION('',(0.,0.,-1.));
#10572=DIRECTION('',(0.,-1.,0.));
#10573=DIRECTION('',(0.,0.,1.));
#10574=DIRECTION('',(0.,0.,-1.));
#10575=DIRECTION('',(0.,0.,1.));
#10576=DIRECTION('',(0.,0.,-1.));
#10577=DIRECTION('',(0.,-1.,0.));
#10578=DIRECTION('',(0.,-1.,0.));
#10579=DIRECTION('',(1.,0.,0.));
#10580=DIRECTION('',(0.,-1.,0.));
#10581=DIRECTION('',(1.,0.,0.));
#10582=DIRECTION('',(0.,-1.,0.));
#10583=DIRECTION('',(1.,0.,0.));
#10584=DIRECTION('',(0.,-1.,0.));
#10585=DIRECTION('',(-1.,0.,0.));
#10586=DIRECTION('',(-1.,0.,0.));
#10587=DIRECTION('',(0.,0.,1.));
#10588=DIRECTION('',(0.,0.,-1.));
#10589=DIRECTION('',(0.,0.,1.));
#10590=DIRECTION('',(0.,0.,-1.));
#10591=DIRECTION('',(0.,-1.,0.));
#10592=DIRECTION('',(0.,0.,1.));
#10593=DIRECTION('',(1.,0.,0.));
#10594=DIRECTION('',(0.,1.,0.));
#10595=DIRECTION('',(1.,0.,0.));
#10596=DIRECTION('',(0.,1.,0.));
#10597=DIRECTION('',(1.,0.,0.));
#10598=DIRECTION('',(1.,0.,0.));
#10599=DIRECTION('',(0.,-1.,0.));
#10600=DIRECTION('',(1.,0.,0.));
#10601=DIRECTION('',(0.,0.,1.));
#10602=DIRECTION('',(1.,0.,0.));
#10603=DIRECTION('',(0.,0.,-1.));
#10604=DIRECTION('',(0.,0.,-1.));
#10605=DIRECTION('',(0.,0.,1.));
#10606=DIRECTION('',(0.,-1.,0.));
#10607=DIRECTION('',(1.,0.,0.));
#10608=DIRECTION('',(1.,0.,0.));
#10609=DIRECTION('',(0.,-1.,0.));
#10610=DIRECTION('',(1.,0.,0.));
#10611=DIRECTION('',(0.,-1.,0.));
#10612=DIRECTION('',(1.,0.,0.));
#10613=DIRECTION('',(1.,0.,0.));
#10614=DIRECTION('',(0.,1.,0.));
#10615=DIRECTION('',(0.,0.,1.));
#10616=DIRECTION('',(0.,0.,-1.));
#10617=DIRECTION('',(1.,0.,0.));
#10618=DIRECTION('',(0.,-1.,0.));
#10619=DIRECTION('',(0.,1.,0.));
#10620=DIRECTION('',(0.,0.,1.));
#10621=DIRECTION('',(0.,0.,1.));
#10622=DIRECTION('',(1.,0.,0.));
#10623=DIRECTION('',(0.,0.,-1.));
#10624=DIRECTION('',(1.,0.,0.));
#10625=DIRECTION('',(0.,0.,1.));
#10626=DIRECTION('',(1.,0.,0.));
#10627=DIRECTION('',(0.,0.,-1.));
#10628=DIRECTION('',(-1.,0.,0.));
#10629=DIRECTION('',(0.,-1.,0.));
#10630=DIRECTION('',(0.,-1.,0.));
#10631=DIRECTION('',(0.,0.,-1.));
#10632=DIRECTION('',(0.,1.,0.));
#10633=DIRECTION('',(1.,0.,0.));
#10634=DIRECTION('',(0.,-1.,0.));
#10635=DIRECTION('',(0.,0.,1.));
#10636=DIRECTION('',(1.,0.,0.));
#10637=DIRECTION('',(0.,0.,1.));
#10638=DIRECTION('',(0.,-1.,0.));
#10639=DIRECTION('',(0.,0.,-1.));
#10640=DIRECTION('',(0.,0.,1.));
#10641=DIRECTION('',(-0.727272727272721,0.68634858502462,0.));
#10642=DIRECTION('',(0.,0.,1.));
#10643=DIRECTION('',(1.,0.,0.));
#10644=DIRECTION('',(0.,0.,-1.));
#10645=DIRECTION('',(0.,-1.,0.));
#10646=DIRECTION('',(-2.331176954593E-14,2.331176954593E-14,-1.));
#10647=DIRECTION('',(0.,0.,1.));
#10648=DIRECTION('',(0.727272727272721,-0.68634858502462,0.));
#10649=DIRECTION('',(0.,0.,1.));
#10650=DIRECTION('',(1.,0.,0.));
#10651=DIRECTION('',(0.,0.,1.));
#10652=DIRECTION('',(0.,-1.,0.));
#10653=DIRECTION('',(2.331176954593E-14,2.331176954593E-14,-1.));
#10654=DIRECTION('',(0.,0.,1.));
#10655=DIRECTION('',(-1.,-5.594824691024E-14,0.));
#10656=DIRECTION('',(-1.,0.,0.));
#10657=DIRECTION('',(0.,-1.,0.));
#10658=DIRECTION('',(0.,-1.,0.));
#10659=DIRECTION('',(0.,-1.,0.));
#10660=DIRECTION('',(0.,0.,1.));
#10661=DIRECTION('',(0.,0.,1.));
#10662=DIRECTION('',(1.,0.,0.));
#10663=DIRECTION('',(1.165588477297E-14,1.165588477297E-14,-1.));
#10664=DIRECTION('',(0.,0.,-1.));
#10665=DIRECTION('',(0.,-1.,0.));
#10666=DIRECTION('',(0.,0.,-1.));
#10667=DIRECTION('',(0.,0.,1.));
#10668=DIRECTION('',(-0.727272727272721,0.68634858502462,0.));
#10669=DIRECTION('',(0.,0.,1.));
#10670=DIRECTION('',(1.,0.,0.));
#10671=DIRECTION('',(0.,5.827942386484E-14,-1.));
#10672=DIRECTION('',(0.,0.,1.));
#10673=DIRECTION('',(0.,-1.,0.));
#10674=DIRECTION('',(0.,0.,1.));
#10675=DIRECTION('',(0.727272727272721,-0.68634858502462,0.));
#10676=DIRECTION('',(1.,0.,0.));
#10677=DIRECTION('',(0.,1.,0.));
#10678=DIRECTION('',(0.,1.,0.));
#10679=DIRECTION('',(0.,-1.,0.));
#10680=DIRECTION('',(0.,0.,1.));
#10681=DIRECTION('',(0.,1.,0.));
#10682=DIRECTION('',(0.,0.,1.));
#10683=DIRECTION('',(1.,0.,0.));
#10684=DIRECTION('',(1.,0.,0.));
#10685=DIRECTION('',(0.,0.,1.));
#10686=DIRECTION('',(0.,-1.,0.));
#10687=DIRECTION('',(0.,0.,1.));
#10688=DIRECTION('',(1.,0.,0.));
#10689=DIRECTION('',(0.,1.,0.));
#10690=DIRECTION('',(0.,0.,1.));
#10691=DIRECTION('',(1.,0.,0.));
#10692=DIRECTION('',(0.,0.,1.));
#10693=DIRECTION('',(0.,-1.,0.));
#10694=DIRECTION('',(0.,0.,-1.));
#10695=DIRECTION('',(1.,0.,0.));
#10696=DIRECTION('',(0.,1.,0.));
#10697=DIRECTION('',(0.,1.,0.));
#10698=DIRECTION('',(1.,0.,0.));
#10699=DIRECTION('',(0.,1.,0.));
#10700=DIRECTION('',(1.,0.,0.));
#10701=DIRECTION('',(0.,1.,0.));
#10702=DIRECTION('',(1.,0.,0.));
#10703=DIRECTION('',(0.,-1.,0.));
#10704=DIRECTION('',(1.,0.,0.));
#10705=DIRECTION('',(1.,0.,0.));
#10706=DIRECTION('',(1.,0.,0.));
#10707=DIRECTION('',(0.,1.,0.));
#10708=DIRECTION('',(0.,0.,1.));
#10709=DIRECTION('',(0.,-1.,0.));
#10710=DIRECTION('',(0.,0.,1.));
#10711=DIRECTION('',(0.,0.,-1.));
#10712=DIRECTION('',(0.,0.,1.));
#10713=DIRECTION('',(1.,0.,0.));
#10714=DIRECTION('',(0.,0.,1.));
#10715=DIRECTION('',(1.,0.,0.));
#10716=DIRECTION('',(0.,0.,1.));
#10717=DIRECTION('',(0.,-1.,0.));
#10718=DIRECTION('',(0.,0.,1.));
#10719=DIRECTION('',(0.,-1.,0.));
#10720=DIRECTION('',(0.,0.,1.));
#10721=DIRECTION('',(0.,-1.,0.));
#10722=DIRECTION('',(0.,0.,1.));
#10723=DIRECTION('',(0.,0.,1.));
#10724=DIRECTION('',(0.,0.,-1.));
#10725=DIRECTION('',(1.,0.,0.));
#10726=DIRECTION('',(0.,-1.,0.));
#10727=DIRECTION('',(1.,0.,0.));
#10728=DIRECTION('',(1.,0.,0.));
#10729=DIRECTION('',(-1.,0.,0.));
#10730=DIRECTION('',(0.,0.,-1.));
#10731=DIRECTION('',(0.,0.,1.));
#10732=DIRECTION('',(0.,-1.,0.));
#10733=DIRECTION('',(0.,0.,-1.));
#10734=DIRECTION('',(0.,-1.,0.));
#10735=DIRECTION('',(0.,0.,1.));
#10736=DIRECTION('',(0.,0.,1.));
#10737=DIRECTION('',(-1.,0.,0.));
#10738=DIRECTION('',(0.,0.,-1.));
#10739=DIRECTION('',(0.,-1.,0.));
#10740=DIRECTION('',(0.,0.,-1.));
#10741=DIRECTION('',(0.,-1.,0.));
#10742=DIRECTION('',(0.,0.,-1.));
#10743=DIRECTION('',(0.,-1.,0.));
#10744=DIRECTION('',(1.,0.,0.));
#10745=DIRECTION('',(0.,-1.,0.));
#10746=DIRECTION('',(0.,0.,1.));
#10747=DIRECTION('',(0.,-1.,0.));
#10748=DIRECTION('',(0.,-1.,0.));
#10749=DIRECTION('',(0.,0.,1.));
#10750=DIRECTION('',(0.,0.,1.));
#10751=DIRECTION('',(-1.,0.,0.));
#10752=DIRECTION('',(-1.,0.,0.));
#10753=DIRECTION('',(0.,-1.,0.));
#10754=DIRECTION('',(-1.,0.,0.));
#10755=DIRECTION('',(0.,-1.,0.));
#10756=DIRECTION('',(1.,0.,0.));
#10757=DIRECTION('',(0.,-1.,0.));
#10758=DIRECTION('',(1.,0.,2.331176954594E-14));
#10759=DIRECTION('',(0.,-1.,0.));
#10760=DIRECTION('',(0.,-1.,0.));
#10761=DIRECTION('',(1.,0.,2.331176954594E-14));
#10762=DIRECTION('',(1.,0.,0.));
#10763=DIRECTION('',(0.,0.,1.));
#10764=DIRECTION('',(0.,0.,1.));
#10765=DIRECTION('',(0.,-1.,0.));
#10766=DIRECTION('',(0.,0.,1.));
#10767=DIRECTION('',(0.,-1.,0.));
#10768=DIRECTION('',(1.,0.,0.));
#10769=DIRECTION('',(0.,-1.,6.993530863782E-14));
#10770=DIRECTION('',(0.,-1.,0.));
#10771=DIRECTION('',(0.583333333333318,0.,-0.812232862067425));
#10772=DIRECTION('',(0.,-1.,0.));
#10773=DIRECTION('',(0.,0.,-1.));
#10774=DIRECTION('',(0.,-1.,0.));
#10775=DIRECTION('',(0.,-1.,0.));
#10776=DIRECTION('',(0.,0.,-1.));
#10777=DIRECTION('',(0.,0.,-1.));
#10778=DIRECTION('',(1.,0.,0.));
#10779=DIRECTION('',(1.,0.,0.));
#10780=DIRECTION('',(1.,0.,0.));
#10781=DIRECTION('',(1.,0.,0.));
#10782=DIRECTION('',(0.,-1.,0.));
#10783=DIRECTION('',(1.,0.,0.));
#10784=DIRECTION('',(0.,-1.,0.));
#10785=DIRECTION('',(1.,0.,0.));
#10786=DIRECTION('',(1.,0.,0.));
#10787=DIRECTION('',(0.,0.,1.));
#10788=DIRECTION('',(0.,-1.,0.));
#10789=DIRECTION('',(1.,0.,0.));
#10790=DIRECTION('',(0.,0.,-1.));
#10791=DIRECTION('',(1.,0.,0.));
#10792=DIRECTION('',(0.,-1.,0.));
#10793=DIRECTION('',(-0.583333333333318,0.,-0.812232862067425));
#10794=DIRECTION('',(0.,-1.,0.));
#10795=DIRECTION('',(1.,0.,0.));
#10796=DIRECTION('',(0.,-1.,0.));
#10797=DIRECTION('',(-1.,0.,-2.331176954594E-14));
#10798=DIRECTION('',(0.,-1.,0.));
#10799=DIRECTION('',(-1.,0.,-2.331176954594E-14));
#10800=DIRECTION('',(0.,-1.,0.));
#10801=DIRECTION('',(1.,0.,0.));
#10802=DIRECTION('',(0.,1.,0.));
#10803=DIRECTION('',(0.,1.,0.));
#10804=DIRECTION('',(0.,0.,-1.));
#10805=DIRECTION('',(0.,-1.,0.));
#10806=DIRECTION('',(0.,0.,-1.));
#10807=DIRECTION('',(0.,-1.,0.));
#10808=DIRECTION('',(0.,0.,1.));
#10809=DIRECTION('',(0.,-1.,0.));
#10810=DIRECTION('',(0.,0.,1.));
#10811=DIRECTION('',(0.,-1.,0.));
#10812=DIRECTION('',(0.,0.,-1.));
#10813=DIRECTION('',(0.,-1.,0.));
#10814=DIRECTION('',(0.,0.,1.));
#10815=DIRECTION('',(1.,0.,0.));
#10816=DIRECTION('',(0.,0.,1.));
#10817=DIRECTION('',(0.,0.938862048414436,0.344293557951713));
#10818=DIRECTION('',(0.,-0.344293557951713,0.938862048414436));
#10819=DIRECTION('',(1.,0.,0.));
#10820=DIRECTION('',(0.,-0.344293557951713,0.938862048414436));
#10821=DIRECTION('',(1.,0.,0.));
#10822=DIRECTION('',(0.,-0.344293557951713,0.938862048414436));
#10823=DIRECTION('',(0.,0.,1.));
#10824=DIRECTION('',(1.,0.,0.));
#10825=DIRECTION('',(1.,0.,0.));
#10826=DIRECTION('',(0.,1.,0.));
#10827=DIRECTION('',(1.,0.,0.));
#10828=DIRECTION('',(0.,1.,0.));
#10829=DIRECTION('',(0.988955089028457,0.,0.148215491378994));
#10830=DIRECTION('',(0.148215491378994,0.,-0.988955089028457));
#10831=DIRECTION('',(0.,1.,0.));
#10832=DIRECTION('',(0.148215491378994,0.,-0.988955089028457));
#10833=DIRECTION('',(0.148215491378994,0.,-0.988955089028457));
#10834=DIRECTION('',(1.,0.,0.));
#10835=DIRECTION('',(0.,0.,-1.));
#10836=DIRECTION('',(0.,1.,0.));
#10837=DIRECTION('',(0.,0.,-1.));
#10838=DIRECTION('',(0.,0.,-1.));
#10839=DIRECTION('',(0.,1.,0.));
#10840=DIRECTION('',(-1.,0.,0.));
#10841=DIRECTION('',(-1.,0.,0.));
#10842=DIRECTION('',(0.,0.,1.));
#10843=DIRECTION('',(0.148215491378994,0.,0.988955089028457));
#10844=DIRECTION('',(1.,0.,0.));
#10845=DIRECTION('',(0.,0.,-1.));
#10846=DIRECTION('',(0.,1.,0.));
#10847=DIRECTION('',(-1.,0.,0.));
#10848=DIRECTION('',(-1.,0.,0.));
#10849=DIRECTION('',(0.,0.,-1.));
#10850=DIRECTION('',(-1.,0.,0.));
#10851=DIRECTION('',(0.,0.,1.));
#10852=DIRECTION('',(0.,1.,0.));
#10853=DIRECTION('',(0.,1.,0.));
#10854=DIRECTION('',(0.,0.,1.));
#10855=DIRECTION('',(-0.988955089028457,0.,0.148215491378994));
#10856=DIRECTION('',(0.148215491378994,0.,0.988955089028457));
#10857=DIRECTION('',(0.,1.,0.));
#10858=DIRECTION('',(0.148215491378994,0.,0.988955089028457));
#10859=DIRECTION('',(0.,0.,1.));
#10860=DIRECTION('',(1.,0.,0.));
#10861=DIRECTION('',(1.,0.,0.));
#10862=DIRECTION('',(0.,1.,0.));
#10863=DIRECTION('',(-1.,0.,0.));
#10864=DIRECTION('',(0.,-1.,0.));
#10865=DIRECTION('',(0.,-1.,0.));
#10866=DIRECTION('',(0.,1.,0.));
#10867=DIRECTION('',(0.,0.,1.));
#10868=DIRECTION('',(0.,-1.,0.));
#10869=DIRECTION('',(0.,0.,-1.));
#10870=DIRECTION('',(0.,0.,1.));
#10871=DIRECTION('',(0.,-1.,0.));
#10872=DIRECTION('',(1.,0.,0.));
#10873=DIRECTION('',(0.,-1.,0.));
#10874=DIRECTION('',(1.,0.,0.));
#10875=DIRECTION('',(0.,-1.,0.));
#10876=DIRECTION('',(0.,-1.,0.));
#10877=DIRECTION('',(0.,0.,1.));
#10878=DIRECTION('',(-1.,0.,0.));
#10879=DIRECTION('',(0.,0.,-1.));
#10880=DIRECTION('',(0.,0.,1.));
#10881=DIRECTION('',(0.,0.,-1.));
#10882=DIRECTION('',(0.,-1.,0.));
#10883=DIRECTION('',(-1.,0.,0.));
#10884=DIRECTION('',(0.,1.,0.));
#10885=DIRECTION('',(0.,1.,0.));
#10886=DIRECTION('',(-1.,0.,0.));
#10887=DIRECTION('',(0.,-1.,0.));
#10888=DIRECTION('',(-1.,0.,0.));
#10889=DIRECTION('',(1.,0.,0.));
#10890=DIRECTION('',(0.,0.,-1.));
#10891=DIRECTION('',(0.,0.,-1.));
#10892=DIRECTION('',(0.,0.,-1.));
#10893=DIRECTION('',(0.,0.,-1.));
#10894=DIRECTION('',(0.,0.,1.));
#10895=DIRECTION('',(0.,-1.,0.));
#10896=DIRECTION('',(0.,0.,1.));
#10897=DIRECTION('',(1.,0.,0.));
#10898=DIRECTION('',(0.,0.,1.));
#10899=DIRECTION('',(0.,-1.,0.));
#10900=DIRECTION('',(-1.,0.,0.));
#10901=DIRECTION('',(0.,-1.,0.));
#10902=DIRECTION('',(1.,0.,0.));
#10903=DIRECTION('',(0.,-1.,0.));
#10904=DIRECTION('',(-1.,0.,0.));
#10905=DIRECTION('',(1.,0.,0.));
#10906=DIRECTION('',(0.,1.,0.));
#10907=DIRECTION('',(0.,0.,1.));
#10908=DIRECTION('',(0.,0.,1.));
#10909=DIRECTION('',(1.,0.,0.));
#10910=DIRECTION('',(0.,1.,0.));
#10911=DIRECTION('',(0.,0.,1.));
#10912=DIRECTION('',(1.,0.,0.));
#10913=DIRECTION('',(0.,0.,-1.));
#10914=DIRECTION('',(0.,0.,-1.));
#10915=DIRECTION('',(1.,0.,0.));
#10916=DIRECTION('',(0.,1.,0.));
#10917=DIRECTION('',(1.,0.,0.));
#10918=DIRECTION('',(0.,1.,0.));
#10919=DIRECTION('',(1.,0.,0.));
#10920=DIRECTION('',(1.,0.,0.));
#10921=DIRECTION('',(0.,-1.,0.));
#10922=DIRECTION('',(1.,0.,0.));
#10923=DIRECTION('',(0.,1.,0.));
#10924=DIRECTION('',(0.,0.,1.));
#10925=DIRECTION('',(1.,0.,0.));
#10926=DIRECTION('',(0.,0.,-1.));
#10927=DIRECTION('',(1.,0.,0.));
#10928=DIRECTION('',(0.,0.,-1.));
#10929=DIRECTION('',(0.,0.,1.));
#10930=DIRECTION('',(1.,0.,0.));
#10931=DIRECTION('',(0.,0.,-1.));
#10932=DIRECTION('',(-1.,0.,0.));
#10933=DIRECTION('',(0.,-1.,0.));
#10934=DIRECTION('',(0.,-1.,0.));
#10935=DIRECTION('',(0.,0.,-1.));
#10936=DIRECTION('',(0.,1.,0.));
#10937=DIRECTION('',(1.,0.,0.));
#10938=DIRECTION('',(0.,-1.,0.));
#10939=DIRECTION('',(0.,0.,1.));
#10940=DIRECTION('',(1.,0.,0.));
#10941=DIRECTION('',(0.,0.,1.));
#10942=DIRECTION('',(0.,-1.,0.));
#10943=DIRECTION('',(0.,0.,-1.));
#10944=DIRECTION('',(0.,0.,1.));
#10945=DIRECTION('',(0.,-1.,0.));
#10946=DIRECTION('',(0.,0.,1.));
#10947=DIRECTION('',(1.,0.,0.));
#10948=DIRECTION('',(0.,0.,-1.));
#10949=DIRECTION('',(0.,-1.,0.));
#10950=DIRECTION('',(-1.165588477297E-14,0.,-1.));
#10951=DIRECTION('',(0.,0.,1.));
#10952=DIRECTION('',(0.,-1.,0.));
#10953=DIRECTION('',(0.,0.,1.));
#10954=DIRECTION('',(1.,0.,0.));
#10955=DIRECTION('',(0.,0.,1.));
#10956=DIRECTION('',(0.,-1.,0.));
#10957=DIRECTION('',(0.,0.,-1.));
#10958=DIRECTION('',(0.,0.,1.));
#10959=DIRECTION('',(0.,-1.,0.));
#10960=DIRECTION('',(-1.,0.,0.));
#10961=DIRECTION('',(0.,-1.,0.));
#10962=DIRECTION('',(0.,-1.,0.));
#10963=DIRECTION('',(0.,-1.,0.));
#10964=DIRECTION('',(0.,0.,1.));
#10965=DIRECTION('',(0.,1.,0.));
#10966=DIRECTION('',(0.,0.,1.));
#10967=DIRECTION('',(1.,0.,0.));
#10968=DIRECTION('',(-1.,0.,0.));
#10969=DIRECTION('',(0.,0.,1.));
#10970=DIRECTION('',(1.,0.,0.));
#10971=DIRECTION('',(0.,1.,0.));
#10972=DIRECTION('',(0.,1.,0.));
#10973=DIRECTION('',(0.,-3.49676543189E-14,-1.));
#10974=DIRECTION('',(0.,-1.,0.));
#10975=DIRECTION('',(0.,0.,1.));
#10976=DIRECTION('',(1.,0.,0.));
#10977=DIRECTION('',(0.,0.,1.));
#10978=DIRECTION('',(0.,-1.,0.));
#10979=DIRECTION('',(0.,0.,-1.));
#10980=DIRECTION('',(0.,0.,1.));
#10981=DIRECTION('',(0.,-1.,0.));
#10982=DIRECTION('',(0.,0.,1.));
#10983=DIRECTION('',(1.,0.,0.));
#10984=DIRECTION('',(0.,0.,-1.));
#10985=DIRECTION('',(0.,-1.,0.));
#10986=DIRECTION('',(0.,0.,-1.));
#10987=DIRECTION('',(0.,0.,1.));
#10988=DIRECTION('',(0.,-1.,0.));
#10989=DIRECTION('',(0.,0.,1.));
#10990=DIRECTION('',(0.,-1.,0.));
#10991=DIRECTION('',(0.,0.,1.));
#10992=DIRECTION('',(0.,-1.,0.));
#10993=DIRECTION('',(0.,1.,0.));
#10994=DIRECTION('',(0.,0.,1.));
#10995=DIRECTION('',(1.,0.,0.));
#10996=DIRECTION('',(0.,0.,1.));
#10997=DIRECTION('',(0.,-1.,0.));
#10998=DIRECTION('',(0.,0.,-1.));
#10999=DIRECTION('',(1.,0.,0.));
#11000=DIRECTION('',(0.,1.,0.));
#11001=DIRECTION('',(0.,1.,0.));
#11002=DIRECTION('',(1.,0.,0.));
#11003=DIRECTION('',(0.,1.,0.));
#11004=DIRECTION('',(1.,0.,0.));
#11005=DIRECTION('',(0.,1.,0.));
#11006=DIRECTION('',(1.,0.,0.));
#11007=DIRECTION('',(1.,0.,0.));
#11008=DIRECTION('',(1.,0.,0.));
#11009=DIRECTION('',(0.,1.,0.));
#11010=DIRECTION('',(1.,0.,0.));
#11011=DIRECTION('',(0.,1.,0.));
#11012=DIRECTION('',(0.,0.,1.));
#11013=DIRECTION('',(0.,-1.,0.));
#11014=DIRECTION('',(0.,0.,1.));
#11015=DIRECTION('',(0.,0.,-1.));
#11016=DIRECTION('',(-1.,0.,0.));
#11017=DIRECTION('',(0.,0.,-1.));
#11018=DIRECTION('',(1.,0.,0.));
#11019=DIRECTION('',(0.,1.,0.));
#11020=DIRECTION('',(0.,1.,0.));
#11021=DIRECTION('',(0.,0.,1.));
#11022=DIRECTION('',(0.,1.,0.));
#11023=DIRECTION('',(0.,0.,-1.));
#11024=DIRECTION('',(0.,1.,0.));
#11025=DIRECTION('',(-1.,0.,0.));
#11026=DIRECTION('',(-1.,0.,0.));
#11027=DIRECTION('',(0.,1.,0.));
#11028=DIRECTION('',(-1.,0.,0.));
#11029=DIRECTION('',(-1.,0.,0.));
#11030=DIRECTION('',(0.,0.,1.));
#11031=DIRECTION('',(-1.,0.,0.));
#11032=DIRECTION('',(0.,1.,0.));
#11033=DIRECTION('',(1.,0.,0.));
#11034=DIRECTION('',(0.,0.,1.));
#11035=DIRECTION('',(-1.,0.,0.));
#11036=DIRECTION('',(1.,0.,0.));
#11037=DIRECTION('',(0.,-1.,0.));
#11038=DIRECTION('',(-1.,0.,0.));
#11039=DIRECTION('',(-1.,0.,0.));
#11040=DIRECTION('',(0.,0.,1.));
#11041=DIRECTION('',(-1.,0.,0.));
#11042=DIRECTION('',(0.,0.,1.));
#11043=DIRECTION('',(-1.,0.,0.));
#11044=DIRECTION('',(0.,1.,0.));
#11045=DIRECTION('',(0.,0.,-1.));
#11046=DIRECTION('',(0.,0.,1.));
#11047=DIRECTION('',(0.,1.,0.));
#11048=DIRECTION('',(0.,1.,0.));
#11049=DIRECTION('',(0.,-1.,0.));
#11050=DIRECTION('',(0.,0.,-1.));
#11051=DIRECTION('',(-1.,0.,0.));
#11052=DIRECTION('',(0.,0.,1.));
#11053=DIRECTION('',(1.,0.,0.));
#11054=DIRECTION('',(0.,0.,-1.));
#11055=DIRECTION('',(1.,0.,0.));
#11056=DIRECTION('',(0.,-1.,0.));
#11057=DIRECTION('',(0.,0.,-1.));
#11058=DIRECTION('',(1.,0.,0.));
#11059=DIRECTION('',(1.,0.,0.));
#11060=DIRECTION('',(0.,-1.,0.));
#11061=DIRECTION('',(-1.,0.,0.));
#11062=DIRECTION('',(0.,1.,0.));
#11063=DIRECTION('',(0.,1.,0.));
#11064=DIRECTION('',(1.,0.,0.));
#11065=DIRECTION('',(0.,0.,1.));
#11066=DIRECTION('',(0.,0.,1.));
#11067=DIRECTION('',(1.,0.,0.));
#11068=DIRECTION('',(1.,0.,0.));
#11069=DIRECTION('',(0.,-1.,0.));
#11070=DIRECTION('',(0.,0.,1.));
#11071=DIRECTION('',(0.,1.,0.));
#11072=DIRECTION('',(0.,-1.,0.));
#11073=DIRECTION('',(-1.,0.,0.));
#11074=DIRECTION('',(-1.,0.,0.));
#11075=DIRECTION('',(0.,0.,1.));
#11076=DIRECTION('',(-1.,0.,0.));
#11077=DIRECTION('',(0.,1.,0.));
#11078=DIRECTION('',(0.,1.,0.));
#11079=DIRECTION('',(0.,-1.,0.));
#11080=DIRECTION('',(0.,0.,-1.));
#11081=DIRECTION('',(-1.,0.,0.));
#11082=DIRECTION('',(0.,0.,1.));
#11083=DIRECTION('',(1.,0.,0.));
#11084=DIRECTION('',(0.,0.,1.));
#11085=DIRECTION('',(0.,0.,-1.));
#11086=DIRECTION('',(1.,0.,0.));
#11087=DIRECTION('',(0.,-1.,0.));
#11088=DIRECTION('',(-1.,0.,0.));
#11089=DIRECTION('',(0.,1.,0.));
#11090=DIRECTION('',(0.,0.,-1.));
#11091=DIRECTION('',(1.,0.,0.));
#11092=DIRECTION('',(1.,0.,0.));
#11093=DIRECTION('',(0.,-1.,0.));
#11094=DIRECTION('',(-1.,0.,0.));
#11095=DIRECTION('',(0.,1.,0.));
#11096=DIRECTION('',(0.,1.,0.));
#11097=DIRECTION('',(1.,0.,0.));
#11098=DIRECTION('',(0.,0.,1.));
#11099=DIRECTION('',(0.,0.,1.));
#11100=DIRECTION('',(1.,0.,0.));
#11101=DIRECTION('',(1.,0.,0.));
#11102=DIRECTION('',(0.,-1.,0.));
#11103=DIRECTION('',(0.,0.,1.));
#11104=DIRECTION('',(0.,1.,0.));
#11105=DIRECTION('',(0.,-1.,0.));
#11106=DIRECTION('',(-1.,0.,0.));
#11107=DIRECTION('',(-1.,0.,0.));
#11108=DIRECTION('',(0.,0.,1.));
#11109=DIRECTION('',(-1.,0.,0.));
#11110=DIRECTION('',(0.,1.,0.));
#11111=DIRECTION('',(0.,1.,0.));
#11112=DIRECTION('',(1.,0.,0.));
#11113=DIRECTION('',(0.,-1.,0.));
#11114=DIRECTION('',(0.,-1.,0.));
#11115=DIRECTION('',(0.,0.,1.));
#11116=DIRECTION('',(0.,-1.,0.));
#11117=DIRECTION('',(0.,0.,1.));
#11118=DIRECTION('',(0.,0.,-1.));
#11119=DIRECTION('',(0.,-1.,0.));
#11120=DIRECTION('',(-1.,0.,0.));
#11121=DIRECTION('',(-1.,0.,0.));
#11122=DIRECTION('',(0.,0.,1.));
#11123=DIRECTION('',(-1.,0.,0.));
#11124=DIRECTION('',(-1.,0.,0.));
#11125=DIRECTION('',(0.,1.,0.));
#11126=DIRECTION('',(0.,0.,-1.));
#11127=DIRECTION('',(0.,0.,1.));
#11128=DIRECTION('',(0.,1.,0.));
#11129=DIRECTION('',(0.,1.,0.));
#11130=DIRECTION('',(0.,-1.,0.));
#11131=DIRECTION('',(0.,0.,-1.));
#11132=DIRECTION('',(-1.,0.,0.));
#11133=DIRECTION('',(1.,0.,0.));
#11134=DIRECTION('',(0.,0.,-1.));
#11135=DIRECTION('',(1.,0.,0.));
#11136=DIRECTION('',(0.,0.,-1.));
#11137=DIRECTION('',(1.,0.,0.));
#11138=DIRECTION('',(1.,0.,0.));
#11139=DIRECTION('',(0.,-1.,0.));
#11140=DIRECTION('',(-1.,0.,0.));
#11141=DIRECTION('',(0.,1.,0.));
#11142=DIRECTION('',(0.,1.,0.));
#11143=DIRECTION('',(1.,0.,0.));
#11144=DIRECTION('',(0.,0.,1.));
#11145=DIRECTION('',(0.,0.,1.));
#11146=DIRECTION('',(1.,0.,0.));
#11147=DIRECTION('',(1.,0.,0.));
#11148=DIRECTION('',(0.,-1.,0.));
#11149=DIRECTION('',(0.,0.,1.));
#11150=DIRECTION('',(0.,1.,0.));
#11151=DIRECTION('',(0.,-1.,0.));
#11152=DIRECTION('',(-1.,0.,0.));
#11153=DIRECTION('',(-1.,0.,0.));
#11154=DIRECTION('',(0.,0.,1.));
#11155=DIRECTION('',(-1.,0.,0.));
#11156=DIRECTION('',(0.,1.,0.));
#11157=DIRECTION('',(0.,1.,0.));
#11158=DIRECTION('',(1.,0.,0.));
#11159=DIRECTION('',(0.,-1.,0.));
#11160=DIRECTION('',(0.,-1.,0.));
#11161=DIRECTION('',(0.,0.,1.));
#11162=DIRECTION('',(0.,-1.,0.));
#11163=DIRECTION('',(0.,0.,1.));
#11164=DIRECTION('',(0.,0.,-1.));
#11165=DIRECTION('',(0.,-1.,0.));
#11166=DIRECTION('',(-1.,0.,0.));
#11167=DIRECTION('',(-1.,0.,0.));
#11168=DIRECTION('',(0.,0.,1.));
#11169=DIRECTION('',(-1.,0.,0.));
#11170=DIRECTION('',(-1.,0.,0.));
#11171=DIRECTION('',(0.,1.,0.));
#11172=DIRECTION('',(0.,0.,-1.));
#11173=DIRECTION('',(0.,0.,1.));
#11174=DIRECTION('',(0.,1.,0.));
#11175=DIRECTION('',(0.,1.,0.));
#11176=DIRECTION('',(0.,-1.,0.));
#11177=DIRECTION('',(0.,0.,-1.));
#11178=DIRECTION('',(-1.,0.,0.));
#11179=DIRECTION('',(1.,0.,0.));
#11180=DIRECTION('',(0.,0.,-1.));
#11181=DIRECTION('',(1.,0.,0.));
#11182=DIRECTION('',(0.,0.,-1.));
#11183=DIRECTION('',(1.,0.,0.));
#11184=DIRECTION('',(1.,0.,0.));
#11185=DIRECTION('',(0.,-1.,0.));
#11186=DIRECTION('',(-1.,0.,0.));
#11187=DIRECTION('',(0.,1.,0.));
#11188=DIRECTION('',(0.,1.,0.));
#11189=DIRECTION('',(1.,0.,0.));
#11190=DIRECTION('',(0.,0.,1.));
#11191=DIRECTION('',(0.,0.,1.));
#11192=DIRECTION('',(1.,0.,0.));
#11193=DIRECTION('',(1.,0.,0.));
#11194=DIRECTION('',(0.,-1.,0.));
#11195=DIRECTION('',(0.,0.,1.));
#11196=DIRECTION('',(0.,1.,0.));
#11197=DIRECTION('',(0.,-1.,0.));
#11198=DIRECTION('',(-1.,0.,0.));
#11199=DIRECTION('',(-1.,0.,0.));
#11200=DIRECTION('',(0.,0.,1.));
#11201=DIRECTION('',(-1.,0.,0.));
#11202=DIRECTION('',(0.,1.,0.));
#11203=DIRECTION('',(0.,1.,0.));
#11204=DIRECTION('',(1.,0.,0.));
#11205=DIRECTION('',(0.,-1.,0.));
#11206=DIRECTION('',(0.,-1.,0.));
#11207=DIRECTION('',(0.,0.,1.));
#11208=DIRECTION('',(0.,-1.,0.));
#11209=DIRECTION('',(0.,0.,1.));
#11210=DIRECTION('',(0.,0.,-1.));
#11211=DIRECTION('',(0.,-1.,0.));
#11212=DIRECTION('',(-1.,0.,0.));
#11213=DIRECTION('',(-1.,0.,0.));
#11214=DIRECTION('',(0.,0.,1.));
#11215=DIRECTION('',(-1.,0.,0.));
#11216=DIRECTION('',(-1.,0.,0.));
#11217=DIRECTION('',(0.,1.,0.));
#11218=DIRECTION('',(0.,0.,-1.));
#11219=DIRECTION('',(0.,0.,1.));
#11220=DIRECTION('',(0.,1.,0.));
#11221=DIRECTION('',(0.,1.,0.));
#11222=DIRECTION('',(0.,-1.,0.));
#11223=DIRECTION('',(0.,0.,-1.));
#11224=DIRECTION('',(-1.,0.,0.));
#11225=DIRECTION('',(1.,0.,0.));
#11226=DIRECTION('',(0.,0.,-1.));
#11227=DIRECTION('',(1.,0.,0.));
#11228=DIRECTION('',(0.,0.,-1.));
#11229=DIRECTION('',(1.,0.,0.));
#11230=DIRECTION('',(1.,0.,0.));
#11231=DIRECTION('',(0.,-1.,0.));
#11232=DIRECTION('',(-1.,0.,0.));
#11233=DIRECTION('',(0.,1.,0.));
#11234=DIRECTION('',(0.,1.,0.));
#11235=DIRECTION('',(1.,0.,0.));
#11236=DIRECTION('',(0.,0.,1.));
#11237=DIRECTION('',(0.,0.,1.));
#11238=DIRECTION('',(1.,0.,0.));
#11239=DIRECTION('',(1.,0.,0.));
#11240=DIRECTION('',(0.,-1.,0.));
#11241=DIRECTION('',(0.,0.,1.));
#11242=DIRECTION('',(0.,1.,0.));
#11243=DIRECTION('',(0.,-1.,0.));
#11244=DIRECTION('',(-1.,0.,0.));
#11245=DIRECTION('',(-1.,0.,0.));
#11246=DIRECTION('',(0.,0.,1.));
#11247=DIRECTION('',(-1.,0.,0.));
#11248=DIRECTION('',(0.,1.,0.));
#11249=DIRECTION('',(0.,1.,0.));
#11250=DIRECTION('',(1.,0.,0.));
#11251=DIRECTION('',(0.,-1.,0.));
#11252=DIRECTION('',(0.,-1.,0.));
#11253=DIRECTION('',(0.,0.,1.));
#11254=DIRECTION('',(0.,-1.,0.));
#11255=DIRECTION('',(0.,0.,1.));
#11256=DIRECTION('',(0.,0.,-1.));
#11257=DIRECTION('',(0.,-1.,0.));
#11258=DIRECTION('',(-1.,0.,0.));
#11259=DIRECTION('',(-1.,0.,0.));
#11260=DIRECTION('',(0.,0.,1.));
#11261=DIRECTION('',(-1.,0.,0.));
#11262=DIRECTION('',(-1.,0.,0.));
#11263=DIRECTION('',(0.,1.,0.));
#11264=DIRECTION('',(0.,0.,-1.));
#11265=DIRECTION('',(0.,0.,1.));
#11266=DIRECTION('',(0.,1.,0.));
#11267=DIRECTION('',(0.,1.,0.));
#11268=DIRECTION('',(0.,-1.,0.));
#11269=DIRECTION('',(0.,0.,-1.));
#11270=DIRECTION('',(-1.,0.,0.));
#11271=DIRECTION('',(1.,0.,0.));
#11272=DIRECTION('',(0.,0.,-1.));
#11273=DIRECTION('',(1.,0.,0.));
#11274=DIRECTION('',(0.,0.,-1.));
#11275=DIRECTION('',(1.,0.,0.));
#11276=DIRECTION('',(1.,0.,0.));
#11277=DIRECTION('',(0.,-1.,0.));
#11278=DIRECTION('',(-1.,0.,0.));
#11279=DIRECTION('',(0.,1.,0.));
#11280=DIRECTION('',(0.,1.,0.));
#11281=DIRECTION('',(1.,0.,0.));
#11282=DIRECTION('',(0.,0.,1.));
#11283=DIRECTION('',(0.,0.,1.));
#11284=DIRECTION('',(1.,0.,0.));
#11285=DIRECTION('',(1.,0.,0.));
#11286=DIRECTION('',(0.,-1.,0.));
#11287=DIRECTION('',(0.,0.,1.));
#11288=DIRECTION('',(0.,1.,0.));
#11289=DIRECTION('',(0.,-1.,0.));
#11290=DIRECTION('',(-1.,0.,0.));
#11291=DIRECTION('',(-1.,0.,0.));
#11292=DIRECTION('',(0.,0.,1.));
#11293=DIRECTION('',(-1.,0.,0.));
#11294=DIRECTION('',(0.,1.,0.));
#11295=DIRECTION('',(0.,1.,0.));
#11296=DIRECTION('',(1.,0.,0.));
#11297=DIRECTION('',(0.,-1.,0.));
#11298=DIRECTION('',(0.,-1.,0.));
#11299=DIRECTION('',(0.,0.,1.));
#11300=DIRECTION('',(0.,-1.,0.));
#11301=DIRECTION('',(0.,0.,1.));
#11302=DIRECTION('',(0.,0.,-1.));
#11303=DIRECTION('',(0.,-1.,0.));
#11304=DIRECTION('',(-1.,0.,0.));
#11305=DIRECTION('',(-1.,0.,0.));
#11306=DIRECTION('',(0.,0.,1.));
#11307=DIRECTION('',(-1.,0.,0.));
#11308=DIRECTION('',(-1.,0.,0.));
#11309=DIRECTION('',(0.,1.,0.));
#11310=DIRECTION('',(0.,0.,-1.));
#11311=DIRECTION('',(0.,0.,1.));
#11312=DIRECTION('',(0.,1.,0.));
#11313=DIRECTION('',(0.,1.,0.));
#11314=DIRECTION('',(0.,-1.,0.));
#11315=DIRECTION('',(0.,0.,-1.));
#11316=DIRECTION('',(-1.,0.,0.));
#11317=DIRECTION('',(1.,0.,0.));
#11318=DIRECTION('',(0.,0.,-1.));
#11319=DIRECTION('',(1.,0.,0.));
#11320=DIRECTION('',(0.,0.,-1.));
#11321=DIRECTION('',(1.,0.,0.));
#11322=DIRECTION('',(1.,0.,0.));
#11323=DIRECTION('',(0.,-1.,0.));
#11324=DIRECTION('',(-1.,0.,0.));
#11325=DIRECTION('',(0.,1.,0.));
#11326=DIRECTION('',(0.,1.,0.));
#11327=DIRECTION('',(1.,0.,0.));
#11328=DIRECTION('',(0.,0.,1.));
#11329=DIRECTION('',(0.,0.,1.));
#11330=DIRECTION('',(1.,0.,0.));
#11331=DIRECTION('',(1.,0.,0.));
#11332=DIRECTION('',(0.,-1.,0.));
#11333=DIRECTION('',(0.,0.,1.));
#11334=DIRECTION('',(0.,1.,0.));
#11335=DIRECTION('',(0.,-1.,0.));
#11336=DIRECTION('',(-1.,0.,0.));
#11337=DIRECTION('',(-1.,0.,0.));
#11338=DIRECTION('',(0.,0.,1.));
#11339=DIRECTION('',(-1.,0.,0.));
#11340=DIRECTION('',(0.,1.,0.));
#11341=DIRECTION('',(0.,1.,0.));
#11342=DIRECTION('',(1.,0.,0.));
#11343=DIRECTION('',(0.,-1.,0.));
#11344=DIRECTION('',(0.,-1.,0.));
#11345=DIRECTION('',(0.,0.,1.));
#11346=DIRECTION('',(0.,-1.,0.));
#11347=DIRECTION('',(0.,0.,1.));
#11348=DIRECTION('',(0.,0.,-1.));
#11349=DIRECTION('',(0.,-1.,0.));
#11350=DIRECTION('',(-1.,0.,0.));
#11351=DIRECTION('',(-1.,0.,0.));
#11352=DIRECTION('',(0.,0.,1.));
#11353=DIRECTION('',(-1.,0.,0.));
#11354=DIRECTION('',(-1.,0.,0.));
#11355=DIRECTION('',(0.,1.,0.));
#11356=DIRECTION('',(0.,0.,-1.));
#11357=DIRECTION('',(0.,0.,1.));
#11358=DIRECTION('',(0.,1.,0.));
#11359=DIRECTION('',(0.,1.,0.));
#11360=DIRECTION('',(0.,-1.,0.));
#11361=DIRECTION('',(0.,0.,-1.));
#11362=DIRECTION('',(-1.,0.,0.));
#11363=DIRECTION('',(1.,0.,0.));
#11364=DIRECTION('',(0.,0.,-1.));
#11365=DIRECTION('',(1.,0.,0.));
#11366=DIRECTION('',(0.,0.,-1.));
#11367=DIRECTION('',(1.,0.,0.));
#11368=DIRECTION('',(1.,0.,0.));
#11369=DIRECTION('',(0.,-1.,0.));
#11370=DIRECTION('',(-1.,0.,0.));
#11371=DIRECTION('',(0.,1.,0.));
#11372=DIRECTION('',(0.,1.,0.));
#11373=DIRECTION('',(1.,0.,0.));
#11374=DIRECTION('',(0.,0.,1.));
#11375=DIRECTION('',(0.,0.,1.));
#11376=DIRECTION('',(1.,0.,0.));
#11377=DIRECTION('',(1.,0.,0.));
#11378=DIRECTION('',(0.,-1.,0.));
#11379=DIRECTION('',(0.,0.,1.));
#11380=DIRECTION('',(0.,1.,0.));
#11381=DIRECTION('',(0.,-1.,0.));
#11382=DIRECTION('',(-1.,0.,0.));
#11383=DIRECTION('',(-1.,0.,0.));
#11384=DIRECTION('',(0.,0.,1.));
#11385=DIRECTION('',(-1.,0.,0.));
#11386=DIRECTION('',(0.,1.,0.));
#11387=DIRECTION('',(0.,1.,0.));
#11388=DIRECTION('',(1.,0.,0.));
#11389=DIRECTION('',(0.,-1.,0.));
#11390=DIRECTION('',(0.,-1.,0.));
#11391=DIRECTION('',(0.,0.,1.));
#11392=DIRECTION('',(0.,-1.,0.));
#11393=DIRECTION('',(0.,0.,1.));
#11394=DIRECTION('',(0.,0.,-1.));
#11395=DIRECTION('',(0.,-1.,0.));
#11396=DIRECTION('',(-1.,0.,0.));
#11397=DIRECTION('',(-1.,0.,0.));
#11398=DIRECTION('',(0.,0.,1.));
#11399=DIRECTION('',(-1.,0.,0.));
#11400=DIRECTION('',(-1.,0.,0.));
#11401=DIRECTION('',(0.,1.,0.));
#11402=DIRECTION('',(0.,0.,-1.));
#11403=DIRECTION('',(0.,0.,1.));
#11404=DIRECTION('',(0.,1.,0.));
#11405=DIRECTION('',(0.,1.,0.));
#11406=DIRECTION('',(0.,-1.,0.));
#11407=DIRECTION('',(0.,0.,-1.));
#11408=DIRECTION('',(-1.,0.,0.));
#11409=DIRECTION('',(1.,0.,0.));
#11410=DIRECTION('',(0.,0.,-1.));
#11411=DIRECTION('',(1.,0.,0.));
#11412=DIRECTION('',(0.,0.,-1.));
#11413=DIRECTION('',(1.,0.,0.));
#11414=DIRECTION('',(1.,0.,0.));
#11415=DIRECTION('',(0.,-1.,0.));
#11416=DIRECTION('',(-1.,0.,0.));
#11417=DIRECTION('',(0.,1.,0.));
#11418=DIRECTION('',(0.,1.,0.));
#11419=DIRECTION('',(1.,0.,0.));
#11420=DIRECTION('',(0.,0.,1.));
#11421=DIRECTION('',(0.,0.,1.));
#11422=DIRECTION('',(1.,0.,0.));
#11423=DIRECTION('',(1.,0.,0.));
#11424=DIRECTION('',(0.,-1.,0.));
#11425=DIRECTION('',(0.,0.,1.));
#11426=DIRECTION('',(0.,1.,0.));
#11427=DIRECTION('',(0.,-1.,0.));
#11428=DIRECTION('',(-1.,0.,0.));
#11429=DIRECTION('',(-1.,0.,0.));
#11430=DIRECTION('',(0.,0.,1.));
#11431=DIRECTION('',(-1.,0.,0.));
#11432=DIRECTION('',(0.,1.,0.));
#11433=DIRECTION('',(0.,1.,0.));
#11434=DIRECTION('',(1.,0.,0.));
#11435=DIRECTION('',(0.,-1.,0.));
#11436=DIRECTION('',(0.,-1.,0.));
#11437=DIRECTION('',(0.,0.,1.));
#11438=DIRECTION('',(0.,-1.,0.));
#11439=DIRECTION('',(0.,0.,1.));
#11440=DIRECTION('',(0.,0.,-1.));
#11441=DIRECTION('',(0.,-1.,0.));
#11442=DIRECTION('',(-1.,0.,0.));
#11443=DIRECTION('',(-1.,0.,0.));
#11444=DIRECTION('',(0.,0.,1.));
#11445=DIRECTION('',(-1.,0.,0.));
#11446=DIRECTION('',(-1.,0.,0.));
#11447=DIRECTION('',(0.,1.,0.));
#11448=DIRECTION('',(0.,0.,-1.));
#11449=DIRECTION('',(0.,0.,1.));
#11450=DIRECTION('',(0.,1.,0.));
#11451=DIRECTION('',(0.,1.,0.));
#11452=DIRECTION('',(0.,-1.,0.));
#11453=DIRECTION('',(0.,0.,-1.));
#11454=DIRECTION('',(-1.,0.,0.));
#11455=DIRECTION('',(1.,0.,0.));
#11456=DIRECTION('',(0.,0.,-1.));
#11457=DIRECTION('',(1.,0.,0.));
#11458=DIRECTION('',(0.,0.,-1.));
#11459=DIRECTION('',(1.,0.,0.));
#11460=DIRECTION('',(1.,0.,0.));
#11461=DIRECTION('',(0.,-1.,0.));
#11462=DIRECTION('',(-1.,0.,0.));
#11463=DIRECTION('',(0.,1.,0.));
#11464=DIRECTION('',(0.,1.,0.));
#11465=DIRECTION('',(1.,0.,0.));
#11466=DIRECTION('',(0.,0.,1.));
#11467=DIRECTION('',(0.,0.,1.));
#11468=DIRECTION('',(1.,0.,0.));
#11469=DIRECTION('',(1.,0.,0.));
#11470=DIRECTION('',(0.,-1.,0.));
#11471=DIRECTION('',(0.,0.,1.));
#11472=DIRECTION('',(0.,1.,0.));
#11473=DIRECTION('',(0.,-1.,0.));
#11474=DIRECTION('',(-1.,0.,0.));
#11475=DIRECTION('',(-1.,0.,0.));
#11476=DIRECTION('',(0.,0.,1.));
#11477=DIRECTION('',(-1.,0.,0.));
#11478=DIRECTION('',(0.,1.,0.));
#11479=DIRECTION('',(0.,1.,0.));
#11480=DIRECTION('',(1.,0.,0.));
#11481=DIRECTION('',(0.,-1.,0.));
#11482=DIRECTION('',(0.,-1.,0.));
#11483=DIRECTION('',(0.,0.,1.));
#11484=DIRECTION('',(0.,-1.,0.));
#11485=DIRECTION('',(0.,0.,1.));
#11486=DIRECTION('',(0.,0.,-1.));
#11487=DIRECTION('',(0.,-1.,0.));
#11488=DIRECTION('',(-1.,0.,0.));
#11489=DIRECTION('',(-1.,0.,0.));
#11490=DIRECTION('',(0.,0.,1.));
#11491=DIRECTION('',(-1.,0.,0.));
#11492=DIRECTION('',(-1.,0.,0.));
#11493=DIRECTION('',(0.,1.,0.));
#11494=DIRECTION('',(0.,0.,-1.));
#11495=DIRECTION('',(0.,0.,1.));
#11496=DIRECTION('',(0.,1.,0.));
#11497=DIRECTION('',(0.,1.,0.));
#11498=DIRECTION('',(0.,-1.,0.));
#11499=DIRECTION('',(0.,0.,-1.));
#11500=DIRECTION('',(-1.,0.,0.));
#11501=DIRECTION('',(1.,0.,0.));
#11502=DIRECTION('',(0.,0.,-1.));
#11503=DIRECTION('',(1.,0.,0.));
#11504=DIRECTION('',(0.,0.,-1.));
#11505=DIRECTION('',(1.,0.,0.));
#11506=DIRECTION('',(1.,0.,0.));
#11507=DIRECTION('',(0.,-1.,0.));
#11508=DIRECTION('',(-1.,0.,0.));
#11509=DIRECTION('',(0.,1.,0.));
#11510=DIRECTION('',(0.,1.,0.));
#11511=DIRECTION('',(1.,0.,0.));
#11512=DIRECTION('',(0.,0.,1.));
#11513=DIRECTION('',(0.,0.,1.));
#11514=DIRECTION('',(1.,0.,0.));
#11515=DIRECTION('',(1.,0.,0.));
#11516=DIRECTION('',(0.,-1.,0.));
#11517=DIRECTION('',(0.,0.,1.));
#11518=DIRECTION('',(0.,1.,0.));
#11519=DIRECTION('',(0.,-1.,0.));
#11520=DIRECTION('',(-1.,0.,0.));
#11521=DIRECTION('',(-1.,0.,0.));
#11522=DIRECTION('',(0.,0.,1.));
#11523=DIRECTION('',(-1.,0.,0.));
#11524=DIRECTION('',(0.,1.,0.));
#11525=DIRECTION('',(0.,1.,0.));
#11526=DIRECTION('',(1.,0.,0.));
#11527=DIRECTION('',(0.,-1.,0.));
#11528=DIRECTION('',(0.,-1.,0.));
#11529=DIRECTION('',(0.,0.,1.));
#11530=DIRECTION('',(0.,-1.,0.));
#11531=DIRECTION('',(0.,0.,1.));
#11532=DIRECTION('',(0.,0.,-1.));
#11533=DIRECTION('',(0.,-1.,0.));
#11534=DIRECTION('',(-1.,0.,0.));
#11535=DIRECTION('',(-1.,0.,0.));
#11536=DIRECTION('',(0.,0.,1.));
#11537=DIRECTION('',(-1.,0.,0.));
#11538=DIRECTION('',(-1.,0.,0.));
#11539=DIRECTION('',(0.,1.,0.));
#11540=DIRECTION('',(0.,0.,-1.));
#11541=DIRECTION('',(0.,0.,1.));
#11542=DIRECTION('',(0.,1.,0.));
#11543=DIRECTION('',(0.,1.,0.));
#11544=DIRECTION('',(0.,-1.,0.));
#11545=DIRECTION('',(0.,0.,-1.));
#11546=DIRECTION('',(-1.,0.,0.));
#11547=DIRECTION('',(1.,0.,0.));
#11548=DIRECTION('',(0.,0.,-1.));
#11549=DIRECTION('',(1.,0.,0.));
#11550=DIRECTION('',(0.,0.,-1.));
#11551=DIRECTION('',(1.,0.,0.));
#11552=DIRECTION('',(1.,0.,0.));
#11553=DIRECTION('',(0.,-1.,0.));
#11554=DIRECTION('',(-1.,0.,0.));
#11555=DIRECTION('',(0.,1.,0.));
#11556=DIRECTION('',(0.,1.,0.));
#11557=DIRECTION('',(1.,0.,0.));
#11558=DIRECTION('',(0.,0.,1.));
#11559=DIRECTION('',(0.,0.,1.));
#11560=DIRECTION('',(1.,0.,0.));
#11561=DIRECTION('',(1.,0.,0.));
#11562=DIRECTION('',(0.,-1.,0.));
#11563=DIRECTION('',(0.,1.,0.));
#11564=DIRECTION('',(0.,0.,1.));
#11565=DIRECTION('',(0.,-1.,0.));
#11566=DIRECTION('',(-1.,0.,0.));
#11567=DIRECTION('',(-1.,0.,0.));
#11568=DIRECTION('',(0.,0.,1.));
#11569=DIRECTION('',(-1.,0.,0.));
#11570=DIRECTION('',(0.,1.,0.));
#11571=DIRECTION('',(0.,1.,0.));
#11572=DIRECTION('',(0.,0.,-1.));
#11573=DIRECTION('',(0.,1.,0.));
#11574=DIRECTION('',(-1.,0.,0.));
#11575=DIRECTION('',(-1.,0.,0.));
#11576=DIRECTION('',(-1.,0.,0.));
#11577=DIRECTION('',(-1.,0.,0.));
#11578=DIRECTION('',(-1.,0.,0.));
#11579=DIRECTION('',(-1.,0.,0.));
#11580=DIRECTION('',(1.,0.,0.));
#11581=DIRECTION('',(0.,1.,0.));
#11582=DIRECTION('',(1.,0.,0.));
#11583=DIRECTION('',(0.,1.,0.));
#11584=DIRECTION('',(-1.,0.,0.));
#11585=DIRECTION('',(-1.,0.,0.));
#11586=DIRECTION('',(-1.,0.,0.));
#11587=DIRECTION('',(-1.,0.,0.));
#11588=DIRECTION('',(-1.,0.,0.));
#11589=DIRECTION('',(-1.,0.,0.));
#11590=DIRECTION('',(1.,0.,0.));
#11591=DIRECTION('',(0.,-1.,0.));
#11592=DIRECTION('',(0.,-1.,0.));
#11593=DIRECTION('',(0.,0.,1.));
#11594=DIRECTION('',(0.,0.,-1.));
#11595=DIRECTION('',(0.,-1.,0.));
#11596=DIRECTION('',(-1.,0.,0.));
#11597=DIRECTION('',(-1.,0.,0.));
#11598=DIRECTION('',(0.,0.,1.));
#11599=DIRECTION('',(-1.,0.,0.));
#11600=DIRECTION('',(0.,1.,0.));
#11601=DIRECTION('',(0.,0.,-1.));
#11602=DIRECTION('',(0.,1.,0.));
#11603=DIRECTION('',(1.,0.,0.));
#11604=DIRECTION('',(0.,0.,1.));
#11605=DIRECTION('',(0.,0.,1.));
#11606=DIRECTION('',(0.,0.,-1.));
#11607=DIRECTION('',(0.,1.,0.));
#11608=DIRECTION('',(0.,1.,0.));
#11609=DIRECTION('',(0.,0.,1.));
#11610=DIRECTION('',(0.,0.,1.));
#11611=DIRECTION('',(1.,0.,0.));
#11612=DIRECTION('',(1.,0.,0.));
#11613=DIRECTION('',(0.,0.,1.));
#11614=DIRECTION('',(0.,0.,-1.));
#11615=DIRECTION('',(0.,1.,0.));
#11616=DIRECTION('',(0.,-1.,0.));
#11617=DIRECTION('',(0.,0.,-1.));
#11618=DIRECTION('',(1.,0.,0.));
#11619=DIRECTION('',(0.,0.,-1.));
#11620=DIRECTION('',(0.,-1.,0.));
#11621=DIRECTION('',(0.,0.,-1.));
#11622=DIRECTION('',(1.,0.,0.));
#11623=DIRECTION('',(0.,-1.,0.));
#11624=DIRECTION('',(0.,0.,-1.));
#11625=DIRECTION('',(1.,0.,0.));
#11626=DIRECTION('',(0.,-1.,0.));
#11627=DIRECTION('',(0.,0.,-1.));
#11628=DIRECTION('',(1.,0.,0.));
#11629=DIRECTION('',(0.,-1.,0.));
#11630=DIRECTION('',(0.,0.,-1.));
#11631=DIRECTION('',(1.,0.,0.));
#11632=DIRECTION('',(0.,-1.,0.));
#11633=DIRECTION('',(0.,0.,-1.));
#11634=DIRECTION('',(1.,0.,0.));
#11635=DIRECTION('',(0.,-1.,0.));
#11636=DIRECTION('',(0.,0.,-1.));
#11637=DIRECTION('',(1.,0.,0.));
#11638=DIRECTION('',(0.,-1.,0.));
#11639=DIRECTION('',(0.,0.,-1.));
#11640=DIRECTION('',(1.,0.,0.));
#11641=DIRECTION('',(0.,-1.,0.));
#11642=DIRECTION('',(0.,0.,-1.));
#11643=DIRECTION('',(1.,0.,0.));
#11644=DIRECTION('',(0.,-1.,0.));
#11645=DIRECTION('',(0.,0.,-1.));
#11646=DIRECTION('',(1.,0.,0.));
#11647=DIRECTION('',(0.,-1.,0.));
#11648=DIRECTION('',(0.,0.,-1.));
#11649=DIRECTION('',(1.,0.,0.));
#11650=DIRECTION('',(0.,-1.,0.));
#11651=DIRECTION('',(0.,0.,-1.));
#11652=DIRECTION('',(1.,0.,0.));
#11653=DIRECTION('',(0.,-1.,0.));
#11654=DIRECTION('',(0.,0.,-1.));
#11655=DIRECTION('',(1.,0.,0.));
#11656=DIRECTION('',(1.,0.,0.));
#11657=DIRECTION('',(0.,-1.,0.));
#11658=DIRECTION('',(0.,-1.,0.));
#11659=DIRECTION('',(0.,0.,-1.));
#11660=DIRECTION('',(-1.,0.,0.));
#11661=DIRECTION('',(0.,-1.,0.));
#11662=DIRECTION('',(1.,0.,0.));
#11663=DIRECTION('',(0.,-1.,0.));
#11664=DIRECTION('',(-1.,0.,0.));
#11665=DIRECTION('',(-1.,0.,0.));
#11666=DIRECTION('',(-1.,0.,0.));
#11667=DIRECTION('',(0.,1.,0.));
#11668=DIRECTION('',(1.,0.,0.));
#11669=DIRECTION('',(0.,1.,0.));
#11670=DIRECTION('',(-1.,0.,0.));
#11671=DIRECTION('',(0.,1.,0.));
#11672=DIRECTION('',(0.,0.,1.));
#11673=DIRECTION('',(0.,0.,1.));
#11674=DIRECTION('',(1.,0.,0.));
#11675=DIRECTION('',(0.,0.,1.));
#11676=DIRECTION('',(1.,0.,0.));
#11677=DIRECTION('',(0.,0.,1.));
#11678=DIRECTION('',(1.,0.,0.));
#11679=DIRECTION('',(0.,-1.,0.));
#11680=DIRECTION('',(0.,0.,1.));
#11681=DIRECTION('',(0.,-1.,0.));
#11682=DIRECTION('',(0.,1.,0.));
#11683=DIRECTION('',(1.,0.,0.));
#11684=DIRECTION('',(0.,0.,1.));
#11685=DIRECTION('',(1.,0.,0.));
#11686=DIRECTION('',(1.,0.,0.));
#11687=DIRECTION('',(0.,-1.,0.));
#11688=DIRECTION('',(0.,0.,1.));
#11689=DIRECTION('',(0.,1.,0.));
#11690=DIRECTION('',(0.,-1.,0.));
#11691=DIRECTION('',(0.,0.,-1.));
#11692=DIRECTION('',(-1.,0.,0.));
#11693=DIRECTION('',(0.,0.,1.));
#11694=DIRECTION('',(0.,-1.,0.));
#11695=DIRECTION('',(0.,0.,-1.));
#11696=DIRECTION('',(-1.,0.,0.));
#11697=DIRECTION('',(-1.,0.,0.));
#11698=DIRECTION('',(0.,1.,0.));
#11699=DIRECTION('',(0.,0.,1.));
#11700=DIRECTION('',(0.,1.,0.));
#11701=DIRECTION('',(0.,1.,0.));
#11702=DIRECTION('',(1.,0.,0.));
#11703=DIRECTION('',(0.,0.,1.));
#11704=DIRECTION('',(1.,0.,0.));
#11705=DIRECTION('',(-1.,0.,0.));
#11706=DIRECTION('',(0.,1.,0.));
#11707=DIRECTION('',(0.,-1.,0.));
#11708=DIRECTION('',(0.,0.,-1.));
#11709=DIRECTION('',(0.,1.,0.));
#11710=DIRECTION('',(0.,1.,0.));
#11711=DIRECTION('',(0.,0.,-1.));
#11712=DIRECTION('',(0.,1.,0.));
#11713=DIRECTION('',(1.,0.,0.));
#11714=DIRECTION('',(0.,1.,0.));
#11715=DIRECTION('',(0.,0.,-1.));
#11716=DIRECTION('',(0.,1.,0.));
#11717=DIRECTION('',(0.,0.,-1.));
#11718=DIRECTION('',(0.,-1.,0.));
#11719=DIRECTION('',(0.,0.,1.));
#11720=DIRECTION('',(0.,0.,1.));
#11721=DIRECTION('',(-1.,0.,0.));
#11722=DIRECTION('',(0.,-1.,0.));
#11723=DIRECTION('',(-1.,0.,0.));
#11724=DIRECTION('',(1.,0.,0.));
#11725=DIRECTION('',(1.,0.,0.));
#11726=DIRECTION('',(0.,0.,1.));
#11727=DIRECTION('',(0.,-1.,0.));
#11728=DIRECTION('',(0.,0.,1.));
#11729=DIRECTION('',(0.,0.,1.));
#11730=DIRECTION('',(0.,0.,1.));
#11731=DIRECTION('',(-1.,0.,0.));
#11732=DIRECTION('',(0.,-1.,0.));
#11733=DIRECTION('',(-1.,0.,0.));
#11734=DIRECTION('',(-1.,0.,0.));
#11735=DIRECTION('',(-1.,0.,0.));
#11736=DIRECTION('',(0.,0.,-1.));
#11737=DIRECTION('',(0.,-1.,0.));
#11738=DIRECTION('',(0.,0.,-1.));
#11739=DIRECTION('',(0.,0.,-1.));
#11740=DIRECTION('',(0.,0.,1.));
#11741=DIRECTION('',(-1.,0.,0.));
#11742=DIRECTION('',(-1.,0.,0.));
#11743=DIRECTION('',(-1.,0.,0.));
#11744=DIRECTION('',(0.,-1.,0.));
#11745=DIRECTION('',(0.,0.,-1.));
#11746=DIRECTION('',(0.,-1.,0.));
#11747=DIRECTION('',(0.,0.,-1.));
#11748=DIRECTION('',(1.,0.,0.));
#11749=DIRECTION('',(1.,0.,0.));
#11750=DIRECTION('',(0.,0.,-1.));
#11751=DIRECTION('',(0.,1.,0.));
#11752=DIRECTION('',(1.,0.,1.236562959485E-14));
#11753=DIRECTION('',(1.,0.,0.));
#11754=DIRECTION('',(0.,1.,0.));
#11755=DIRECTION('',(-1.,0.,0.));
#11756=DIRECTION('',(0.,-1.,0.));
#11757=DIRECTION('',(0.,1.,0.));
#11758=DIRECTION('',(1.,0.,0.));
#11759=DIRECTION('',(0.,-1.,0.));
#11760=DIRECTION('',(0.,0.,1.));
#11761=DIRECTION('',(0.,0.,1.));
#11762=DIRECTION('',(1.,0.,0.));
#11763=DIRECTION('',(0.,0.,-1.));
#11764=DIRECTION('',(0.,0.,-1.));
#11765=DIRECTION('',(0.,-1.,0.));
#11766=DIRECTION('',(0.,0.,-1.));
#11767=DIRECTION('',(-1.,0.,0.));
#11768=DIRECTION('',(0.,-1.,0.));
#11769=DIRECTION('',(0.,0.,-1.));
#11770=DIRECTION('',(-1.,0.,0.));
#11771=DIRECTION('',(0.,0.,-1.));
#11772=DIRECTION('',(0.,1.,0.));
#11773=DIRECTION('',(1.,0.,0.));
#11774=DIRECTION('',(0.,1.,0.));
#11775=DIRECTION('',(-1.,0.,0.));
#11776=DIRECTION('',(0.,1.,0.));
#11777=DIRECTION('',(1.,0.,0.));
#11778=DIRECTION('',(0.707106781186548,0.,0.707106781186548));
#11779=DIRECTION('',(0.707106781186548,0.,-0.707106781186548));
#11780=DIRECTION('',(0.,1.,0.));
#11781=DIRECTION('',(0.707106781186548,0.,-0.707106781186548));
#11782=DIRECTION('',(0.707106781186498,0.,-0.707106781186597));
#11783=DIRECTION('',(0.,1.,0.));
#11784=DIRECTION('',(1.,0.,0.));
#11785=DIRECTION('',(0.,1.,0.));
#11786=DIRECTION('',(0.,1.,0.));
#11787=DIRECTION('',(0.707106781186498,0.,0.707106781186597));
#11788=DIRECTION('',(0.,1.,0.));
#11789=DIRECTION('',(0.707106781186548,0.,0.707106781186548));
#11790=DIRECTION('',(0.707106781186548,0.,-0.707106781186548));
#11791=DIRECTION('',(-0.707106781186548,0.,-0.707106781186548));
#11792=DIRECTION('',(0.,1.,0.));
#11793=DIRECTION('',(-0.707106781186498,0.,-0.707106781186597));
#11794=DIRECTION('',(-0.707106781186548,0.,-0.707106781186548));
#11795=DIRECTION('',(0.,0.,-1.));
#11796=DIRECTION('',(-1.,0.,0.));
#11797=DIRECTION('',(-1.,0.,0.));
#11798=DIRECTION('',(-1.,0.,0.));
#11799=DIRECTION('',(0.,-1.,0.));
#11800=DIRECTION('',(1.,0.,0.));
#11801=DIRECTION('',(0.,-1.,0.));
#11802=DIRECTION('',(1.,0.,0.));
#11803=DIRECTION('',(0.707106781186548,0.,0.707106781186548));
#11804=DIRECTION('',(-0.707106781186548,0.,0.707106781186548));
#11805=DIRECTION('',(0.707106781186548,0.,0.707106781186548));
#11806=DIRECTION('',(0.707106781186498,0.,0.707106781186597));
#11807=DIRECTION('',(0.,1.,0.));
#11808=DIRECTION('',(1.,0.,0.));
#11809=DIRECTION('',(0.,-1.,0.));
#11810=DIRECTION('',(-1.,0.,0.));
#11811=DIRECTION('',(0.,-1.,0.));
#11812=DIRECTION('',(1.,0.,0.));
#11813=DIRECTION('',(0.,1.,0.));
#11814=DIRECTION('',(1.,0.,0.));
#11815=DIRECTION('',(0.,-1.,0.));
#11816=DIRECTION('',(1.,0.,0.));
#11817=DIRECTION('',(0.,1.,0.));
#11818=DIRECTION('',(1.,0.,0.));
#11819=DIRECTION('',(0.,-1.,0.));
#11820=DIRECTION('',(1.,0.,0.));
#11821=DIRECTION('',(0.,-1.,0.));
#11822=DIRECTION('',(1.,0.,0.));
#11823=DIRECTION('',(0.,-1.,0.));
#11824=DIRECTION('',(1.,0.,0.));
#11825=DIRECTION('',(0.,-1.,0.));
#11826=DIRECTION('',(1.,0.,0.));
#11827=DIRECTION('',(0.,-1.,0.));
#11828=DIRECTION('',(1.,0.,0.));
#11829=DIRECTION('',(0.,1.,0.));
#11830=DIRECTION('',(-1.,0.,0.));
#11831=DIRECTION('',(0.,-1.,0.));
#11832=DIRECTION('',(1.,0.,0.));
#11833=DIRECTION('',(0.,-1.,0.));
#11834=DIRECTION('',(1.,0.,0.));
#11835=DIRECTION('',(0.,-1.,0.));
#11836=DIRECTION('',(0.,0.,1.));
#11837=DIRECTION('',(0.,-1.,0.));
#11838=DIRECTION('',(1.,0.,0.));
#11839=DIRECTION('',(0.,-1.,0.));
#11840=DIRECTION('',(0.,0.,1.));
#11841=DIRECTION('',(0.,-1.,0.));
#11842=DIRECTION('',(1.,0.,0.));
#11843=DIRECTION('',(0.,-1.,0.));
#11844=DIRECTION('',(1.,0.,0.));
#11845=CARTESIAN_POINT('',(0.,0.,0.));
#11846=CARTESIAN_POINT('',(-0.000539750000000007,-0.0217932,0.010795));
#11847=CARTESIAN_POINT('',(-0.000539750000000007,-0.0217932,0.011848829813004));
#11848=CARTESIAN_POINT('',(-0.000539750000000007,-0.0217932,0.011848829813004));
#11849=CARTESIAN_POINT('',(-0.000539750000000007,-0.0216281,0.011848829813004));
#11850=CARTESIAN_POINT('',(-0.000539750000000007,-0.0216281,0.010795));
#11851=CARTESIAN_POINT('',(-0.000539750000000007,-0.0216281,0.010795));
#11852=CARTESIAN_POINT('',(-0.000539750000000007,-0.0217932,0.010795));
#11853=CARTESIAN_POINT('',(-0.000539750000000007,-0.0217932,0.010795));
#11854=CARTESIAN_POINT('',(-0.000539750000000007,-0.0217932,0.010795));
#11855=CARTESIAN_POINT('',(-0.000539750000000007,-0.0217932,0.011848829813004));
#11856=CARTESIAN_POINT('',(-0.0006985,-0.0217932,0.011659680823684));
#11857=CARTESIAN_POINT('',(-0.0006985,-0.0217932,0.011659680823684));
#11858=CARTESIAN_POINT('',(-0.0006985,-0.0216281,0.011659680823684));
#11859=CARTESIAN_POINT('',(-0.000539750000000007,-0.0216281,0.011848829813004));
#11860=CARTESIAN_POINT('',(-0.000539750000000007,-0.0217932,0.011848829813004));
#11861=CARTESIAN_POINT('',(-0.0006985,-0.0217932,0.011659680823684));
#11862=CARTESIAN_POINT('',(-0.0006985,-0.0217932,0.0118758510485291));
#11863=CARTESIAN_POINT('',(-0.0006985,-0.0217932,0.011875851086378));
#11864=CARTESIAN_POINT('',(-0.0006985,-0.0216281,0.011875851086378));
#11865=CARTESIAN_POINT('',(-0.0006985,-0.0216281,0.011659680823684));
#11866=CARTESIAN_POINT('',(-0.0006985,-0.0217932,0.011659680823684));
#11867=CARTESIAN_POINT('',(-0.000698499981362327,-0.0217932,0.0118758510707357));
#11868=CARTESIAN_POINT('',(-0.000539750031766007,-0.0217932,0.012065));
#11869=CARTESIAN_POINT('',(-0.000539750000000007,-0.0217932,0.012065));
#11870=CARTESIAN_POINT('',(-0.000539750000000007,-0.0216281,0.012065));
#11871=CARTESIAN_POINT('',(-0.00716288154139897,-0.0216281,0.00417360704768955));
#11872=CARTESIAN_POINT('',(-0.000698499981362327,-0.0217932,0.0118758510707357));
#11873=CARTESIAN_POINT('',(-0.000539750000000007,-0.0217932,0.012065));
#11874=CARTESIAN_POINT('',(-0.000381000000000006,-0.0217932,0.012065));
#11875=CARTESIAN_POINT('',(-0.000381000000000006,-0.0217932,0.012065));
#11876=CARTESIAN_POINT('',(-0.000381000000000006,-0.0216281,0.012065));
#11877=CARTESIAN_POINT('',(-0.000539750000000007,-0.0216281,0.012065));
#11878=CARTESIAN_POINT('',(-0.000539750000000007,-0.0217932,0.012065));
#11879=CARTESIAN_POINT('',(-0.000381000000000006,-0.0217932,0.012065));
#11880=CARTESIAN_POINT('',(-0.000381000000000006,-0.0217932,0.010795));
#11881=CARTESIAN_POINT('',(-0.000381000000000006,-0.0217932,0.010795));
#11882=CARTESIAN_POINT('',(-0.000381000000000006,-0.0216281,0.010795));
#11883=CARTESIAN_POINT('',(-0.000381000000000006,-0.0216281,0.012065));
#11884=CARTESIAN_POINT('',(-0.000381000000000006,-0.0217932,0.012065));
#11885=CARTESIAN_POINT('',(-0.000381000000000006,-0.0217932,0.010795));
#11886=CARTESIAN_POINT('',(-0.000381000000000006,-0.0216281,0.010795));
#11887=CARTESIAN_POINT('',(-0.000381000000000006,-0.0217932,0.010795));
#11888=CARTESIAN_POINT('',(-0.0118745,-0.0216281,0.008128));
#11889=CARTESIAN_POINT('',(-0.0017145,-0.0216281,0.0102743));
#11890=CARTESIAN_POINT('',(-0.0017145,-0.0216281,0.0102743));
#11891=CARTESIAN_POINT('',(0.0008255,-0.0216281,0.0102743));
#11892=CARTESIAN_POINT('',(0.0008255,-0.0216281,0.0102743));
#11893=CARTESIAN_POINT('',(0.0008255,-0.0216281,0.0123063));
#11894=CARTESIAN_POINT('',(0.0008255,-0.0216281,0.0123063));
#11895=CARTESIAN_POINT('',(-0.0017145,-0.0216281,0.0123063));
#11896=CARTESIAN_POINT('',(-0.0017145,-0.0216281,0.0123063));
#11897=CARTESIAN_POINT('',(-0.0017145,-0.0217932,0.0102743));
#11898=CARTESIAN_POINT('',(0.0008255,-0.0217932,0.0102743));
#11899=CARTESIAN_POINT('',(0.0008255,-0.0217932,0.0102743));
#11900=CARTESIAN_POINT('',(-0.0017145,-0.0217932,0.0102743));
#11901=CARTESIAN_POINT('',(-0.0017145,-0.0217932,0.0102743));
#11902=CARTESIAN_POINT('',(-0.0017145,-0.0217932,0.0102743));
#11903=CARTESIAN_POINT('',(0.0008255,-0.0217932,0.0102743));
#11904=CARTESIAN_POINT('',(0.0008255,-0.0217932,0.0123063));
#11905=CARTESIAN_POINT('',(0.0008255,-0.0217932,0.0123063));
#11906=CARTESIAN_POINT('',(0.0008255,-0.0217932,0.0123063));
#11907=CARTESIAN_POINT('',(0.0008255,-0.0217932,0.0123063));
#11908=CARTESIAN_POINT('',(-0.0017145,-0.0217932,0.0123063));
#11909=CARTESIAN_POINT('',(-0.0017145,-0.0217932,0.0123063));
#11910=CARTESIAN_POINT('',(0.0008255,-0.0217932,0.0123063));
#11911=CARTESIAN_POINT('',(-0.0017145,-0.0217932,0.0123063));
#11912=CARTESIAN_POINT('',(-0.0017145,-0.0217932,0.0123063));
#11913=CARTESIAN_POINT('',(-0.0243205,-0.0197612,0.013491194417141));
#11914=CARTESIAN_POINT('',(-0.0243205,-0.0197612,0.013491194417141));
#11915=CARTESIAN_POINT('',(-0.0243205,-0.0215392,0.01017905));
#11916=CARTESIAN_POINT('',(-0.0243205,-0.0179832,0.01017905));
#11917=CARTESIAN_POINT('',(-0.0243205,-0.0179832,0.01017905));
#11918=CARTESIAN_POINT('',(-0.0231775,-0.0179832,0.01017905));
#11919=CARTESIAN_POINT('',(-0.0231775,-0.0197612,0.013491194417141));
#11920=CARTESIAN_POINT('',(-0.0231775,-0.0215392,0.01017905));
#11921=CARTESIAN_POINT('',(-0.0243205,-0.0215392,0.01017905));
#11922=CARTESIAN_POINT('',(-0.0231775,-0.0217932,0.008128));
#11923=CARTESIAN_POINT('',(-0.0231775,-0.0179832,0.01017905));
#11924=CARTESIAN_POINT('',(-0.0231775,-0.0217932,0.008128));
#11925=CARTESIAN_POINT('',(-0.0231775,-0.0197612,0.002764805582859));
#11926=CARTESIAN_POINT('',(-0.0231775,-0.0179832,0.00607695));
#11927=CARTESIAN_POINT('',(-0.0231775,-0.0215392,0.00607695));
#11928=CARTESIAN_POINT('',(-0.0231775,-0.0179832,0.00607695));
#11929=CARTESIAN_POINT('',(-0.0243205,-0.0197612,0.002764805582859));
#11930=CARTESIAN_POINT('',(-0.0243205,-0.0197612,0.002764805582859));
#11931=CARTESIAN_POINT('',(-0.0243205,-0.0179832,0.00607695));
#11932=CARTESIAN_POINT('',(-0.0243205,-0.0215392,0.00607695));
#11933=CARTESIAN_POINT('',(-0.0243205,-0.0215392,0.00607695));
#11934=CARTESIAN_POINT('',(-0.0243205,-0.0179832,0.00607695));
#11935=CARTESIAN_POINT('',(-0.0243205,-0.0217932,0.008128));
#11936=CARTESIAN_POINT('',(-0.0243205,-0.0179832,0.01017905));
#11937=CARTESIAN_POINT('',(-0.0243205,-0.0217932,0.008128));
#11938=CARTESIAN_POINT('',(-0.0243205,-0.0179832,0.00607695));
#11939=CARTESIAN_POINT('',(-0.0243205,-0.0197612,0.013491194417141));
#11940=CARTESIAN_POINT('',(-0.0221615,-0.0197612,0.013491194417141));
#11941=CARTESIAN_POINT('',(-0.0221615,-0.0215392000000003,0.01017905));
#11942=CARTESIAN_POINT('',(-0.0221615,-0.0179831999999997,0.01017905));
#11943=CARTESIAN_POINT('',(-0.0243205,-0.0179831999999995,0.01017905));
#11944=CARTESIAN_POINT('',(-0.0210185,-0.0179831999999997,0.01017905));
#11945=CARTESIAN_POINT('',(-0.0210185,-0.0197612,0.013491194417141));
#11946=CARTESIAN_POINT('',(-0.0210185,-0.0215392000000003,0.01017905));
#11947=CARTESIAN_POINT('',(-0.0243205,-0.0215392000000005,0.01017905));
#11948=CARTESIAN_POINT('',(-0.0210185,-0.0217932,0.008128));
#11949=CARTESIAN_POINT('',(-0.0210185,-0.0179832,0.01017905));
#11950=CARTESIAN_POINT('',(-0.0210185,-0.0217932,0.008128));
#11951=CARTESIAN_POINT('',(-0.0210185,-0.0197612,0.002764805582859));
#11952=CARTESIAN_POINT('',(-0.0210185,-0.0179831999999997,0.00607695));
#11953=CARTESIAN_POINT('',(-0.0210185,-0.0215392000000003,0.00607695));
#11954=CARTESIAN_POINT('',(-0.0210185,-0.0179832,0.00607695));
#11955=CARTESIAN_POINT('',(-0.0243205,-0.0197612,0.002764805582859));
#11956=CARTESIAN_POINT('',(-0.0221615,-0.0197612,0.002764805582859));
#11957=CARTESIAN_POINT('',(-0.0221615,-0.0179831999999997,0.00607695));
#11958=CARTESIAN_POINT('',(-0.0221615,-0.0215392000000003,0.00607695));
#11959=CARTESIAN_POINT('',(-0.0243205,-0.0215392000000005,0.00607695));
#11960=CARTESIAN_POINT('',(-0.0243205,-0.0179831999999995,0.00607695));
#11961=CARTESIAN_POINT('',(-0.0221615,-0.0217932,0.008128));
#11962=CARTESIAN_POINT('',(-0.0221615,-0.0179832,0.01017905));
#11963=CARTESIAN_POINT('',(-0.0221615,-0.0217932,0.008128));
#11964=CARTESIAN_POINT('',(-0.0221615,-0.0179832,0.00607695));
#11965=CARTESIAN_POINT('',(-0.0243205,-0.0197612,0.013491194417141));
#11966=CARTESIAN_POINT('',(-0.0200025,-0.0197612,0.013491194417141));
#11967=CARTESIAN_POINT('',(-0.0200025,-0.0215392000000003,0.01017905));
#11968=CARTESIAN_POINT('',(-0.0200025,-0.0179831999999997,0.01017905));
#11969=CARTESIAN_POINT('',(-0.0243205,-0.0179831999999995,0.01017905));
#11970=CARTESIAN_POINT('',(-0.0188595,-0.0179831999999997,0.01017905));
#11971=CARTESIAN_POINT('',(-0.0188595,-0.0197612,0.013491194417141));
#11972=CARTESIAN_POINT('',(-0.0188595,-0.0215392000000003,0.01017905));
#11973=CARTESIAN_POINT('',(-0.0243205,-0.0215392000000005,0.01017905));
#11974=CARTESIAN_POINT('',(-0.0188595,-0.0217932,0.008128));
#11975=CARTESIAN_POINT('',(-0.0188595,-0.0179832,0.01017905));
#11976=CARTESIAN_POINT('',(-0.0188595,-0.0217932,0.008128));
#11977=CARTESIAN_POINT('',(-0.0188595,-0.0197612,0.002764805582859));
#11978=CARTESIAN_POINT('',(-0.0188595,-0.0179831999999997,0.00607695));
#11979=CARTESIAN_POINT('',(-0.0188595,-0.0215392000000003,0.00607695));
#11980=CARTESIAN_POINT('',(-0.0188595,-0.0179832,0.00607695));
#11981=CARTESIAN_POINT('',(-0.0243205,-0.0197612,0.002764805582859));
#11982=CARTESIAN_POINT('',(-0.0200025,-0.0197612,0.002764805582859));
#11983=CARTESIAN_POINT('',(-0.0200025,-0.0179831999999997,0.00607695));
#11984=CARTESIAN_POINT('',(-0.0200025,-0.0215392000000003,0.00607695));
#11985=CARTESIAN_POINT('',(-0.0243205,-0.0215392000000005,0.00607695));
#11986=CARTESIAN_POINT('',(-0.0243205,-0.0179831999999995,0.00607695));
#11987=CARTESIAN_POINT('',(-0.0200025,-0.0217932,0.008128));
#11988=CARTESIAN_POINT('',(-0.0200025,-0.0179832,0.01017905));
#11989=CARTESIAN_POINT('',(-0.0200025,-0.0217932,0.008128));
#11990=CARTESIAN_POINT('',(-0.0200025,-0.0179832,0.00607695));
#11991=CARTESIAN_POINT('',(-0.0243205,-0.0197612,0.013491194417141));
#11992=CARTESIAN_POINT('',(-0.0178435,-0.0197612,0.013491194417141));
#11993=CARTESIAN_POINT('',(-0.0178435,-0.0215392000000003,0.01017905));
#11994=CARTESIAN_POINT('',(-0.0178435,-0.0179831999999997,0.01017905));
#11995=CARTESIAN_POINT('',(-0.0243205,-0.0179831999999995,0.01017905));
#11996=CARTESIAN_POINT('',(-0.0167005,-0.0179831999999997,0.01017905));
#11997=CARTESIAN_POINT('',(-0.0167005,-0.0197612,0.013491194417141));
#11998=CARTESIAN_POINT('',(-0.0167005,-0.0215392000000003,0.01017905));
#11999=CARTESIAN_POINT('',(-0.0243205,-0.0215392000000005,0.01017905));
#12000=CARTESIAN_POINT('',(-0.0167005,-0.0217932,0.008128));
#12001=CARTESIAN_POINT('',(-0.0167005,-0.0179832,0.01017905));
#12002=CARTESIAN_POINT('',(-0.0167005,-0.0217932,0.008128));
#12003=CARTESIAN_POINT('',(-0.0167005,-0.0197612,0.002764805582859));
#12004=CARTESIAN_POINT('',(-0.0167005,-0.0179831999999997,0.00607695));
#12005=CARTESIAN_POINT('',(-0.0167005,-0.0215392000000003,0.00607695));
#12006=CARTESIAN_POINT('',(-0.0167005,-0.0179832,0.00607695));
#12007=CARTESIAN_POINT('',(-0.0243205,-0.0197612,0.002764805582859));
#12008=CARTESIAN_POINT('',(-0.0178435,-0.0197612,0.002764805582859));
#12009=CARTESIAN_POINT('',(-0.0178435,-0.0179831999999997,0.00607695));
#12010=CARTESIAN_POINT('',(-0.0178435,-0.0215392000000003,0.00607695));
#12011=CARTESIAN_POINT('',(-0.0243205,-0.0215392000000005,0.00607695));
#12012=CARTESIAN_POINT('',(-0.0243205,-0.0179831999999995,0.00607695));
#12013=CARTESIAN_POINT('',(-0.0178435,-0.0217932,0.008128));
#12014=CARTESIAN_POINT('',(-0.0178435,-0.0179832,0.01017905));
#12015=CARTESIAN_POINT('',(-0.0178435,-0.0217932,0.008128));
#12016=CARTESIAN_POINT('',(-0.0178435,-0.0179832,0.00607695));
#12017=CARTESIAN_POINT('',(-0.0243205,-0.0197612,0.013491194417141));
#12018=CARTESIAN_POINT('',(-0.0156845,-0.0197612,0.013491194417141));
#12019=CARTESIAN_POINT('',(-0.0156845,-0.0215392000000003,0.01017905));
#12020=CARTESIAN_POINT('',(-0.0156845,-0.0179831999999997,0.01017905));
#12021=CARTESIAN_POINT('',(-0.0243205,-0.0179831999999995,0.01017905));
#12022=CARTESIAN_POINT('',(-0.0145415,-0.0179831999999997,0.01017905));
#12023=CARTESIAN_POINT('',(-0.0145415,-0.0197612,0.013491194417141));
#12024=CARTESIAN_POINT('',(-0.0145415,-0.0215392000000003,0.01017905));
#12025=CARTESIAN_POINT('',(-0.0243205,-0.0215392000000005,0.01017905));
#12026=CARTESIAN_POINT('',(-0.0145415,-0.0217932,0.008128));
#12027=CARTESIAN_POINT('',(-0.0145415,-0.0179832,0.01017905));
#12028=CARTESIAN_POINT('',(-0.0145415,-0.0217932,0.008128));
#12029=CARTESIAN_POINT('',(-0.0145415,-0.0197612,0.002764805582859));
#12030=CARTESIAN_POINT('',(-0.0145415,-0.0179831999999997,0.00607695));
#12031=CARTESIAN_POINT('',(-0.0145415,-0.0215392000000003,0.00607695));
#12032=CARTESIAN_POINT('',(-0.0145415,-0.0179832,0.00607695));
#12033=CARTESIAN_POINT('',(-0.0243205,-0.0197612,0.002764805582859));
#12034=CARTESIAN_POINT('',(-0.0156845,-0.0197612,0.002764805582859));
#12035=CARTESIAN_POINT('',(-0.0156845,-0.0179831999999997,0.00607695));
#12036=CARTESIAN_POINT('',(-0.0156845,-0.0215392000000003,0.00607695));
#12037=CARTESIAN_POINT('',(-0.0243205,-0.0215392000000005,0.00607695));
#12038=CARTESIAN_POINT('',(-0.0243205,-0.0179831999999995,0.00607695));
#12039=CARTESIAN_POINT('',(-0.0156845,-0.0217932,0.008128));
#12040=CARTESIAN_POINT('',(-0.0156845,-0.0179832,0.01017905));
#12041=CARTESIAN_POINT('',(-0.0156845,-0.0217932,0.008128));
#12042=CARTESIAN_POINT('',(-0.0156845,-0.0179832,0.00607695));
#12043=CARTESIAN_POINT('',(-0.0243205,-0.0197612,0.013491194417141));
#12044=CARTESIAN_POINT('',(-0.0135255,-0.0197612,0.013491194417141));
#12045=CARTESIAN_POINT('',(-0.0135255,-0.0215392000000003,0.01017905));
#12046=CARTESIAN_POINT('',(-0.0135255,-0.0179831999999997,0.01017905));
#12047=CARTESIAN_POINT('',(-0.0243205,-0.0179831999999995,0.01017905));
#12048=CARTESIAN_POINT('',(-0.0123825,-0.0179831999999997,0.01017905));
#12049=CARTESIAN_POINT('',(-0.0123825,-0.0197612,0.013491194417141));
#12050=CARTESIAN_POINT('',(-0.0123825,-0.0215392000000003,0.01017905));
#12051=CARTESIAN_POINT('',(-0.0243205,-0.0215392000000005,0.01017905));
#12052=CARTESIAN_POINT('',(-0.0123825,-0.0217932,0.008128));
#12053=CARTESIAN_POINT('',(-0.0123825,-0.0179832,0.01017905));
#12054=CARTESIAN_POINT('',(-0.0123825,-0.0217932,0.008128));
#12055=CARTESIAN_POINT('',(-0.0123825,-0.0197612,0.002764805582859));
#12056=CARTESIAN_POINT('',(-0.0123825,-0.0179831999999997,0.00607695));
#12057=CARTESIAN_POINT('',(-0.0123825,-0.0215392000000003,0.00607695));
#12058=CARTESIAN_POINT('',(-0.0123825,-0.0179832,0.00607695));
#12059=CARTESIAN_POINT('',(-0.0243205,-0.0197612,0.002764805582859));
#12060=CARTESIAN_POINT('',(-0.0135255,-0.0197612,0.002764805582859));
#12061=CARTESIAN_POINT('',(-0.0135255,-0.0179831999999997,0.00607695));
#12062=CARTESIAN_POINT('',(-0.0135255,-0.0215392000000003,0.00607695));
#12063=CARTESIAN_POINT('',(-0.0243205,-0.0215392000000005,0.00607695));
#12064=CARTESIAN_POINT('',(-0.0243205,-0.0179831999999995,0.00607695));
#12065=CARTESIAN_POINT('',(-0.0135255,-0.0217932,0.008128));
#12066=CARTESIAN_POINT('',(-0.0135255,-0.0179832,0.01017905));
#12067=CARTESIAN_POINT('',(-0.0135255,-0.0217932,0.008128));
#12068=CARTESIAN_POINT('',(-0.0135255,-0.0179832,0.00607695));
#12069=CARTESIAN_POINT('',(-0.0243205,-0.0197612,0.013491194417141));
#12070=CARTESIAN_POINT('',(-0.0113665,-0.0197612,0.013491194417141));
#12071=CARTESIAN_POINT('',(-0.0113665,-0.0215392000000003,0.01017905));
#12072=CARTESIAN_POINT('',(-0.0113665,-0.0179831999999997,0.01017905));
#12073=CARTESIAN_POINT('',(-0.0243205,-0.0179831999999995,0.01017905));
#12074=CARTESIAN_POINT('',(-0.0102235,-0.0179831999999997,0.01017905));
#12075=CARTESIAN_POINT('',(-0.0102235,-0.0197612,0.013491194417141));
#12076=CARTESIAN_POINT('',(-0.0102235,-0.0215392000000003,0.01017905));
#12077=CARTESIAN_POINT('',(-0.0243205,-0.0215392000000005,0.01017905));
#12078=CARTESIAN_POINT('',(-0.0102235,-0.0217932,0.008128));
#12079=CARTESIAN_POINT('',(-0.0102235,-0.0179832,0.01017905));
#12080=CARTESIAN_POINT('',(-0.0102235,-0.0217932,0.008128));
#12081=CARTESIAN_POINT('',(-0.0102235,-0.0197612,0.002764805582859));
#12082=CARTESIAN_POINT('',(-0.0102235,-0.0179831999999997,0.00607695));
#12083=CARTESIAN_POINT('',(-0.0102235,-0.0215392000000003,0.00607695));
#12084=CARTESIAN_POINT('',(-0.0102235,-0.0179832,0.00607695));
#12085=CARTESIAN_POINT('',(-0.0243205,-0.0197612,0.002764805582859));
#12086=CARTESIAN_POINT('',(-0.0113665,-0.0197612,0.002764805582859));
#12087=CARTESIAN_POINT('',(-0.0113665,-0.0179831999999997,0.00607695));
#12088=CARTESIAN_POINT('',(-0.0113665,-0.0215392000000003,0.00607695));
#12089=CARTESIAN_POINT('',(-0.0243205,-0.0215392000000005,0.00607695));
#12090=CARTESIAN_POINT('',(-0.0243205,-0.0179831999999995,0.00607695));
#12091=CARTESIAN_POINT('',(-0.0113665,-0.0217932,0.008128));
#12092=CARTESIAN_POINT('',(-0.0113665,-0.0179832,0.01017905));
#12093=CARTESIAN_POINT('',(-0.0113665,-0.0217932,0.008128));
#12094=CARTESIAN_POINT('',(-0.0113665,-0.0179832,0.00607695));
#12095=CARTESIAN_POINT('',(-0.0243205,-0.0197612,0.013491194417141));
#12096=CARTESIAN_POINT('',(-0.0092075,-0.0197612,0.013491194417141));
#12097=CARTESIAN_POINT('',(-0.0092075,-0.0215392000000003,0.01017905));
#12098=CARTESIAN_POINT('',(-0.0092075,-0.0179831999999997,0.01017905));
#12099=CARTESIAN_POINT('',(-0.0243205,-0.0179831999999995,0.01017905));
#12100=CARTESIAN_POINT('',(-0.0080645,-0.0179831999999997,0.01017905));
#12101=CARTESIAN_POINT('',(-0.0080645,-0.0197612,0.013491194417141));
#12102=CARTESIAN_POINT('',(-0.0080645,-0.0215392000000003,0.01017905));
#12103=CARTESIAN_POINT('',(-0.0243205,-0.0215392000000005,0.01017905));
#12104=CARTESIAN_POINT('',(-0.0080645,-0.0217932,0.008128));
#12105=CARTESIAN_POINT('',(-0.0080645,-0.0179832,0.01017905));
#12106=CARTESIAN_POINT('',(-0.0080645,-0.0217932,0.008128));
#12107=CARTESIAN_POINT('',(-0.0080645,-0.0197612,0.002764805582859));
#12108=CARTESIAN_POINT('',(-0.0080645,-0.0179831999999997,0.00607695));
#12109=CARTESIAN_POINT('',(-0.0080645,-0.0215392000000003,0.00607695));
#12110=CARTESIAN_POINT('',(-0.0080645,-0.0179832,0.00607695));
#12111=CARTESIAN_POINT('',(-0.0243205,-0.0197612,0.002764805582859));
#12112=CARTESIAN_POINT('',(-0.0092075,-0.0197612,0.002764805582859));
#12113=CARTESIAN_POINT('',(-0.0092075,-0.0179831999999997,0.00607695));
#12114=CARTESIAN_POINT('',(-0.0092075,-0.0215392000000003,0.00607695));
#12115=CARTESIAN_POINT('',(-0.0243205,-0.0215392000000005,0.00607695));
#12116=CARTESIAN_POINT('',(-0.0243205,-0.0179831999999995,0.00607695));
#12117=CARTESIAN_POINT('',(-0.0092075,-0.0217932,0.008128));
#12118=CARTESIAN_POINT('',(-0.0092075,-0.0179832,0.01017905));
#12119=CARTESIAN_POINT('',(-0.0092075,-0.0217932,0.008128));
#12120=CARTESIAN_POINT('',(-0.0092075,-0.0179832,0.00607695));
#12121=CARTESIAN_POINT('',(-0.0243205,-0.0197612,0.013491194417141));
#12122=CARTESIAN_POINT('',(-0.0070485,-0.0197612,0.013491194417141));
#12123=CARTESIAN_POINT('',(-0.0070485,-0.0215392000000003,0.01017905));
#12124=CARTESIAN_POINT('',(-0.0070485,-0.0179831999999997,0.01017905));
#12125=CARTESIAN_POINT('',(-0.0243205,-0.0179831999999995,0.01017905));
#12126=CARTESIAN_POINT('',(-0.0059055,-0.0179831999999997,0.01017905));
#12127=CARTESIAN_POINT('',(-0.0059055,-0.0197612,0.013491194417141));
#12128=CARTESIAN_POINT('',(-0.0059055,-0.0215392000000003,0.01017905));
#12129=CARTESIAN_POINT('',(-0.0243205,-0.0215392000000005,0.01017905));
#12130=CARTESIAN_POINT('',(-0.0059055,-0.0217932,0.008128));
#12131=CARTESIAN_POINT('',(-0.0059055,-0.0179832,0.01017905));
#12132=CARTESIAN_POINT('',(-0.0059055,-0.0217932,0.008128));
#12133=CARTESIAN_POINT('',(-0.0059055,-0.0197612,0.002764805582859));
#12134=CARTESIAN_POINT('',(-0.0059055,-0.0179831999999997,0.00607695));
#12135=CARTESIAN_POINT('',(-0.0059055,-0.0215392000000003,0.00607695));
#12136=CARTESIAN_POINT('',(-0.0059055,-0.0179832,0.00607695));
#12137=CARTESIAN_POINT('',(-0.0243205,-0.0197612,0.002764805582859));
#12138=CARTESIAN_POINT('',(-0.0070485,-0.0197612,0.002764805582859));
#12139=CARTESIAN_POINT('',(-0.0070485,-0.0179831999999997,0.00607695));
#12140=CARTESIAN_POINT('',(-0.0070485,-0.0215392000000003,0.00607695));
#12141=CARTESIAN_POINT('',(-0.0243205,-0.0215392000000005,0.00607695));
#12142=CARTESIAN_POINT('',(-0.0243205,-0.0179831999999995,0.00607695));
#12143=CARTESIAN_POINT('',(-0.0070485,-0.0217932,0.008128));
#12144=CARTESIAN_POINT('',(-0.0070485,-0.0179832,0.01017905));
#12145=CARTESIAN_POINT('',(-0.0070485,-0.0217932,0.008128));
#12146=CARTESIAN_POINT('',(-0.0070485,-0.0179832,0.00607695));
#12147=CARTESIAN_POINT('',(-0.0243205,-0.0197612,0.013491194417141));
#12148=CARTESIAN_POINT('',(-0.0048895,-0.0197612,0.013491194417141));
#12149=CARTESIAN_POINT('',(-0.0048895,-0.0215392000000003,0.01017905));
#12150=CARTESIAN_POINT('',(-0.0048895,-0.0179831999999997,0.01017905));
#12151=CARTESIAN_POINT('',(-0.0243205,-0.0179831999999995,0.01017905));
#12152=CARTESIAN_POINT('',(-0.0037465,-0.0179831999999997,0.01017905));
#12153=CARTESIAN_POINT('',(-0.0037465,-0.0197612,0.013491194417141));
#12154=CARTESIAN_POINT('',(-0.0037465,-0.0215392000000003,0.01017905));
#12155=CARTESIAN_POINT('',(-0.0243205,-0.0215392000000005,0.01017905));
#12156=CARTESIAN_POINT('',(-0.0037465,-0.0217932,0.008128));
#12157=CARTESIAN_POINT('',(-0.0037465,-0.0179832,0.01017905));
#12158=CARTESIAN_POINT('',(-0.0037465,-0.0217932,0.008128));
#12159=CARTESIAN_POINT('',(-0.0037465,-0.0197612,0.002764805582859));
#12160=CARTESIAN_POINT('',(-0.0037465,-0.0179831999999997,0.00607695));
#12161=CARTESIAN_POINT('',(-0.0037465,-0.0215392000000003,0.00607695));
#12162=CARTESIAN_POINT('',(-0.0037465,-0.0179832,0.00607695));
#12163=CARTESIAN_POINT('',(-0.0243205,-0.0197612,0.002764805582859));
#12164=CARTESIAN_POINT('',(-0.0048895,-0.0197612,0.002764805582859));
#12165=CARTESIAN_POINT('',(-0.0048895,-0.0179831999999997,0.00607695));
#12166=CARTESIAN_POINT('',(-0.0048895,-0.0215392000000003,0.00607695));
#12167=CARTESIAN_POINT('',(-0.0243205,-0.0215392000000005,0.00607695));
#12168=CARTESIAN_POINT('',(-0.0243205,-0.0179831999999995,0.00607695));
#12169=CARTESIAN_POINT('',(-0.0048895,-0.0217932,0.008128));
#12170=CARTESIAN_POINT('',(-0.0048895,-0.0179832,0.01017905));
#12171=CARTESIAN_POINT('',(-0.0048895,-0.0217932,0.008128));
#12172=CARTESIAN_POINT('',(-0.0048895,-0.0179832,0.00607695));
#12173=CARTESIAN_POINT('',(-0.0243205,-0.0197612,0.013491194417141));
#12174=CARTESIAN_POINT('',(-0.0027305,-0.0197612,0.013491194417141));
#12175=CARTESIAN_POINT('',(-0.0027305,-0.0215392000000003,0.01017905));
#12176=CARTESIAN_POINT('',(-0.0027305,-0.0179831999999997,0.01017905));
#12177=CARTESIAN_POINT('',(-0.0243205,-0.0179831999999995,0.01017905));
#12178=CARTESIAN_POINT('',(-0.0015875,-0.0179831999999997,0.01017905));
#12179=CARTESIAN_POINT('',(-0.0015875,-0.0197612,0.013491194417141));
#12180=CARTESIAN_POINT('',(-0.0015875,-0.0215392000000003,0.01017905));
#12181=CARTESIAN_POINT('',(-0.0243205,-0.0215392000000005,0.01017905));
#12182=CARTESIAN_POINT('',(-0.0015875,-0.0217932,0.008128));
#12183=CARTESIAN_POINT('',(-0.0015875,-0.0179832,0.01017905));
#12184=CARTESIAN_POINT('',(-0.0015875,-0.0217932,0.008128));
#12185=CARTESIAN_POINT('',(-0.0015875,-0.0197612,0.002764805582859));
#12186=CARTESIAN_POINT('',(-0.0015875,-0.0179831999999997,0.00607695));
#12187=CARTESIAN_POINT('',(-0.0015875,-0.0215392000000003,0.00607695));
#12188=CARTESIAN_POINT('',(-0.0015875,-0.0179832,0.00607695));
#12189=CARTESIAN_POINT('',(-0.0243205,-0.0197612,0.002764805582859));
#12190=CARTESIAN_POINT('',(-0.0027305,-0.0197612,0.002764805582859));
#12191=CARTESIAN_POINT('',(-0.0027305,-0.0179831999999997,0.00607695));
#12192=CARTESIAN_POINT('',(-0.0027305,-0.0215392000000003,0.00607695));
#12193=CARTESIAN_POINT('',(-0.0243205,-0.0215392000000005,0.00607695));
#12194=CARTESIAN_POINT('',(-0.0243205,-0.0179831999999995,0.00607695));
#12195=CARTESIAN_POINT('',(-0.0027305,-0.0217932,0.008128));
#12196=CARTESIAN_POINT('',(-0.0027305,-0.0179832,0.01017905));
#12197=CARTESIAN_POINT('',(-0.0027305,-0.0217932,0.008128));
#12198=CARTESIAN_POINT('',(-0.0027305,-0.0179832,0.00607695));
#12199=CARTESIAN_POINT('',(-0.0243205,-0.0197612,0.013491194417141));
#12200=CARTESIAN_POINT('',(-0.0005715,-0.0197612,0.013491194417141));
#12201=CARTESIAN_POINT('',(-0.0005715,-0.0215392000000003,0.01017905));
#12202=CARTESIAN_POINT('',(-0.0005715,-0.0179831999999997,0.01017905));
#12203=CARTESIAN_POINT('',(-0.0243205,-0.0179831999999995,0.01017905));
#12204=CARTESIAN_POINT('',(0.0005715,-0.0179831999999997,0.01017905));
#12205=CARTESIAN_POINT('',(0.0005715,-0.0197612,0.013491194417141));
#12206=CARTESIAN_POINT('',(0.0005715,-0.0215392000000003,0.01017905));
#12207=CARTESIAN_POINT('',(-0.0243205,-0.0215392000000005,0.01017905));
#12208=CARTESIAN_POINT('',(0.0005715,-0.0217932,0.008128));
#12209=CARTESIAN_POINT('',(0.0005715,-0.0179832,0.01017905));
#12210=CARTESIAN_POINT('',(0.0005715,-0.0217932,0.008128));
#12211=CARTESIAN_POINT('',(0.0005715,-0.0197612,0.002764805582859));
#12212=CARTESIAN_POINT('',(0.0005715,-0.0179831999999997,0.00607695));
#12213=CARTESIAN_POINT('',(0.0005715,-0.0215392000000003,0.00607695));
#12214=CARTESIAN_POINT('',(0.0005715,-0.0179832,0.00607695));
#12215=CARTESIAN_POINT('',(-0.0243205,-0.0197612,0.002764805582859));
#12216=CARTESIAN_POINT('',(-0.0005715,-0.0197612,0.002764805582859));
#12217=CARTESIAN_POINT('',(-0.0005715,-0.0179831999999997,0.00607695));
#12218=CARTESIAN_POINT('',(-0.0005715,-0.0215392000000003,0.00607695));
#12219=CARTESIAN_POINT('',(-0.0243205,-0.0215392000000005,0.00607695));
#12220=CARTESIAN_POINT('',(-0.0243205,-0.0179831999999995,0.00607695));
#12221=CARTESIAN_POINT('',(-0.0005715,-0.0217932,0.008128));
#12222=CARTESIAN_POINT('',(-0.0005715,-0.0179832,0.01017905));
#12223=CARTESIAN_POINT('',(-0.0005715,-0.0217932,0.008128));
#12224=CARTESIAN_POINT('',(-0.0005715,-0.0179832,0.00607695));
#12225=CARTESIAN_POINT('',(0.0027051,-0.0217932,0.01017905));
#12226=CARTESIAN_POINT('',(0.0027051,-0.0217932,0.01017905));
#12227=CARTESIAN_POINT('',(0.0027051,-0.0217932,0.01017905));
#12228=CARTESIAN_POINT('',(0.0027051,-0.0140462,0.01017905));
#12229=CARTESIAN_POINT('',(0.0027051,-0.0217932,0.01017905));
#12230=CARTESIAN_POINT('',(-0.0264541,-0.0217932,0.01017905));
#12231=CARTESIAN_POINT('',(-0.0264541,-0.0217932,0.01017905));
#12232=CARTESIAN_POINT('',(-0.0264541,-0.0140462,0.01017905));
#12233=CARTESIAN_POINT('',(0.0027051,-0.0140462,0.01017905));
#12234=CARTESIAN_POINT('',(0.0027051,-0.0217932,0.00607695));
#12235=CARTESIAN_POINT('',(0.0027051,-0.0217932,0.00607695));
#12236=CARTESIAN_POINT('',(0.0027051,-0.0217932,0.00607695));
#12237=CARTESIAN_POINT('',(0.0027051,-0.0140462,0.00607695));
#12238=CARTESIAN_POINT('',(0.0027051,-0.0217932,0.00607695));
#12239=CARTESIAN_POINT('',(0.0027051,-0.0140462,0.00607695));
#12240=CARTESIAN_POINT('',(-0.0264541,-0.0217932,0.00607695));
#12241=CARTESIAN_POINT('',(-0.0264541,-0.0217932,0.00607695));
#12242=CARTESIAN_POINT('',(-0.0264541,-0.0217932,0.00607695));
#12243=CARTESIAN_POINT('',(-0.0264541,-0.0140462,0.00607695));
#12244=CARTESIAN_POINT('',(-0.0264541,-0.0217932,0.00607695));
#12245=CARTESIAN_POINT('',(-0.0264541,-0.0140462,0.00607695));
#12246=CARTESIAN_POINT('',(-0.0264541,-0.0217932,0.01017905));
#12247=CARTESIAN_POINT('',(-0.0264541,-0.0217932,0.01017905));
#12248=CARTESIAN_POINT('',(-0.0264541,-0.0140462,0.01017905));
#12249=CARTESIAN_POINT('',(0.0024511,-0.0217932,0.0140589));
#12250=CARTESIAN_POINT('',(-0.0262001,-0.0217932,0.0140589));
#12251=CARTESIAN_POINT('',(-0.0262001,-0.0217932,0.0140589));
#12252=CARTESIAN_POINT('',(-0.0262001,-0.0140462,0.0140589));
#12253=CARTESIAN_POINT('',(0.0024511,-0.0217932,0.0140589));
#12254=CARTESIAN_POINT('',(0.0024511,-0.0217932,0.0140589));
#12255=CARTESIAN_POINT('',(0.0024511,-0.0217932,0.0140589));
#12256=CARTESIAN_POINT('',(0.0024511,-0.0140462,0.0140589));
#12257=CARTESIAN_POINT('',(0.0024511,-0.0140462,0.0140589));
#12258=CARTESIAN_POINT('',(0.0024511,-0.0217932,0.0103124));
#12259=CARTESIAN_POINT('',(0.0024511,-0.0217932,0.0103124));
#12260=CARTESIAN_POINT('',(0.00607413761013999,-0.0217932,0.009358533801048));
#12261=CARTESIAN_POINT('',(0.00607413761013999,-0.0217932,0.009358533801048));
#12262=CARTESIAN_POINT('',(0.00607413761013999,-0.0140462,0.009358533801048));
#12263=CARTESIAN_POINT('',(0.0024511,-0.0140462,0.0103124));
#12264=CARTESIAN_POINT('',(0.00489049224988999,-0.0217932,0.004862733801048));
#12265=CARTESIAN_POINT('',(0.00489049224988999,-0.0217932,0.004862733801048));
#12266=CARTESIAN_POINT('',(0.00489049224988999,-0.0217932,0.004862733801048));
#12267=CARTESIAN_POINT('',(0.00489049224988999,-0.0217932,0.004862733801048));
#12268=CARTESIAN_POINT('',(0.00489049224988999,-0.0140462,0.004862733801048));
#12269=CARTESIAN_POINT('',(0.00489049224988999,-0.0140462,0.004862733801048));
#12270=CARTESIAN_POINT('',(0.00126745463974999,-0.0217932,0.0058166));
#12271=CARTESIAN_POINT('',(0.00126745463974999,-0.0217932,0.0058166));
#12272=CARTESIAN_POINT('',(0.00126745463974999,-0.0217932,0.0020701));
#12273=CARTESIAN_POINT('',(0.00126745463974999,-0.0217932,0.0020701));
#12274=CARTESIAN_POINT('',(0.00126745463974999,-0.0140462,0.0020701));
#12275=CARTESIAN_POINT('',(0.00126745463974999,-0.0140462,0.0058166));
#12276=CARTESIAN_POINT('',(-0.02501645463975,-0.0217932,0.0020701));
#12277=CARTESIAN_POINT('',(-0.02501645463975,-0.0217932,0.0020701));
#12278=CARTESIAN_POINT('',(-0.02501645463975,-0.0217932,0.0020701));
#12279=CARTESIAN_POINT('',(-0.02501645463975,-0.0217932,0.0020701));
#12280=CARTESIAN_POINT('',(-0.02501645463975,-0.0140462,0.0020701));
#12281=CARTESIAN_POINT('',(-0.02501645463975,-0.0140462,0.0020701));
#12282=CARTESIAN_POINT('',(-0.02501645463975,-0.0217932,0.0058166));
#12283=CARTESIAN_POINT('',(-0.02501645463975,-0.0217932,0.0058166));
#12284=CARTESIAN_POINT('',(-0.02863949224989,-0.0217932,0.004862733801048));
#12285=CARTESIAN_POINT('',(-0.02863949224989,-0.0217932,0.004862733801048));
#12286=CARTESIAN_POINT('',(-0.02863949224989,-0.0140462,0.004862733801048));
#12287=CARTESIAN_POINT('',(-0.02501645463975,-0.0140462,0.0058166));
#12288=CARTESIAN_POINT('',(-0.02982313761014,-0.0217932,0.009358533801048));
#12289=CARTESIAN_POINT('',(-0.02982313761014,-0.0217932,0.009358533801048));
#12290=CARTESIAN_POINT('',(-0.02982313761014,-0.0217932,0.009358533801048));
#12291=CARTESIAN_POINT('',(-0.02982313761014,-0.0217932,0.009358533801048));
#12292=CARTESIAN_POINT('',(-0.02982313761014,-0.0140462,0.009358533801048));
#12293=CARTESIAN_POINT('',(-0.02982313761014,-0.0140462,0.009358533801048));
#12294=CARTESIAN_POINT('',(-0.0352679,-0.0120142,0.008128));
#12295=CARTESIAN_POINT('',(-0.0352679,-0.0140462,0.008128));
#12296=CARTESIAN_POINT('',(-0.0378079,-0.0140462,0.008128));
#12297=CARTESIAN_POINT('',(-0.0352679,-0.0120142,0.008128));
#12298=CARTESIAN_POINT('',(-0.0327279,-0.0120142,0.008128));
#12299=CARTESIAN_POINT('',(-0.0352679,-0.0120142,0.008128));
#12300=CARTESIAN_POINT('',(-0.03825832528832,-0.0120142,0.011118425288316));
#12301=CARTESIAN_POINT('',(-0.03825832528832,-0.0120142,0.011118425288316));
#12302=CARTESIAN_POINT('',(-0.03825832528832,-0.0092456,0.011118425288316));
#12303=CARTESIAN_POINT('',(-0.0352679,-0.0092456,0.008128));
#12304=CARTESIAN_POINT('',(-0.03825832528832,-0.0092456,0.005137574711684));
#12305=CARTESIAN_POINT('',(-0.03825832528832,-0.0120142,0.005137574711684));
#12306=CARTESIAN_POINT('',(-0.03825832528832,-0.0120142,0.005137574711684));
#12307=CARTESIAN_POINT('',(-0.0352679,-0.0120142,0.008128));
#12308=CARTESIAN_POINT('',(-0.03724825057663,-0.0120142,0.0041275));
#12309=CARTESIAN_POINT('',(-0.03724825057663,-0.0092456,0.0041275));
#12310=CARTESIAN_POINT('',(-0.03724825057663,-0.0092456,0.0041275));
#12311=CARTESIAN_POINT('',(-0.03724825057663,-0.0120142,0.0041275));
#12312=CARTESIAN_POINT('',(-0.03724825057663,-0.0120142,0.0041275));
#12313=CARTESIAN_POINT('',(-0.03724825057663,-0.0120142,0.0041275));
#12314=CARTESIAN_POINT('',(0.01070800864574,-0.00118035658537,0.));
#12315=CARTESIAN_POINT('',(0.01070800864574,-0.00118035658537,-0.0037338));
#12316=CARTESIAN_POINT('',(0.01070800864574,-0.00118035658537,-0.0037338));
#12317=CARTESIAN_POINT('',(0.01070800864574,-0.00118035658537,0.));
#12318=CARTESIAN_POINT('',(0.01051142892349,-0.00094742,-0.0037338));
#12319=CARTESIAN_POINT('',(0.01051142892349,-0.00094742,-0.0037338));
#12320=CARTESIAN_POINT('',(0.01051142892349,-0.00094742,-0.0037338));
#12321=CARTESIAN_POINT('',(0.01051142892349,-0.00094742,0.));
#12322=CARTESIAN_POINT('',(0.01051142892349,-0.00094742,0.));
#12323=CARTESIAN_POINT('',(0.0115189,-0.00214122,0.));
#12324=CARTESIAN_POINT('',(0.0115189,-0.00214122,-0.0037338));
#12325=CARTESIAN_POINT('',(0.01070800864574,-0.00310208341463,-0.0037338));
#12326=CARTESIAN_POINT('',(0.0115189,-0.00214122,0.));
#12327=CARTESIAN_POINT('',(0.01070800864574,-0.00310208341463,0.));
#12328=CARTESIAN_POINT('',(0.01070800864574,-0.00310208341463,0.));
#12329=CARTESIAN_POINT('',(0.01051142892349,-0.00333502,0.));
#12330=CARTESIAN_POINT('',(0.01051142892349,-0.00333502,-0.0037338));
#12331=CARTESIAN_POINT('',(0.01051142892349,-0.00333502,-0.0037338));
#12332=CARTESIAN_POINT('',(0.01051142892349,-0.00333502,0.));
#12333=CARTESIAN_POINT('',(0.01070800864574,-0.00310208341463,-0.0037338));
#12334=CARTESIAN_POINT('',(0.01070800864574,-0.00310208341463,0.));
#12335=CARTESIAN_POINT('',(0.0115189,-0.00214122,0.));
#12336=CARTESIAN_POINT('',(0.0115189,-0.00214122,-0.0037338));
#12337=CARTESIAN_POINT('',(0.0115189,-0.00214122,0.));
#12338=CARTESIAN_POINT('',(0.0115189,-0.00214122,0.));
#12339=CARTESIAN_POINT('',(0.0125263710765074,-0.0033350200000004,0.));
#12340=CARTESIAN_POINT('',(0.0125263710765097,-0.00333501999999965,-0.0037338));
#12341=CARTESIAN_POINT('',(0.0125263710765097,-0.00333501999999965,0.));
#12342=CARTESIAN_POINT('',(0.0115189,-0.00214122,-0.0037338));
#12343=CARTESIAN_POINT('',(0.012526371076509,-0.000947420000000349,-0.0037338));
#12344=CARTESIAN_POINT('',(0.0125263710765068,-0.000947419999999048,0.));
#12345=CARTESIAN_POINT('',(0.012526371076509,-0.000947420000000349,0.));
#12346=CARTESIAN_POINT('',(0.0115189,-0.00214122,0.));
#12347=CARTESIAN_POINT('',(0.01070800864574,-0.00118035658537,0.));
#12348=CARTESIAN_POINT('',(0.0123297913542619,-0.0031020834146346,0.));
#12349=CARTESIAN_POINT('',(0.0123297913542624,-0.0031020834146321,-0.0037338));
#12350=CARTESIAN_POINT('',(0.0123297913542624,-0.0031020834146321,0.));
#12351=CARTESIAN_POINT('',(0.0114744584451107,-0.0020885591053473,-0.0037338));
#12352=CARTESIAN_POINT('',(0.01070800864574,-0.00118035658537,0.));
#12353=CARTESIAN_POINT('',(0.0115189,-0.00214122,0.));
#12354=CARTESIAN_POINT('',(0.0115189,-0.00214122,-0.0037338));
#12355=CARTESIAN_POINT('',(0.012329791354261,-0.0011803565853688,-0.0037338));
#12356=CARTESIAN_POINT('',(0.0115189,-0.00214122,0.));
#12357=CARTESIAN_POINT('',(0.012329791354261,-0.0011803565853688,0.));
#12358=CARTESIAN_POINT('',(0.0123297913542613,-0.0011803565853649,0.));
#12359=CARTESIAN_POINT('',(0.01051142892349,-0.00333502,0.));
#12360=CARTESIAN_POINT('',(-0.00789791380898543,-0.0251491185547732,-0.0037338));
#12361=CARTESIAN_POINT('',(0.01051142892349,-0.00333502,0.));
#12362=CARTESIAN_POINT('',(-0.0352679,-0.00214122,0.));
#12363=CARTESIAN_POINT('',(-0.0352679,-0.00214122,-0.0037338));
#12364=CARTESIAN_POINT('',(-0.0344570086457376,-0.0031020834146321,-0.0037338));
#12365=CARTESIAN_POINT('',(-0.034457008645739,-0.0011803565853688,-0.0037338));
#12366=CARTESIAN_POINT('',(-0.0344570086457381,-0.0031020834146346,0.));
#12367=CARTESIAN_POINT('',(-0.0344570086457376,-0.0031020834146321,0.));
#12368=CARTESIAN_POINT('',(-0.0352679,-0.00214122,0.));
#12369=CARTESIAN_POINT('',(-0.034457008645739,-0.0011803565853688,0.));
#12370=CARTESIAN_POINT('',(-0.0344570086457386,-0.0011803565853649,0.));
#12371=CARTESIAN_POINT('',(-0.03607879135426,-0.00118035658537,0.));
#12372=CARTESIAN_POINT('',(-0.03607879135426,-0.00118035658537,0.));
#12373=CARTESIAN_POINT('',(-0.0342604289234903,-0.00333501999999965,0.));
#12374=CARTESIAN_POINT('',(-0.0158510861910163,-0.0251491185547747,-0.0037338));
#12375=CARTESIAN_POINT('',(-0.0342604289234903,-0.00333501999999965,-0.0037338));
#12376=CARTESIAN_POINT('',(-0.0342604289234926,-0.0033350200000004,0.));
#12377=CARTESIAN_POINT('',(-0.0352679,-0.00214122,0.));
#12378=CARTESIAN_POINT('',(-0.0352679,-0.00214122,0.));
#12379=CARTESIAN_POINT('',(-0.034260428923491,-0.000947420000000349,0.));
#12380=CARTESIAN_POINT('',(-0.0352679,-0.00214122,-0.0037338));
#12381=CARTESIAN_POINT('',(-0.034260428923491,-0.000947420000000349,-0.0037338));
#12382=CARTESIAN_POINT('',(-0.0342604289234932,-0.000947419999999048,0.));
#12383=CARTESIAN_POINT('',(-0.03627537107651,-0.00333502,0.));
#12384=CARTESIAN_POINT('',(-0.0352234584451124,-0.0020885591053458,-0.0037338));
#12385=CARTESIAN_POINT('',(-0.03627537107651,-0.00333502,0.));
#12386=CARTESIAN_POINT('',(-0.0352679,-0.00214122,0.));
#12387=CARTESIAN_POINT('',(-0.0352679,-0.00214122,-0.0037338));
#12388=CARTESIAN_POINT('',(-0.03607879135426,-0.00118035658537,-0.0037338));
#12389=CARTESIAN_POINT('',(-0.03607879135426,-0.00310208341463,-0.0037338));
#12390=CARTESIAN_POINT('',(-0.03607879135426,-0.00118035658537,-0.0037338));
#12391=CARTESIAN_POINT('',(-0.03607879135426,-0.00118035658537,0.));
#12392=CARTESIAN_POINT('',(-0.0352679,-0.00214122,0.));
#12393=CARTESIAN_POINT('',(-0.03607879135426,-0.00310208341463,0.));
#12394=CARTESIAN_POINT('',(-0.03607879135426,-0.00310208341463,-0.0037338));
#12395=CARTESIAN_POINT('',(-0.03627537107651,-0.00333502,0.));
#12396=CARTESIAN_POINT('',(-0.03607879135426,-0.00310208341463,-0.0037338));
#12397=CARTESIAN_POINT('',(-0.03627537107651,-0.00333502,-0.0037338));
#12398=CARTESIAN_POINT('',(-0.03607879135426,-0.00310208341463,0.));
#12399=CARTESIAN_POINT('',(-0.03627537107651,-0.00333502,0.));
#12400=CARTESIAN_POINT('',(-0.03627537107651,-0.00333502,-0.0037338));
#12401=CARTESIAN_POINT('',(-0.0118745,-0.0217932,-0.0037338));
#12402=CARTESIAN_POINT('',(-0.0118745,-0.0217932,-0.0037338));
#12403=CARTESIAN_POINT('',(-0.0118745,-0.0217932,-0.0037338));
#12404=CARTESIAN_POINT('',(-0.0118745,-0.0217932,-0.0037338));
#12405=CARTESIAN_POINT('',(-0.03627537107651,-0.00094742,-0.0037338));
#12406=CARTESIAN_POINT('',(-0.03627537107651,-0.00094742,-0.0037338));
#12407=CARTESIAN_POINT('',(-0.0352679,-0.00214122,-0.0037338));
#12408=CARTESIAN_POINT('',(-0.03607879135426,-0.00118035658537,0.));
#12409=CARTESIAN_POINT('',(-0.03627537107651,-0.00094742,0.));
#12410=CARTESIAN_POINT('',(-0.03627537107651,-0.00094742,0.));
#12411=CARTESIAN_POINT('',(-0.03627537107651,-0.00094742,-0.0037338));
#12412=CARTESIAN_POINT('',(-0.0352679,-0.00214122,0.));
#12413=CARTESIAN_POINT('',(-0.0352679,-0.00214122,0.));
#12414=CARTESIAN_POINT('',(0.0115189,-0.0075184,0.0081534));
#12415=CARTESIAN_POINT('',(0.0089281,-0.0075184,0.0081534));
#12416=CARTESIAN_POINT('',(0.0089281,-0.0075184,0.0081534));
#12417=CARTESIAN_POINT('',(0.0089281,-0.0090424,0.0081534));
#12418=CARTESIAN_POINT('',(0.0115189,-0.0090424,0.0081534));
#12419=CARTESIAN_POINT('',(0.0141097,-0.0090424,0.0081534));
#12420=CARTESIAN_POINT('',(0.0141097,-0.0075184,0.0081534));
#12421=CARTESIAN_POINT('',(0.0141097,-0.0075184,0.0081534));
#12422=CARTESIAN_POINT('',(0.0115189,-0.0075184,0.0081534));
#12423=CARTESIAN_POINT('',(0.0089281,-0.0075184,0.0081534));
#12424=CARTESIAN_POINT('',(0.0089281,-0.0075184,0.003048));
#12425=CARTESIAN_POINT('',(0.0089281,-0.0075184,0.013208));
#12426=CARTESIAN_POINT('',(0.0089281,-0.0075184,0.0127508));
#12427=CARTESIAN_POINT('',(0.0089281,-0.0075184,0.013208));
#12428=CARTESIAN_POINT('',(0.0089281,-0.0090424,0.013208));
#12429=CARTESIAN_POINT('',(0.0089281,-0.0090424,0.0121285));
#12430=CARTESIAN_POINT('',(0.0089281,-0.0090424,0.0121285));
#12431=CARTESIAN_POINT('',(0.0089281,-0.0090424,0.0121285));
#12432=CARTESIAN_POINT('',(0.0089281,-0.0075184,0.0081534));
#12433=CARTESIAN_POINT('',(-0.039497,-0.0075184,0.013208));
#12434=CARTESIAN_POINT('',(-0.0378587,-0.0075184,0.013208));
#12435=CARTESIAN_POINT('',(-0.0378587,-0.0075184,0.013208));
#12436=CARTESIAN_POINT('',(-0.0378587,-0.0090424,0.013208));
#12437=CARTESIAN_POINT('',(-0.039497,-0.0075184,0.013208));
#12438=CARTESIAN_POINT('',(-0.039497,-0.0075184,0.013208));
#12439=CARTESIAN_POINT('',(-0.039497,-0.0075184,0.013208));
#12440=CARTESIAN_POINT('',(-0.039497,-0.0104902,0.013208));
#12441=CARTESIAN_POINT('',(-0.039497,-0.0104902,0.013208));
#12442=CARTESIAN_POINT('',(-0.029591,-0.0104902,0.013208));
#12443=CARTESIAN_POINT('',(-0.029591,-0.0075184,0.013208));
#12444=CARTESIAN_POINT('',(-0.029591,-0.0075184,0.013208));
#12445=CARTESIAN_POINT('',(-0.0326771,-0.0075184,0.013208));
#12446=CARTESIAN_POINT('',(-0.0326771,-0.0075184,0.013208));
#12447=CARTESIAN_POINT('',(-0.0326771,-0.0075184,0.013208));
#12448=CARTESIAN_POINT('',(-0.0326771,-0.0090424,0.013208));
#12449=CARTESIAN_POINT('',(-0.0326771,-0.0090424,0.013208));
#12450=CARTESIAN_POINT('',(-0.0378587,-0.0075184,0.0081534));
#12451=CARTESIAN_POINT('',(-0.0378587,-0.0075184,0.013208));
#12452=CARTESIAN_POINT('',(-0.0378587,-0.0075184,0.0127508));
#12453=CARTESIAN_POINT('',(-0.0378587,-0.0090424,0.0121285));
#12454=CARTESIAN_POINT('',(-0.0378587,-0.0090424,0.0121285));
#12455=CARTESIAN_POINT('',(-0.0378587,-0.0090424,0.0121285));
#12456=CARTESIAN_POINT('',(-0.0378587,-0.0090424,0.0081534));
#12457=CARTESIAN_POINT('',(-0.0378587,-0.0075184,0.0081534));
#12458=CARTESIAN_POINT('',(-0.0378587,-0.0075184,0.0081534));
#12459=CARTESIAN_POINT('',(-0.0378587,-0.0075184,0.0081534));
#12460=CARTESIAN_POINT('',(-0.0392049,-0.0060706,0.0044958));
#12461=CARTESIAN_POINT('',(-0.0362839,-0.0060706,0.0044958));
#12462=CARTESIAN_POINT('',(-0.0362839,-0.0061976,0.00335987746743011));
#12463=CARTESIAN_POINT('',(-0.0362839,-0.0060706,0.0033528));
#12464=CARTESIAN_POINT('',(-0.0362839,-0.0061976,0.00335987746743011));
#12465=CARTESIAN_POINT('',(-0.0362839,-0.00653317979301658,0.00339739642888313));
#12466=CARTESIAN_POINT('',(-0.0366122937298035,-0.00707566484834534,0.0037666193120021));
#12467=CARTESIAN_POINT('',(-0.0370722888106273,-0.0072136,0.00425438180692315));
#12468=CARTESIAN_POINT('',(-0.0372999,-0.0072136,0.0044958));
#12469=CARTESIAN_POINT('',(-0.0372999,-0.0072136,0.0044958));
#12470=CARTESIAN_POINT('',(-0.0372999,-0.0072136,0.0044958));
#12471=CARTESIAN_POINT('',(-0.0332359,-0.0072136,0.0044958));
#12472=CARTESIAN_POINT('',(-0.0342519,-0.0061976,0.00335987746743011));
#12473=CARTESIAN_POINT('',(-0.0342519,-0.00653317979301658,0.00339739642888313));
#12474=CARTESIAN_POINT('',(-0.0339235062701964,-0.00707566484834534,0.00376661931200201));
#12475=CARTESIAN_POINT('',(-0.0334635111893729,-0.0072136,0.00425438180692332));
#12476=CARTESIAN_POINT('',(-0.0332359,-0.0072136,0.0044958));
#12477=CARTESIAN_POINT('',(-0.0342519,-0.0061976,0.00335987746743011));
#12478=CARTESIAN_POINT('',(-0.0342519,-0.0060706,0.0044958));
#12479=CARTESIAN_POINT('',(-0.0342519,-0.0060706,0.0033528));
#12480=CARTESIAN_POINT('',(-0.0362839,-0.0060706,0.0033528));
#12481=CARTESIAN_POINT('',(-0.0372999,-0.0061976,0.0127508));
#12482=CARTESIAN_POINT('',(-0.0372999,-0.0072136,0.0044958));
#12483=CARTESIAN_POINT('',(-0.0372999,-0.0072136,0.00360716293122579));
#12484=CARTESIAN_POINT('',(-0.0362839,-0.0061976,0.0127508));
#12485=CARTESIAN_POINT('',(-0.0362839,-0.0061976,0.00305358093203563));
#12486=CARTESIAN_POINT('',(-0.0372999,-0.0072136,0.00360716293122558));
#12487=CARTESIAN_POINT('',(-0.0370118616769392,-0.0072136,0.00360716293122558));
#12488=CARTESIAN_POINT('',(-0.0365203018800665,-0.00698836717627989,0.00330171357842559));
#12489=CARTESIAN_POINT('',(-0.0362838999561381,-0.00648415711382653,0.00307881476048457));
#12490=CARTESIAN_POINT('',(-0.0362839,-0.0061975998444861,0.00305358091834129));
#12491=CARTESIAN_POINT('',(-0.0392049,-0.0072136,0.0127508));
#12492=CARTESIAN_POINT('',(-0.0392049,-0.0075184,0.0127508));
#12493=CARTESIAN_POINT('',(-0.0326771,-0.0075184,0.0127508));
#12494=CARTESIAN_POINT('',(-0.0326771,-0.0075184,0.0127508));
#12495=CARTESIAN_POINT('',(-0.0313309,-0.0075184,0.0127508));
#12496=CARTESIAN_POINT('',(-0.0313309,-0.0072136,0.0127508));
#12497=CARTESIAN_POINT('',(-0.0313309,-0.0072136,0.0127508));
#12498=CARTESIAN_POINT('',(-0.0392049,-0.0072136,0.0127508));
#12499=CARTESIAN_POINT('',(-0.0392049,-0.0072136,0.0127508));
#12500=CARTESIAN_POINT('',(-0.0392049,-0.0072136,0.0127508));
#12501=CARTESIAN_POINT('',(-0.0392049,-0.0075184,0.0127508));
#12502=CARTESIAN_POINT('',(-0.0392049,-0.0075184,0.0127508));
#12503=CARTESIAN_POINT('',(-0.0392049,-0.0217932,0.008128));
#12504=CARTESIAN_POINT('',(-0.0392049,-0.0075184,0.0044958));
#12505=CARTESIAN_POINT('',(-0.0392049,-0.0075184,0.0044958));
#12506=CARTESIAN_POINT('',(-0.0392049,-0.0072136,0.0127508));
#12507=CARTESIAN_POINT('',(-0.0392049,-0.0072136,0.003607162931226));
#12508=CARTESIAN_POINT('',(-0.0392049,-0.0060706,0.0044958));
#12509=CARTESIAN_POINT('',(-0.0392049,-0.0072136,0.0044958));
#12510=CARTESIAN_POINT('',(-0.0313309,-0.0072136,0.003607162931226));
#12511=CARTESIAN_POINT('',(-0.0313309,-0.0072136,0.003607162931226));
#12512=CARTESIAN_POINT('',(-0.0332359,-0.0072136,0.003607162931226));
#12513=CARTESIAN_POINT('',(-0.0332359,-0.0072136,0.00360716293122579));
#12514=CARTESIAN_POINT('',(-0.0332359,-0.0072136,0.0044958));
#12515=CARTESIAN_POINT('',(-0.0392049,-0.0072136,0.003607162931226));
#12516=CARTESIAN_POINT('',(-0.0332359,-0.0061976,0.0127508));
#12517=CARTESIAN_POINT('',(-0.0342519,-0.0061976,0.0127508));
#12518=CARTESIAN_POINT('',(-0.0342519,-0.00619759980471075,0.00305358091483873));
#12519=CARTESIAN_POINT('',(-0.0342519,-0.0061975996094215,0.00305358089764162));
#12520=CARTESIAN_POINT('',(-0.0342519001097884,-0.00648318876785083,0.00307872944235042));
#12521=CARTESIAN_POINT('',(-0.0340155694649529,-0.0069888834058175,0.00330177940431391));
#12522=CARTESIAN_POINT('',(-0.0335237309855262,-0.0072136,0.00360716293122558));
#12523=CARTESIAN_POINT('',(-0.0332359,-0.0072136,0.00360716293122558));
#12524=CARTESIAN_POINT('',(-0.0342519,0.0027686,0.0127508));
#12525=CARTESIAN_POINT('',(-0.0342519,-0.0090424,0.003048));
#12526=CARTESIAN_POINT('',(-0.0342519,-0.00357946345992,0.003048));
#12527=CARTESIAN_POINT('',(-0.0342519,-0.0060706,0.003048));
#12528=CARTESIAN_POINT('',(-0.0342519,-0.00357946345992,0.0127508));
#12529=CARTESIAN_POINT('',(-0.0342519,-0.00357946345992,0.0033528));
#12530=CARTESIAN_POINT('',(-0.0342519,0.0027686,0.0033528));
#12531=CARTESIAN_POINT('',(-0.0342519,-0.0060706,0.0044958));
#12532=CARTESIAN_POINT('',(-0.0337439,-0.00357946345992,0.0127508));
#12533=CARTESIAN_POINT('',(-0.0337439,-0.00357946345992,0.003048));
#12534=CARTESIAN_POINT('',(-0.0341133545454526,-0.00323079837872755,0.003048));
#12535=CARTESIAN_POINT('',(-0.03411335454545,-0.00323079837873,0.0033528));
#12536=CARTESIAN_POINT('',(-0.03411335454545,-0.00323079837873,0.0033528));
#12537=CARTESIAN_POINT('',(-0.0337439,-0.00357946345992,0.0033528));
#12538=CARTESIAN_POINT('',(-0.0352679,-0.00214122,0.0127508));
#12539=CARTESIAN_POINT('',(-0.0352679,-0.00214122,0.003048));
#12540=CARTESIAN_POINT('',(-0.0341133545454526,-0.00105164162127245,0.003048));
#12541=CARTESIAN_POINT('',(-0.03411335454545,-0.00105164162127,0.0033528));
#12542=CARTESIAN_POINT('',(-0.03411335454545,-0.00105164162127,0.0033528));
#12543=CARTESIAN_POINT('',(-0.0352679,-0.00214122,0.0033528));
#12544=CARTESIAN_POINT('',(-0.0337439,-0.000702976540080001,0.0127508));
#12545=CARTESIAN_POINT('',(-0.0337439,-0.000702976540080001,0.003048));
#12546=CARTESIAN_POINT('',(-0.0342519,-0.000702976540080001,0.003048));
#12547=CARTESIAN_POINT('',(-0.0342519,-0.000702976540080001,0.0033528));
#12548=CARTESIAN_POINT('',(-0.0342519,-0.000702976540080001,0.0033528));
#12549=CARTESIAN_POINT('',(-0.0337439,-0.000702976540080001,0.0033528));
#12550=CARTESIAN_POINT('',(-0.0342519,0.0027686,0.0127508));
#12551=CARTESIAN_POINT('',(-0.0342519,0.0027686,0.0033528));
#12552=CARTESIAN_POINT('',(-0.0342519,0.0027686,0.0033528));
#12553=CARTESIAN_POINT('',(-0.0342519,-0.0090424,0.003048));
#12554=CARTESIAN_POINT('',(-0.0342519,0.0027686,0.003048));
#12555=CARTESIAN_POINT('',(-0.0342519,0.0027686,0.003048));
#12556=CARTESIAN_POINT('',(-0.0352679,-0.00214122,0.0127508));
#12557=CARTESIAN_POINT('',(-0.03642244545455,-0.00105164162127,0.0033528));
#12558=CARTESIAN_POINT('',(-0.03642244545455,-0.00105164162127,0.0033528));
#12559=CARTESIAN_POINT('',(-0.0364224454545474,-0.00105164162127245,0.003048));
#12560=CARTESIAN_POINT('',(-0.0352679,-0.00214122,0.003048));
#12561=CARTESIAN_POINT('',(-0.0364224454545474,-0.00323079837872755,0.003048));
#12562=CARTESIAN_POINT('',(-0.03642244545455,-0.00323079837873,0.0033528));
#12563=CARTESIAN_POINT('',(-0.03642244545455,-0.00323079837873,0.0033528));
#12564=CARTESIAN_POINT('',(-0.0352679,-0.00214122,0.0033528));
#12565=CARTESIAN_POINT('',(-0.0367919,-0.000702976540080001,0.0127508));
#12566=CARTESIAN_POINT('',(-0.0362839,-0.000702976540080001,0.0033528));
#12567=CARTESIAN_POINT('',(-0.0362839,-0.000702976540080001,0.0033528));
#12568=CARTESIAN_POINT('',(-0.0362839,-0.000702976540080001,0.003048));
#12569=CARTESIAN_POINT('',(-0.0367919,-0.000702976540080001,0.003048));
#12570=CARTESIAN_POINT('',(-0.0367919,-0.000702976540080001,0.0033528));
#12571=CARTESIAN_POINT('',(-0.0362839,-0.000702976540080001,0.0127508));
#12572=CARTESIAN_POINT('',(-0.0362839,-0.0090424,0.003048));
#12573=CARTESIAN_POINT('',(-0.0362839,0.0027686,0.003048));
#12574=CARTESIAN_POINT('',(-0.0362839,0.0027686,0.0033528));
#12575=CARTESIAN_POINT('',(-0.0362839,0.0027686,0.0033528));
#12576=CARTESIAN_POINT('',(-0.0362839,0.0027686,0.003048));
#12577=CARTESIAN_POINT('',(-0.0392049,0.0027686,0.003048));
#12578=CARTESIAN_POINT('',(0.0034544,0.0027686,0.003048));
#12579=CARTESIAN_POINT('',(-0.0362839,0.0027686,0.0033528));
#12580=CARTESIAN_POINT('',(-0.0392049,0.0027686,0.0033528));
#12581=CARTESIAN_POINT('',(-0.0367919,-0.00357946345992,0.0033528));
#12582=CARTESIAN_POINT('',(-0.0362839,-0.00357946345992,0.0033528));
#12583=CARTESIAN_POINT('',(-0.0362839,-0.000702976540080001,0.0033528));
#12584=CARTESIAN_POINT('',(-0.0367919,-0.00357946345992,0.0127508));
#12585=CARTESIAN_POINT('',(-0.0367919,-0.00357946345992,0.003048));
#12586=CARTESIAN_POINT('',(-0.0362839,-0.00357946345992,0.003048));
#12587=CARTESIAN_POINT('',(-0.0362839,-0.00357946345992,0.0127508));
#12588=CARTESIAN_POINT('',(-0.0362839,-0.000702976540080001,0.0127508));
#12589=CARTESIAN_POINT('',(-0.0362839,-0.0090424,0.003048));
#12590=CARTESIAN_POINT('',(-0.0362839,-0.0060706,0.003048));
#12591=CARTESIAN_POINT('',(-0.0362839,-0.0060706,0.0044958));
#12592=CARTESIAN_POINT('',(-0.0392049,-0.0060706,0.0044958));
#12593=CARTESIAN_POINT('',(-0.0313309,-0.0060706,0.0044958));
#12594=CARTESIAN_POINT('',(-0.0313309,-0.0075184,0.0044958));
#12595=CARTESIAN_POINT('',(-0.0392049,-0.0075184,0.0044958));
#12596=CARTESIAN_POINT('',(-0.0392049,-0.0060706,0.003048));
#12597=CARTESIAN_POINT('',(-0.0313309,-0.0217932,0.008128));
#12598=CARTESIAN_POINT('',(-0.0313309,-0.0075184,0.0044958));
#12599=CARTESIAN_POINT('',(-0.039497,-0.0075184,0.003048));
#12600=CARTESIAN_POINT('',(-0.0326771,-0.0075184,0.013208));
#12601=CARTESIAN_POINT('',(-0.029591,-0.0075184,0.003048));
#12602=CARTESIAN_POINT('',(-0.029591,-0.0075184,0.003048));
#12603=CARTESIAN_POINT('',(0.0034544,-0.0075184,0.003048));
#12604=CARTESIAN_POINT('',(-0.039497,-0.0075184,0.003048));
#12605=CARTESIAN_POINT('',(-0.039497,-0.0075184,0.003048));
#12606=CARTESIAN_POINT('',(-0.0259715,-0.0090424,0.));
#12607=CARTESIAN_POINT('',(-0.0259715,-0.0090424,0.001143));
#12608=CARTESIAN_POINT('',(-0.0259715,-0.0090424,0.001143));
#12609=CARTESIAN_POINT('',(-0.0259715,-0.0120142,0.001143));
#12610=CARTESIAN_POINT('',(-0.0259715,-0.0120142,0.000254));
#12611=CARTESIAN_POINT('',(-0.0259715,-0.0120142,0.000254));
#12612=CARTESIAN_POINT('',(-0.0259715,-0.0120142,0.000254));
#12613=CARTESIAN_POINT('',(-0.0259715,-0.0120269,0.000254));
#12614=CARTESIAN_POINT('',(-0.0259715,-0.0120269,0.));
#12615=CARTESIAN_POINT('',(-0.0259715,-0.0120269,0.));
#12616=CARTESIAN_POINT('',(-0.0259715,-0.0090424,0.));
#12617=CARTESIAN_POINT('',(-0.0259715,-0.0090424,0.));
#12618=CARTESIAN_POINT('',(-0.0259715,-0.0090424,0.));
#12619=CARTESIAN_POINT('',(-0.0259715,-0.0090424,0.000762));
#12620=CARTESIAN_POINT('',(-0.0259715,-0.0090424,0.000762));
#12621=CARTESIAN_POINT('',(-0.0259715,-0.0090424,0.001143));
#12622=CARTESIAN_POINT('',(0.0022225,-0.0090424,0.001143));
#12623=CARTESIAN_POINT('',(0.0022225,-0.0090424,0.001143));
#12624=CARTESIAN_POINT('',(0.0022225,-0.0120142,0.001143));
#12625=CARTESIAN_POINT('',(-0.0259715,-0.0120142,0.001143));
#12626=CARTESIAN_POINT('',(-0.0259715,-0.0090424,0.001143));
#12627=CARTESIAN_POINT('',(0.0022225,-0.0090424,0.001143));
#12628=CARTESIAN_POINT('',(0.0022225,-0.0090424,0.0121285));
#12629=CARTESIAN_POINT('',(0.0022225,-0.0090424,0.));
#12630=CARTESIAN_POINT('',(0.0022225,-0.0090424,0.000762));
#12631=CARTESIAN_POINT('',(0.0022225,-0.0090424,0.));
#12632=CARTESIAN_POINT('',(0.0022225,-0.0120269,0.));
#12633=CARTESIAN_POINT('',(0.0022225,-0.0120269,0.000254));
#12634=CARTESIAN_POINT('',(0.0022225,-0.0120269,0.000254));
#12635=CARTESIAN_POINT('',(0.0022225,-0.0120142,0.000254));
#12636=CARTESIAN_POINT('',(0.0022225,-0.0120142,0.000254));
#12637=CARTESIAN_POINT('',(0.0022225,-0.0120142,0.000254));
#12638=CARTESIAN_POINT('',(0.0022225,-0.0090424,0.000762));
#12639=CARTESIAN_POINT('',(-0.0398145,-0.0120142,0.01524));
#12640=CARTESIAN_POINT('',(-0.0398145,-0.0120142,0.001016));
#12641=CARTESIAN_POINT('',(-0.0398145,-0.0120142,0.001016));
#12642=CARTESIAN_POINT('',(-0.0398145,-0.0140462,0.001016));
#12643=CARTESIAN_POINT('',(-0.0398145,-0.0140462,0.01524));
#12644=CARTESIAN_POINT('',(-0.0398145,-0.0140462,0.01524));
#12645=CARTESIAN_POINT('',(-0.0398145,-0.0120142,0.01524));
#12646=CARTESIAN_POINT('',(-0.0398145,-0.0120142,0.01524));
#12647=CARTESIAN_POINT('',(-0.0398145,-0.0120142,0.01524));
#12648=CARTESIAN_POINT('',(-0.0390525,-0.0120142,0.01524));
#12649=CARTESIAN_POINT('',(-0.0390525,-0.0140462,0.01524));
#12650=CARTESIAN_POINT('',(-0.0390525,-0.0140462,0.016002));
#12651=CARTESIAN_POINT('',(-0.0390525,-0.0120142,0.016002));
#12652=CARTESIAN_POINT('',(-0.0390525,-0.0120142,0.016002));
#12653=CARTESIAN_POINT('',(-0.0390525,-0.0120142,0.01524));
#12654=CARTESIAN_POINT('',(0.0153035,-0.0120142,0.016002));
#12655=CARTESIAN_POINT('',(0.0153035,-0.0140462,0.016002));
#12656=CARTESIAN_POINT('',(0.0153035,-0.0140462,0.016002));
#12657=CARTESIAN_POINT('',(0.0153035,-0.0120142,0.016002));
#12658=CARTESIAN_POINT('',(0.0153035,-0.0120142,0.016002));
#12659=CARTESIAN_POINT('',(0.0153035,-0.0120142,0.016002));
#12660=CARTESIAN_POINT('',(0.0153035,-0.0120142,0.01524));
#12661=CARTESIAN_POINT('',(0.0153035,-0.0140462,0.01524));
#12662=CARTESIAN_POINT('',(0.0160655,-0.0140462,0.01524));
#12663=CARTESIAN_POINT('',(0.0160655,-0.0120142,0.01524));
#12664=CARTESIAN_POINT('',(0.0160655,-0.0120142,0.01524));
#12665=CARTESIAN_POINT('',(0.0153035,-0.0120142,0.01524));
#12666=CARTESIAN_POINT('',(0.0160655,-0.0120142,0.001016));
#12667=CARTESIAN_POINT('',(0.0160655,-0.0140462,0.001016));
#12668=CARTESIAN_POINT('',(0.0160655,-0.0140462,0.001016));
#12669=CARTESIAN_POINT('',(0.0160655,-0.0120142,0.001016));
#12670=CARTESIAN_POINT('',(0.0160655,-0.0120142,0.001016));
#12671=CARTESIAN_POINT('',(0.0160655,-0.0120142,0.001016));
#12672=CARTESIAN_POINT('',(0.0153035,-0.0120142,0.001016));
#12673=CARTESIAN_POINT('',(0.015748,-0.0120142,0.000397078559105));
#12674=CARTESIAN_POINT('',(0.015748,-0.0120142,0.000397078559105));
#12675=CARTESIAN_POINT('',(0.015748,-0.0120269,0.000397078559105));
#12676=CARTESIAN_POINT('',(0.0153035,-0.0120142,0.001016));
#12677=CARTESIAN_POINT('',(0.0153035,-0.0140462,0.001016));
#12678=CARTESIAN_POINT('',(0.0153035,-0.0140462,0.000254));
#12679=CARTESIAN_POINT('',(0.0153035,-0.0120269,0.000254));
#12680=CARTESIAN_POINT('',(0.0153035,-0.0120269,0.000254));
#12681=CARTESIAN_POINT('',(0.0153035,-0.0120269,0.001016));
#12682=CARTESIAN_POINT('',(-0.0390525,-0.0120142,0.000254));
#12683=CARTESIAN_POINT('',(-0.0259715,-0.0120142,0.000254));
#12684=CARTESIAN_POINT('',(0.0022225,-0.0120269,0.000254));
#12685=CARTESIAN_POINT('',(-0.0390525,-0.0140462,0.000254));
#12686=CARTESIAN_POINT('',(-0.0390525,-0.0140462,0.000254));
#12687=CARTESIAN_POINT('',(-0.0390525,-0.0120269,0.000254));
#12688=CARTESIAN_POINT('',(-0.0390525,-0.0120269,0.000254));
#12689=CARTESIAN_POINT('',(-0.0390525,-0.0120269,0.000254));
#12690=CARTESIAN_POINT('',(-0.039497,-0.0120269,0.008128));
#12691=CARTESIAN_POINT('',(0.0022225,-0.0120269,0.));
#12692=CARTESIAN_POINT('',(0.015748,-0.0120269,0.));
#12693=CARTESIAN_POINT('',(0.015748,-0.0120269,0.));
#12694=CARTESIAN_POINT('',(-0.039497,-0.0120269,0.008128));
#12695=CARTESIAN_POINT('',(-0.039497,-0.0120269,0.000397078559105));
#12696=CARTESIAN_POINT('',(-0.039497,-0.0120269,0.000397078559105));
#12697=CARTESIAN_POINT('',(-0.039497,-0.0120269,0.));
#12698=CARTESIAN_POINT('',(-0.039497,-0.0120269,0.));
#12699=CARTESIAN_POINT('',(-0.0390525,-0.0120269,0.001016));
#12700=CARTESIAN_POINT('',(-0.0390525,-0.0120142,0.001016));
#12701=CARTESIAN_POINT('',(-0.0390525,-0.0140462,0.001016));
#12702=CARTESIAN_POINT('',(-0.0390525,-0.0120142,0.001016));
#12703=CARTESIAN_POINT('',(-0.039497,-0.0120142,0.000397078559105));
#12704=CARTESIAN_POINT('',(-0.039497,-0.0120142,0.000397078559105));
#12705=CARTESIAN_POINT('',(-0.039497,-0.0217932,0.008128));
#12706=CARTESIAN_POINT('',(-0.039497,-0.0120142,0.0121285));
#12707=CARTESIAN_POINT('',(-0.039497,-0.0120142,0.0121285));
#12708=CARTESIAN_POINT('',(-0.039497,-0.0090424,0.0121285));
#12709=CARTESIAN_POINT('',(-0.039497,-0.0120142,0.0157353));
#12710=CARTESIAN_POINT('',(-0.039497,-0.0120142,0.0157353));
#12711=CARTESIAN_POINT('',(-0.039497,-0.0104902,0.0157353));
#12712=CARTESIAN_POINT('',(-0.039497,-0.0104902,0.0157353));
#12713=CARTESIAN_POINT('',(-0.039497,-0.0104902,0.0157353));
#12714=CARTESIAN_POINT('',(-0.039497,-0.0090424,0.003048));
#12715=CARTESIAN_POINT('',(-0.039497,0.0033528,0.003048));
#12716=CARTESIAN_POINT('',(-0.039497,0.0033528,0.));
#12717=CARTESIAN_POINT('',(-0.039497,0.0033528,0.));
#12718=CARTESIAN_POINT('',(-0.039497,0.0033528,0.));
#12719=CARTESIAN_POINT('',(-0.039497,-0.0120142,0.000397078559105));
#12720=CARTESIAN_POINT('',(-0.039497,-0.0120142,0.002286));
#12721=CARTESIAN_POINT('',(-0.039497,-0.0090424,0.002286));
#12722=CARTESIAN_POINT('',(-0.039497,-0.0090424,0.002286));
#12723=CARTESIAN_POINT('',(-0.039497,-0.0090424,0.0121285));
#12724=CARTESIAN_POINT('',(-0.039497,-0.0104902,0.013208));
#12725=CARTESIAN_POINT('',(-0.039497,-0.0104902,0.0157353));
#12726=CARTESIAN_POINT('',(-0.029591,-0.0104902,0.0157353));
#12727=CARTESIAN_POINT('',(-0.029591,-0.0104902,0.013208));
#12728=CARTESIAN_POINT('',(-0.039497,0.0033528,0.006731));
#12729=CARTESIAN_POINT('',(-0.029591,5.07999999999985E-5,0.0157353));
#12730=CARTESIAN_POINT('',(-0.029591,5.07999999999985E-5,0.0157353));
#12731=CARTESIAN_POINT('',(0.005842,5.07999999999985E-5,0.0157353));
#12732=CARTESIAN_POINT('',(0.005842,0.0033528,0.006731));
#12733=CARTESIAN_POINT('',(0.005842,0.0033528,0.006731));
#12734=CARTESIAN_POINT('',(-0.029591,0.0033528,0.006731));
#12735=CARTESIAN_POINT('',(-0.029591,0.0033528,0.006731));
#12736=CARTESIAN_POINT('',(-0.029591,0.0033528,0.006731));
#12737=CARTESIAN_POINT('',(-0.0296164,-0.0066548,0.0101219));
#12738=CARTESIAN_POINT('',(-0.0296164,-0.0066548,0.0101219));
#12739=CARTESIAN_POINT('',(0.005842,-0.0066548,0.0101219));
#12740=CARTESIAN_POINT('',(0.0058674,-0.0066548,0.0101219));
#12741=CARTESIAN_POINT('',(0.0058674,-0.0066548,0.0101219));
#12742=CARTESIAN_POINT('',(0.0058674,-0.0032258,0.0101219));
#12743=CARTESIAN_POINT('',(-0.039497,-0.0032258,0.0101219));
#12744=CARTESIAN_POINT('',(0.005842,-0.0032258,0.0101219));
#12745=CARTESIAN_POINT('',(0.005842,-0.0217932,0.0101219));
#12746=CARTESIAN_POINT('',(0.0058674,-0.0066548,0.0101219));
#12747=CARTESIAN_POINT('',(0.006604,-0.0066548,0.005207));
#12748=CARTESIAN_POINT('',(0.006604,-0.0066548,0.005207));
#12749=CARTESIAN_POINT('',(0.006604,-0.0032258,0.005207));
#12750=CARTESIAN_POINT('',(0.0058674,-0.0032258,0.0101219));
#12751=CARTESIAN_POINT('',(0.0058674,-0.0066548,0.0101219));
#12752=CARTESIAN_POINT('',(0.006604,-0.0066548,0.005207));
#12753=CARTESIAN_POINT('',(0.006604,-0.0066548,0.003048));
#12754=CARTESIAN_POINT('',(0.006604,-0.0066548,0.003048));
#12755=CARTESIAN_POINT('',(0.006604,-0.0032258,0.003048));
#12756=CARTESIAN_POINT('',(0.006604,-0.0032258,0.005207));
#12757=CARTESIAN_POINT('',(0.006604,-0.0066548,0.005207));
#12758=CARTESIAN_POINT('',(-0.039497,-0.0032258,0.008128));
#12759=CARTESIAN_POINT('',(-0.039497,-0.0032258,0.003048));
#12760=CARTESIAN_POINT('',(-0.029591,-0.0032258,0.003048));
#12761=CARTESIAN_POINT('',(-0.030353,-0.0032258,0.003048));
#12762=CARTESIAN_POINT('',(-0.030353,-0.0032258,0.003048));
#12763=CARTESIAN_POINT('',(-0.030353,-0.0032258,0.005207));
#12764=CARTESIAN_POINT('',(-0.030353,-0.0032258,0.005207));
#12765=CARTESIAN_POINT('',(-0.0296164,-0.0032258,0.0101219));
#12766=CARTESIAN_POINT('',(-0.0296164,-0.0032258,0.0101219));
#12767=CARTESIAN_POINT('',(-0.029591,-0.0032258,0.0101219));
#12768=CARTESIAN_POINT('',(-0.029591,-0.0032258,0.0101219));
#12769=CARTESIAN_POINT('',(-0.039497,-0.0032258,0.008128));
#12770=CARTESIAN_POINT('',(-0.039497,-0.0032258,0.003048));
#12771=CARTESIAN_POINT('',(0.005842,-0.0032258,0.003048));
#12772=CARTESIAN_POINT('',(0.005842,-0.0032258,0.0101219));
#12773=CARTESIAN_POINT('',(-0.030353,-0.0066548,0.003048));
#12774=CARTESIAN_POINT('',(-0.030353,-0.0066548,0.005207));
#12775=CARTESIAN_POINT('',(-0.030353,-0.0066548,0.005207));
#12776=CARTESIAN_POINT('',(-0.030353,-0.0090424,0.003048));
#12777=CARTESIAN_POINT('',(-0.030353,-0.0066548,0.003048));
#12778=CARTESIAN_POINT('',(-0.030353,-0.0066548,0.003048));
#12779=CARTESIAN_POINT('',(-0.030353,-0.0066548,0.005207));
#12780=CARTESIAN_POINT('',(-0.0296164,-0.0066548,0.0101219));
#12781=CARTESIAN_POINT('',(-0.0296164,-0.0066548,0.0101219));
#12782=CARTESIAN_POINT('',(-0.030353,-0.0066548,0.005207));
#12783=CARTESIAN_POINT('',(-0.0296164,-0.0066548,0.0101219));
#12784=CARTESIAN_POINT('',(-0.0296164,-0.0066548,0.0101219));
#12785=CARTESIAN_POINT('',(-0.029591,-0.0066548,0.0101219));
#12786=CARTESIAN_POINT('',(-0.029591,-0.0066548,0.0101219));
#12787=CARTESIAN_POINT('',(-0.029591,-0.0217932,0.008128));
#12788=CARTESIAN_POINT('',(-0.029591,-0.0217932,0.003048));
#12789=CARTESIAN_POINT('',(-0.029591,-0.0066548,0.003048));
#12790=CARTESIAN_POINT('',(-0.029591,-0.0104902,0.0157353));
#12791=CARTESIAN_POINT('',(-0.029591,0.0033528,0.003048));
#12792=CARTESIAN_POINT('',(-0.029591,0.0033528,0.003048));
#12793=CARTESIAN_POINT('',(-0.029591,-0.0217932,0.003048));
#12794=CARTESIAN_POINT('',(-0.029591,-0.0066548,0.0101219));
#12795=CARTESIAN_POINT('',(-0.039497,5.07999999999985E-5,0.0157353));
#12796=CARTESIAN_POINT('',(-0.039497,-0.0120142,0.0157353));
#12797=CARTESIAN_POINT('',(0.015748,-0.0120142,0.0157353));
#12798=CARTESIAN_POINT('',(0.015748,-0.0104902,0.0157353));
#12799=CARTESIAN_POINT('',(0.015748,-0.0104902,0.0157353));
#12800=CARTESIAN_POINT('',(-0.039497,-0.0104902,0.0157353));
#12801=CARTESIAN_POINT('',(0.005842,-0.0104902,0.0157353));
#12802=CARTESIAN_POINT('',(0.005842,5.07999999999985E-5,0.0157353));
#12803=CARTESIAN_POINT('',(-0.039497,-0.0104902,0.013208));
#12804=CARTESIAN_POINT('',(-0.039497,-0.0104902,0.013208));
#12805=CARTESIAN_POINT('',(0.015748,-0.0104902,0.013208));
#12806=CARTESIAN_POINT('',(0.005842,-0.0104902,0.013208));
#12807=CARTESIAN_POINT('',(0.005842,-0.0104902,0.008128));
#12808=CARTESIAN_POINT('',(0.015748,-0.0104902,0.008128));
#12809=CARTESIAN_POINT('',(-0.039497,-0.0075184,0.013208));
#12810=CARTESIAN_POINT('',(-0.039497,-0.0075184,0.013208));
#12811=CARTESIAN_POINT('',(0.005842,-0.0075184,0.013208));
#12812=CARTESIAN_POINT('',(0.005842,-0.0217932,0.013208));
#12813=CARTESIAN_POINT('',(0.015748,-0.0075184,0.013208));
#12814=CARTESIAN_POINT('',(0.015748,-0.0075184,0.013208));
#12815=CARTESIAN_POINT('',(-0.039497,-0.0075184,0.013208));
#12816=CARTESIAN_POINT('',(0.0141097,-0.0075184,0.013208));
#12817=CARTESIAN_POINT('',(0.0141097,-0.0075184,0.013208));
#12818=CARTESIAN_POINT('',(0.0141097,-0.0090424,0.013208));
#12819=CARTESIAN_POINT('',(-0.039497,-0.0090424,0.013208));
#12820=CARTESIAN_POINT('',(0.0141097,-0.0075184,0.013208));
#12821=CARTESIAN_POINT('',(0.0141097,-0.0090424,0.0121285));
#12822=CARTESIAN_POINT('',(0.0141097,-0.0090424,0.0121285));
#12823=CARTESIAN_POINT('',(0.0141097,-0.0090424,0.013208));
#12824=CARTESIAN_POINT('',(0.0141097,-0.0075184,0.013208));
#12825=CARTESIAN_POINT('',(0.0141097,-0.0075184,0.0127508));
#12826=CARTESIAN_POINT('',(0.0141097,-0.0075184,0.003048));
#12827=CARTESIAN_POINT('',(-0.039497,-0.0075184,0.003048));
#12828=CARTESIAN_POINT('',(-0.0392049,-0.0075184,0.0127508));
#12829=CARTESIAN_POINT('',(-0.0392049,-0.0072136,0.0127508));
#12830=CARTESIAN_POINT('',(-0.039497,-0.0075184,0.0127508));
#12831=CARTESIAN_POINT('',(0.0154559,-0.0075184,0.0127508));
#12832=CARTESIAN_POINT('',(0.0154559,-0.0217932,0.0127508));
#12833=CARTESIAN_POINT('',(0.0154559,-0.0072136,0.0127508));
#12834=CARTESIAN_POINT('',(-0.0392049,-0.0072136,0.0127508));
#12835=CARTESIAN_POINT('',(0.0075819,-0.0072136,0.0127508));
#12836=CARTESIAN_POINT('',(0.0075819,-0.0072136,0.0127508));
#12837=CARTESIAN_POINT('',(0.0075819,-0.0075184,0.0127508));
#12838=CARTESIAN_POINT('',(-0.039497,-0.0075184,0.0127508));
#12839=CARTESIAN_POINT('',(0.0154559,-0.0217932,0.008128));
#12840=CARTESIAN_POINT('',(0.0154559,-0.0072136,0.008128));
#12841=CARTESIAN_POINT('',(0.0154559,-0.0072136,0.00360716293122572));
#12842=CARTESIAN_POINT('',(0.0154559,-0.0075184,0.003048));
#12843=CARTESIAN_POINT('',(0.0154559,-0.0075184,0.0044958));
#12844=CARTESIAN_POINT('',(0.0154559,-0.0060706,0.0044958));
#12845=CARTESIAN_POINT('',(0.0094869,-0.0061976,0.0127508));
#12846=CARTESIAN_POINT('',(0.0094869,-0.0072136,0.0127508));
#12847=CARTESIAN_POINT('',(0.0094869,-0.0072136,0.0044958));
#12848=CARTESIAN_POINT('',(0.0094869,-0.0072136,0.00360716293122579));
#12849=CARTESIAN_POINT('',(0.0105029,-0.0061976,0.00335987746743011));
#12850=CARTESIAN_POINT('',(0.0105029,-0.00653317979301658,0.00339739642888313));
#12851=CARTESIAN_POINT('',(0.0101745062701965,-0.00707566484834534,0.00376661931200212));
#12852=CARTESIAN_POINT('',(0.0097145111893727,-0.0072136,0.00425438180692311));
#12853=CARTESIAN_POINT('',(0.0094869,-0.0072136,0.0044958));
#12854=CARTESIAN_POINT('',(0.0105029,-0.0061976,0.00335987746743011));
#12855=CARTESIAN_POINT('',(0.0105029,-0.0061976,0.0127508));
#12856=CARTESIAN_POINT('',(0.0105029,-0.0061976,0.00305358093203563));
#12857=CARTESIAN_POINT('',(0.0094869,-0.0072136,0.00360716293122558));
#12858=CARTESIAN_POINT('',(0.00977493832432323,-0.0072136,0.00360716293122558));
#12859=CARTESIAN_POINT('',(0.0102664980908611,-0.00698836728611753,0.00330171360866524));
#12860=CARTESIAN_POINT('',(0.0105029001101606,-0.00648415688480292,0.00307881469324946));
#12861=CARTESIAN_POINT('',(0.0105029,-0.00619759960942145,0.00305358089764183));
#12862=CARTESIAN_POINT('',(-0.0392049,-0.0060706,0.0044958));
#12863=CARTESIAN_POINT('',(0.0105029,-0.0060706,0.0044958));
#12864=CARTESIAN_POINT('',(0.0105029,-0.0060706,0.0033528));
#12865=CARTESIAN_POINT('',(-0.0392049,-0.0072136,0.0044958));
#12866=CARTESIAN_POINT('',(0.0135509,-0.0072136,0.0044958));
#12867=CARTESIAN_POINT('',(0.0125349,-0.0061976,0.00335987746743011));
#12868=CARTESIAN_POINT('',(0.0125349,-0.00653317979301658,0.00339739642888313));
#12869=CARTESIAN_POINT('',(0.0128632937298037,-0.00707566484834534,0.00376661931200201));
#12870=CARTESIAN_POINT('',(0.0133232888106271,-0.0072136,0.00425438180692332));
#12871=CARTESIAN_POINT('',(0.0135509,-0.0072136,0.0044958));
#12872=CARTESIAN_POINT('',(0.0125349,-0.0061976,0.00335987746743011));
#12873=CARTESIAN_POINT('',(0.0125349,-0.0060706,0.0044958));
#12874=CARTESIAN_POINT('',(0.0125349,-0.0060706,0.0033528));
#12875=CARTESIAN_POINT('',(-0.0392049,-0.0060706,0.0033528));
#12876=CARTESIAN_POINT('',(-0.0392049,-0.0072136,0.0044958));
#12877=CARTESIAN_POINT('',(-0.0392049,-0.0072136,0.00360716293122558));
#12878=CARTESIAN_POINT('',(0.0075819,-0.0072136,0.00360716293122572));
#12879=CARTESIAN_POINT('',(0.0075819,-0.0072136,0.008128));
#12880=CARTESIAN_POINT('',(-0.0392049,-0.0072136,0.00360716293122558));
#12881=CARTESIAN_POINT('',(0.0135509,-0.0072136,0.00360716293122558));
#12882=CARTESIAN_POINT('',(0.0135509,-0.0072136,0.0127508));
#12883=CARTESIAN_POINT('',(0.0135509,-0.0061976,0.0127508));
#12884=CARTESIAN_POINT('',(0.0125349,-0.0061976,0.0127508));
#12885=CARTESIAN_POINT('',(0.0125349,-0.0061975999222431,0.00305358092518846));
#12886=CARTESIAN_POINT('',(0.0125349000000004,-0.00619759984448625,0.00305358091834048));
#12887=CARTESIAN_POINT('',(0.0125348999562868,-0.00648318897968038,0.00307872950791183));
#12888=CARTESIAN_POINT('',(0.0127712305719632,-0.00698888337747485,0.00330177942759431));
#12889=CARTESIAN_POINT('',(0.0132630690308478,-0.0072136,0.00360716293122558));
#12890=CARTESIAN_POINT('',(0.0135509,-0.0072136,0.00360716293122558));
#12891=CARTESIAN_POINT('',(0.0125349,0.0027686,0.0127508));
#12892=CARTESIAN_POINT('',(0.0125349,-0.0090424,0.003048));
#12893=CARTESIAN_POINT('',(0.0125349,-0.00357946345992,0.003048));
#12894=CARTESIAN_POINT('',(0.0125349,-0.0060706,0.003048));
#12895=CARTESIAN_POINT('',(0.0125349,-0.00357946345992,0.0127508));
#12896=CARTESIAN_POINT('',(0.0125349,-0.00357946345992,0.0033528));
#12897=CARTESIAN_POINT('',(0.0125349,0.0027686,0.0033528));
#12898=CARTESIAN_POINT('',(0.0125349,-0.0060706,0.0044958));
#12899=CARTESIAN_POINT('',(0.0130429,-0.00357946345992,0.0127508));
#12900=CARTESIAN_POINT('',(0.0130429,-0.00357946345992,0.003048));
#12901=CARTESIAN_POINT('',(0.0126734454545474,-0.00323079837872755,0.003048));
#12902=CARTESIAN_POINT('',(0.01267344545455,-0.00323079837873,0.0033528));
#12903=CARTESIAN_POINT('',(0.0126734454545474,-0.00323079837872755,0.0033528));
#12904=CARTESIAN_POINT('',(0.0130429,-0.00357946345992,0.0033528));
#12905=CARTESIAN_POINT('',(0.0115189,-0.00214122,0.0127508));
#12906=CARTESIAN_POINT('',(0.0115189,-0.00214122,0.003048));
#12907=CARTESIAN_POINT('',(0.0126734454545474,-0.00105164162127245,0.003048));
#12908=CARTESIAN_POINT('',(0.01267344545455,-0.00105164162127,0.0033528));
#12909=CARTESIAN_POINT('',(0.0126734454545474,-0.00105164162127245,0.0033528));
#12910=CARTESIAN_POINT('',(0.0115189,-0.00214122,0.0033528));
#12911=CARTESIAN_POINT('',(0.0130429,-0.000702976540080001,0.0127508));
#12912=CARTESIAN_POINT('',(0.0130429,-0.000702976540080001,0.003048));
#12913=CARTESIAN_POINT('',(0.0125349,-0.000702976540080001,0.003048));
#12914=CARTESIAN_POINT('',(0.0125349,-0.000702976540080001,0.0033528));
#12915=CARTESIAN_POINT('',(0.0125349,-0.000702976540080001,0.0033528));
#12916=CARTESIAN_POINT('',(0.0130429,-0.000702976540080001,0.0033528));
#12917=CARTESIAN_POINT('',(0.0125349,0.0027686,0.0127508));
#12918=CARTESIAN_POINT('',(0.0125349,0.0027686,0.0033528));
#12919=CARTESIAN_POINT('',(0.0125349,0.0027686,0.0033528));
#12920=CARTESIAN_POINT('',(0.0125349,-0.0090424,0.003048));
#12921=CARTESIAN_POINT('',(0.0125349,0.0027686,0.003048));
#12922=CARTESIAN_POINT('',(0.0125349,0.0027686,0.0127508));
#12923=CARTESIAN_POINT('',(-0.0392049,0.0027686,0.003048));
#12924=CARTESIAN_POINT('',(-0.0392049,0.0027686,0.0033528));
#12925=CARTESIAN_POINT('',(0.0105029,0.0027686,0.0033528));
#12926=CARTESIAN_POINT('',(-0.0392049,0.0027686,0.003048));
#12927=CARTESIAN_POINT('',(0.0105029,0.0027686,0.003048));
#12928=CARTESIAN_POINT('',(0.0105029,0.0027686,0.003048));
#12929=CARTESIAN_POINT('',(0.0105029,-0.000702976540080001,0.0127508));
#12930=CARTESIAN_POINT('',(0.0105029,-0.0090424,0.003048));
#12931=CARTESIAN_POINT('',(0.0105029,-0.000702976540080001,0.003048));
#12932=CARTESIAN_POINT('',(0.0105029,-0.000702976540080001,0.0033528));
#12933=CARTESIAN_POINT('',(0.0105029,-0.000702976540080001,0.0033528));
#12934=CARTESIAN_POINT('',(0.0105029,0.0027686,0.0033528));
#12935=CARTESIAN_POINT('',(0.0099949,-0.000702976540080001,0.0127508));
#12936=CARTESIAN_POINT('',(0.0099949,-0.000702976540080001,0.003048));
#12937=CARTESIAN_POINT('',(0.0103643545454526,-0.00105164162127245,0.003048));
#12938=CARTESIAN_POINT('',(0.01036435454545,-0.00105164162127,0.0033528));
#12939=CARTESIAN_POINT('',(0.0103643545454526,-0.00105164162127245,0.0033528));
#12940=CARTESIAN_POINT('',(0.0099949,-0.000702976540080001,0.0033528));
#12941=CARTESIAN_POINT('',(0.0115189,-0.00214122,0.0127508));
#12942=CARTESIAN_POINT('',(0.0115189,-0.00214122,0.003048));
#12943=CARTESIAN_POINT('',(0.0103643545454526,-0.00323079837872755,0.003048));
#12944=CARTESIAN_POINT('',(0.01036435454545,-0.00323079837873,0.0033528));
#12945=CARTESIAN_POINT('',(0.0103643545454526,-0.00323079837872755,0.0033528));
#12946=CARTESIAN_POINT('',(0.0115189,-0.00214122,0.0033528));
#12947=CARTESIAN_POINT('',(-0.0392049,0.0027686,0.0033528));
#12948=CARTESIAN_POINT('',(0.0099949,-0.00357946345992,0.0033528));
#12949=CARTESIAN_POINT('',(0.0105029,-0.00357946345992,0.0033528));
#12950=CARTESIAN_POINT('',(0.0105029,-0.000702976540080001,0.0033528));
#12951=CARTESIAN_POINT('',(0.0099949,-0.00357946345992,0.0127508));
#12952=CARTESIAN_POINT('',(0.0099949,-0.00357946345992,0.003048));
#12953=CARTESIAN_POINT('',(0.0105029,-0.00357946345992,0.003048));
#12954=CARTESIAN_POINT('',(0.0105029,-0.00357946345992,0.0127508));
#12955=CARTESIAN_POINT('',(0.0105029,-0.000702976540080001,0.0127508));
#12956=CARTESIAN_POINT('',(0.0105029,-0.0090424,0.003048));
#12957=CARTESIAN_POINT('',(0.0105029,-0.0060706,0.003048));
#12958=CARTESIAN_POINT('',(0.0105029,-0.0060706,0.0044958));
#12959=CARTESIAN_POINT('',(-0.0392049,-0.0060706,0.0044958));
#12960=CARTESIAN_POINT('',(-0.0392049,-0.0060706,0.003048));
#12961=CARTESIAN_POINT('',(-0.0392049,-0.0075184,0.0044958));
#12962=CARTESIAN_POINT('',(0.0075819,-0.0075184,0.0044958));
#12963=CARTESIAN_POINT('',(0.0075819,-0.0060706,0.0044958));
#12964=CARTESIAN_POINT('',(0.0075819,-0.0217932,0.008128));
#12965=CARTESIAN_POINT('',(0.0075819,-0.0075184,0.008128));
#12966=CARTESIAN_POINT('',(-0.039497,-0.0075184,0.003048));
#12967=CARTESIAN_POINT('',(0.015748,-0.0075184,0.003048));
#12968=CARTESIAN_POINT('',(0.015748,-0.0075184,0.003048));
#12969=CARTESIAN_POINT('',(-0.039497,-0.0075184,0.003048));
#12970=CARTESIAN_POINT('',(0.005842,-0.0075184,0.003048));
#12971=CARTESIAN_POINT('',(0.005842,-0.0075184,0.008128));
#12972=CARTESIAN_POINT('',(0.005842,-0.0217932,0.008128));
#12973=CARTESIAN_POINT('',(0.005842,-0.0217932,0.003048));
#12974=CARTESIAN_POINT('',(0.005842,0.0033528,0.003048));
#12975=CARTESIAN_POINT('',(0.005842,0.0033528,0.003048));
#12976=CARTESIAN_POINT('',(0.005842,-0.0217932,0.003048));
#12977=CARTESIAN_POINT('',(0.005842,-0.0066548,0.003048));
#12978=CARTESIAN_POINT('',(0.005842,-0.0066548,0.0101219));
#12979=CARTESIAN_POINT('',(-0.039497,-0.0066548,0.008128));
#12980=CARTESIAN_POINT('',(0.0034544,-0.0066548,0.003048));
#12981=CARTESIAN_POINT('',(-0.039497,-0.0066548,0.008128));
#12982=CARTESIAN_POINT('',(0.0034544,-0.0066548,0.003048));
#12983=CARTESIAN_POINT('',(0.0034544,-0.0090424,0.003048));
#12984=CARTESIAN_POINT('',(0.015748,-0.0090424,0.003048));
#12985=CARTESIAN_POINT('',(0.015748,0.0033528,0.003048));
#12986=CARTESIAN_POINT('',(-0.039497,0.0033528,0.003048));
#12987=CARTESIAN_POINT('',(0.0034544,-0.0090424,0.003048));
#12988=CARTESIAN_POINT('',(-0.039497,0.0033528,0.003048));
#12989=CARTESIAN_POINT('',(-0.023495,-0.0044196,-0.0039878));
#12990=CARTESIAN_POINT('',(-0.023495,-0.0044196,0.000762));
#12991=CARTESIAN_POINT('',(-0.023495,-0.0044196,0.000762));
#12992=CARTESIAN_POINT('',(-0.024003,-0.0044196,0.000762));
#12993=CARTESIAN_POINT('',(-0.024003,-0.0044196,-0.000254));
#12994=CARTESIAN_POINT('',(-0.024003,-0.0044196,-0.0039878));
#12995=CARTESIAN_POINT('',(-0.023495,-0.0044196,-0.0039878));
#12996=CARTESIAN_POINT('',(-0.023495,-0.0044196,-0.0039878));
#12997=CARTESIAN_POINT('',(-0.023495,-0.0044196,-0.000254));
#12998=CARTESIAN_POINT('',(-0.024003,-0.0044196,-0.0039878));
#12999=CARTESIAN_POINT('',(-0.024003,-0.0041656,0.000762));
#13000=CARTESIAN_POINT('',(-0.024003,-0.0041656,0.000762));
#13001=CARTESIAN_POINT('',(-0.024003,-0.0041656,0.0001016));
#13002=CARTESIAN_POINT('',(-0.024003,-0.0041656,0.000762));
#13003=CARTESIAN_POINT('',(-0.024003,-0.0041656,-0.0039878));
#13004=CARTESIAN_POINT('',(-0.024003,-0.0044196,-0.0039878));
#13005=CARTESIAN_POINT('',(-0.024003,-0.0044196,0.000762));
#13006=CARTESIAN_POINT('',(-0.025527,-0.0041656,0.000762));
#13007=CARTESIAN_POINT('',(-0.025527,-0.0041656,0.0001016));
#13008=CARTESIAN_POINT('',(-0.023495,-0.0041656,0.0001016));
#13009=CARTESIAN_POINT('',(-0.023495,-0.0041656,-0.0039878));
#13010=CARTESIAN_POINT('',(-0.023495,-0.0041656,-0.0039878));
#13011=CARTESIAN_POINT('',(-0.049276,-0.0041656,-0.0039878));
#13012=CARTESIAN_POINT('',(-0.049276,-0.0217932,-0.0039878));
#13013=CARTESIAN_POINT('',(-0.023495,-0.0041656,-0.0039878));
#13014=CARTESIAN_POINT('',(-0.049276,-0.0217932,-0.0039878));
#13015=CARTESIAN_POINT('',(-0.024003,0.000127,-0.0039878));
#13016=CARTESIAN_POINT('',(-0.024003,0.000127,-0.0039878));
#13017=CARTESIAN_POINT('',(-0.023495,0.000127,-0.0039878));
#13018=CARTESIAN_POINT('',(-0.023495,-0.0217932,-0.0039878));
#13019=CARTESIAN_POINT('',(-0.023495,-0.000127,-0.0039878));
#13020=CARTESIAN_POINT('',(-0.023495,-0.000127,-0.0039878));
#13021=CARTESIAN_POINT('',(-0.024003,-0.000127,-0.0039878));
#13022=CARTESIAN_POINT('',(-0.024003,-0.0217932,-0.0039878));
#13023=CARTESIAN_POINT('',(-0.024003,0.000127,-0.0039878));
#13024=CARTESIAN_POINT('',(-0.023495,0.000127,-0.0039878));
#13025=CARTESIAN_POINT('',(-0.023495,0.000127,0.0001016));
#13026=CARTESIAN_POINT('',(-0.024003,0.000127,-0.0039878));
#13027=CARTESIAN_POINT('',(-0.024003,0.000127,0.0001016));
#13028=CARTESIAN_POINT('',(-0.025527,0.000127,0.0001016));
#13029=CARTESIAN_POINT('',(-0.023495,-0.0041656,-0.0039878));
#13030=CARTESIAN_POINT('',(-0.023495,-0.000127,-0.0039878));
#13031=CARTESIAN_POINT('',(-0.023495,-0.000127,0.0001016));
#13032=CARTESIAN_POINT('',(-0.023495,-0.0041656,0.0001016));
#13033=CARTESIAN_POINT('',(-0.023495,-0.000127,-0.0039878));
#13034=CARTESIAN_POINT('',(-0.025527,-0.000127,0.0001016));
#13035=CARTESIAN_POINT('',(-0.024003,-0.000127,0.0001016));
#13036=CARTESIAN_POINT('',(-0.024003,-0.000127,-0.0039878));
#13037=CARTESIAN_POINT('',(-0.024003,-0.0044196,-0.0039878));
#13038=CARTESIAN_POINT('',(-0.024003,-0.004445,0.0001016));
#13039=CARTESIAN_POINT('',(-0.025527,-0.0041656,0.000762));
#13040=CARTESIAN_POINT('',(-0.025527,-0.0041656,0.0001016));
#13041=CARTESIAN_POINT('',(-0.021844,-0.0041656,0.0001016));
#13042=CARTESIAN_POINT('',(-0.021336,-0.0041656,0.0001016));
#13043=CARTESIAN_POINT('',(-0.021336,-0.0041656,-0.0039878));
#13044=CARTESIAN_POINT('',(-0.021336,-0.0041656,-0.0039878));
#13045=CARTESIAN_POINT('',(-0.049276,-0.0041656,-0.0039878));
#13046=CARTESIAN_POINT('',(-0.021844,-0.0041656,-0.0039878));
#13047=CARTESIAN_POINT('',(-0.021844,-0.0041656,0.000762));
#13048=CARTESIAN_POINT('',(-0.049276,-0.0217932,-0.0039878));
#13049=CARTESIAN_POINT('',(-0.021336,-0.0217932,-0.0039878));
#13050=CARTESIAN_POINT('',(-0.021336,-0.0044196,-0.0039878));
#13051=CARTESIAN_POINT('',(-0.049276,-0.0044196,-0.0039878));
#13052=CARTESIAN_POINT('',(-0.021844,-0.0044196,-0.0039878));
#13053=CARTESIAN_POINT('',(-0.021844,-0.0217932,-0.0039878));
#13054=CARTESIAN_POINT('',(-0.049276,-0.0217932,-0.0039878));
#13055=CARTESIAN_POINT('',(-0.049276,0.000127,-0.0039878));
#13056=CARTESIAN_POINT('',(-0.021844,0.000127,-0.0039878));
#13057=CARTESIAN_POINT('',(-0.021336,0.000127,-0.0039878));
#13058=CARTESIAN_POINT('',(-0.021336,-0.0217932,-0.0039878));
#13059=CARTESIAN_POINT('',(-0.021336,-0.000127,-0.0039878));
#13060=CARTESIAN_POINT('',(-0.049276,-0.000127,-0.0039878));
#13061=CARTESIAN_POINT('',(-0.021844,-0.000127,-0.0039878));
#13062=CARTESIAN_POINT('',(-0.021844,-0.0217932,-0.0039878));
#13063=CARTESIAN_POINT('',(-0.024003,0.000127,-0.0039878));
#13064=CARTESIAN_POINT('',(-0.021336,0.000127,-0.0039878));
#13065=CARTESIAN_POINT('',(-0.021336,0.000127,0.0001016));
#13066=CARTESIAN_POINT('',(-0.021844,0.000127,-0.0039878));
#13067=CARTESIAN_POINT('',(-0.021844,0.000127,0.0001016));
#13068=CARTESIAN_POINT('',(-0.025527,0.000127,0.0001016));
#13069=CARTESIAN_POINT('',(-0.021336,-0.0041656,-0.0039878));
#13070=CARTESIAN_POINT('',(-0.021336,-0.000127,-0.0039878));
#13071=CARTESIAN_POINT('',(-0.021336,-0.000127,0.0001016));
#13072=CARTESIAN_POINT('',(-0.021336,-0.0041656,0.0001016));
#13073=CARTESIAN_POINT('',(-0.023495,-0.000127,-0.0039878));
#13074=CARTESIAN_POINT('',(-0.025527,-0.000127,0.0001016));
#13075=CARTESIAN_POINT('',(-0.021844,-0.000127,0.0001016));
#13076=CARTESIAN_POINT('',(-0.021844,-0.000127,-0.0039878));
#13077=CARTESIAN_POINT('',(-0.021844,-0.0044196,-0.0039878));
#13078=CARTESIAN_POINT('',(-0.021844,-0.004445,0.0001016));
#13079=CARTESIAN_POINT('',(-0.019177,-0.0041656,-0.0039878));
#13080=CARTESIAN_POINT('',(-0.019177,-0.0041656,0.000762));
#13081=CARTESIAN_POINT('',(-0.019177,-0.0041656,0.000762));
#13082=CARTESIAN_POINT('',(-0.019177,-0.0044196,0.000762));
#13083=CARTESIAN_POINT('',(-0.019177,-0.0044196,-0.0039878));
#13084=CARTESIAN_POINT('',(-0.019177,-0.0044196,-0.0039878));
#13085=CARTESIAN_POINT('',(-0.019177,-0.0217932,-0.0039878));
#13086=CARTESIAN_POINT('',(-0.019177,-0.0041656,-0.0039878));
#13087=CARTESIAN_POINT('',(-0.019177,-0.0041656,-0.0039878));
#13088=CARTESIAN_POINT('',(-0.019177,-0.0041656,0.0001016));
#13089=CARTESIAN_POINT('',(-0.019177,-0.0041656,0.000762));
#13090=CARTESIAN_POINT('',(-0.023495,-0.0044196,-0.0039878));
#13091=CARTESIAN_POINT('',(-0.023495,-0.0044196,0.000762));
#13092=CARTESIAN_POINT('',(-0.019685,-0.0044196,0.000762));
#13093=CARTESIAN_POINT('',(-0.019685,-0.0044196,-0.0039878));
#13094=CARTESIAN_POINT('',(-0.019685,-0.0044196,-0.0039878));
#13095=CARTESIAN_POINT('',(-0.049276,-0.0044196,-0.0039878));
#13096=CARTESIAN_POINT('',(-0.019685,-0.0044196,-0.0039878));
#13097=CARTESIAN_POINT('',(-0.019685,-0.0041656,0.000762));
#13098=CARTESIAN_POINT('',(-0.019685,-0.0041656,0.000762));
#13099=CARTESIAN_POINT('',(-0.019685,-0.0041656,0.0001016));
#13100=CARTESIAN_POINT('',(-0.019685,-0.0041656,0.000762));
#13101=CARTESIAN_POINT('',(-0.019685,-0.0041656,-0.0039878));
#13102=CARTESIAN_POINT('',(-0.019685,-0.0217932,-0.0039878));
#13103=CARTESIAN_POINT('',(-0.019685,-0.0044196,0.000762));
#13104=CARTESIAN_POINT('',(-0.025527,-0.0041656,0.000762));
#13105=CARTESIAN_POINT('',(-0.025527,-0.0041656,0.0001016));
#13106=CARTESIAN_POINT('',(-0.049276,-0.0041656,-0.0039878));
#13107=CARTESIAN_POINT('',(-0.049276,-0.0217932,-0.0039878));
#13108=CARTESIAN_POINT('',(-0.049276,-0.0217932,-0.0039878));
#13109=CARTESIAN_POINT('',(-0.049276,0.000127,-0.0039878));
#13110=CARTESIAN_POINT('',(-0.019685,0.000127,-0.0039878));
#13111=CARTESIAN_POINT('',(-0.019177,0.000127,-0.0039878));
#13112=CARTESIAN_POINT('',(-0.019177,-0.0217932,-0.0039878));
#13113=CARTESIAN_POINT('',(-0.019177,-0.000127,-0.0039878));
#13114=CARTESIAN_POINT('',(-0.049276,-0.000127,-0.0039878));
#13115=CARTESIAN_POINT('',(-0.019685,-0.000127,-0.0039878));
#13116=CARTESIAN_POINT('',(-0.019685,-0.0217932,-0.0039878));
#13117=CARTESIAN_POINT('',(-0.024003,0.000127,-0.0039878));
#13118=CARTESIAN_POINT('',(-0.019177,0.000127,-0.0039878));
#13119=CARTESIAN_POINT('',(-0.019177,0.000127,0.0001016));
#13120=CARTESIAN_POINT('',(-0.019685,0.000127,-0.0039878));
#13121=CARTESIAN_POINT('',(-0.019685,0.000127,0.0001016));
#13122=CARTESIAN_POINT('',(-0.025527,0.000127,0.0001016));
#13123=CARTESIAN_POINT('',(-0.019177,-0.0041656,-0.0039878));
#13124=CARTESIAN_POINT('',(-0.019177,-0.000127,-0.0039878));
#13125=CARTESIAN_POINT('',(-0.019177,-0.000127,0.0001016));
#13126=CARTESIAN_POINT('',(-0.019177,-0.0041656,0.0001016));
#13127=CARTESIAN_POINT('',(-0.023495,-0.000127,-0.0039878));
#13128=CARTESIAN_POINT('',(-0.025527,-0.000127,0.0001016));
#13129=CARTESIAN_POINT('',(-0.019685,-0.000127,0.0001016));
#13130=CARTESIAN_POINT('',(-0.019685,-0.000127,-0.0039878));
#13131=CARTESIAN_POINT('',(-0.019685,-0.0044196,-0.0039878));
#13132=CARTESIAN_POINT('',(-0.019685,-0.004445,0.0001016));
#13133=CARTESIAN_POINT('',(-0.017018,-0.0041656,-0.0039878));
#13134=CARTESIAN_POINT('',(-0.017018,-0.0041656,0.000762));
#13135=CARTESIAN_POINT('',(-0.017018,-0.0041656,0.000762));
#13136=CARTESIAN_POINT('',(-0.017018,-0.0044196,0.000762));
#13137=CARTESIAN_POINT('',(-0.017018,-0.0044196,-0.0039878));
#13138=CARTESIAN_POINT('',(-0.017018,-0.0044196,-0.0039878));
#13139=CARTESIAN_POINT('',(-0.017018,-0.0217932,-0.0039878));
#13140=CARTESIAN_POINT('',(-0.017018,-0.0041656,-0.0039878));
#13141=CARTESIAN_POINT('',(-0.017018,-0.0041656,-0.0039878));
#13142=CARTESIAN_POINT('',(-0.017018,-0.0041656,0.0001016));
#13143=CARTESIAN_POINT('',(-0.017018,-0.0041656,0.000762));
#13144=CARTESIAN_POINT('',(-0.023495,-0.0044196,-0.0039878));
#13145=CARTESIAN_POINT('',(-0.023495,-0.0044196,0.000762));
#13146=CARTESIAN_POINT('',(-0.017526,-0.0044196,0.000762));
#13147=CARTESIAN_POINT('',(-0.017526,-0.0044196,-0.0039878));
#13148=CARTESIAN_POINT('',(-0.017526,-0.0044196,-0.0039878));
#13149=CARTESIAN_POINT('',(-0.049276,-0.0044196,-0.0039878));
#13150=CARTESIAN_POINT('',(-0.017526,-0.0044196,-0.0039878));
#13151=CARTESIAN_POINT('',(-0.017526,-0.0041656,0.000762));
#13152=CARTESIAN_POINT('',(-0.017526,-0.0041656,0.000762));
#13153=CARTESIAN_POINT('',(-0.017526,-0.0041656,0.0001016));
#13154=CARTESIAN_POINT('',(-0.017526,-0.0041656,0.000762));
#13155=CARTESIAN_POINT('',(-0.017526,-0.0041656,-0.0039878));
#13156=CARTESIAN_POINT('',(-0.017526,-0.0217932,-0.0039878));
#13157=CARTESIAN_POINT('',(-0.017526,-0.0044196,0.000762));
#13158=CARTESIAN_POINT('',(-0.025527,-0.0041656,0.000762));
#13159=CARTESIAN_POINT('',(-0.025527,-0.0041656,0.0001016));
#13160=CARTESIAN_POINT('',(-0.049276,-0.0041656,-0.0039878));
#13161=CARTESIAN_POINT('',(-0.049276,-0.0217932,-0.0039878));
#13162=CARTESIAN_POINT('',(-0.049276,-0.0217932,-0.0039878));
#13163=CARTESIAN_POINT('',(-0.049276,0.000127,-0.0039878));
#13164=CARTESIAN_POINT('',(-0.017526,0.000127,-0.0039878));
#13165=CARTESIAN_POINT('',(-0.017018,0.000127,-0.0039878));
#13166=CARTESIAN_POINT('',(-0.017018,-0.0217932,-0.0039878));
#13167=CARTESIAN_POINT('',(-0.017018,-0.000127,-0.0039878));
#13168=CARTESIAN_POINT('',(-0.049276,-0.000127,-0.0039878));
#13169=CARTESIAN_POINT('',(-0.017526,-0.000127,-0.0039878));
#13170=CARTESIAN_POINT('',(-0.017526,-0.0217932,-0.0039878));
#13171=CARTESIAN_POINT('',(-0.024003,0.000127,-0.0039878));
#13172=CARTESIAN_POINT('',(-0.017018,0.000127,-0.0039878));
#13173=CARTESIAN_POINT('',(-0.017018,0.000127,0.0001016));
#13174=CARTESIAN_POINT('',(-0.017526,0.000127,-0.0039878));
#13175=CARTESIAN_POINT('',(-0.017526,0.000127,0.0001016));
#13176=CARTESIAN_POINT('',(-0.025527,0.000127,0.0001016));
#13177=CARTESIAN_POINT('',(-0.017018,-0.0041656,-0.0039878));
#13178=CARTESIAN_POINT('',(-0.017018,-0.000127,-0.0039878));
#13179=CARTESIAN_POINT('',(-0.017018,-0.000127,0.0001016));
#13180=CARTESIAN_POINT('',(-0.017018,-0.0041656,0.0001016));
#13181=CARTESIAN_POINT('',(-0.023495,-0.000127,-0.0039878));
#13182=CARTESIAN_POINT('',(-0.025527,-0.000127,0.0001016));
#13183=CARTESIAN_POINT('',(-0.017526,-0.000127,0.0001016));
#13184=CARTESIAN_POINT('',(-0.017526,-0.000127,-0.0039878));
#13185=CARTESIAN_POINT('',(-0.017526,-0.0044196,-0.0039878));
#13186=CARTESIAN_POINT('',(-0.017526,-0.004445,0.0001016));
#13187=CARTESIAN_POINT('',(-0.014859,-0.0041656,-0.0039878));
#13188=CARTESIAN_POINT('',(-0.014859,-0.0041656,0.000762));
#13189=CARTESIAN_POINT('',(-0.014859,-0.0041656,0.000762));
#13190=CARTESIAN_POINT('',(-0.014859,-0.0044196,0.000762));
#13191=CARTESIAN_POINT('',(-0.014859,-0.0044196,-0.0039878));
#13192=CARTESIAN_POINT('',(-0.014859,-0.0044196,-0.0039878));
#13193=CARTESIAN_POINT('',(-0.014859,-0.0217932,-0.0039878));
#13194=CARTESIAN_POINT('',(-0.014859,-0.0041656,-0.0039878));
#13195=CARTESIAN_POINT('',(-0.014859,-0.0041656,-0.0039878));
#13196=CARTESIAN_POINT('',(-0.014859,-0.0041656,0.0001016));
#13197=CARTESIAN_POINT('',(-0.014859,-0.0041656,0.000762));
#13198=CARTESIAN_POINT('',(-0.023495,-0.0044196,-0.0039878));
#13199=CARTESIAN_POINT('',(-0.023495,-0.0044196,0.000762));
#13200=CARTESIAN_POINT('',(-0.015367,-0.0044196,0.000762));
#13201=CARTESIAN_POINT('',(-0.015367,-0.0044196,-0.0039878));
#13202=CARTESIAN_POINT('',(-0.015367,-0.0044196,-0.0039878));
#13203=CARTESIAN_POINT('',(-0.049276,-0.0044196,-0.0039878));
#13204=CARTESIAN_POINT('',(-0.015367,-0.0044196,-0.0039878));
#13205=CARTESIAN_POINT('',(-0.015367,-0.0041656,0.000762));
#13206=CARTESIAN_POINT('',(-0.015367,-0.0041656,0.000762));
#13207=CARTESIAN_POINT('',(-0.015367,-0.0041656,0.0001016));
#13208=CARTESIAN_POINT('',(-0.015367,-0.0041656,0.000762));
#13209=CARTESIAN_POINT('',(-0.015367,-0.0041656,-0.0039878));
#13210=CARTESIAN_POINT('',(-0.015367,-0.0217932,-0.0039878));
#13211=CARTESIAN_POINT('',(-0.015367,-0.0044196,0.000762));
#13212=CARTESIAN_POINT('',(-0.025527,-0.0041656,0.000762));
#13213=CARTESIAN_POINT('',(-0.025527,-0.0041656,0.0001016));
#13214=CARTESIAN_POINT('',(-0.049276,-0.0041656,-0.0039878));
#13215=CARTESIAN_POINT('',(-0.049276,-0.0217932,-0.0039878));
#13216=CARTESIAN_POINT('',(-0.049276,-0.0217932,-0.0039878));
#13217=CARTESIAN_POINT('',(-0.049276,0.000127,-0.0039878));
#13218=CARTESIAN_POINT('',(-0.015367,0.000127,-0.0039878));
#13219=CARTESIAN_POINT('',(-0.014859,0.000127,-0.0039878));
#13220=CARTESIAN_POINT('',(-0.014859,-0.0217932,-0.0039878));
#13221=CARTESIAN_POINT('',(-0.014859,-0.000127,-0.0039878));
#13222=CARTESIAN_POINT('',(-0.049276,-0.000127,-0.0039878));
#13223=CARTESIAN_POINT('',(-0.015367,-0.000127,-0.0039878));
#13224=CARTESIAN_POINT('',(-0.015367,-0.0217932,-0.0039878));
#13225=CARTESIAN_POINT('',(-0.024003,0.000127,-0.0039878));
#13226=CARTESIAN_POINT('',(-0.014859,0.000127,-0.0039878));
#13227=CARTESIAN_POINT('',(-0.014859,0.000127,0.0001016));
#13228=CARTESIAN_POINT('',(-0.015367,0.000127,-0.0039878));
#13229=CARTESIAN_POINT('',(-0.015367,0.000127,0.0001016));
#13230=CARTESIAN_POINT('',(-0.025527,0.000127,0.0001016));
#13231=CARTESIAN_POINT('',(-0.014859,-0.0041656,-0.0039878));
#13232=CARTESIAN_POINT('',(-0.014859,-0.000127,-0.0039878));
#13233=CARTESIAN_POINT('',(-0.014859,-0.000127,0.0001016));
#13234=CARTESIAN_POINT('',(-0.014859,-0.0041656,0.0001016));
#13235=CARTESIAN_POINT('',(-0.023495,-0.000127,-0.0039878));
#13236=CARTESIAN_POINT('',(-0.025527,-0.000127,0.0001016));
#13237=CARTESIAN_POINT('',(-0.015367,-0.000127,0.0001016));
#13238=CARTESIAN_POINT('',(-0.015367,-0.000127,-0.0039878));
#13239=CARTESIAN_POINT('',(-0.015367,-0.0044196,-0.0039878));
#13240=CARTESIAN_POINT('',(-0.015367,-0.004445,0.0001016));
#13241=CARTESIAN_POINT('',(-0.0127,-0.0041656,-0.0039878));
#13242=CARTESIAN_POINT('',(-0.0127,-0.0041656,0.000762));
#13243=CARTESIAN_POINT('',(-0.0127,-0.0041656,0.000762));
#13244=CARTESIAN_POINT('',(-0.0127,-0.0044196,0.000762));
#13245=CARTESIAN_POINT('',(-0.0127,-0.0044196,-0.0039878));
#13246=CARTESIAN_POINT('',(-0.0127,-0.0044196,-0.0039878));
#13247=CARTESIAN_POINT('',(-0.0127,-0.0217932,-0.0039878));
#13248=CARTESIAN_POINT('',(-0.0127,-0.0041656,-0.0039878));
#13249=CARTESIAN_POINT('',(-0.0127,-0.0041656,-0.0039878));
#13250=CARTESIAN_POINT('',(-0.0127,-0.0041656,0.0001016));
#13251=CARTESIAN_POINT('',(-0.0127,-0.0041656,0.000762));
#13252=CARTESIAN_POINT('',(-0.023495,-0.0044196,-0.0039878));
#13253=CARTESIAN_POINT('',(-0.023495,-0.0044196,0.000762));
#13254=CARTESIAN_POINT('',(-0.013208,-0.0044196,0.000762));
#13255=CARTESIAN_POINT('',(-0.013208,-0.0044196,-0.0039878));
#13256=CARTESIAN_POINT('',(-0.013208,-0.0044196,-0.0039878));
#13257=CARTESIAN_POINT('',(-0.049276,-0.0044196,-0.0039878));
#13258=CARTESIAN_POINT('',(-0.013208,-0.0044196,-0.0039878));
#13259=CARTESIAN_POINT('',(-0.013208,-0.0041656,0.000762));
#13260=CARTESIAN_POINT('',(-0.013208,-0.0041656,0.000762));
#13261=CARTESIAN_POINT('',(-0.013208,-0.0041656,0.0001016));
#13262=CARTESIAN_POINT('',(-0.013208,-0.0041656,0.000762));
#13263=CARTESIAN_POINT('',(-0.013208,-0.0041656,-0.0039878));
#13264=CARTESIAN_POINT('',(-0.013208,-0.0217932,-0.0039878));
#13265=CARTESIAN_POINT('',(-0.013208,-0.0044196,0.000762));
#13266=CARTESIAN_POINT('',(-0.025527,-0.0041656,0.000762));
#13267=CARTESIAN_POINT('',(-0.025527,-0.0041656,0.0001016));
#13268=CARTESIAN_POINT('',(-0.049276,-0.0041656,-0.0039878));
#13269=CARTESIAN_POINT('',(-0.049276,-0.0217932,-0.0039878));
#13270=CARTESIAN_POINT('',(-0.049276,-0.0217932,-0.0039878));
#13271=CARTESIAN_POINT('',(-0.049276,0.000127,-0.0039878));
#13272=CARTESIAN_POINT('',(-0.013208,0.000127,-0.0039878));
#13273=CARTESIAN_POINT('',(-0.0127,0.000127,-0.0039878));
#13274=CARTESIAN_POINT('',(-0.0127,-0.0217932,-0.0039878));
#13275=CARTESIAN_POINT('',(-0.0127,-0.000127,-0.0039878));
#13276=CARTESIAN_POINT('',(-0.049276,-0.000127,-0.0039878));
#13277=CARTESIAN_POINT('',(-0.013208,-0.000127,-0.0039878));
#13278=CARTESIAN_POINT('',(-0.013208,-0.0217932,-0.0039878));
#13279=CARTESIAN_POINT('',(-0.024003,0.000127,-0.0039878));
#13280=CARTESIAN_POINT('',(-0.0127,0.000127,-0.0039878));
#13281=CARTESIAN_POINT('',(-0.0127,0.000127,0.0001016));
#13282=CARTESIAN_POINT('',(-0.013208,0.000127,-0.0039878));
#13283=CARTESIAN_POINT('',(-0.013208,0.000127,0.0001016));
#13284=CARTESIAN_POINT('',(-0.025527,0.000127,0.0001016));
#13285=CARTESIAN_POINT('',(-0.0127,-0.0041656,-0.0039878));
#13286=CARTESIAN_POINT('',(-0.0127,-0.000127,-0.0039878));
#13287=CARTESIAN_POINT('',(-0.0127,-0.000127,0.0001016));
#13288=CARTESIAN_POINT('',(-0.0127,-0.0041656,0.0001016));
#13289=CARTESIAN_POINT('',(-0.023495,-0.000127,-0.0039878));
#13290=CARTESIAN_POINT('',(-0.025527,-0.000127,0.0001016));
#13291=CARTESIAN_POINT('',(-0.013208,-0.000127,0.0001016));
#13292=CARTESIAN_POINT('',(-0.013208,-0.000127,-0.0039878));
#13293=CARTESIAN_POINT('',(-0.013208,-0.0044196,-0.0039878));
#13294=CARTESIAN_POINT('',(-0.013208,-0.004445,0.0001016));
#13295=CARTESIAN_POINT('',(-0.010541,-0.0041656,-0.0039878));
#13296=CARTESIAN_POINT('',(-0.010541,-0.0041656,0.000762));
#13297=CARTESIAN_POINT('',(-0.010541,-0.0041656,0.000762));
#13298=CARTESIAN_POINT('',(-0.010541,-0.0044196,0.000762));
#13299=CARTESIAN_POINT('',(-0.010541,-0.0044196,-0.0039878));
#13300=CARTESIAN_POINT('',(-0.010541,-0.0044196,-0.0039878));
#13301=CARTESIAN_POINT('',(-0.010541,-0.0217932,-0.0039878));
#13302=CARTESIAN_POINT('',(-0.010541,-0.0041656,-0.0039878));
#13303=CARTESIAN_POINT('',(-0.010541,-0.0041656,-0.0039878));
#13304=CARTESIAN_POINT('',(-0.010541,-0.0041656,0.0001016));
#13305=CARTESIAN_POINT('',(-0.010541,-0.0041656,0.000762));
#13306=CARTESIAN_POINT('',(-0.023495,-0.0044196,-0.0039878));
#13307=CARTESIAN_POINT('',(-0.023495,-0.0044196,0.000762));
#13308=CARTESIAN_POINT('',(-0.011049,-0.0044196,0.000762));
#13309=CARTESIAN_POINT('',(-0.011049,-0.0044196,-0.0039878));
#13310=CARTESIAN_POINT('',(-0.011049,-0.0044196,-0.0039878));
#13311=CARTESIAN_POINT('',(-0.049276,-0.0044196,-0.0039878));
#13312=CARTESIAN_POINT('',(-0.011049,-0.0044196,-0.0039878));
#13313=CARTESIAN_POINT('',(-0.011049,-0.0041656,0.000762));
#13314=CARTESIAN_POINT('',(-0.011049,-0.0041656,0.000762));
#13315=CARTESIAN_POINT('',(-0.011049,-0.0041656,0.0001016));
#13316=CARTESIAN_POINT('',(-0.011049,-0.0041656,0.000762));
#13317=CARTESIAN_POINT('',(-0.011049,-0.0041656,-0.0039878));
#13318=CARTESIAN_POINT('',(-0.011049,-0.0217932,-0.0039878));
#13319=CARTESIAN_POINT('',(-0.011049,-0.0044196,0.000762));
#13320=CARTESIAN_POINT('',(-0.025527,-0.0041656,0.000762));
#13321=CARTESIAN_POINT('',(-0.025527,-0.0041656,0.0001016));
#13322=CARTESIAN_POINT('',(-0.049276,-0.0041656,-0.0039878));
#13323=CARTESIAN_POINT('',(-0.049276,-0.0217932,-0.0039878));
#13324=CARTESIAN_POINT('',(-0.049276,-0.0217932,-0.0039878));
#13325=CARTESIAN_POINT('',(-0.049276,0.000127,-0.0039878));
#13326=CARTESIAN_POINT('',(-0.011049,0.000127,-0.0039878));
#13327=CARTESIAN_POINT('',(-0.010541,0.000127,-0.0039878));
#13328=CARTESIAN_POINT('',(-0.010541,-0.0217932,-0.0039878));
#13329=CARTESIAN_POINT('',(-0.010541,-0.000127,-0.0039878));
#13330=CARTESIAN_POINT('',(-0.049276,-0.000127,-0.0039878));
#13331=CARTESIAN_POINT('',(-0.011049,-0.000127,-0.0039878));
#13332=CARTESIAN_POINT('',(-0.011049,-0.0217932,-0.0039878));
#13333=CARTESIAN_POINT('',(-0.024003,0.000127,-0.0039878));
#13334=CARTESIAN_POINT('',(-0.010541,0.000127,-0.0039878));
#13335=CARTESIAN_POINT('',(-0.010541,0.000127,0.0001016));
#13336=CARTESIAN_POINT('',(-0.011049,0.000127,-0.0039878));
#13337=CARTESIAN_POINT('',(-0.011049,0.000127,0.0001016));
#13338=CARTESIAN_POINT('',(-0.025527,0.000127,0.0001016));
#13339=CARTESIAN_POINT('',(-0.010541,-0.0041656,-0.0039878));
#13340=CARTESIAN_POINT('',(-0.010541,-0.000127,-0.0039878));
#13341=CARTESIAN_POINT('',(-0.010541,-0.000127,0.0001016));
#13342=CARTESIAN_POINT('',(-0.010541,-0.0041656,0.0001016));
#13343=CARTESIAN_POINT('',(-0.023495,-0.000127,-0.0039878));
#13344=CARTESIAN_POINT('',(-0.025527,-0.000127,0.0001016));
#13345=CARTESIAN_POINT('',(-0.011049,-0.000127,0.0001016));
#13346=CARTESIAN_POINT('',(-0.011049,-0.000127,-0.0039878));
#13347=CARTESIAN_POINT('',(-0.011049,-0.0044196,-0.0039878));
#13348=CARTESIAN_POINT('',(-0.011049,-0.004445,0.0001016));
#13349=CARTESIAN_POINT('',(-0.008382,-0.0041656,-0.0039878));
#13350=CARTESIAN_POINT('',(-0.008382,-0.0041656,0.000762));
#13351=CARTESIAN_POINT('',(-0.008382,-0.0041656,0.000762));
#13352=CARTESIAN_POINT('',(-0.008382,-0.0044196,0.000762));
#13353=CARTESIAN_POINT('',(-0.008382,-0.0044196,-0.0039878));
#13354=CARTESIAN_POINT('',(-0.008382,-0.0044196,-0.0039878));
#13355=CARTESIAN_POINT('',(-0.008382,-0.0217932,-0.0039878));
#13356=CARTESIAN_POINT('',(-0.008382,-0.0041656,-0.0039878));
#13357=CARTESIAN_POINT('',(-0.008382,-0.0041656,-0.0039878));
#13358=CARTESIAN_POINT('',(-0.008382,-0.0041656,0.0001016));
#13359=CARTESIAN_POINT('',(-0.008382,-0.0041656,0.000762));
#13360=CARTESIAN_POINT('',(-0.023495,-0.0044196,-0.0039878));
#13361=CARTESIAN_POINT('',(-0.023495,-0.0044196,0.000762));
#13362=CARTESIAN_POINT('',(-0.00889,-0.0044196,0.000762));
#13363=CARTESIAN_POINT('',(-0.00889,-0.0044196,-0.0039878));
#13364=CARTESIAN_POINT('',(-0.00889,-0.0044196,-0.0039878));
#13365=CARTESIAN_POINT('',(-0.049276,-0.0044196,-0.0039878));
#13366=CARTESIAN_POINT('',(-0.00889,-0.0044196,-0.0039878));
#13367=CARTESIAN_POINT('',(-0.00889,-0.0041656,0.000762));
#13368=CARTESIAN_POINT('',(-0.00889,-0.0041656,0.000762));
#13369=CARTESIAN_POINT('',(-0.00889,-0.0041656,0.0001016));
#13370=CARTESIAN_POINT('',(-0.00889,-0.0041656,0.000762));
#13371=CARTESIAN_POINT('',(-0.00889,-0.0041656,-0.0039878));
#13372=CARTESIAN_POINT('',(-0.00889,-0.0217932,-0.0039878));
#13373=CARTESIAN_POINT('',(-0.00889,-0.0044196,0.000762));
#13374=CARTESIAN_POINT('',(-0.025527,-0.0041656,0.000762));
#13375=CARTESIAN_POINT('',(-0.025527,-0.0041656,0.0001016));
#13376=CARTESIAN_POINT('',(-0.049276,-0.0041656,-0.0039878));
#13377=CARTESIAN_POINT('',(-0.049276,-0.0217932,-0.0039878));
#13378=CARTESIAN_POINT('',(-0.049276,-0.0217932,-0.0039878));
#13379=CARTESIAN_POINT('',(-0.049276,0.000127,-0.0039878));
#13380=CARTESIAN_POINT('',(-0.00889,0.000127,-0.0039878));
#13381=CARTESIAN_POINT('',(-0.008382,0.000127,-0.0039878));
#13382=CARTESIAN_POINT('',(-0.008382,-0.0217932,-0.0039878));
#13383=CARTESIAN_POINT('',(-0.008382,-0.000127,-0.0039878));
#13384=CARTESIAN_POINT('',(-0.049276,-0.000127,-0.0039878));
#13385=CARTESIAN_POINT('',(-0.00889,-0.000127,-0.0039878));
#13386=CARTESIAN_POINT('',(-0.00889,-0.0217932,-0.0039878));
#13387=CARTESIAN_POINT('',(-0.024003,0.000127,-0.0039878));
#13388=CARTESIAN_POINT('',(-0.008382,0.000127,-0.0039878));
#13389=CARTESIAN_POINT('',(-0.008382,0.000127,0.0001016));
#13390=CARTESIAN_POINT('',(-0.00889,0.000127,-0.0039878));
#13391=CARTESIAN_POINT('',(-0.00889,0.000127,0.0001016));
#13392=CARTESIAN_POINT('',(-0.025527,0.000127,0.0001016));
#13393=CARTESIAN_POINT('',(-0.008382,-0.0041656,-0.0039878));
#13394=CARTESIAN_POINT('',(-0.008382,-0.000127,-0.0039878));
#13395=CARTESIAN_POINT('',(-0.008382,-0.000127,0.0001016));
#13396=CARTESIAN_POINT('',(-0.008382,-0.0041656,0.0001016));
#13397=CARTESIAN_POINT('',(-0.023495,-0.000127,-0.0039878));
#13398=CARTESIAN_POINT('',(-0.025527,-0.000127,0.0001016));
#13399=CARTESIAN_POINT('',(-0.00889,-0.000127,0.0001016));
#13400=CARTESIAN_POINT('',(-0.00889,-0.000127,-0.0039878));
#13401=CARTESIAN_POINT('',(-0.00889,-0.0044196,-0.0039878));
#13402=CARTESIAN_POINT('',(-0.00889,-0.004445,0.0001016));
#13403=CARTESIAN_POINT('',(-0.006223,-0.0041656,-0.0039878));
#13404=CARTESIAN_POINT('',(-0.006223,-0.0041656,0.000762));
#13405=CARTESIAN_POINT('',(-0.006223,-0.0041656,0.000762));
#13406=CARTESIAN_POINT('',(-0.006223,-0.0044196,0.000762));
#13407=CARTESIAN_POINT('',(-0.006223,-0.0044196,-0.0039878));
#13408=CARTESIAN_POINT('',(-0.006223,-0.0044196,-0.0039878));
#13409=CARTESIAN_POINT('',(-0.006223,-0.0217932,-0.0039878));
#13410=CARTESIAN_POINT('',(-0.006223,-0.0041656,-0.0039878));
#13411=CARTESIAN_POINT('',(-0.006223,-0.0041656,-0.0039878));
#13412=CARTESIAN_POINT('',(-0.006223,-0.0041656,0.0001016));
#13413=CARTESIAN_POINT('',(-0.006223,-0.0041656,0.000762));
#13414=CARTESIAN_POINT('',(-0.023495,-0.0044196,-0.0039878));
#13415=CARTESIAN_POINT('',(-0.023495,-0.0044196,0.000762));
#13416=CARTESIAN_POINT('',(-0.006731,-0.0044196,0.000762));
#13417=CARTESIAN_POINT('',(-0.006731,-0.0044196,-0.0039878));
#13418=CARTESIAN_POINT('',(-0.006731,-0.0044196,-0.0039878));
#13419=CARTESIAN_POINT('',(-0.049276,-0.0044196,-0.0039878));
#13420=CARTESIAN_POINT('',(-0.006731,-0.0044196,-0.0039878));
#13421=CARTESIAN_POINT('',(-0.006731,-0.0041656,0.000762));
#13422=CARTESIAN_POINT('',(-0.006731,-0.0041656,0.000762));
#13423=CARTESIAN_POINT('',(-0.006731,-0.0041656,0.0001016));
#13424=CARTESIAN_POINT('',(-0.006731,-0.0041656,0.000762));
#13425=CARTESIAN_POINT('',(-0.006731,-0.0041656,-0.0039878));
#13426=CARTESIAN_POINT('',(-0.006731,-0.0217932,-0.0039878));
#13427=CARTESIAN_POINT('',(-0.006731,-0.0044196,0.000762));
#13428=CARTESIAN_POINT('',(-0.025527,-0.0041656,0.000762));
#13429=CARTESIAN_POINT('',(-0.025527,-0.0041656,0.0001016));
#13430=CARTESIAN_POINT('',(-0.049276,-0.0041656,-0.0039878));
#13431=CARTESIAN_POINT('',(-0.049276,-0.0217932,-0.0039878));
#13432=CARTESIAN_POINT('',(-0.049276,-0.0217932,-0.0039878));
#13433=CARTESIAN_POINT('',(-0.049276,0.000127,-0.0039878));
#13434=CARTESIAN_POINT('',(-0.006731,0.000127,-0.0039878));
#13435=CARTESIAN_POINT('',(-0.006223,0.000127,-0.0039878));
#13436=CARTESIAN_POINT('',(-0.006223,-0.0217932,-0.0039878));
#13437=CARTESIAN_POINT('',(-0.006223,-0.000127,-0.0039878));
#13438=CARTESIAN_POINT('',(-0.049276,-0.000127,-0.0039878));
#13439=CARTESIAN_POINT('',(-0.006731,-0.000127,-0.0039878));
#13440=CARTESIAN_POINT('',(-0.006731,-0.0217932,-0.0039878));
#13441=CARTESIAN_POINT('',(-0.024003,0.000127,-0.0039878));
#13442=CARTESIAN_POINT('',(-0.006223,0.000127,-0.0039878));
#13443=CARTESIAN_POINT('',(-0.006223,0.000127,0.0001016));
#13444=CARTESIAN_POINT('',(-0.006731,0.000127,-0.0039878));
#13445=CARTESIAN_POINT('',(-0.006731,0.000127,0.0001016));
#13446=CARTESIAN_POINT('',(-0.025527,0.000127,0.0001016));
#13447=CARTESIAN_POINT('',(-0.006223,-0.0041656,-0.0039878));
#13448=CARTESIAN_POINT('',(-0.006223,-0.000127,-0.0039878));
#13449=CARTESIAN_POINT('',(-0.006223,-0.000127,0.0001016));
#13450=CARTESIAN_POINT('',(-0.006223,-0.0041656,0.0001016));
#13451=CARTESIAN_POINT('',(-0.023495,-0.000127,-0.0039878));
#13452=CARTESIAN_POINT('',(-0.025527,-0.000127,0.0001016));
#13453=CARTESIAN_POINT('',(-0.006731,-0.000127,0.0001016));
#13454=CARTESIAN_POINT('',(-0.006731,-0.000127,-0.0039878));
#13455=CARTESIAN_POINT('',(-0.006731,-0.0044196,-0.0039878));
#13456=CARTESIAN_POINT('',(-0.006731,-0.004445,0.0001016));
#13457=CARTESIAN_POINT('',(-0.004064,-0.0041656,-0.0039878));
#13458=CARTESIAN_POINT('',(-0.004064,-0.0041656,0.000762));
#13459=CARTESIAN_POINT('',(-0.004064,-0.0041656,0.000762));
#13460=CARTESIAN_POINT('',(-0.004064,-0.0044196,0.000762));
#13461=CARTESIAN_POINT('',(-0.004064,-0.0044196,-0.0039878));
#13462=CARTESIAN_POINT('',(-0.004064,-0.0044196,-0.0039878));
#13463=CARTESIAN_POINT('',(-0.004064,-0.0217932,-0.0039878));
#13464=CARTESIAN_POINT('',(-0.004064,-0.0041656,-0.0039878));
#13465=CARTESIAN_POINT('',(-0.004064,-0.0041656,-0.0039878));
#13466=CARTESIAN_POINT('',(-0.004064,-0.0041656,0.0001016));
#13467=CARTESIAN_POINT('',(-0.004064,-0.0041656,0.000762));
#13468=CARTESIAN_POINT('',(-0.023495,-0.0044196,-0.0039878));
#13469=CARTESIAN_POINT('',(-0.023495,-0.0044196,0.000762));
#13470=CARTESIAN_POINT('',(-0.004572,-0.0044196,0.000762));
#13471=CARTESIAN_POINT('',(-0.004572,-0.0044196,-0.0039878));
#13472=CARTESIAN_POINT('',(-0.004572,-0.0044196,-0.0039878));
#13473=CARTESIAN_POINT('',(-0.049276,-0.0044196,-0.0039878));
#13474=CARTESIAN_POINT('',(-0.004572,-0.0044196,-0.0039878));
#13475=CARTESIAN_POINT('',(-0.004572,-0.0041656,0.000762));
#13476=CARTESIAN_POINT('',(-0.004572,-0.0041656,0.000762));
#13477=CARTESIAN_POINT('',(-0.004572,-0.0041656,0.0001016));
#13478=CARTESIAN_POINT('',(-0.004572,-0.0041656,0.000762));
#13479=CARTESIAN_POINT('',(-0.004572,-0.0041656,-0.0039878));
#13480=CARTESIAN_POINT('',(-0.004572,-0.0217932,-0.0039878));
#13481=CARTESIAN_POINT('',(-0.004572,-0.0044196,0.000762));
#13482=CARTESIAN_POINT('',(-0.025527,-0.0041656,0.000762));
#13483=CARTESIAN_POINT('',(-0.025527,-0.0041656,0.0001016));
#13484=CARTESIAN_POINT('',(-0.049276,-0.0041656,-0.0039878));
#13485=CARTESIAN_POINT('',(-0.049276,-0.0217932,-0.0039878));
#13486=CARTESIAN_POINT('',(-0.049276,-0.0217932,-0.0039878));
#13487=CARTESIAN_POINT('',(-0.049276,0.000127,-0.0039878));
#13488=CARTESIAN_POINT('',(-0.004572,0.000127,-0.0039878));
#13489=CARTESIAN_POINT('',(-0.004064,0.000127,-0.0039878));
#13490=CARTESIAN_POINT('',(-0.004064,-0.0217932,-0.0039878));
#13491=CARTESIAN_POINT('',(-0.004064,-0.000127,-0.0039878));
#13492=CARTESIAN_POINT('',(-0.049276,-0.000127,-0.0039878));
#13493=CARTESIAN_POINT('',(-0.004572,-0.000127,-0.0039878));
#13494=CARTESIAN_POINT('',(-0.004572,-0.0217932,-0.0039878));
#13495=CARTESIAN_POINT('',(-0.024003,0.000127,-0.0039878));
#13496=CARTESIAN_POINT('',(-0.004064,0.000127,-0.0039878));
#13497=CARTESIAN_POINT('',(-0.004064,0.000127,0.0001016));
#13498=CARTESIAN_POINT('',(-0.004572,0.000127,-0.0039878));
#13499=CARTESIAN_POINT('',(-0.004572,0.000127,0.0001016));
#13500=CARTESIAN_POINT('',(-0.025527,0.000127,0.0001016));
#13501=CARTESIAN_POINT('',(-0.004064,-0.0041656,-0.0039878));
#13502=CARTESIAN_POINT('',(-0.004064,-0.000127,-0.0039878));
#13503=CARTESIAN_POINT('',(-0.004064,-0.000127,0.0001016));
#13504=CARTESIAN_POINT('',(-0.004064,-0.0041656,0.0001016));
#13505=CARTESIAN_POINT('',(-0.023495,-0.000127,-0.0039878));
#13506=CARTESIAN_POINT('',(-0.025527,-0.000127,0.0001016));
#13507=CARTESIAN_POINT('',(-0.004572,-0.000127,0.0001016));
#13508=CARTESIAN_POINT('',(-0.004572,-0.000127,-0.0039878));
#13509=CARTESIAN_POINT('',(-0.004572,-0.0044196,-0.0039878));
#13510=CARTESIAN_POINT('',(-0.004572,-0.004445,0.0001016));
#13511=CARTESIAN_POINT('',(-0.001905,-0.0041656,-0.0039878));
#13512=CARTESIAN_POINT('',(-0.001905,-0.0041656,0.000762));
#13513=CARTESIAN_POINT('',(-0.001905,-0.0041656,0.000762));
#13514=CARTESIAN_POINT('',(-0.001905,-0.0044196,0.000762));
#13515=CARTESIAN_POINT('',(-0.001905,-0.0044196,-0.0039878));
#13516=CARTESIAN_POINT('',(-0.001905,-0.0044196,-0.0039878));
#13517=CARTESIAN_POINT('',(-0.001905,-0.0217932,-0.0039878));
#13518=CARTESIAN_POINT('',(-0.001905,-0.0041656,-0.0039878));
#13519=CARTESIAN_POINT('',(-0.001905,-0.0041656,-0.0039878));
#13520=CARTESIAN_POINT('',(-0.001905,-0.0041656,0.0001016));
#13521=CARTESIAN_POINT('',(-0.001905,-0.0041656,0.000762));
#13522=CARTESIAN_POINT('',(-0.023495,-0.0044196,-0.0039878));
#13523=CARTESIAN_POINT('',(-0.023495,-0.0044196,0.000762));
#13524=CARTESIAN_POINT('',(-0.002413,-0.0044196,0.000762));
#13525=CARTESIAN_POINT('',(-0.002413,-0.0044196,-0.0039878));
#13526=CARTESIAN_POINT('',(-0.002413,-0.0044196,-0.0039878));
#13527=CARTESIAN_POINT('',(-0.049276,-0.0044196,-0.0039878));
#13528=CARTESIAN_POINT('',(-0.002413,-0.0044196,-0.0039878));
#13529=CARTESIAN_POINT('',(-0.002413,-0.0041656,0.000762));
#13530=CARTESIAN_POINT('',(-0.002413,-0.0041656,0.000762));
#13531=CARTESIAN_POINT('',(-0.002413,-0.0041656,0.0001016));
#13532=CARTESIAN_POINT('',(-0.002413,-0.0041656,0.000762));
#13533=CARTESIAN_POINT('',(-0.002413,-0.0041656,-0.0039878));
#13534=CARTESIAN_POINT('',(-0.002413,-0.0217932,-0.0039878));
#13535=CARTESIAN_POINT('',(-0.002413,-0.0044196,0.000762));
#13536=CARTESIAN_POINT('',(-0.025527,-0.0041656,0.000762));
#13537=CARTESIAN_POINT('',(-0.025527,-0.0041656,0.0001016));
#13538=CARTESIAN_POINT('',(-0.049276,-0.0041656,-0.0039878));
#13539=CARTESIAN_POINT('',(-0.049276,-0.0217932,-0.0039878));
#13540=CARTESIAN_POINT('',(-0.049276,-0.0217932,-0.0039878));
#13541=CARTESIAN_POINT('',(-0.049276,0.000127,-0.0039878));
#13542=CARTESIAN_POINT('',(-0.002413,0.000127,-0.0039878));
#13543=CARTESIAN_POINT('',(-0.001905,0.000127,-0.0039878));
#13544=CARTESIAN_POINT('',(-0.001905,-0.0217932,-0.0039878));
#13545=CARTESIAN_POINT('',(-0.001905,-0.000127,-0.0039878));
#13546=CARTESIAN_POINT('',(-0.049276,-0.000127,-0.0039878));
#13547=CARTESIAN_POINT('',(-0.002413,-0.000127,-0.0039878));
#13548=CARTESIAN_POINT('',(-0.002413,-0.0217932,-0.0039878));
#13549=CARTESIAN_POINT('',(-0.024003,0.000127,-0.0039878));
#13550=CARTESIAN_POINT('',(-0.001905,0.000127,-0.0039878));
#13551=CARTESIAN_POINT('',(-0.001905,0.000127,0.0001016));
#13552=CARTESIAN_POINT('',(-0.002413,0.000127,-0.0039878));
#13553=CARTESIAN_POINT('',(-0.002413,0.000127,0.0001016));
#13554=CARTESIAN_POINT('',(-0.025527,0.000127,0.0001016));
#13555=CARTESIAN_POINT('',(-0.001905,-0.0041656,-0.0039878));
#13556=CARTESIAN_POINT('',(-0.001905,-0.000127,-0.0039878));
#13557=CARTESIAN_POINT('',(-0.001905,-0.000127,0.0001016));
#13558=CARTESIAN_POINT('',(-0.001905,-0.0041656,0.0001016));
#13559=CARTESIAN_POINT('',(-0.023495,-0.000127,-0.0039878));
#13560=CARTESIAN_POINT('',(-0.025527,-0.000127,0.0001016));
#13561=CARTESIAN_POINT('',(-0.002413,-0.000127,0.0001016));
#13562=CARTESIAN_POINT('',(-0.002413,-0.000127,-0.0039878));
#13563=CARTESIAN_POINT('',(-0.002413,-0.0044196,-0.0039878));
#13564=CARTESIAN_POINT('',(-0.002413,-0.004445,0.0001016));
#13565=CARTESIAN_POINT('',(0.000253999999999994,-0.0041656,-0.0039878));
#13566=CARTESIAN_POINT('',(0.000253999999999994,-0.0041656,0.000762));
#13567=CARTESIAN_POINT('',(0.000253999999999994,-0.0041656,0.000762));
#13568=CARTESIAN_POINT('',(0.000253999999999994,-0.0044196,0.000762));
#13569=CARTESIAN_POINT('',(0.000253999999999994,-0.0044196,-0.0039878));
#13570=CARTESIAN_POINT('',(0.000253999999999994,-0.0044196,-0.0039878));
#13571=CARTESIAN_POINT('',(0.000253999999999994,-0.0217932,-0.0039878));
#13572=CARTESIAN_POINT('',(0.000253999999999994,-0.0041656,-0.0039878));
#13573=CARTESIAN_POINT('',(0.000253999999999994,-0.0041656,-0.0039878));
#13574=CARTESIAN_POINT('',(0.000253999999999994,-0.0041656,0.0001016));
#13575=CARTESIAN_POINT('',(0.000253999999999994,-0.0041656,0.000762));
#13576=CARTESIAN_POINT('',(-0.023495,-0.0044196,-0.0039878));
#13577=CARTESIAN_POINT('',(-0.023495,-0.0044196,0.000762));
#13578=CARTESIAN_POINT('',(-0.000254000000000006,-0.0044196,0.000762));
#13579=CARTESIAN_POINT('',(-0.000254000000000006,-0.0044196,-0.0039878));
#13580=CARTESIAN_POINT('',(-0.000254000000000006,-0.0044196,-0.0039878));
#13581=CARTESIAN_POINT('',(-0.049276,-0.0044196,-0.0039878));
#13582=CARTESIAN_POINT('',(-0.000254000000000006,-0.0044196,-0.0039878));
#13583=CARTESIAN_POINT('',(-0.000254000000000006,-0.0041656,0.000762));
#13584=CARTESIAN_POINT('',(-0.000254000000000006,-0.0041656,0.000762));
#13585=CARTESIAN_POINT('',(-0.000254000000000006,-0.0041656,0.0001016));
#13586=CARTESIAN_POINT('',(-0.000254000000000006,-0.0041656,0.000762));
#13587=CARTESIAN_POINT('',(-0.000254000000000006,-0.0041656,-0.0039878));
#13588=CARTESIAN_POINT('',(-0.000254000000000006,-0.0217932,-0.0039878));
#13589=CARTESIAN_POINT('',(-0.000254000000000006,-0.0044196,0.000762));
#13590=CARTESIAN_POINT('',(-0.025527,-0.0041656,0.000762));
#13591=CARTESIAN_POINT('',(-0.025527,-0.0041656,0.0001016));
#13592=CARTESIAN_POINT('',(-0.049276,-0.0041656,-0.0039878));
#13593=CARTESIAN_POINT('',(-0.049276,-0.0217932,-0.0039878));
#13594=CARTESIAN_POINT('',(-0.049276,-0.0217932,-0.0039878));
#13595=CARTESIAN_POINT('',(-0.049276,0.000127,-0.0039878));
#13596=CARTESIAN_POINT('',(-0.000254000000000006,0.000127,-0.0039878));
#13597=CARTESIAN_POINT('',(0.000253999999999994,0.000127,-0.0039878));
#13598=CARTESIAN_POINT('',(0.000253999999999994,-0.0217932,-0.0039878));
#13599=CARTESIAN_POINT('',(0.000253999999999994,-0.000127,-0.0039878));
#13600=CARTESIAN_POINT('',(-0.049276,-0.000127,-0.0039878));
#13601=CARTESIAN_POINT('',(-0.000254000000000006,-0.000127,-0.0039878));
#13602=CARTESIAN_POINT('',(-0.000254000000000006,-0.0217932,-0.0039878));
#13603=CARTESIAN_POINT('',(-0.024003,0.000127,-0.0039878));
#13604=CARTESIAN_POINT('',(0.000253999999999994,0.000127,-0.0039878));
#13605=CARTESIAN_POINT('',(0.000253999999999994,0.000127,0.0001016));
#13606=CARTESIAN_POINT('',(-0.000254000000000006,0.000127,-0.0039878));
#13607=CARTESIAN_POINT('',(-0.000254000000000006,0.000127,0.0001016));
#13608=CARTESIAN_POINT('',(-0.025527,0.000127,0.0001016));
#13609=CARTESIAN_POINT('',(0.000253999999999994,-0.0041656,-0.0039878));
#13610=CARTESIAN_POINT('',(0.000253999999999994,-0.0041656,0.0001016));
#13611=CARTESIAN_POINT('',(0.000253999999999994,-0.000127,0.0001016));
#13612=CARTESIAN_POINT('',(0.000253999999999994,-0.000127,-0.0039878));
#13613=CARTESIAN_POINT('',(-0.023495,-0.000127,-0.0039878));
#13614=CARTESIAN_POINT('',(-0.025527,-0.000127,0.0001016));
#13615=CARTESIAN_POINT('',(-0.000254000000000006,-0.000127,0.0001016));
#13616=CARTESIAN_POINT('',(-0.000254000000000006,-0.000127,-0.0039878));
#13617=CARTESIAN_POINT('',(-0.000254000000000006,-0.0044196,-0.0039878));
#13618=CARTESIAN_POINT('',(-0.000254000000000006,-0.004445,0.0001016));
#13619=CARTESIAN_POINT('',(-0.025527,-0.004445,0.0001016));
#13620=CARTESIAN_POINT('',(-0.025527,-0.0041656,0.0001016));
#13621=CARTESIAN_POINT('',(-0.025527,-0.0041656,0.0001016));
#13622=CARTESIAN_POINT('',(-0.025527,-0.0041656,0.0001016));
#13623=CARTESIAN_POINT('',(-0.025527,-0.0041656,0.0001016));
#13624=CARTESIAN_POINT('',(-0.025527,-0.0041656,0.0001016));
#13625=CARTESIAN_POINT('',(-0.025527,-0.0041656,0.0001016));
#13626=CARTESIAN_POINT('',(-0.025527,-0.0041656,0.0001016));
#13627=CARTESIAN_POINT('',(-0.025527,-0.0041656,0.0001016));
#13628=CARTESIAN_POINT('',(-0.025527,-0.0217932,0.0001016));
#13629=CARTESIAN_POINT('',(-0.025527,0.0001778,0.0001016));
#13630=CARTESIAN_POINT('',(-0.025527,0.0001778,0.0001016));
#13631=CARTESIAN_POINT('',(0.001778,0.0001778,0.0001016));
#13632=CARTESIAN_POINT('',(0.001778,-0.0217932,0.0001016));
#13633=CARTESIAN_POINT('',(0.001778,-0.0041656,0.0001016));
#13634=CARTESIAN_POINT('',(-0.025527,-0.0041656,0.0001016));
#13635=CARTESIAN_POINT('',(-0.025527,-0.0041656,0.0001016));
#13636=CARTESIAN_POINT('',(-0.025527,-0.0041656,0.0001016));
#13637=CARTESIAN_POINT('',(-0.025527,-0.0041656,0.0001016));
#13638=CARTESIAN_POINT('',(-0.025527,-0.0041656,0.0001016));
#13639=CARTESIAN_POINT('',(-0.025527,-0.0041656,0.0001016));
#13640=CARTESIAN_POINT('',(-0.021336,-0.0041656,-0.0039878));
#13641=CARTESIAN_POINT('',(-0.021336,-0.0041656,0.000762));
#13642=CARTESIAN_POINT('',(-0.021336,-0.0041656,0.000762));
#13643=CARTESIAN_POINT('',(-0.021336,-0.0044196,0.000762));
#13644=CARTESIAN_POINT('',(-0.021336,-0.0044196,-0.0039878));
#13645=CARTESIAN_POINT('',(-0.021336,-0.0041656,0.000762));
#13646=CARTESIAN_POINT('',(-0.023495,-0.0044196,-0.0039878));
#13647=CARTESIAN_POINT('',(-0.023495,-0.0044196,0.000762));
#13648=CARTESIAN_POINT('',(-0.021844,-0.0044196,0.000762));
#13649=CARTESIAN_POINT('',(-0.021844,-0.0044196,-0.0039878));
#13650=CARTESIAN_POINT('',(-0.021844,-0.0044196,-0.0039878));
#13651=CARTESIAN_POINT('',(-0.021844,-0.0041656,0.000762));
#13652=CARTESIAN_POINT('',(-0.021844,-0.0041656,0.000762));
#13653=CARTESIAN_POINT('',(-0.021844,-0.0044196,0.000762));
#13654=CARTESIAN_POINT('',(-0.025527,-0.0217932,0.008128));
#13655=CARTESIAN_POINT('',(-0.025527,0.0001778,-0.003429));
#13656=CARTESIAN_POINT('',(-0.025527,0.0001778,0.000762));
#13657=CARTESIAN_POINT('',(-0.025527,-0.0041656,0.000762));
#13658=CARTESIAN_POINT('',(-0.025527,-0.0041656,0.000762));
#13659=CARTESIAN_POINT('',(-0.025527,-0.0041656,0.000762));
#13660=CARTESIAN_POINT('',(-0.025527,0.0001778,-0.003429));
#13661=CARTESIAN_POINT('',(0.001778,0.0001778,-0.003429));
#13662=CARTESIAN_POINT('',(0.001778,0.0001778,0.000762));
#13663=CARTESIAN_POINT('',(-0.025527,0.0001778,0.000762));
#13664=CARTESIAN_POINT('',(0.001778,-0.0217932,0.008128));
#13665=CARTESIAN_POINT('',(0.001778,-0.0041656,0.000762));
#13666=CARTESIAN_POINT('',(0.001778,-0.0041656,0.000762));
#13667=CARTESIAN_POINT('',(0.001778,-0.0041656,0.000762));
#13668=CARTESIAN_POINT('',(-0.025527,-0.0041656,0.000762));
#13669=CARTESIAN_POINT('',(-0.023495,-0.0041656,0.000762));
#13670=CARTESIAN_POINT('',(-0.023495,-0.0041656,0.000762));
#13671=CARTESIAN_POINT('',(-0.023495,-0.0041656,0.000762));
#13672=CARTESIAN_POINT('',(-0.025527,-0.0041656,0.000762));
#13673=CARTESIAN_POINT('',(-0.025527,-0.0041656,0.000762));
#13674=CARTESIAN_POINT('',(-0.025527,-0.0041656,0.000762));
#13675=CARTESIAN_POINT('',(-0.021336,-0.0041656,0.000762));
#13676=CARTESIAN_POINT('',(-0.025527,-0.0041656,0.000762));
#13677=CARTESIAN_POINT('',(-0.019177,-0.0041656,0.000762));
#13678=CARTESIAN_POINT('',(-0.025527,-0.0041656,0.000762));
#13679=CARTESIAN_POINT('',(-0.017018,-0.0041656,0.000762));
#13680=CARTESIAN_POINT('',(-0.025527,-0.0041656,0.000762));
#13681=CARTESIAN_POINT('',(-0.014859,-0.0041656,0.000762));
#13682=CARTESIAN_POINT('',(-0.025527,-0.0041656,0.000762));
#13683=CARTESIAN_POINT('',(-0.0127,-0.0041656,0.000762));
#13684=CARTESIAN_POINT('',(-0.025527,-0.0041656,0.000762));
#13685=CARTESIAN_POINT('',(-0.010541,-0.0041656,0.000762));
#13686=CARTESIAN_POINT('',(-0.025527,-0.0041656,0.000762));
#13687=CARTESIAN_POINT('',(-0.008382,-0.0041656,0.000762));
#13688=CARTESIAN_POINT('',(-0.025527,-0.0041656,0.000762));
#13689=CARTESIAN_POINT('',(-0.006223,-0.0041656,0.000762));
#13690=CARTESIAN_POINT('',(-0.025527,-0.0041656,0.000762));
#13691=CARTESIAN_POINT('',(-0.004064,-0.0041656,0.000762));
#13692=CARTESIAN_POINT('',(-0.025527,-0.0041656,0.000762));
#13693=CARTESIAN_POINT('',(-0.001905,-0.0041656,0.000762));
#13694=CARTESIAN_POINT('',(-0.025527,-0.0041656,0.000762));
#13695=CARTESIAN_POINT('',(0.000253999999999994,-0.0041656,0.000762));
#13696=CARTESIAN_POINT('',(-0.023495,-0.0041656,-0.0039878));
#13697=CARTESIAN_POINT('',(-0.023495,-0.0041656,0.000762));
#13698=CARTESIAN_POINT('',(-0.039497,-0.0217932,0.000762));
#13699=CARTESIAN_POINT('',(0.001397,0.0033528,0.000762));
#13700=CARTESIAN_POINT('',(0.001397,0.0033528,0.000762));
#13701=CARTESIAN_POINT('',(0.001397,0.0020828,0.000762));
#13702=CARTESIAN_POINT('',(-0.039497,0.0020828,0.000762));
#13703=CARTESIAN_POINT('',(0.0035052,0.0020828,0.000762));
#13704=CARTESIAN_POINT('',(0.0035052,0.0020828,0.000762));
#13705=CARTESIAN_POINT('',(0.0035052,-0.0090424,0.000762));
#13706=CARTESIAN_POINT('',(-0.039497,-0.0090424,0.000762));
#13707=CARTESIAN_POINT('',(0.0022225,-0.0090424,0.000762));
#13708=CARTESIAN_POINT('',(-0.039497,-0.0090424,0.000762));
#13709=CARTESIAN_POINT('',(-0.0272542,-0.0090424,0.000762));
#13710=CARTESIAN_POINT('',(-0.0272542,-0.0090424,0.000762));
#13711=CARTESIAN_POINT('',(-0.0272542,0.0020828,0.000762));
#13712=CARTESIAN_POINT('',(-0.0272542,0.0020828,0.000762));
#13713=CARTESIAN_POINT('',(-0.025146,0.0020828,0.000762));
#13714=CARTESIAN_POINT('',(-0.025146,0.0020828,0.000762));
#13715=CARTESIAN_POINT('',(-0.025146,0.0033528,0.000762));
#13716=CARTESIAN_POINT('',(0.001397,0.0033528,0.000762));
#13717=CARTESIAN_POINT('',(-0.039497,0.0033528,0.));
#13718=CARTESIAN_POINT('',(-0.025146,0.0033528,0.));
#13719=CARTESIAN_POINT('',(-0.025146,0.0033528,0.));
#13720=CARTESIAN_POINT('',(-0.039497,0.0033528,0.));
#13721=CARTESIAN_POINT('',(0.015748,0.0033528,0.));
#13722=CARTESIAN_POINT('',(0.015748,0.0033528,0.));
#13723=CARTESIAN_POINT('',(0.001397,0.0033528,0.));
#13724=CARTESIAN_POINT('',(0.001397,0.0033528,0.));
#13725=CARTESIAN_POINT('',(0.001397,0.0033528,0.));
#13726=CARTESIAN_POINT('',(0.001397,0.0033528,0.));
#13727=CARTESIAN_POINT('',(0.001397,0.0020828,0.));
#13728=CARTESIAN_POINT('',(0.001397,0.0020828,0.));
#13729=CARTESIAN_POINT('',(0.001397,0.0033528,0.));
#13730=CARTESIAN_POINT('',(-0.0272542,0.0020828,0.));
#13731=CARTESIAN_POINT('',(0.0035052,0.0020828,0.));
#13732=CARTESIAN_POINT('',(0.0035052,0.0020828,0.));
#13733=CARTESIAN_POINT('',(-0.0272542,0.0020828,0.));
#13734=CARTESIAN_POINT('',(0.0035052,0.0020828,0.));
#13735=CARTESIAN_POINT('',(0.0035052,-0.0090424,0.));
#13736=CARTESIAN_POINT('',(0.0035052,-0.0090424,0.));
#13737=CARTESIAN_POINT('',(0.0035052,-0.0090424,0.));
#13738=CARTESIAN_POINT('',(-0.039497,-0.0090424,0.0121285));
#13739=CARTESIAN_POINT('',(-0.039497,-0.0090424,0.));
#13740=CARTESIAN_POINT('',(-0.0272542,-0.0090424,0.));
#13741=CARTESIAN_POINT('',(-0.0272542,-0.0090424,0.0121285));
#13742=CARTESIAN_POINT('',(-0.039497,-0.0090424,0.0121285));
#13743=CARTESIAN_POINT('',(-0.039497,-0.0090424,0.));
#13744=CARTESIAN_POINT('',(-0.0272542,-0.0090424,0.));
#13745=CARTESIAN_POINT('',(-0.0272542,0.0020828,0.));
#13746=CARTESIAN_POINT('',(-0.0272542,0.0020828,0.));
#13747=CARTESIAN_POINT('',(-0.0272542,-0.0090424,0.));
#13748=CARTESIAN_POINT('',(-0.0272542,0.0020828,0.));
#13749=CARTESIAN_POINT('',(-0.025146,0.0020828,0.));
#13750=CARTESIAN_POINT('',(-0.025146,0.0020828,0.));
#13751=CARTESIAN_POINT('',(-0.0272542,0.0020828,0.));
#13752=CARTESIAN_POINT('',(-0.025146,0.0020828,0.));
#13753=CARTESIAN_POINT('',(-0.025146,0.0033528,0.));
#13754=CARTESIAN_POINT('',(-0.039497,-0.0090424,0.));
#13755=CARTESIAN_POINT('',(0.015748,-0.0120269,0.));
#13756=CARTESIAN_POINT('',(-0.039497,-0.0090424,0.));
#13757=CARTESIAN_POINT('',(0.015748,-0.0217932,0.008128));
#13758=CARTESIAN_POINT('',(0.015748,-0.0120142,0.0157353));
#13759=CARTESIAN_POINT('',(0.015748,-0.0120142,0.0121285));
#13760=CARTESIAN_POINT('',(0.015748,-0.0120142,0.0121285));
#13761=CARTESIAN_POINT('',(0.015748,-0.0090424,0.0121285));
#13762=CARTESIAN_POINT('',(0.015748,-0.0090424,0.0121285));
#13763=CARTESIAN_POINT('',(0.015748,-0.0090424,0.002286));
#13764=CARTESIAN_POINT('',(0.015748,-0.0217932,0.002286));
#13765=CARTESIAN_POINT('',(0.015748,-0.0120142,0.002286));
#13766=CARTESIAN_POINT('',(0.015748,-0.0120142,0.000397078559105));
#13767=CARTESIAN_POINT('',(-0.0272034,-0.0090424,0.002286));
#13768=CARTESIAN_POINT('',(0.0034544,-0.0090424,0.002286));
#13769=CARTESIAN_POINT('',(0.0034544,-0.0090424,0.002286));
#13770=CARTESIAN_POINT('',(0.0034544,-0.0120142,0.002286));
#13771=CARTESIAN_POINT('',(-0.0118745,-0.0120142,0.002286));
#13772=CARTESIAN_POINT('',(-0.039497,-0.0090424,0.002286));
#13773=CARTESIAN_POINT('',(0.0034544,-0.0090424,0.002286));
#13774=CARTESIAN_POINT('',(0.0034544,-0.0090424,0.003048));
#13775=CARTESIAN_POINT('',(0.0034544,-0.0090424,0.003048));
#13776=CARTESIAN_POINT('',(0.0034544,-0.0120142,0.003048));
#13777=CARTESIAN_POINT('',(0.0034544,-0.0120142,0.002286));
#13778=CARTESIAN_POINT('',(0.0034544,-0.0090424,0.002286));
#13779=CARTESIAN_POINT('',(0.0034544,-0.0090424,0.003048));
#13780=CARTESIAN_POINT('',(-0.0272034,-0.0090424,0.003048));
#13781=CARTESIAN_POINT('',(-0.0272034,-0.0090424,0.003048));
#13782=CARTESIAN_POINT('',(-0.0272034,-0.0120142,0.003048));
#13783=CARTESIAN_POINT('',(0.0034544,-0.0120142,0.003048));
#13784=CARTESIAN_POINT('',(0.0034544,-0.0090424,0.003048));
#13785=CARTESIAN_POINT('',(-0.0272034,-0.0090424,0.003048));
#13786=CARTESIAN_POINT('',(-0.0272034,-0.0090424,0.002286));
#13787=CARTESIAN_POINT('',(-0.0272034,-0.0090424,0.002286));
#13788=CARTESIAN_POINT('',(-0.0272034,-0.0120142,0.002286));
#13789=CARTESIAN_POINT('',(-0.0272034,-0.0120142,0.003048));
#13790=CARTESIAN_POINT('',(-0.0272034,-0.0090424,0.003048));
#13791=CARTESIAN_POINT('',(-0.0272034,-0.0090424,0.002286));
#13792=CARTESIAN_POINT('',(-0.0272034,-0.0120142,0.002286));
#13793=CARTESIAN_POINT('',(-0.0272034,-0.0090424,0.002286));
#13794=CARTESIAN_POINT('',(-0.039497,-0.0090424,0.0121285));
#13795=CARTESIAN_POINT('',(-0.039497,-0.0090424,0.0121285));
#13796=CARTESIAN_POINT('',(0.0141097,-0.0090424,0.0121285));
#13797=CARTESIAN_POINT('',(-0.0326771,-0.0090424,0.0121285));
#13798=CARTESIAN_POINT('',(-0.0326771,-0.0090424,0.0121285));
#13799=CARTESIAN_POINT('',(-0.0326771,-0.0090424,0.0121285));
#13800=CARTESIAN_POINT('',(-0.0326771,-0.0090424,0.0081534));
#13801=CARTESIAN_POINT('',(-0.0352679,-0.0090424,0.0081534));
#13802=CARTESIAN_POINT('',(-0.039497,-0.0090424,0.0121285));
#13803=CARTESIAN_POINT('',(-0.0352679,-0.0075184,0.0081534));
#13804=CARTESIAN_POINT('',(-0.0326771,-0.0075184,0.0081534));
#13805=CARTESIAN_POINT('',(-0.0326771,-0.0075184,0.0081534));
#13806=CARTESIAN_POINT('',(-0.0352679,-0.0075184,0.0081534));
#13807=CARTESIAN_POINT('',(-0.039497,-0.0075184,0.003048));
#13808=CARTESIAN_POINT('',(-0.0326771,-0.0075184,0.003048));
#13809=CARTESIAN_POINT('',(-0.0326771,-0.0075184,0.013208));
#13810=CARTESIAN_POINT('',(-0.0326771,-0.0090424,0.013208));
#13811=CARTESIAN_POINT('',(-0.039497,-0.0090424,0.0121285));
#13812=CARTESIAN_POINT('',(0.0141097,-0.0090424,0.0121285));
#13813=CARTESIAN_POINT('',(-0.039497,-0.0090424,0.0121285));
#13814=CARTESIAN_POINT('',(-0.0326771,-0.0090424,0.0121285));
#13815=CARTESIAN_POINT('',(-0.039497,-0.0120142,0.0121285));
#13816=CARTESIAN_POINT('',(0.01349925057663,-0.0120142,0.0121285));
#13817=CARTESIAN_POINT('',(0.01349925057663,-0.0120142,0.0121285));
#13818=CARTESIAN_POINT('',(0.01349925057663,-0.0120142,0.0121285));
#13819=CARTESIAN_POINT('',(0.01349925057663,-0.0092456,0.0121285));
#13820=CARTESIAN_POINT('',(0.01349925057663,-0.0092456,0.0121285));
#13821=CARTESIAN_POINT('',(-0.03724825057663,-0.0092456,0.0121285));
#13822=CARTESIAN_POINT('',(-0.03724825057663,-0.0120142,0.0121285));
#13823=CARTESIAN_POINT('',(-0.03724825057663,-0.0120142,0.0121285));
#13824=CARTESIAN_POINT('',(-0.039497,-0.0120142,0.0121285));
#13825=CARTESIAN_POINT('',(0.01349925057663,-0.0120142,0.0121285));
#13826=CARTESIAN_POINT('',(0.01450932528832,-0.0120142,0.011118425288316));
#13827=CARTESIAN_POINT('',(0.01450932528832,-0.0120142,0.011118425288316));
#13828=CARTESIAN_POINT('',(0.01450932528832,-0.0092456,0.011118425288316));
#13829=CARTESIAN_POINT('',(0.01349925057663,-0.0092456,0.0121285));
#13830=CARTESIAN_POINT('',(0.01349925057663,-0.0120142,0.0121285));
#13831=CARTESIAN_POINT('',(0.0115189,-0.0120142,0.008128));
#13832=CARTESIAN_POINT('',(0.01450932528832,-0.0120142,0.005137574711684));
#13833=CARTESIAN_POINT('',(0.01450932528832,-0.0120142,0.005137574711684));
#13834=CARTESIAN_POINT('',(0.01450932528832,-0.0092456,0.005137574711684));
#13835=CARTESIAN_POINT('',(0.0115189,-0.0092456,0.008128));
#13836=CARTESIAN_POINT('',(0.0115189,-0.0120142,0.008128));
#13837=CARTESIAN_POINT('',(0.01450932528832,-0.0120142,0.005137574711684));
#13838=CARTESIAN_POINT('',(0.01349925057663,-0.0120142,0.0041275));
#13839=CARTESIAN_POINT('',(0.01349925057663,-0.0120142,0.0041275));
#13840=CARTESIAN_POINT('',(0.01349925057663,-0.0092456,0.0041275));
#13841=CARTESIAN_POINT('',(0.01450932528832,-0.0092456,0.005137574711684));
#13842=CARTESIAN_POINT('',(0.01450932528832,-0.0120142,0.005137574711684));
#13843=CARTESIAN_POINT('',(0.01349925057663,-0.0120142,0.0041275));
#13844=CARTESIAN_POINT('',(0.01349925057663,-0.0092456,0.0041275));
#13845=CARTESIAN_POINT('',(0.01349925057663,-0.0120142,0.0041275));
#13846=CARTESIAN_POINT('',(-0.0118745,-0.0120142,0.008128));
#13847=CARTESIAN_POINT('',(-0.0118745,-0.0120142,0.008128));
#13848=CARTESIAN_POINT('',(-0.03825832528832,-0.0120142,0.011118425288316));
#13849=CARTESIAN_POINT('',(-0.03825832528832,-0.0120142,0.011118425288316));
#13850=CARTESIAN_POINT('',(-0.03825832528832,-0.0092456,0.011118425288316));
#13851=CARTESIAN_POINT('',(0.0115189,-0.0120142,0.008128));
#13852=CARTESIAN_POINT('',(0.0115189,-0.0092456,0.008128));
#13853=CARTESIAN_POINT('',(0.0100965,-0.0092456,0.008128));
#13854=CARTESIAN_POINT('',(0.0115189,-0.0120142,0.008128));
#13855=CARTESIAN_POINT('',(0.0129413,-0.0120142,0.008128));
#13856=CARTESIAN_POINT('',(-0.0118745,-0.0092456,0.008128));
#13857=CARTESIAN_POINT('',(-0.0352679,-0.0092456,0.008128));
#13858=CARTESIAN_POINT('',(-0.0338455,-0.0092456,0.008128));
#13859=CARTESIAN_POINT('',(-0.0352679,-0.0120142,0.008128));
#13860=CARTESIAN_POINT('',(-0.0352679,-0.0120142,0.008128));
#13861=CARTESIAN_POINT('',(-0.0338455,-0.0120142,0.008128));
#13862=CARTESIAN_POINT('',(-0.0118745,-0.0120142,0.008128));
#13863=CARTESIAN_POINT('',(-0.0118745,-0.0120142,0.008128));
#13864=CARTESIAN_POINT('',(0.0115189,-0.0120142,0.008128));
#13865=CARTESIAN_POINT('',(0.0140589,-0.0120142,0.008128));
#13866=CARTESIAN_POINT('',(0.0115189,-0.0120142,0.008128));
#13867=CARTESIAN_POINT('',(0.0115189,-0.0140462,0.008128));
#13868=CARTESIAN_POINT('',(0.0089789,-0.0140462,0.008128));
#13869=CARTESIAN_POINT('',(-0.0118745,-0.0140462,0.008128));
#13870=CARTESIAN_POINT('',(-0.0118745,-0.0140462,0.008128));
#13871=CARTESIAN_POINT('',(-0.0262001,-0.0140462,0.0103124));
#13872=CARTESIAN_POINT('',(-0.0262001,-0.0217932,0.0103124));
#13873=CARTESIAN_POINT('',(-0.0262001,-0.0217932,0.0103124));
#13874=CARTESIAN_POINT('',(-0.0118745,-0.0217932,0.008128));
#13875=CARTESIAN_POINT('',(-0.0118745,-0.0217932,0.008128));
#13876=MECHANICAL_DESIGN_GEOMETRIC_PRESENTATION_REPRESENTATION('',(#7375,
#6648,#6649,#6650,#6651,#6652,#6653,#6654,#6655,#6656,#6657,#6658,#6659,
#6660,#6661,#6662,#6663,#6664,#6665,#6666,#6667,#6668,#6669,#6670,#6671,
#6672,#6673,#6674,#6675,#6676,#6677,#6678,#6679,#6680,#6681,#6682,#6683,
#6684,#6685,#6686,#6687,#6688,#6689,#6690,#6691,#6692,#6693,#6694,#6695,
#6696,#6697,#6698,#6699,#6700,#6701,#6702,#6703,#6704,#6705,#6706,#6707,
#6708,#6709,#6710,#6711,#6712,#6713,#6714,#6715,#6716,#6717,#6718,#6719,
#6720,#6721,#6722,#6723,#6724,#6725,#6726,#6727,#6728,#6729,#6730,#6731,
#6732,#6733,#6734,#6735,#6736,#6737,#6738,#6739,#6740,#6741,#6742,#6743,
#6744,#6745,#6746,#6747,#6748,#6749,#6750,#6751,#6752,#6753,#6754,#6755,
#6756,#6757,#6758,#6759,#6760,#6761,#6762,#6763,#6764,#6765,#6766,#6767,
#6768,#6769,#6770,#6771,#6772,#6773,#6774,#6775,#6776,#6777,#6778,#6779,
#6780,#6781,#6782,#6783,#6784,#6785,#6786,#6787,#6788,#6789,#6790,#6791,
#6792,#6793,#6794,#6795,#6796,#6797,#6798,#6799,#6800,#6801,#6802,#6803,
#6804,#6805,#6806,#6807,#6808,#6809,#6810,#6811,#6812,#6813,#6814,#6815,
#6816,#6817,#6818,#6819,#6820,#6821,#6822,#6823,#6824,#6825,#6826,#6827,
#6828,#6829,#6830,#6831,#6832,#6833,#6834,#6835,#6836,#6837,#6838,#6839,
#6840,#6841,#6842,#6843,#6844,#6845,#6846,#6847,#6848,#6849,#6850,#6851,
#6852,#6853,#6854,#6855,#6856,#6857,#6858,#6859,#6860,#6861,#6862,#6863,
#6864,#6865,#6866,#6867,#6868,#6869,#6870,#6871,#6872,#6873,#6874,#6875,
#6876,#6877,#6878,#6879,#6880,#6881,#6882,#6883,#6884,#6885,#6886,#6887,
#6888,#6889,#6890,#6891,#6892,#6893,#6894,#6895,#6896,#6897,#6898,#6899,
#6900,#6901,#6902,#6903,#6904,#6905,#6906,#6907,#6908,#6909,#6910,#6911,
#6912,#6913,#6914,#6915,#6916,#6917,#6918,#6919,#6920,#6921,#6922,#6923,
#6924,#6925,#6926,#6927,#6928,#6929,#6930,#6931,#6932,#6933,#6934,#6935,
#6936,#6937,#6938,#6939,#6940,#6941,#6942,#6943,#6944,#6945,#6946,#6947,
#6948,#6949,#6950,#6951,#6952,#6953,#6954,#6955,#6956,#6957,#6958,#6959,
#6960,#6961,#6962,#6963,#6964,#6965,#6966,#6967,#6968,#6969,#6970,#6971,
#6972,#6973,#6974,#6975,#6976,#6977,#6978,#6979,#6980,#6981,#6982,#6983,
#6984,#6985,#6986,#6987,#6988,#6989,#6990,#6991,#6992,#6993),#13877);
#13877=(
GEOMETRIC_REPRESENTATION_CONTEXT(3)
GLOBAL_UNCERTAINTY_ASSIGNED_CONTEXT((#13878))
GLOBAL_UNIT_ASSIGNED_CONTEXT((#13881,#13880,#13879))
REPRESENTATION_CONTEXT('C-5554923-2','TOP_LEVEL_ASSEMBLY_PART')
);
#13878=UNCERTAINTY_MEASURE_WITH_UNIT(LENGTH_MEASURE(2.E-5),#13881,
'DISTANCE_ACCURACY_VALUE','Maximum Tolerance applied to model');
#13879=(
NAMED_UNIT(*)
SI_UNIT($,.STERADIAN.)
SOLID_ANGLE_UNIT()
);
#13880=(
NAMED_UNIT(*)
PLANE_ANGLE_UNIT()
SI_UNIT($,.RADIAN.)
);
#13881=(
LENGTH_UNIT()
NAMED_UNIT(*)
SI_UNIT($,.METRE.)
);
#13882=PRODUCT_DEFINITION_SHAPE('','',#13883);
#13883=PRODUCT_DEFINITION('','',#13885,#13884);
#13884=PRODUCT_DEFINITION_CONTEXT('',#13891,'design');
#13885=PRODUCT_DEFINITION_FORMATION_WITH_SPECIFIED_SOURCE('','',#13887,
 .NOT_KNOWN.);
#13886=PRODUCT_RELATED_PRODUCT_CATEGORY('','',(#13887));
#13887=PRODUCT('C-5554923-2','C-5554923-2','C-5554923-2',(#13889));
#13888=PRODUCT_CATEGORY('','');
#13889=PRODUCT_CONTEXT('',#13891,'mechanical');
#13890=APPLICATION_PROTOCOL_DEFINITION('international standard',
'ap242_managed_model_based_3d_engineering',2011,#13891);
#13891=APPLICATION_CONTEXT('managed model based 3d engineering');
ENDSEC;
END-ISO-10303-21;
