ISO-10303-21;
HEADER;
FILE_DESCRIPTION (( 'STEP AP214' ),
    '1' );
FILE_NAME ('5710122F.STEP',
    '2024-08-25T16:52:29',
    ( 'Mobilap' ),
    ( '' ),
    'SwSTEP 2.0',
    'SolidWorks 2018',
    '' );
FILE_SCHEMA (( 'AUTOMOTIVE_DESIGN' ));
ENDSEC;

DATA;
#1 = CIRCLE ( 'NONE', #1702, 0.09999999999999985290 ) ;
#2 = ORIENTED_EDGE ( 'NONE', *, *, #1621, .F. ) ;
#3 = CARTESIAN_POINT ( 'NONE',  ( 1.181506849315069996, -6.949999999999999289, -0.2509914912968279621 ) ) ;
#4 = ORIENTED_EDGE ( 'NONE', *, *, #2015, .F. ) ;
#5 = CARTESIAN_POINT ( 'NONE',  ( 0.8599999999999999867, -6.850000000000000533, -4.299999999999999822 ) ) ;
#6 = VECTOR ( 'NONE', #41, 1000.000000000000000 ) ;
#7 = ORIENTED_EDGE ( 'NONE', *, *, #1588, .T. ) ;
#8 = DIRECTION ( 'NONE',  ( 0.0000000000000000000, 1.000000000000000000, 0.0000000000000000000 ) ) ;
#9 = EDGE_CURVE ( 'NONE', #998, #1703, #1602, .T. ) ;
#10 = VECTOR ( 'NONE', #3309, 1000.000000000000000 ) ;
#11 = CARTESIAN_POINT ( 'NONE',  ( -1.149999999999999911, -6.949999999999999289, 0.4500000000000000111 ) ) ;
#12 = FILL_AREA_STYLE ('',( #1708 ) ) ;
#13 = CIRCLE ( 'NONE', #2209, 0.9000000000000000222 ) ;
#14 = CARTESIAN_POINT ( 'NONE',  ( -1.149999999999999911, -6.949999999999999289, 0.4500000000000000111 ) ) ;
#15 = DIRECTION ( 'NONE',  ( 0.0000000000000000000, -1.000000000000000000, 0.0000000000000000000 ) ) ;
#16 = LINE ( 'NONE', #281, #3303 ) ;
#17 = ADVANCED_FACE ( 'NONE', ( #3381 ), #977, .T. ) ;
#18 = LINE ( 'NONE', #1499, #1361 ) ;
#19 = CARTESIAN_POINT ( 'NONE',  ( 0.0000000000000000000, -7.209999999999999964, 2.050000000000000266 ) ) ;
#20 =( NAMED_UNIT ( * ) SI_UNIT ( $, .STERADIAN. ) SOLID_ANGLE_UNIT ( ) );
#21 = LINE ( 'NONE', #1483, #2766 ) ;
#22 = CARTESIAN_POINT ( 'NONE',  ( -1.239999999999999991, 1.770000000000000018, 2.040000000000000036 ) ) ;
#23 = VECTOR ( 'NONE', #1408, 1000.000000000000000 ) ;
#24 = ORIENTED_EDGE ( 'NONE', *, *, #60, .F. ) ;
#25 = ORIENTED_EDGE ( 'NONE', *, *, #236, .T. ) ;
#26 = CARTESIAN_POINT ( 'NONE',  ( 1.149999999999999911, -6.949999999999999289, 0.4500000000000000111 ) ) ;
#27 = AXIS2_PLACEMENT_3D ( 'NONE', #19, #30, #1865 ) ;
#28 = CLOSED_SHELL ( 'NONE', ( #2058, #567, #280, #807, #1338, #934, #2408, #2485, #3004, #1178, #1735, #298, #1860, #2759, #1896, #2636, #1166, #1614, #1713, #2962, #1690, #846, #3384, #1071, #35, #1478, #1594, #1448, #1632, #3319, #2031, #2371 ) ) ;
#29 = CARTESIAN_POINT ( 'NONE',  ( -1.239999999999999991, 1.270062719240144133, 2.040000000000000036 ) ) ;
#30 = DIRECTION ( 'NONE',  ( 0.0000000000000000000, 1.000000000000000000, 0.0000000000000000000 ) ) ;
#31 = VERTEX_POINT ( 'NONE', #3321 ) ;
#32 = EDGE_CURVE ( 'NONE', #1533, #805, #1439, .T. ) ;
#33 = VERTEX_POINT ( 'NONE', #1168 ) ;
#34 = EDGE_LOOP ( 'NONE', ( #2502, #2361, #1030, #2550 ) ) ;
#35 = ADVANCED_FACE ( 'NONE', ( #1763 ), #2049, .T. ) ;
#36 = FACE_OUTER_BOUND ( 'NONE', #2979, .T. ) ;
#37 = MECHANICAL_DESIGN_GEOMETRIC_PRESENTATION_REPRESENTATION (  '', ( #3135 ), #213 ) ;
#38 = ORIENTED_EDGE ( 'NONE', *, *, #2615, .T. ) ;
#39 = CARTESIAN_POINT ( 'NONE',  ( 1.149999999999999911, -7.049999999999999822, 0.4500000000000000111 ) ) ;
#40 = EDGE_CURVE ( 'NONE', #3328, #2961, #1684, .T. ) ;
#41 = DIRECTION ( 'NONE',  ( 0.0000000000000000000, 0.0000000000000000000, 1.000000000000000000 ) ) ;
#42 = CARTESIAN_POINT ( 'NONE',  ( 0.3339900397694209877, 2.603305470580480119, 4.299999999999999822 ) ) ;
#43 = ORIENTED_EDGE ( 'NONE', *, *, #119, .F. ) ;
#44 = DIRECTION ( 'NONE',  ( -0.3150684931506851916, 0.0000000000000000000, 0.9490689356541791577 ) ) ;
#45 = CARTESIAN_POINT ( 'NONE',  ( -1.149999999999999911, -5.479999999999999538, 3.464101615137749945 ) ) ;
#46 = ORIENTED_EDGE ( 'NONE', *, *, #1906, .F. ) ;
#47 = EDGE_CURVE ( 'NONE', #1703, #662, #1353, .T. ) ;
#48 = ORIENTED_EDGE ( 'NONE', *, *, #774, .T. ) ;
#49 = ORIENTED_EDGE ( 'NONE', *, *, #296, .F. ) ;
#50 = FACE_OUTER_BOUND ( 'NONE', #1372, .T. ) ;
#51 = PLANE ( 'NONE',  #1023 ) ;
#52 = ORIENTED_EDGE ( 'NONE', *, *, #229, .F. ) ;
#53 = EDGE_CURVE ( 'NONE', #475, #3045, #97, .T. ) ;
#54 = EDGE_CURVE ( 'NONE', #3045, #707, #893, .T. ) ;
#55 = PLANE ( 'NONE',  #237 ) ;
#56 = PLANE ( 'NONE',  #1467 ) ;
#57 = VECTOR ( 'NONE', #3460, 1000.000000000000000 ) ;
#58 = DIRECTION ( 'NONE',  ( 0.0000000000000000000, -1.000000000000000000, 0.0000000000000000000 ) ) ;
#59 = DIRECTION ( 'NONE',  ( 0.0000000000000000000, -1.000000000000000000, 0.0000000000000000000 ) ) ;
#60 = EDGE_CURVE ( 'NONE', #1780, #3041, #723, .T. ) ;
#61 = LINE ( 'NONE', #621, #2094 ) ;
#62 = CIRCLE ( 'NONE', #1004, 0.1000000000000001443 ) ;
#63 = AXIS2_PLACEMENT_3D ( 'NONE', #2205, #619, #2478 ) ;
#64 = LINE ( 'NONE', #1585, #2261 ) ;
#65 = DIRECTION ( 'NONE',  ( 0.0000000000000000000, 0.0000000000000000000, 1.000000000000000000 ) ) ;
#66 = CIRCLE ( 'NONE', #3217, 0.1000000000000002554 ) ;
#67 = DIRECTION ( 'NONE',  ( 9.984020005621900106E-18, -1.000000000000000000, -9.984020005621900106E-18 ) ) ;
#68 = VECTOR ( 'NONE', #1592, 1000.000000000000000 ) ;
#69 = DIRECTION ( 'NONE',  ( 0.0000000000000000000, 1.000000000000000000, 1.996804001124379713E-17 ) ) ;
#70 = DIRECTION ( 'NONE',  ( 0.0000000000000000000, 0.0000000000000000000, 1.000000000000000000 ) ) ;
#71 = ORIENTED_EDGE ( 'NONE', *, *, #1669, .T. ) ;
#72 = ORIENTED_EDGE ( 'NONE', *, *, #1949, .F. ) ;
#73 = AXIS2_PLACEMENT_3D ( 'NONE', #420, #2544, #2006 ) ;
#74 = AXIS2_PLACEMENT_3D ( 'NONE', #964, #2161, #2197 ) ;
#75 = ORIENTED_EDGE ( 'NONE', *, *, #3019, .T. ) ;
#76 = CARTESIAN_POINT ( 'NONE',  ( 0.2550000000000000044, 5.355000000000000426, -0.3499999999999999778 ) ) ;
#77 = CARTESIAN_POINT ( 'NONE',  ( 0.2550000000000000044, -1.794999999999999929, -7.299999999999999822 ) ) ;
#78 = ORIENTED_EDGE ( 'NONE', *, *, #1093, .F. ) ;
#79 = CARTESIAN_POINT ( 'NONE',  ( 0.0000000000000000000, -7.049999999999999822, -1.760000000000000009 ) ) ;
#80 = VERTEX_POINT ( 'NONE', #1731 ) ;
#81 = VERTEX_POINT ( 'NONE', #1235 ) ;
#82 = ORIENTED_EDGE ( 'NONE', *, *, #664, .F. ) ;
#83 = CARTESIAN_POINT ( 'NONE',  ( 0.0000000000000000000, -6.949999999999999289, -3.360000000000000320 ) ) ;
#84 = DIRECTION ( 'NONE',  ( 1.000000000000000000, 0.0000000000000000000, 0.0000000000000000000 ) ) ;
#85 = CARTESIAN_POINT ( 'NONE',  ( 0.0000000000000000000, -6.850000000000000533, 3.750000000000000000 ) ) ;
#86 = CARTESIAN_POINT ( 'NONE',  ( 1.239999999999999991, 6.850000000000000533, 4.299999999999999822 ) ) ;
#87 = DIRECTION ( 'NONE',  ( 0.0000000000000000000, -1.000000000000000000, 0.0000000000000000000 ) ) ;
#88 = UNCERTAINTY_MEASURE_WITH_UNIT (LENGTH_MEASURE( 1.000000000000000082E-05 ), #403, 'distance_accuracy_value', 'NONE');
#89 = EDGE_CURVE ( 'NONE', #3121, #930, #2134, .T. ) ;
#90 = CARTESIAN_POINT ( 'NONE',  ( 1.250000000000000000, -5.479999999999999538, 0.3499999999999999778 ) ) ;
#91 = ADVANCED_FACE ( 'NONE', ( #976 ), #1286, .T. ) ;
#92 = ORIENTED_EDGE ( 'NONE', *, *, #2081, .F. ) ;
#93 = ORIENTED_EDGE ( 'NONE', *, *, #2576, .T. ) ;
#94 = CIRCLE ( 'NONE', #435, 3.649999999999999911 ) ;
#95 = ORIENTED_EDGE ( 'NONE', *, *, #2015, .T. ) ;
#96 = AXIS2_PLACEMENT_3D ( 'NONE', #2479, #3353, #2851 ) ;
#97 = LINE ( 'NONE', #3051, #644 ) ;
#98 = CARTESIAN_POINT ( 'NONE',  ( 0.0000000000000000000, -7.049999999999999822, -3.810000000000000053 ) ) ;
#99 = CIRCLE ( 'NONE', #1864, 0.1000000000000000333 ) ;
#100 = SURFACE_STYLE_FILL_AREA ( #2578 ) ;
#101 = AXIS2_PLACEMENT_3D ( 'NONE', #3205, #1619, #15 ) ;
#102 = EDGE_CURVE ( 'NONE', #2649, #1170, #559, .T. ) ;
#103 = CARTESIAN_POINT ( 'NONE',  ( 0.2550000000000000044, -2.305000000000000160, -7.299999999999999822 ) ) ;
#104 = FACE_OUTER_BOUND ( 'NONE', #1175, .T. ) ;
#105 = SURFACE_SIDE_STYLE ('',( #1942 ) ) ;
#106 = CARTESIAN_POINT ( 'NONE',  ( 0.0000000000000000000, -5.479999999999999538, 0.3499999999999999778 ) ) ;
#107 = AXIS2_PLACEMENT_3D ( 'NONE', #2330, #1532, #2855 ) ;
#108 = VECTOR ( 'NONE', #397, 1000.000000000000000 ) ;
#109 = LINE ( 'NONE', #111, #1451 ) ;
#110 = ORIENTED_EDGE ( 'NONE', *, *, #3110, .F. ) ;
#111 = CARTESIAN_POINT ( 'NONE',  ( -0.2550000000000000044, 0.7049999999999999600, -4.299999999999999822 ) ) ;
#112 = ADVANCED_FACE ( 'NONE', ( #2757 ), #1970, .T. ) ;
#113 = EDGE_LOOP ( 'NONE', ( #1080, #3379, #656, #3076, #1149, #1866, #501, #1436 ) ) ;
#114 = ORIENTED_EDGE ( 'NONE', *, *, #3115, .T. ) ;
#115 = DIRECTION ( 'NONE',  ( -0.8108848540793813786, 0.0000000000000000000, 0.5852057359806552839 ) ) ;
#116 = ORIENTED_EDGE ( 'NONE', *, *, #3456, .T. ) ;
#117 = ORIENTED_EDGE ( 'NONE', *, *, #1093, .T. ) ;
#118 = AXIS2_PLACEMENT_3D ( 'NONE', #79, #1944, #351 ) ;
#119 = EDGE_CURVE ( 'NONE', #3316, #2067, #3096, .T. ) ;
#120 = EDGE_CURVE ( 'NONE', #1225, #534, #2593, .T. ) ;
#121 = VERTEX_POINT ( 'NONE', #691 ) ;
#122 = AXIS2_PLACEMENT_3D ( 'NONE', #2093, #2890, #2939 ) ;
#123 = ORIENTED_EDGE ( 'NONE', *, *, #1977, .F. ) ;
#124 = CARTESIAN_POINT ( 'NONE',  ( 1.149999999999999911, -6.949999999999999289, 0.4500000000000000111 ) ) ;
#125 = EDGE_LOOP ( 'NONE', ( #1205, #2283, #2032, #622 ) ) ;
#126 = EDGE_CURVE ( 'NONE', #2859, #805, #2515, .T. ) ;
#127 = DIRECTION ( 'NONE',  ( 0.0000000000000000000, 0.0000000000000000000, -1.000000000000000000 ) ) ;
#128 = ADVANCED_FACE ( 'NONE', ( #308 ), #1184, .F. ) ;
#129 = DIRECTION ( 'NONE',  ( 0.0000000000000000000, -1.000000000000000000, 0.0000000000000000000 ) ) ;
#130 = DIRECTION ( 'NONE',  ( 0.7071067811865467956, -6.776263578034402713E-16, -0.7071067811865482389 ) ) ;
#131 = SURFACE_SIDE_STYLE ('',( #144 ) ) ;
#132 = ORIENTED_EDGE ( 'NONE', *, *, #1720, .T. ) ;
#133 = CIRCLE ( 'NONE', #1268, 0.1000000000000000472 ) ;
#134 = VERTEX_POINT ( 'NONE', #1716 ) ;
#135 = CARTESIAN_POINT ( 'NONE',  ( -1.220710678118654746, -7.020710678118654791, 0.4500000000000000111 ) ) ;
#136 = CYLINDRICAL_SURFACE ( 'NONE', #545, 0.4999372807598558843 ) ;
#137 = CARTESIAN_POINT ( 'NONE',  ( 1.239999999999999991, -6.850000000000000533, -4.299999999999999822 ) ) ;
#138 = CARTESIAN_POINT ( 'NONE',  ( 1.220710678118654746, -7.020710678118654791, 3.464101615137749501 ) ) ;
#139 = AXIS2_PLACEMENT_3D ( 'NONE', #2210, #1648, #331 ) ;
#140 = LINE ( 'NONE', #2763, #2878 ) ;
#141 = LINE ( 'NONE', #2626, #1407 ) ;
#142 = PLANE ( 'NONE',  #3091 ) ;
#143 = VECTOR ( 'NONE', #1040, 1000.000000000000000 ) ;
#144 = SURFACE_STYLE_FILL_AREA ( #1729 ) ;
#145 = VECTOR ( 'NONE', #2960, 1000.000000000000000 ) ;
#146 = ORIENTED_EDGE ( 'NONE', *, *, #1663, .T. ) ;
#147 = LINE ( 'NONE', #1043, #2888 ) ;
#148 = CARTESIAN_POINT ( 'NONE',  ( 0.0000000000000000000, -7.049999999999999822, -3.459999999999999964 ) ) ;
#149 = CARTESIAN_POINT ( 'NONE',  ( -0.8599999999999999867, 6.850000000000000533, -3.919999999999999929 ) ) ;
#150 = LINE ( 'NONE', #865, #248 ) ;
#151 = CARTESIAN_POINT ( 'NONE',  ( -1.239999999999999991, -2.810000000000000053, -1.760000000000000009 ) ) ;
#152 = ORIENTED_EDGE ( 'NONE', *, *, #1554, .T. ) ;
#153 = EDGE_CURVE ( 'NONE', #2832, #1350, #3133, .T. ) ;
#154 = ORIENTED_EDGE ( 'NONE', *, *, #1074, .T. ) ;
#155 = CARTESIAN_POINT ( 'NONE',  ( 0.0000000000000000000, 5.355000000000000426, -0.3499999999999999778 ) ) ;
#156 = ORIENTED_EDGE ( 'NONE', *, *, #1475, .F. ) ;
#157 = LINE ( 'NONE', #1607, #456 ) ;
#158 = ORIENTED_EDGE ( 'NONE', *, *, #2546, .F. ) ;
#159 = EDGE_CURVE ( 'NONE', #1459, #707, #1019, .T. ) ;
#160 = DIRECTION ( 'NONE',  ( 0.0000000000000000000, -1.000000000000000000, 0.0000000000000000000 ) ) ;
#161 = DIRECTION ( 'NONE',  ( 0.0000000000000000000, -1.000000000000000000, 0.0000000000000000000 ) ) ;
#162 = ORIENTED_EDGE ( 'NONE', *, *, #1311, .T. ) ;
#163 = AXIS2_PLACEMENT_3D ( 'NONE', #2922, #1345, #3193 ) ;
#164 = EDGE_CURVE ( 'NONE', #1825, #1038, #1897, .T. ) ;
#165 = EDGE_CURVE ( 'NONE', #662, #2754, #3300, .T. ) ;
#166 = ORIENTED_EDGE ( 'NONE', *, *, #485, .F. ) ;
#167 = CARTESIAN_POINT ( 'NONE',  ( -1.149999999999999911, -5.479999999999999538, -3.459999999999999964 ) ) ;
#168 = ORIENTED_EDGE ( 'NONE', *, *, #1301, .T. ) ;
#169 = CARTESIAN_POINT ( 'NONE',  ( 0.0000000000000000000, 1.770000000000000018, 2.040000000000000036 ) ) ;
#170 = DIRECTION ( 'NONE',  ( 0.0000000000000000000, 0.0000000000000000000, 1.000000000000000000 ) ) ;
#171 = ADVANCED_FACE ( 'NONE', ( #390 ), #1277, .T. ) ;
#172 = AXIS2_PLACEMENT_3D ( 'NONE', #1503, #3351, #1764 ) ;
#173 = VERTEX_POINT ( 'NONE', #3172 ) ;
#174 = EDGE_CURVE ( 'NONE', #1124, #3450, #1103, .T. ) ;
#175 = DIRECTION ( 'NONE',  ( 0.7071067811865484609, 9.147955830346443662E-16, -0.7071067811865465735 ) ) ;
#176 = EDGE_LOOP ( 'NONE', ( #1041, #388, #3281, #3077 ) ) ;
#177 = DIRECTION ( 'NONE',  ( 0.0000000000000000000, 1.000000000000000000, 0.0000000000000000000 ) ) ;
#178 = ORIENTED_EDGE ( 'NONE', *, *, #1131, .T. ) ;
#179 = FACE_OUTER_BOUND ( 'NONE', #3375, .T. ) ;
#180 = EDGE_LOOP ( 'NONE', ( #2179, #339, #3192, #2168 ) ) ;
#181 = CARTESIAN_POINT ( 'NONE',  ( -1.149999999999999911, -6.949999999999999289, 0.4500000000000000111 ) ) ;
#182 = DIRECTION ( 'NONE',  ( 0.0000000000000000000, 1.000000000000000000, 0.0000000000000000000 ) ) ;
#183 =( NAMED_UNIT ( * ) SI_UNIT ( $, .STERADIAN. ) SOLID_ANGLE_UNIT ( ) );
#184 = CARTESIAN_POINT ( 'NONE',  ( 0.0000000000000000000, 0.7049999999999999600, -7.299999999999999822 ) ) ;
#185 = FACE_OUTER_BOUND ( 'NONE', #2335, .T. ) ;
#186 = LINE ( 'NONE', #784, #233 ) ;
#187 = CARTESIAN_POINT ( 'NONE',  ( -1.239999999999999991, 1.770000000000000018, 2.040000000000000036 ) ) ;
#188 = STYLED_ITEM ( 'NONE', ( #3427 ), #1889 ) ;
#189 = CARTESIAN_POINT ( 'NONE',  ( 0.2550000000000000044, 5.195000000000000284, -4.299999999999999822 ) ) ;
#190 = EDGE_CURVE ( 'NONE', #2735, #3125, #562, .T. ) ;
#191 = LINE ( 'NONE', #137, #814 ) ;
#192 = DIRECTION ( 'NONE',  ( 0.0000000000000000000, 0.0000000000000000000, 1.000000000000000000 ) ) ;
#193 = AXIS2_PLACEMENT_3D ( 'NONE', #3240, #1890, #1903 ) ;
#194 = LINE ( 'NONE', #1709, #108 ) ;
#195 = LINE ( 'NONE', #1433, #2227 ) ;
#196 = EDGE_CURVE ( 'NONE', #470, #1375, #1809, .T. ) ;
#197 = DIRECTION ( 'NONE',  ( 1.000000000000000000, 0.0000000000000000000, 0.0000000000000000000 ) ) ;
#198 = ADVANCED_FACE ( 'NONE', ( #1640 ), #2427, .T. ) ;
#199 = CARTESIAN_POINT ( 'NONE',  ( 1.149999999999999911, -6.949999999999999289, -0.3458983848622460000 ) ) ;
#200 = VERTEX_POINT ( 'NONE', #2624 ) ;
#201 = ORIENTED_EDGE ( 'NONE', *, *, #1230, .F. ) ;
#202 = DIRECTION ( 'NONE',  ( 1.000000000000000000, 0.0000000000000000000, 0.0000000000000000000 ) ) ;
#203 = VERTEX_POINT ( 'NONE', #1853 ) ;
#204 = EDGE_LOOP ( 'NONE', ( #1054, #325, #3455 ) ) ;
#205 = DIRECTION ( 'NONE',  ( 0.0000000000000000000, -1.000000000000000000, 0.0000000000000000000 ) ) ;
#206 = AXIS2_PLACEMENT_3D ( 'NONE', #1072, #2151, #287 ) ;
#207 = ORIENTED_EDGE ( 'NONE', *, *, #1839, .T. ) ;
#208 = CARTESIAN_POINT ( 'NONE',  ( 0.0000000000000000000, -7.049999999999999822, 3.750000000000000000 ) ) ;
#209 = CARTESIAN_POINT ( 'NONE',  ( -1.149999999999999911, -7.049999999999999822, -0.3458983848622460000 ) ) ;
#210 = EDGE_CURVE ( 'NONE', #2734, #1535, #1398, .T. ) ;
#211 = DIRECTION ( 'NONE',  ( 1.000000000000000000, 0.0000000000000000000, 0.0000000000000000000 ) ) ;
#212 = FILL_AREA_STYLE_COLOUR ( '', #2290 ) ;
#213 =( GEOMETRIC_REPRESENTATION_CONTEXT ( 3 ) GLOBAL_UNCERTAINTY_ASSIGNED_CONTEXT ( ( #1316 ) ) GLOBAL_UNIT_ASSIGNED_CONTEXT ( ( #1262, #3117, #1524 ) ) REPRESENTATION_CONTEXT ( 'NONE', 'WORKASPACE' ) );
#214 = VECTOR ( 'NONE', #69, 1000.000000000000000 ) ;
#215 = CARTESIAN_POINT ( 'NONE',  ( -1.149999999999999911, -6.949999999999999289, -3.360000000000000320 ) ) ;
#216 = DIRECTION ( 'NONE',  ( 1.000000000000000000, 0.0000000000000000000, 0.0000000000000000000 ) ) ;
#217 = CARTESIAN_POINT ( 'NONE',  ( 0.2550000000000000044, 5.602487373415292460, -0.1025126265847087909 ) ) ;
#218 = VERTEX_POINT ( 'NONE', #3441 ) ;
#219 = EDGE_CURVE ( 'NONE', #1165, #917, #1, .T. ) ;
#220 = PLANE ( 'NONE',  #2030 ) ;
#221 = LINE ( 'NONE', #1066, #57 ) ;
#222 = SPHERICAL_SURFACE ( 'NONE', #107, 0.1000000000000000056 ) ;
#223 = CIRCLE ( 'NONE', #2545, 0.1000000000000000472 ) ;
#224 = CIRCLE ( 'NONE', #1496, 0.1000000000000000611 ) ;
#225 = CARTESIAN_POINT ( 'NONE',  ( 1.102182119232617788E-16, -7.259999999999999787, -2.660000000000000142 ) ) ;
#226 = AXIS2_PLACEMENT_3D ( 'NONE', #2808, #160, #2019 ) ;
#227 = DIRECTION ( 'NONE',  ( 0.0000000000000000000, 0.0000000000000000000, -1.000000000000000000 ) ) ;
#228 = EDGE_CURVE ( 'NONE', #2124, #2618, #1144, .T. ) ;
#229 = EDGE_CURVE ( 'NONE', #2832, #33, #1472, .T. ) ;
#230 = VECTOR ( 'NONE', #1112, 1000.000000000000000 ) ;
#231 = DIRECTION ( 'NONE',  ( 0.3150684931506829156, 0.0000000000000000000, 0.9490689356541799349 ) ) ;
#232 = ORIENTED_EDGE ( 'NONE', *, *, #3267, .T. ) ;
#233 = VECTOR ( 'NONE', #2892, 1000.000000000000000 ) ;
#234 = ORIENTED_EDGE ( 'NONE', *, *, #89, .T. ) ;
#235 = ORIENTED_EDGE ( 'NONE', *, *, #2681, .F. ) ;
#236 = EDGE_CURVE ( 'NONE', #892, #2114, #1009, .T. ) ;
#237 = AXIS2_PLACEMENT_3D ( 'NONE', #862, #2714, #1134 ) ;
#238 = CYLINDRICAL_SURFACE ( 'NONE', #748, 0.1000000000000001443 ) ;
#239 = ORIENTED_EDGE ( 'NONE', *, *, #2616, .T. ) ;
#240 = UNCERTAINTY_MEASURE_WITH_UNIT (LENGTH_MEASURE( 1.000000000000000082E-05 ), #690, 'distance_accuracy_value', 'NONE');
#241 =( LENGTH_UNIT ( ) NAMED_UNIT ( * ) SI_UNIT ( .MILLI., .METRE. ) );
#242 = ORIENTED_EDGE ( 'NONE', *, *, #2398, .T. ) ;
#243 = CARTESIAN_POINT ( 'NONE',  ( -1.149999999999999911, -6.657500000000000639, 0.3499999999999999778 ) ) ;
#244 = DIRECTION ( 'NONE',  ( 0.0000000000000000000, -1.000000000000000000, 0.0000000000000000000 ) ) ;
#245 = ADVANCED_FACE ( 'NONE', ( #3420 ), #793, .T. ) ;
#246 = ORIENTED_EDGE ( 'NONE', *, *, #485, .T. ) ;
#247 = AXIS2_PLACEMENT_3D ( 'NONE', #711, #2570, #984 ) ;
#248 = VECTOR ( 'NONE', #2453, 1000.000000000000000 ) ;
#249 = AXIS2_PLACEMENT_3D ( 'NONE', #1964, #1409, #1665 ) ;
#250 = ORIENTED_EDGE ( 'NONE', *, *, #2963, .F. ) ;
#251 = DIRECTION ( 'NONE',  ( -1.000000000000000000, 0.0000000000000000000, 0.0000000000000000000 ) ) ;
#252 = PRESENTATION_STYLE_ASSIGNMENT (( #2345 ) ) ;
#253 = CARTESIAN_POINT ( 'NONE',  ( 1.250000000000000000, -5.479999999999999538, -3.459999999999999964 ) ) ;
#254 = VERTEX_POINT ( 'NONE', #2077 ) ;
#255 = EDGE_LOOP ( 'NONE', ( #1212, #376, #2229, #1883 ) ) ;
#256 = VECTOR ( 'NONE', #851, 1000.000000000000000 ) ;
#257 = ORIENTED_EDGE ( 'NONE', *, *, #3439, .F. ) ;
#258 = ADVANCED_FACE ( 'NONE', ( #1679 ), #801, .T. ) ;
#259 = DIRECTION ( 'NONE',  ( -1.000000000000000000, 0.0000000000000000000, 0.0000000000000000000 ) ) ;
#260 = FACE_OUTER_BOUND ( 'NONE', #1042, .T. ) ;
#261 = DIRECTION ( 'NONE',  ( -1.000000000000000000, 0.0000000000000000000, 0.0000000000000000000 ) ) ;
#262 = DIRECTION ( 'NONE',  ( 0.0000000000000000000, -1.000000000000000000, 0.0000000000000000000 ) ) ;
#263 = CARTESIAN_POINT ( 'NONE',  ( 1.149999999999999911, -6.949999999999999289, 2.899999999999999911 ) ) ;
#264 = CARTESIAN_POINT ( 'NONE',  ( 0.0000000000000000000, 0.1950000000000000067, -7.299999999999999822 ) ) ;
#265 = DIRECTION ( 'NONE',  ( 0.0000000000000000000, -1.000000000000000000, 0.0000000000000000000 ) ) ;
#266 = EDGE_CURVE ( 'NONE', #516, #928, #384, .T. ) ;
#267 = VECTOR ( 'NONE', #2684, 1000.000000000000000 ) ;
#268 = CIRCLE ( 'NONE', #888, 0.1000000000000002554 ) ;
#269 = FACE_OUTER_BOUND ( 'NONE', #2821, .T. ) ;
#270 = SPHERICAL_SURFACE ( 'NONE', #2260, 1.000000000000000000 ) ;
#271 = CARTESIAN_POINT ( 'NONE',  ( 0.2550000000000000044, 2.694999999999999840, -4.299999999999999822 ) ) ;
#272 = AXIS2_PLACEMENT_3D ( 'NONE', #382, #3088, #170 ) ;
#273 = DIRECTION ( 'NONE',  ( -1.000000000000000000, 0.0000000000000000000, 0.0000000000000000000 ) ) ;
#274 = CARTESIAN_POINT ( 'NONE',  ( -1.149999999999999911, -6.949999999999999289, -0.9100000000000000311 ) ) ;
#275 = ORIENTED_EDGE ( 'NONE', *, *, #838, .F. ) ;
#276 = CARTESIAN_POINT ( 'NONE',  ( -1.250000000000000000, -6.949999999999999289, -0.3458983848622450008 ) ) ;
#277 = EDGE_CURVE ( 'NONE', #1744, #762, #2245, .T. ) ;
#278 = DIRECTION ( 'NONE',  ( 1.000000000000000000, 0.0000000000000000000, 0.0000000000000000000 ) ) ;
#279 = ORIENTED_EDGE ( 'NONE', *, *, #3219, .F. ) ;
#280 = ADVANCED_FACE ( 'NONE', ( #1434 ), #2900, .T. ) ;
#281 = CARTESIAN_POINT ( 'NONE',  ( 0.8599999999999999867, 6.850000000000000533, -3.919999999999999929 ) ) ;
#282 = VERTEX_POINT ( 'NONE', #2135 ) ;
#283 = DIRECTION ( 'NONE',  ( 0.0000000000000000000, 1.000000000000000000, 0.0000000000000000000 ) ) ;
#284 = AXIS2_PLACEMENT_3D ( 'NONE', #497, #2351, #759 ) ;
#285 = ORIENTED_EDGE ( 'NONE', *, *, #277, .F. ) ;
#286 = DIRECTION ( 'NONE',  ( -1.000000000000000000, 0.0000000000000000000, 0.0000000000000000000 ) ) ;
#287 = DIRECTION ( 'NONE',  ( 0.0000000000000000000, 0.0000000000000000000, -1.000000000000000000 ) ) ;
#288 = ORIENTED_EDGE ( 'NONE', *, *, #698, .T. ) ;
#289 = CARTESIAN_POINT ( 'NONE',  ( 0.0000000000000000000, -6.949999999999999289, 0.4500000000000000111 ) ) ;
#290 = DIRECTION ( 'NONE',  ( 0.9490689356541790467, -4.383176937948620188E-15, 0.3150684931506860242 ) ) ;
#291 = FILL_AREA_STYLE ('',( #1894 ) ) ;
#292 = VERTEX_POINT ( 'NONE', #535 ) ;
#293 = CLOSED_SHELL ( 'NONE', ( #2909, #1321, #392, #358, #902, #1354 ) ) ;
#294 = CARTESIAN_POINT ( 'NONE',  ( 0.0000000000000000000, -6.949999999999999289, 0.0000000000000000000 ) ) ;
#295 = CARTESIAN_POINT ( 'NONE',  ( 0.2550000000000000044, 5.355000000000000426, -0.3499999999999999778 ) ) ;
#296 = EDGE_CURVE ( 'NONE', #626, #2583, #3090, .T. ) ;
#297 = EDGE_CURVE ( 'NONE', #3125, #121, #2277, .T. ) ;
#298 = ADVANCED_FACE ( 'NONE', ( #1053 ), #699, .T. ) ;
#299 = CARTESIAN_POINT ( 'NONE',  ( -1.149999999999999911, -6.949999999999999289, 2.899999999999999911 ) ) ;
#300 = DIRECTION ( 'NONE',  ( 0.0000000000000000000, -1.000000000000000000, 0.0000000000000000000 ) ) ;
#301 = DIRECTION ( 'NONE',  ( -1.224646799147350002E-16, 0.0000000000000000000, 1.000000000000000000 ) ) ;
#302 = EDGE_LOOP ( 'NONE', ( #1695, #800, #1270, #2653, #667 ) ) ;
#303 = CIRCLE ( 'NONE', #549, 0.09999999999999999167 ) ;
#304 = ORIENTED_EDGE ( 'NONE', *, *, #2437, .F. ) ;
#305 = EDGE_CURVE ( 'NONE', #707, #2539, #1788, .T. ) ;
#306 = ORIENTED_EDGE ( 'NONE', *, *, #389, .F. ) ;
#307 = CARTESIAN_POINT ( 'NONE',  ( -0.2550000000000000044, 0.7049999999999999600, -7.299999999999999822 ) ) ;
#308 = FACE_OUTER_BOUND ( 'NONE', #766, .T. ) ;
#309 = CIRCLE ( 'NONE', #365, 0.1000000000000000472 ) ;
#310 = DIRECTION ( 'NONE',  ( 0.0000000000000000000, -1.000000000000000000, 0.0000000000000000000 ) ) ;
#311 = DIRECTION ( 'NONE',  ( 1.000000000000000000, 0.0000000000000000000, 0.0000000000000000000 ) ) ;
#312 = FACE_OUTER_BOUND ( 'NONE', #3189, .T. ) ;
#313 = DIRECTION ( 'NONE',  ( 0.0000000000000000000, 1.000000000000000000, 0.0000000000000000000 ) ) ;
#314 = CARTESIAN_POINT ( 'NONE',  ( 0.0000000000000000000, 0.7049999999999999600, -7.299999999999999822 ) ) ;
#315 = LINE ( 'NONE', #496, #1025 ) ;
#316 = FACE_OUTER_BOUND ( 'NONE', #255, .T. ) ;
#317 = DIRECTION ( 'NONE',  ( -0.8108848540793813786, 0.0000000000000000000, 0.5852057359806552839 ) ) ;
#318 = VERTEX_POINT ( 'NONE', #1622 ) ;
#319 = AXIS2_PLACEMENT_3D ( 'NONE', #568, #2691, #2665 ) ;
#320 = ORIENTED_EDGE ( 'NONE', *, *, #40, .F. ) ;
#321 = AXIS2_PLACEMENT_3D ( 'NONE', #3354, #2982, #1921 ) ;
#322 = VERTEX_POINT ( 'NONE', #2871 ) ;
#323 = DIRECTION ( 'NONE',  ( 1.000000000000000000, 0.0000000000000000000, 0.0000000000000000000 ) ) ;
#324 = CARTESIAN_POINT ( 'NONE',  ( 1.220710678118654746, -6.949999999999999289, -3.430710678118654933 ) ) ;
#325 = ORIENTED_EDGE ( 'NONE', *, *, #2075, .T. ) ;
#326 = EDGE_LOOP ( 'NONE', ( #2460, #1742, #889, #715 ) ) ;
#327 = CARTESIAN_POINT ( 'NONE',  ( -0.2550000000000000044, 3.205000000000000071, -5.551115123125779744E-16 ) ) ;
#328 = EDGE_LOOP ( 'NONE', ( #3320, #162, #2472, #3406 ) ) ;
#329 = CARTESIAN_POINT ( 'NONE',  ( -0.1669950198847099665, 5.206610941160949579, -2.000000000000000000 ) ) ;
#330 = UNCERTAINTY_MEASURE_WITH_UNIT (LENGTH_MEASURE( 1.000000000000000082E-05 ), #375, 'distance_accuracy_value', 'NONE');
#331 = DIRECTION ( 'NONE',  ( 1.000000000000000000, 0.0000000000000000000, 0.0000000000000000000 ) ) ;
#332 = ORIENTED_EDGE ( 'NONE', *, *, #2911, .F. ) ;
#333 = DIRECTION ( 'NONE',  ( 1.000000000000000000, 0.0000000000000000000, 1.224646799147350002E-16 ) ) ;
#334 = VERTEX_POINT ( 'NONE', #2164 ) ;
#335 = CARTESIAN_POINT ( 'NONE',  ( 0.3339900397694209877, -2.383990039769420477, -2.000000000000000000 ) ) ;
#336 = DIRECTION ( 'NONE',  ( -0.7071067811865477948, 0.0000000000000000000, -0.7071067811865472397 ) ) ;
#337 = VERTEX_POINT ( 'NONE', #2946 ) ;
#338 = CARTESIAN_POINT ( 'NONE',  ( 1.149999999999999911, -7.049999999999999822, 3.464101615137749945 ) ) ;
#339 = ORIENTED_EDGE ( 'NONE', *, *, #913, .T. ) ;
#340 = EDGE_CURVE ( 'NONE', #3450, #3214, #157, .T. ) ;
#341 = FACE_OUTER_BOUND ( 'NONE', #347, .T. ) ;
#342 = DIRECTION ( 'NONE',  ( 0.0000000000000000000, 0.7071067811865487940, 0.7071067811865462405 ) ) ;
#343 = AXIS2_PLACEMENT_3D ( 'NONE', #1855, #2895, #3174 ) ;
#344 = VERTEX_POINT ( 'NONE', #2439 ) ;
#345 = EDGE_CURVE ( 'NONE', #1389, #3360, #539, .T. ) ;
#346 = EDGE_CURVE ( 'NONE', #2786, #3029, #1875, .T. ) ;
#347 = EDGE_LOOP ( 'NONE', ( #2108, #2940, #2363, #1916 ) ) ;
#348 = LINE ( 'NONE', #381, #2130 ) ;
#349 = ORIENTED_EDGE ( 'NONE', *, *, #346, .T. ) ;
#350 = EDGE_CURVE ( 'NONE', #2214, #1339, #991, .T. ) ;
#351 = DIRECTION ( 'NONE',  ( 0.0000000000000000000, 0.0000000000000000000, 1.000000000000000000 ) ) ;
#352 = VECTOR ( 'NONE', #1256, 1000.000000000000000 ) ;
#353 = VECTOR ( 'NONE', #2025, 1000.000000000000000 ) ;
#354 = AXIS2_PLACEMENT_3D ( 'NONE', #155, #938, #682 ) ;
#355 = CIRCLE ( 'NONE', #706, 0.1000000000000000472 ) ;
#356 = DIRECTION ( 'NONE',  ( 0.0000000000000000000, -0.7071067811865474617, -0.7071067811865474617 ) ) ;
#357 = EDGE_CURVE ( 'NONE', #1375, #2070, #2357, .T. ) ;
#358 = ADVANCED_FACE ( 'NONE', ( #36 ), #2402, .T. ) ;
#359 = DIRECTION ( 'NONE',  ( 0.0000000000000000000, 0.0000000000000000000, 1.000000000000000000 ) ) ;
#360 = DIRECTION ( 'NONE',  ( 0.8108848540793827109, 0.0000000000000000000, 0.5852057359806533965 ) ) ;
#361 = SPHERICAL_SURFACE ( 'NONE', #1391, 0.1000000000000000056 ) ;
#362 = ORIENTED_EDGE ( 'NONE', *, *, #3305, .T. ) ;
#363 = VECTOR ( 'NONE', #3145, 1000.000000000000000 ) ;
#364 = VERTEX_POINT ( 'NONE', #2392 ) ;
#365 = AXIS2_PLACEMENT_3D ( 'NONE', #2126, #541, #2397 ) ;
#366 = EDGE_CURVE ( 'NONE', #364, #2935, #3203, .T. ) ;
#367 = AXIS2_PLACEMENT_3D ( 'NONE', #1642, #290, #44 ) ;
#368 = EDGE_LOOP ( 'NONE', ( #603, #585, #2238, #1126, #2863, #332 ) ) ;
#369 = CARTESIAN_POINT ( 'NONE',  ( -1.239999999999999991, -5.479999999999999538, -3.459999999999999964 ) ) ;
#370 = CARTESIAN_POINT ( 'NONE',  ( -0.2550000000000000044, 5.602487373415292460, -0.1025126265847087909 ) ) ;
#371 = DIRECTION ( 'NONE',  ( 0.7071067811865474617, 0.0000000000000000000, -0.7071067811865474617 ) ) ;
#372 = DIRECTION ( 'NONE',  ( -1.000000000000000000, 0.0000000000000000000, 0.0000000000000000000 ) ) ;
#373 = ORIENTED_EDGE ( 'NONE', *, *, #2789, .T. ) ;
#374 = EDGE_CURVE ( 'NONE', #762, #516, #1090, .T. ) ;
#375 =( LENGTH_UNIT ( ) NAMED_UNIT ( * ) SI_UNIT ( .MILLI., .METRE. ) );
#376 = ORIENTED_EDGE ( 'NONE', *, *, #3036, .T. ) ;
#377 = EDGE_LOOP ( 'NONE', ( #24, #207, #1784, #1272 ) ) ;
#378 = ADVANCED_FACE ( 'NONE', ( #1794 ), #238, .T. ) ;
#379 = CARTESIAN_POINT ( 'NONE',  ( 1.239999999999999991, 6.850000000000000533, 4.299999999999999822 ) ) ;
#380 = EDGE_LOOP ( 'NONE', ( #1630, #2287, #49, #2769, #1945, #2381 ) ) ;
#381 = CARTESIAN_POINT ( 'NONE',  ( -1.239999999999999991, -3.810000000000000053, -1.760000000000000009 ) ) ;
#382 = CARTESIAN_POINT ( 'NONE',  ( 0.0000000000000000000, -7.049999999999999822, -1.760000000000000009 ) ) ;
#383 = CARTESIAN_POINT ( 'NONE',  ( -1.149999999999999911, -7.049999999999999822, 3.464101615137749945 ) ) ;
#384 = LINE ( 'NONE', #471, #2506 ) ;
#385 = CIRCLE ( 'NONE', #193, 0.1000000000000001027 ) ;
#386 = ORIENTED_EDGE ( 'NONE', *, *, #2252, .F. ) ;
#387 = AXIS2_PLACEMENT_3D ( 'NONE', #1279, #205, #2087 ) ;
#388 = ORIENTED_EDGE ( 'NONE', *, *, #727, .F. ) ;
#389 = EDGE_CURVE ( 'NONE', #2027, #1558, #150, .T. ) ;
#390 = FACE_OUTER_BOUND ( 'NONE', #428, .T. ) ;
#391 = SPHERICAL_SURFACE ( 'NONE', #2389, 1.000000000000000000 ) ;
#392 = ADVANCED_FACE ( 'NONE', ( #1955 ), #2986, .T. ) ;
#393 = DIRECTION ( 'NONE',  ( -0.7071067811865480168, 0.0000000000000000000, 0.7071067811865469066 ) ) ;
#394 = DIRECTION ( 'NONE',  ( -1.000000000000000000, 0.0000000000000000000, 0.0000000000000000000 ) ) ;
#395 = SURFACE_STYLE_FILL_AREA ( #12 ) ;
#396 = VECTOR ( 'NONE', #2316, 1000.000000000000000 ) ;
#397 = DIRECTION ( 'NONE',  ( 0.0000000000000000000, -1.000000000000000000, 0.0000000000000000000 ) ) ;
#398 = FACE_OUTER_BOUND ( 'NONE', #380, .T. ) ;
#399 = FACE_OUTER_BOUND ( 'NONE', #2382, .T. ) ;
#400 = EDGE_CURVE ( 'NONE', #741, #2859, #1550, .T. ) ;
#401 = ORIENTED_EDGE ( 'NONE', *, *, #340, .F. ) ;
#402 = DIRECTION ( 'NONE',  ( 0.0000000000000000000, -1.000000000000000000, 0.0000000000000000000 ) ) ;
#403 =( LENGTH_UNIT ( ) NAMED_UNIT ( * ) SI_UNIT ( .MILLI., .METRE. ) );
#404 = ORIENTED_EDGE ( 'NONE', *, *, #3452, .F. ) ;
#405 = VERTEX_POINT ( 'NONE', #1878 ) ;
#406 = ORIENTED_EDGE ( 'NONE', *, *, #2661, .F. ) ;
#407 = ADVANCED_FACE ( 'NONE', ( #2285 ), #56, .T. ) ;
#408 = EDGE_LOOP ( 'NONE', ( #2021, #3039, #1457, #2701 ) ) ;
#409 = DIRECTION ( 'NONE',  ( 1.000000000000000000, 0.0000000000000000000, 0.0000000000000000000 ) ) ;
#410 = AXIS2_PLACEMENT_3D ( 'NONE', #2299, #709, #2567 ) ;
#411 = EDGE_CURVE ( 'NONE', #344, #741, #1895, .T. ) ;
#412 = EDGE_CURVE ( 'NONE', #1739, #80, #2875, .T. ) ;
#413 = CARTESIAN_POINT ( 'NONE',  ( 1.239999999999999991, 0.0000000000000000000, 4.299999999999999822 ) ) ;
#414 = DIRECTION ( 'NONE',  ( 0.0000000000000000000, -1.000000000000000000, 0.0000000000000000000 ) ) ;
#415 = DIRECTION ( 'NONE',  ( 0.0000000000000000000, 1.000000000000000000, 0.0000000000000000000 ) ) ;
#416 = ORIENTED_EDGE ( 'NONE', *, *, #533, .T. ) ;
#417 = EDGE_CURVE ( 'NONE', #3315, #1341, #718, .T. ) ;
#418 = ORIENTED_EDGE ( 'NONE', *, *, #2243, .F. ) ;
#419 = DIRECTION ( 'NONE',  ( 0.0000000000000000000, 0.0000000000000000000, -1.000000000000000000 ) ) ;
#420 = CARTESIAN_POINT ( 'NONE',  ( -1.149999999999999911, -7.049999999999999822, 3.464101615137749945 ) ) ;
#421 = ORIENTED_EDGE ( 'NONE', *, *, #1021, .T. ) ;
#422 = DIRECTION ( 'NONE',  ( 0.0000000000000000000, 1.000000000000000000, 0.0000000000000000000 ) ) ;
#423 = VERTEX_POINT ( 'NONE', #1529 ) ;
#424 = PLANE ( 'NONE',  #674 ) ;
#425 = DIRECTION ( 'NONE',  ( 0.0000000000000000000, 1.000000000000000000, 0.0000000000000000000 ) ) ;
#426 = LINE ( 'NONE', #1164, #966 ) ;
#427 = CIRCLE ( 'NONE', #487, 0.09999999999999999167 ) ;
#428 = EDGE_LOOP ( 'NONE', ( #3147, #1885, #43, #386 ) ) ;
#429 = ORIENTED_EDGE ( 'NONE', *, *, #196, .F. ) ;
#430 = CIRCLE ( 'NONE', #2812, 0.1000000000000002554 ) ;
#431 = EDGE_LOOP ( 'NONE', ( #320, #38, #1803, #1617 ) ) ;
#432 = CARTESIAN_POINT ( 'NONE',  ( -0.2550000000000000044, 0.6500000000000000222, -7.299999999999999822 ) ) ;
#433 = AXIS2_PLACEMENT_3D ( 'NONE', #1283, #3128, #1543 ) ;
#434 = DIRECTION ( 'NONE',  ( 0.0000000000000000000, -1.000000000000000000, 0.0000000000000000000 ) ) ;
#435 = AXIS2_PLACEMENT_3D ( 'NONE', #2426, #840, #3308 ) ;
#436 = VECTOR ( 'NONE', #434, 1000.000000000000000 ) ;
#437 = LINE ( 'NONE', #703, #353 ) ;
#438 = DIRECTION ( 'NONE',  ( -1.000000000000000000, 0.0000000000000000000, 0.0000000000000000000 ) ) ;
#439 = DIRECTION ( 'NONE',  ( 0.0000000000000000000, -1.000000000000000000, 0.0000000000000000000 ) ) ;
#440 = DIRECTION ( 'NONE',  ( -1.000000000000000000, 0.0000000000000000000, 0.0000000000000000000 ) ) ;
#441 = LINE ( 'NONE', #962, #3181 ) ;
#442 = CARTESIAN_POINT ( 'NONE',  ( 0.0000000000000000000, 5.195000000000000284, -4.299999999999999822 ) ) ;
#443 = FACE_OUTER_BOUND ( 'NONE', #2358, .T. ) ;
#444 = DIRECTION ( 'NONE',  ( -0.5773502691896257311, -0.5773502691896236216, -0.5773502691896279515 ) ) ;
#445 = ORIENTED_EDGE ( 'NONE', *, *, #1314, .F. ) ;
#446 = DIRECTION ( 'NONE',  ( 0.0000000000000000000, 1.000000000000000000, 0.0000000000000000000 ) ) ;
#447 = DIRECTION ( 'NONE',  ( -1.000000000000000000, 0.0000000000000000000, 0.0000000000000000000 ) ) ;
#448 = ORIENTED_EDGE ( 'NONE', *, *, #1911, .T. ) ;
#449 = DIRECTION ( 'NONE',  ( 1.000000000000000000, 0.0000000000000000000, 0.0000000000000000000 ) ) ;
#450 = EDGE_CURVE ( 'NONE', #930, #3198, #2109, .T. ) ;
#451 = APPLICATION_PROTOCOL_DEFINITION ( 'draft international standard', 'automotive_design', 1998, #716 ) ;
#452 = CARTESIAN_POINT ( 'NONE',  ( 0.0000000000000000000, 6.850000000000000533, 0.0000000000000000000 ) ) ;
#453 = PLANE ( 'NONE',  #1749 ) ;
#454 = ADVANCED_FACE ( 'NONE', ( #1464 ), #3367, .T. ) ;
#455 = ORIENTED_EDGE ( 'NONE', *, *, #1733, .F. ) ;
#456 = VECTOR ( 'NONE', #1651, 1000.000000000000000 ) ;
#457 = AXIS2_PLACEMENT_3D ( 'NONE', #663, #2815, #360 ) ;
#458 = DIRECTION ( 'NONE',  ( 0.0000000000000000000, -1.000000000000000000, 0.0000000000000000000 ) ) ;
#459 = CARTESIAN_POINT ( 'NONE',  ( 1.239999999999999991, -2.739999999999999769, -0.06000000000000000472 ) ) ;
#460 = EDGE_LOOP ( 'NONE', ( #2692, #3122, #1514, #1497, #2664 ) ) ;
#461 = VERTEX_POINT ( 'NONE', #3119 ) ;
#462 = AXIS2_PLACEMENT_3D ( 'NONE', #1365, #3216, #1631 ) ;
#463 = CARTESIAN_POINT ( 'NONE',  ( 1.250000000000000000, -5.479999999999999538, -3.360000000000000320 ) ) ;
#464 = ORIENTED_EDGE ( 'NONE', *, *, #1830, .T. ) ;
#465 = CARTESIAN_POINT ( 'NONE',  ( 1.149999999999999911, -6.949999999999999289, -3.360000000000000320 ) ) ;
#466 = APPLICATION_CONTEXT ( 'automotive_design' ) ;
#467 = DIRECTION ( 'NONE',  ( 0.0000000000000000000, -1.000000000000000000, -1.996804001124379713E-17 ) ) ;
#468 = CARTESIAN_POINT ( 'NONE',  ( 0.3339900397694209877, 6.850000000000000533, 4.299999999999999822 ) ) ;
#469 = AXIS2_PLACEMENT_3D ( 'NONE', #208, #2340, #750 ) ;
#470 = VERTEX_POINT ( 'NONE', #2066 ) ;
#471 = CARTESIAN_POINT ( 'NONE',  ( 1.181506849315069996, -7.049999999999999822, -0.2509914912968270184 ) ) ;
#472 = DIRECTION ( 'NONE',  ( 0.0000000000000000000, 0.0000000000000000000, 1.000000000000000000 ) ) ;
#473 = VERTEX_POINT ( 'NONE', #2327 ) ;
#474 = LINE ( 'NONE', #3197, #1804 ) ;
#475 = VERTEX_POINT ( 'NONE', #2864 ) ;
#476 = ORIENTED_EDGE ( 'NONE', *, *, #1273, .T. ) ;
#477 = PLANE ( 'NONE',  #2462 ) ;
#478 = VECTOR ( 'NONE', #372, 1000.000000000000000 ) ;
#479 = VECTOR ( 'NONE', #2112, 1000.000000000000000 ) ;
#480 = FACE_OUTER_BOUND ( 'NONE', #3332, .T. ) ;
#481 = CARTESIAN_POINT ( 'NONE',  ( 0.0000000000000000000, -7.259999999999999787, -0.8600000000000000977 ) ) ;
#482 = VECTOR ( 'NONE', #2595, 1000.000000000000000 ) ;
#483 = PRESENTATION_LAYER_ASSIGNMENT (  '', '', ( #837 ) ) ;
#484 = EDGE_CURVE ( 'NONE', #2794, #2627, #3421, .T. ) ;
#485 = EDGE_CURVE ( 'NONE', #1792, #2816, #672, .T. ) ;
#486 = CARTESIAN_POINT ( 'NONE',  ( 0.0000000000000000000, -5.479999999999999538, 0.3499999999999999778 ) ) ;
#487 = AXIS2_PLACEMENT_3D ( 'NONE', #11, #3165, #1259 ) ;
#488 = FACE_OUTER_BOUND ( 'NONE', #3419, .T. ) ;
#489 = CIRCLE ( 'NONE', #602, 1.000000000000000000 ) ;
#490 = EDGE_CURVE ( 'NONE', #1759, #1533, #597, .T. ) ;
#491 = CARTESIAN_POINT ( 'NONE',  ( 0.8599999999999999867, 0.0000000000000000000, -4.299999999999999822 ) ) ;
#492 = EDGE_LOOP ( 'NONE', ( #429, #2566, #1707, #760 ) ) ;
#493 = DIRECTION ( 'NONE',  ( 0.0000000000000000000, 0.0000000000000000000, 1.000000000000000000 ) ) ;
#494 = ORIENTED_EDGE ( 'NONE', *, *, #3219, .T. ) ;
#495 = ORIENTED_EDGE ( 'NONE', *, *, #1953, .T. ) ;
#496 = CARTESIAN_POINT ( 'NONE',  ( 1.239999999999999991, -6.850000000000000533, -4.299999999999999822 ) ) ;
#497 = CARTESIAN_POINT ( 'NONE',  ( 1.149999999999999911, -5.479999999999999538, 0.4500000000000000111 ) ) ;
#498 = DIRECTION ( 'NONE',  ( 0.0000000000000000000, 1.000000000000000000, 0.0000000000000000000 ) ) ;
#499 = ORIENTED_EDGE ( 'NONE', *, *, #1194, .F. ) ;
#500 = ORIENTED_EDGE ( 'NONE', *, *, #3083, .T. ) ;
#501 = ORIENTED_EDGE ( 'NONE', *, *, #1726, .T. ) ;
#502 = STYLED_ITEM ( 'NONE', ( #252 ), #611 ) ;
#503 = CARTESIAN_POINT ( 'NONE',  ( -1.149999999999999911, -6.657500000000000639, 0.4500000000000000111 ) ) ;
#504 = EDGE_LOOP ( 'NONE', ( #1958, #822, #880, #3454 ) ) ;
#505 = CARTESIAN_POINT ( 'NONE',  ( 1.239999999999999991, -6.850000000000000533, 4.299999999999999822 ) ) ;
#506 = ORIENTED_EDGE ( 'NONE', *, *, #159, .T. ) ;
#507 = ORIENTED_EDGE ( 'NONE', *, *, #2856, .F. ) ;
#508 =( NAMED_UNIT ( * ) SI_UNIT ( $, .STERADIAN. ) SOLID_ANGLE_UNIT ( ) );
#509 = VECTOR ( 'NONE', #1276, 1000.000000000000000 ) ;
#510 = VECTOR ( 'NONE', #960, 1000.000000000000000 ) ;
#511 = DIRECTION ( 'NONE',  ( 0.0000000000000000000, -1.000000000000000000, -1.996804001124379713E-17 ) ) ;
#512 = ORIENTED_EDGE ( 'NONE', *, *, #1554, .F. ) ;
#513 = EDGE_CURVE ( 'NONE', #475, #2539, #2000, .T. ) ;
#514 = DIRECTION ( 'NONE',  ( -1.000000000000000000, 0.0000000000000000000, 0.0000000000000000000 ) ) ;
#515 = VECTOR ( 'NONE', #1378, 1000.000000000000000 ) ;
#516 = VERTEX_POINT ( 'NONE', #580 ) ;
#517 = CIRCLE ( 'NONE', #2635, 0.09999999999999985290 ) ;
#518 = VECTOR ( 'NONE', #796, 1000.000000000000000 ) ;
#519 = EDGE_CURVE ( 'NONE', #1348, #2527, #3333, .T. ) ;
#520 = PLANE ( 'NONE',  #3018 ) ;
#521 = COLOUR_RGB ( '',0.8196078431372548767, 0.8000000000000000444, 0.7529411764705882248 ) ;
#522 = FACE_OUTER_BOUND ( 'NONE', #431, .T. ) ;
#523 = DIRECTION ( 'NONE',  ( 0.0000000000000000000, 1.000000000000000000, 0.0000000000000000000 ) ) ;
#524 = AXIS2_PLACEMENT_3D ( 'NONE', #2379, #1322, #2110 ) ;
#525 = EDGE_CURVE ( 'NONE', #653, #928, #1927, .T. ) ;
#526 = VECTOR ( 'NONE', #1454, 1000.000000000000000 ) ;
#527 = DIRECTION ( 'NONE',  ( 0.0000000000000000000, -1.000000000000000000, 0.0000000000000000000 ) ) ;
#528 = VECTOR ( 'NONE', #3235, 1000.000000000000000 ) ;
#529 = DIRECTION ( 'NONE',  ( -0.8108848540793813786, 0.0000000000000000000, 0.5852057359806552839 ) ) ;
#530 = ADVANCED_FACE ( 'NONE', ( #1305 ), #704, .T. ) ;
#531 = ORIENTED_EDGE ( 'NONE', *, *, #3277, .F. ) ;
#532 = AXIS2_PLACEMENT_3D ( 'NONE', #702, #439, #2563 ) ;
#533 = EDGE_CURVE ( 'NONE', #744, #2027, #3257, .T. ) ;
#534 = VERTEX_POINT ( 'NONE', #1779 ) ;
#535 = CARTESIAN_POINT ( 'NONE',  ( 0.0000000000000000000, -7.669999999999999929, -0.8600000000000000977 ) ) ;
#536 = ORIENTED_EDGE ( 'NONE', *, *, #164, .T. ) ;
#537 = DIRECTION ( 'NONE',  ( 0.0000000000000000000, -1.000000000000000000, 0.0000000000000000000 ) ) ;
#538 = CARTESIAN_POINT ( 'NONE',  ( 1.181506849315069996, -7.049999999999999822, 3.559008508703170204 ) ) ;
#539 = LINE ( 'NONE', #1355, #3196 ) ;
#540 = CARTESIAN_POINT ( 'NONE',  ( -4.592425496802562139E-16, -6.949999999999999289, 3.750000000000000000 ) ) ;
#541 = DIRECTION ( 'NONE',  ( 0.0000000000000000000, 1.000000000000000000, 0.0000000000000000000 ) ) ;
#542 = ORIENTED_EDGE ( 'NONE', *, *, #1266, .T. ) ;
#543 = ORIENTED_EDGE ( 'NONE', *, *, #1547, .F. ) ;
#544 = CARTESIAN_POINT ( 'NONE',  ( -1.220710678118654746, -7.020710678118654791, 3.464101615137750390 ) ) ;
#545 = AXIS2_PLACEMENT_3D ( 'NONE', #2385, #799, #2652 ) ;
#546 = EDGE_CURVE ( 'NONE', #2449, #3125, #2540, .T. ) ;
#547 = ADVANCED_FACE ( 'NONE', ( #3169 ), #1755, .T. ) ;
#548 = DIRECTION ( 'NONE',  ( 0.0000000000000000000, -1.000000000000000000, 0.0000000000000000000 ) ) ;
#549 = AXIS2_PLACEMENT_3D ( 'NONE', #1881, #573, #1924 ) ;
#550 = DIRECTION ( 'NONE',  ( 0.0000000000000000000, -1.000000000000000000, 0.0000000000000000000 ) ) ;
#551 = ORIENTED_EDGE ( 'NONE', *, *, #389, .T. ) ;
#552 = CARTESIAN_POINT ( 'NONE',  ( 1.149999999999999911, -6.949999999999999289, 0.3499999999999999778 ) ) ;
#553 = CARTESIAN_POINT ( 'NONE',  ( -1.149999999999999911, -6.949999999999999289, 3.464101615137749945 ) ) ;
#554 = EDGE_CURVE ( 'NONE', #2448, #344, #2468, .T. ) ;
#555 = EDGE_LOOP ( 'NONE', ( #1333, #3318, #1180 ) ) ;
#556 = LINE ( 'NONE', #2985, #3296 ) ;
#557 = ORIENTED_EDGE ( 'NONE', *, *, #2609, .T. ) ;
#558 = CARTESIAN_POINT ( 'NONE',  ( -0.3339900397694209877, 5.206610941160949579, -2.000000000000000000 ) ) ;
#559 = LINE ( 'NONE', #3062, #2837 ) ;
#560 = DIRECTION ( 'NONE',  ( 1.000000000000000000, 0.0000000000000000000, 0.0000000000000000000 ) ) ;
#561 = DIRECTION ( 'NONE',  ( 0.0000000000000000000, 0.0000000000000000000, 1.000000000000000000 ) ) ;
#562 = CIRCLE ( 'NONE', #1171, 0.1000000000000002554 ) ;
#563 = LINE ( 'NONE', #2901, #2516 ) ;
#564 = CARTESIAN_POINT ( 'NONE',  ( 1.239999999999999991, -6.850000000000000533, -0.06000000000000000472 ) ) ;
#565 = SURFACE_STYLE_USAGE ( .BOTH. , #2155 ) ;
#566 = COLOUR_RGB ( '',0.2588235294117646745, 0.9529411764705881804, 0.6156862745098039547 ) ;
#567 = ADVANCED_FACE ( 'NONE', ( #1843 ), #1141, .T. ) ;
#568 = CARTESIAN_POINT ( 'NONE',  ( -1.149999999999999911, -6.949999999999999289, 2.899999999999999911 ) ) ;
#569 = CIRCLE ( 'NONE', #948, 0.4999372807598558843 ) ;
#570 = VECTOR ( 'NONE', #2235, 1000.000000000000000 ) ;
#571 = DIRECTION ( 'NONE',  ( 0.0000000000000000000, 0.7071067811865487940, 0.7071067811865462405 ) ) ;
#572 = EDGE_LOOP ( 'NONE', ( #1579, #1033, #1752, #3365 ) ) ;
#573 = DIRECTION ( 'NONE',  ( 0.0000000000000000000, 1.000000000000000000, 0.0000000000000000000 ) ) ;
#574 = CARTESIAN_POINT ( 'NONE',  ( -1.149999999999999911, -5.479999999999999538, -3.360000000000000320 ) ) ;
#575 = VERTEX_POINT ( 'NONE', #2868 ) ;
#576 = ORIENTED_EDGE ( 'NONE', *, *, #2899, .F. ) ;
#577 = ORIENTED_EDGE ( 'NONE', *, *, #546, .T. ) ;
#578 = ORIENTED_EDGE ( 'NONE', *, *, #839, .T. ) ;
#579 = ORIENTED_EDGE ( 'NONE', *, *, #346, .F. ) ;
#580 = CARTESIAN_POINT ( 'NONE',  ( 1.181506849315069996, -5.479999999999999538, -0.2509914912968279621 ) ) ;
#581 = CARTESIAN_POINT ( 'NONE',  ( 0.0000000000000000000, -3.810000000000000053, -1.760000000000000009 ) ) ;
#582 = CARTESIAN_POINT ( 'NONE',  ( -0.3339900397694209877, 5.206610941160949579, 4.299999999999999822 ) ) ;
#583 = ADVANCED_FACE ( 'NONE', ( #341 ), #3215, .T. ) ;
#584 = CARTESIAN_POINT ( 'NONE',  ( 0.0000000000000000000, -5.479999999999999538, -3.810000000000000053 ) ) ;
#585 = ORIENTED_EDGE ( 'NONE', *, *, #1725, .F. ) ;
#586 = DIRECTION ( 'NONE',  ( 1.000000000000000000, 0.0000000000000000000, 0.0000000000000000000 ) ) ;
#587 = ORIENTED_EDGE ( 'NONE', *, *, #345, .T. ) ;
#588 = ORIENTED_EDGE ( 'NONE', *, *, #490, .T. ) ;
#589 = DIRECTION ( 'NONE',  ( 0.0000000000000000000, -1.000000000000000000, 0.0000000000000000000 ) ) ;
#590 = AXIS2_PLACEMENT_3D ( 'NONE', #2817, #3097, #1509 ) ;
#591 = EDGE_CURVE ( 'NONE', #2344, #1780, #1051, .T. ) ;
#592 = EDGE_CURVE ( 'NONE', #3209, #2816, #426, .T. ) ;
#593 = DIRECTION ( 'NONE',  ( 0.0000000000000000000, -1.000000000000000000, 0.0000000000000000000 ) ) ;
#594 = CARTESIAN_POINT ( 'NONE',  ( 1.149999999999999911, -6.949999999999999289, 0.4500000000000000111 ) ) ;
#595 = DIRECTION ( 'NONE',  ( 1.000000000000000000, 0.0000000000000000000, 0.0000000000000000000 ) ) ;
#596 = ORIENTED_EDGE ( 'NONE', *, *, #417, .T. ) ;
#597 = CIRCLE ( 'NONE', #1817, 0.09999999999999982514 ) ;
#598 = EDGE_CURVE ( 'NONE', #3322, #1459, #2377, .T. ) ;
#599 = SPHERICAL_SURFACE ( 'NONE', #3037, 0.1000000000000000056 ) ;
#600 = DIRECTION ( 'NONE',  ( 0.0000000000000000000, -1.000000000000000000, 0.0000000000000000000 ) ) ;
#601 = EDGE_CURVE ( 'NONE', #81, #653, #1677, .T. ) ;
#602 = AXIS2_PLACEMENT_3D ( 'NONE', #910, #2760, #1174 ) ;
#603 = ORIENTED_EDGE ( 'NONE', *, *, #2243, .T. ) ;
#604 = LINE ( 'NONE', #271, #2633 ) ;
#605 = CARTESIAN_POINT ( 'NONE',  ( -1.239999999999999991, 0.0000000000000000000, -4.299999999999999822 ) ) ;
#606 = DIRECTION ( 'NONE',  ( 1.000000000000000000, 0.0000000000000000000, 0.0000000000000000000 ) ) ;
#607 = LINE ( 'NONE', #151, #2722 ) ;
#608 = CIRCLE ( 'NONE', #1362, 0.09999999999999999167 ) ;
#609 = CARTESIAN_POINT ( 'NONE',  ( 1.220710678118654746, -6.657500000000000639, -3.430710678118654933 ) ) ;
#610 = CARTESIAN_POINT ( 'NONE',  ( -1.250000000000000000, -5.479999999999999538, -3.360000000000000320 ) ) ;
#611 = MANIFOLD_SOLID_BREP ( '571-0122F.stp[6]', #293 ) ;
#612 = LINE ( 'NONE', #2394, #3344 ) ;
#613 = CARTESIAN_POINT ( 'NONE',  ( -0.3339900397694209877, -2.383990039769420477, -2.000000000000000000 ) ) ;
#614 = PLANE ( 'NONE',  #657 ) ;
#615 = CYLINDRICAL_SURFACE ( 'NONE', #1012, 0.1000000000000001443 ) ;
#616 = CIRCLE ( 'NONE', #817, 0.3499999999999998668 ) ;
#617 = ORIENTED_EDGE ( 'NONE', *, *, #2122, .T. ) ;
#618 = AXIS2_PLACEMENT_3D ( 'NONE', #631, #67, #336 ) ;
#619 = DIRECTION ( 'NONE',  ( 0.0000000000000000000, 1.000000000000000000, 0.0000000000000000000 ) ) ;
#620 = DIRECTION ( 'NONE',  ( 1.000000000000000000, 0.0000000000000000000, 0.0000000000000000000 ) ) ;
#621 = CARTESIAN_POINT ( 'NONE',  ( 1.220710678118654746, -7.020710678118654791, 2.899999999999999911 ) ) ;
#622 = ORIENTED_EDGE ( 'NONE', *, *, #174, .F. ) ;
#623 = DIRECTION ( 'NONE',  ( -1.000000000000000000, 0.0000000000000000000, 0.0000000000000000000 ) ) ;
#624 = ORIENTED_EDGE ( 'NONE', *, *, #374, .F. ) ;
#625 = ADVANCED_FACE ( 'NONE', ( #3465 ), #3426, .T. ) ;
#626 = VERTEX_POINT ( 'NONE', #468 ) ;
#627 = DIRECTION ( 'NONE',  ( 0.0000000000000000000, -1.000000000000000000, 0.0000000000000000000 ) ) ;
#628 = ORIENTED_EDGE ( 'NONE', *, *, #2200, .T. ) ;
#629 = DIRECTION ( 'NONE',  ( 0.0000000000000000000, 1.000000000000000000, 0.0000000000000000000 ) ) ;
#630 = ORIENTED_EDGE ( 'NONE', *, *, #417, .F. ) ;
#631 = CARTESIAN_POINT ( 'NONE',  ( -1.149999999999999911, -6.657500000000000639, 0.4500000000000000111 ) ) ;
#632 = EDGE_CURVE ( 'NONE', #722, #2935, #679, .T. ) ;
#633 = CARTESIAN_POINT ( 'NONE',  ( 0.0000000000000000000, 3.205000000000000071, -5.551115123125779744E-16 ) ) ;
#634 = ORIENTED_EDGE ( 'NONE', *, *, #949, .T. ) ;
#635 = AXIS2_PLACEMENT_3D ( 'NONE', #2772, #730, #2498 ) ;
#636 = CARTESIAN_POINT ( 'NONE',  ( 1.224646799147353207E-16, -7.570000000000000284, 1.050000000000000044 ) ) ;
#637 = ADVANCED_FACE ( 'NONE', ( #2091 ), #453, .T. ) ;
#638 = AXIS2_PLACEMENT_3D ( 'NONE', #1887, #286, #2146 ) ;
#639 = CARTESIAN_POINT ( 'NONE',  ( 1.149999999999999911, -6.657500000000000639, 0.4500000000000000111 ) ) ;
#640 = ORIENTED_EDGE ( 'NONE', *, *, #954, .T. ) ;
#641 = CARTESIAN_POINT ( 'NONE',  ( -1.239999999999999991, -3.310000000000000053, -1.760000000000000009 ) ) ;
#642 = CIRCLE ( 'NONE', #2393, 1.000000000000000000 ) ;
#643 = ORIENTED_EDGE ( 'NONE', *, *, #2081, .T. ) ;
#644 = VECTOR ( 'NONE', #620, 1000.000000000000000 ) ;
#645 =( NAMED_UNIT ( * ) SI_UNIT ( $, .STERADIAN. ) SOLID_ANGLE_UNIT ( ) );
#646 = VECTOR ( 'NONE', #1841, 1000.000000000000000 ) ;
#647 = AXIS2_PLACEMENT_3D ( 'NONE', #1300, #3150, #1563 ) ;
#648 = LINE ( 'NONE', #1762, #2679 ) ;
#649 = DIRECTION ( 'NONE',  ( -1.000000000000000000, 0.0000000000000000000, 0.0000000000000000000 ) ) ;
#650 = FACE_OUTER_BOUND ( 'NONE', #1084, .T. ) ;
#651 = VECTOR ( 'NONE', #65, 1000.000000000000000 ) ;
#652 = CARTESIAN_POINT ( 'NONE',  ( 1.102182119232617788E-16, -7.049999999999999822, -2.660000000000000142 ) ) ;
#653 = VERTEX_POINT ( 'NONE', #1116 ) ;
#654 = ADVANCED_FACE ( 'NONE', ( #2004 ), #1313, .T. ) ;
#655 = ORIENTED_EDGE ( 'NONE', *, *, #412, .T. ) ;
#656 = ORIENTED_EDGE ( 'NONE', *, *, #1769, .F. ) ;
#657 = AXIS2_PLACEMENT_3D ( 'NONE', #1667, #2207, #623 ) ;
#658 = EDGE_CURVE ( 'NONE', #2124, #1170, #2798, .T. ) ;
#659 = EDGE_CURVE ( 'NONE', #2157, #2219, #604, .T. ) ;
#660 = AXIS2_PLACEMENT_3D ( 'NONE', #2104, #449, #2288 ) ;
#661 = ORIENTED_EDGE ( 'NONE', *, *, #2337, .T. ) ;
#662 = VERTEX_POINT ( 'NONE', #2725 ) ;
#663 = CARTESIAN_POINT ( 'NONE',  ( 1.149999999999999911, -7.049999999999999822, -0.3458983848622450008 ) ) ;
#664 = EDGE_CURVE ( 'NONE', #200, #475, #1226, .T. ) ;
#665 = EDGE_LOOP ( 'NONE', ( #2282, #349, #2792, #2811 ) ) ;
#666 = CARTESIAN_POINT ( 'NONE',  ( 1.250000000000000000, -6.657500000000000639, 0.4500000000000000111 ) ) ;
#667 = ORIENTED_EDGE ( 'NONE', *, *, #2785, .F. ) ;
#668 = DIRECTION ( 'NONE',  ( 0.7071067811865467956, -6.776263578034402713E-16, -0.7071067811865482389 ) ) ;
#669 = ADVANCED_FACE ( 'NONE', ( #1934 ), #477, .T. ) ;
#670 =( NAMED_UNIT ( * ) SI_UNIT ( $, .STERADIAN. ) SOLID_ANGLE_UNIT ( ) );
#671 = ORIENTED_EDGE ( 'NONE', *, *, #1137, .F. ) ;
#672 = LINE ( 'NONE', #491, #1399 ) ;
#673 = ORIENTED_EDGE ( 'NONE', *, *, #3099, .T. ) ;
#674 = AXIS2_PLACEMENT_3D ( 'NONE', #2022, #714, #446 ) ;
#675 = CARTESIAN_POINT ( 'NONE',  ( 0.0000000000000000000, 0.7049999999999999600, -5.551115123125779744E-16 ) ) ;
#676 = CIRCLE ( 'NONE', #2504, 0.1000000000000002554 ) ;
#677 = PRESENTATION_LAYER_ASSIGNMENT (  '', '', ( #502 ) ) ;
#678 = ORIENTED_EDGE ( 'NONE', *, *, #546, .F. ) ;
#679 = LINE ( 'NONE', #732, #1403 ) ;
#680 = DIRECTION ( 'NONE',  ( 0.0000000000000000000, 0.0000000000000000000, -1.000000000000000000 ) ) ;
#681 = CYLINDRICAL_SURFACE ( 'NONE', #905, 1.000000000000000000 ) ;
#682 = DIRECTION ( 'NONE',  ( 0.0000000000000000000, 0.7071067811865487940, 0.7071067811865462405 ) ) ;
#683 = CIRCLE ( 'NONE', #2274, 0.1000000000000002554 ) ;
#684 = LINE ( 'NONE', #2099, #1317 ) ;
#685 = CYLINDRICAL_SURFACE ( 'NONE', #343, 0.1000000000000001443 ) ;
#686 = CARTESIAN_POINT ( 'NONE',  ( 1.239999999999999991, 6.850000000000000533, -4.299999999999999822 ) ) ;
#687 = FACE_OUTER_BOUND ( 'NONE', #2400, .T. ) ;
#688 = CIRCLE ( 'NONE', #3373, 0.09999999999999995004 ) ;
#689 = DIRECTION ( 'NONE',  ( 1.000000000000000000, 0.0000000000000000000, 0.0000000000000000000 ) ) ;
#690 =( LENGTH_UNIT ( ) NAMED_UNIT ( * ) SI_UNIT ( .MILLI., .METRE. ) );
#691 = CARTESIAN_POINT ( 'NONE',  ( -1.149999999999999911, -6.949999999999999289, -3.459999999999999964 ) ) ;
#692 = EDGE_LOOP ( 'NONE', ( #246, #1851, #2105, #1304 ) ) ;
#693 = EDGE_LOOP ( 'NONE', ( #3114, #719, #2528, #956 ) ) ;
#694 = EDGE_CURVE ( 'NONE', #3060, #797, #2718, .T. ) ;
#695 = CARTESIAN_POINT ( 'NONE',  ( -1.149999999999999911, -5.479999999999999538, -0.3458983848622450008 ) ) ;
#696 = EDGE_LOOP ( 'NONE', ( #2039, #2987, #2996, #3095 ) ) ;
#697 = AXIS2_PLACEMENT_3D ( 'NONE', #1868, #261, #2119 ) ;
#698 = EDGE_CURVE ( 'NONE', #2403, #2734, #2549, .T. ) ;
#699 = CYLINDRICAL_SURFACE ( 'NONE', #27, 1.000000000000000000 ) ;
#700 = ORIENTED_EDGE ( 'NONE', *, *, #2728, .F. ) ;
#701 = CARTESIAN_POINT ( 'NONE',  ( 1.149999999999999911, -7.049999999999999822, -3.360000000000000320 ) ) ;
#702 = CARTESIAN_POINT ( 'NONE',  ( 0.0000000000000000000, -6.949999999999999289, -3.810000000000000053 ) ) ;
#703 = CARTESIAN_POINT ( 'NONE',  ( -1.220710678118654746, -6.657500000000000639, 0.3792893218813451761 ) ) ;
#704 = PLANE ( 'NONE',  #2872 ) ;
#705 = ORIENTED_EDGE ( 'NONE', *, *, #210, .T. ) ;
#706 = AXIS2_PLACEMENT_3D ( 'NONE', #2779, #1191, #3043 ) ;
#707 = VERTEX_POINT ( 'NONE', #1024 ) ;
#708 = EDGE_LOOP ( 'NONE', ( #2368, #587, #869, #1291 ) ) ;
#709 = DIRECTION ( 'NONE',  ( 0.0000000000000000000, -1.000000000000000000, 0.0000000000000000000 ) ) ;
#710 = DIRECTION ( 'NONE',  ( 1.000000000000000000, 0.0000000000000000000, 0.0000000000000000000 ) ) ;
#711 = CARTESIAN_POINT ( 'NONE',  ( 0.0000000000000000000, -7.049999999999999822, -3.810000000000000053 ) ) ;
#712 = ADVANCED_FACE ( 'NONE', ( #1850 ), #978, .T. ) ;
#713 = EDGE_CURVE ( 'NONE', #1100, #2954, #3176, .T. ) ;
#714 = DIRECTION ( 'NONE',  ( 1.000000000000000000, 0.0000000000000000000, 0.0000000000000000000 ) ) ;
#715 = ORIENTED_EDGE ( 'NONE', *, *, #883, .T. ) ;
#716 = APPLICATION_CONTEXT ( 'automotive_design' ) ;
#717 = DIRECTION ( 'NONE',  ( -0.0000000000000000000, 1.000000000000000000, 0.0000000000000000000 ) ) ;
#718 = LINE ( 'NONE', #2314, #3282 ) ;
#719 = ORIENTED_EDGE ( 'NONE', *, *, #305, .F. ) ;
#720 = VERTEX_POINT ( 'NONE', #1154 ) ;
#721 = CIRCLE ( 'NONE', #1155, 0.09999999999999999167 ) ;
#722 = VERTEX_POINT ( 'NONE', #1559 ) ;
#723 = LINE ( 'NONE', #1493, #1518 ) ;
#724 = DIRECTION ( 'NONE',  ( 0.0000000000000000000, 1.000000000000000000, 0.0000000000000000000 ) ) ;
#725 = EDGE_CURVE ( 'NONE', #2649, #2403, #430, .T. ) ;
#726 = VECTOR ( 'NONE', #1820, 1000.000000000000000 ) ;
#727 = EDGE_CURVE ( 'NONE', #971, #2214, #3339, .T. ) ;
#728 = CIRCLE ( 'NONE', #1018, 0.1000000000000001027 ) ;
#729 = DIRECTION ( 'NONE',  ( 0.0000000000000000000, -1.000000000000000000, 0.0000000000000000000 ) ) ;
#730 = DIRECTION ( 'NONE',  ( -0.7071067811865474617, 0.0000000000000000000, -0.7071067811865474617 ) ) ;
#731 = FACE_OUTER_BOUND ( 'NONE', #1438, .T. ) ;
#732 = CARTESIAN_POINT ( 'NONE',  ( 0.0000000000000000000, 5.705000000000000071, -0.3499999999999999778 ) ) ;
#733 = CIRCLE ( 'NONE', #2435, 0.09999999999999982514 ) ;
#734 = CIRCLE ( 'NONE', #2977, 0.1000000000000001027 ) ;
#735 = CARTESIAN_POINT ( 'NONE',  ( -0.2550000000000000044, -2.050000000000000266, -5.799999999999999822 ) ) ;
#736 = CARTESIAN_POINT ( 'NONE',  ( 1.149999999999999911, -7.049999999999999822, -0.9100000000000000311 ) ) ;
#737 = ADVANCED_FACE ( 'NONE', ( #1760 ), #1682, .T. ) ;
#738 = ORIENTED_EDGE ( 'NONE', *, *, #1120, .F. ) ;
#739 = CARTESIAN_POINT ( 'NONE',  ( 1.220710678118654746, -7.020710678118654791, -0.9100000000000000311 ) ) ;
#740 = ORIENTED_EDGE ( 'NONE', *, *, #1314, .T. ) ;
#741 = VERTEX_POINT ( 'NONE', #1691 ) ;
#742 = DIRECTION ( 'NONE',  ( 6.123233995736759873E-17, 0.0000000000000000000, 1.000000000000000000 ) ) ;
#743 = CARTESIAN_POINT ( 'NONE',  ( -1.239999999999999991, -5.479999999999999538, -1.975000000000000089 ) ) ;
#744 = VERTEX_POINT ( 'NONE', #1715 ) ;
#745 = ORIENTED_EDGE ( 'NONE', *, *, #1720, .F. ) ;
#746 = DIRECTION ( 'NONE',  ( -1.000000000000000000, 0.0000000000000000000, 0.0000000000000000000 ) ) ;
#747 = VERTEX_POINT ( 'NONE', #2695 ) ;
#748 = AXIS2_PLACEMENT_3D ( 'NONE', #274, #1384, #2415 ) ;
#749 = DIRECTION ( 'NONE',  ( 0.0000000000000000000, 1.000000000000000000, 0.0000000000000000000 ) ) ;
#750 = DIRECTION ( 'NONE',  ( 0.0000000000000000000, 0.0000000000000000000, -1.000000000000000000 ) ) ;
#751 = DIRECTION ( 'NONE',  ( 1.000000000000000000, 0.0000000000000000000, 0.0000000000000000000 ) ) ;
#752 = ORIENTED_EDGE ( 'NONE', *, *, #2075, .F. ) ;
#753 = VECTOR ( 'NONE', #2118, 1000.000000000000000 ) ;
#754 = VERTEX_POINT ( 'NONE', #86 ) ;
#755 = DIRECTION ( 'NONE',  ( 0.0000000000000000000, 0.0000000000000000000, 1.000000000000000000 ) ) ;
#756 = DIRECTION ( 'NONE',  ( 0.0000000000000000000, 0.0000000000000000000, -1.000000000000000000 ) ) ;
#757 = ORIENTED_EDGE ( 'NONE', *, *, #3156, .F. ) ;
#758 = AXIS2_PLACEMENT_3D ( 'NONE', #3103, #1790, #197 ) ;
#759 = DIRECTION ( 'NONE',  ( 0.7071067811865477948, 0.0000000000000000000, -0.7071067811865472397 ) ) ;
#760 = ORIENTED_EDGE ( 'NONE', *, *, #774, .F. ) ;
#761 = EDGE_CURVE ( 'NONE', #2697, #3041, #2383, .T. ) ;
#762 = VERTEX_POINT ( 'NONE', #1223 ) ;
#763 = VERTEX_POINT ( 'NONE', #2256 ) ;
#764 = CIRCLE ( 'NONE', #908, 3.649999999999999911 ) ;
#765 = DIRECTION ( 'NONE',  ( -7.304098846218139598E-16, 0.0000000000000000000, 1.000000000000000000 ) ) ;
#766 = EDGE_LOOP ( 'NONE', ( #2034, #850, #3146, #1548 ) ) ;
#767 = VECTOR ( 'NONE', #278, 1000.000000000000000 ) ;
#768 = CARTESIAN_POINT ( 'NONE',  ( 0.0000000000000000000, -7.049999999999999822, -3.360000000000000320 ) ) ;
#769 = DIRECTION ( 'NONE',  ( 0.0000000000000000000, 0.0000000000000000000, -1.000000000000000000 ) ) ;
#770 = VECTOR ( 'NONE', #2410, 1000.000000000000000 ) ;
#771 = VECTOR ( 'NONE', #2604, 1000.000000000000000 ) ;
#772 = AXIS2_PLACEMENT_3D ( 'NONE', #1254, #3108, #1519 ) ;
#773 = DIRECTION ( 'NONE',  ( -1.000000000000000000, 0.0000000000000000000, 0.0000000000000000000 ) ) ;
#774 = EDGE_CURVE ( 'NONE', #1375, #1100, #3008, .T. ) ;
#775 = EDGE_CURVE ( 'NONE', #847, #2702, #974, .T. ) ;
#776 = DIRECTION ( 'NONE',  ( -1.000000000000000000, 0.0000000000000000000, -1.224646799147353207E-16 ) ) ;
#777 = LINE ( 'NONE', #795, #2097 ) ;
#778 = PRESENTATION_STYLE_ASSIGNMENT (( #1993 ) ) ;
#779 = CARTESIAN_POINT ( 'NONE',  ( 0.0000000000000000000, 6.850000000000000533, 0.0000000000000000000 ) ) ;
#780 = EDGE_CURVE ( 'NONE', #173, #1086, #2471, .T. ) ;
#781 = AXIS2_PLACEMENT_3D ( 'NONE', #1158, #3006, #1428 ) ;
#782 = VECTOR ( 'NONE', #2456, 1000.000000000000000 ) ;
#783 = VECTOR ( 'NONE', #861, 1000.000000000000000 ) ;
#784 = CARTESIAN_POINT ( 'NONE',  ( -0.2550000000000000044, -4.349999999999999645, -7.299999999999999822 ) ) ;
#785 = DIRECTION ( 'NONE',  ( 0.0000000000000000000, 1.000000000000000000, 0.0000000000000000000 ) ) ;
#786 = ORIENTED_EDGE ( 'NONE', *, *, #1725, .T. ) ;
#787 = CARTESIAN_POINT ( 'NONE',  ( 1.239999999999999991, -5.479999999999999538, 0.3499999999999999778 ) ) ;
#788 = ORIENTED_EDGE ( 'NONE', *, *, #775, .F. ) ;
#789 = ORIENTED_EDGE ( 'NONE', *, *, #658, .T. ) ;
#790 = DIRECTION ( 'NONE',  ( 0.0000000000000000000, -1.000000000000000000, 0.0000000000000000000 ) ) ;
#791 = AXIS2_PLACEMENT_3D ( 'NONE', #2043, #2829, #2317 ) ;
#792 = ADVANCED_FACE ( 'NONE', ( #179 ), #1633, .T. ) ;
#793 = PLANE ( 'NONE',  #2412 ) ;
#794 = AXIS2_PLACEMENT_3D ( 'NONE', #2466, #1147, #1914 ) ;
#795 = CARTESIAN_POINT ( 'NONE',  ( -1.250000000000000000, -5.479999999999999538, 0.3499999999999999778 ) ) ;
#796 = DIRECTION ( 'NONE',  ( 1.000000000000000000, 0.0000000000000000000, 0.0000000000000000000 ) ) ;
#797 = VERTEX_POINT ( 'NONE', #2226 ) ;
#798 = CARTESIAN_POINT ( 'NONE',  ( -0.2550000000000000044, 3.205000000000000071, -7.299999999999999822 ) ) ;
#799 = DIRECTION ( 'NONE',  ( 1.000000000000000000, 0.0000000000000000000, 0.0000000000000000000 ) ) ;
#800 = ORIENTED_EDGE ( 'NONE', *, *, #954, .F. ) ;
#801 = PLANE ( 'NONE',  #2768 ) ;
#802 = FILL_AREA_STYLE_COLOUR ( '', #521 ) ;
#803 = DIRECTION ( 'NONE',  ( 0.0000000000000000000, 1.000000000000000000, 0.0000000000000000000 ) ) ;
#804 = CYLINDRICAL_SURFACE ( 'NONE', #618, 0.1000000000000001027 ) ;
#805 = VERTEX_POINT ( 'NONE', #610 ) ;
#806 = ORIENTED_EDGE ( 'NONE', *, *, #1873, .F. ) ;
#807 = ADVANCED_FACE ( 'NONE', ( #2216 ), #804, .T. ) ;
#808 = CARTESIAN_POINT ( 'NONE',  ( 0.2550000000000000044, 5.355000000000000426, -5.551115123125779744E-16 ) ) ;
#809 = VECTOR ( 'NONE', #2596, 1000.000000000000000 ) ;
#810 = DIRECTION ( 'NONE',  ( 1.000000000000000000, 0.0000000000000000000, 0.0000000000000000000 ) ) ;
#811 = AXIS2_PLACEMENT_3D ( 'NONE', #641, #2738, #1791 ) ;
#812 = CARTESIAN_POINT ( 'NONE',  ( 1.149999999999999911, -5.479999999999999538, -0.3458983848622450008 ) ) ;
#813 = PRESENTATION_STYLE_ASSIGNMENT (( #1835 ) ) ;
#814 = VECTOR ( 'NONE', #1207, 1000.000000000000000 ) ;
#815 = DIRECTION ( 'NONE',  ( 0.0000000000000000000, -1.000000000000000000, 0.0000000000000000000 ) ) ;
#816 = CARTESIAN_POINT ( 'NONE',  ( -1.239999999999999991, 1.270062719240144133, 2.040000000000000036 ) ) ;
#817 = AXIS2_PLACEMENT_3D ( 'NONE', #295, #2162, #571 ) ;
#818 = LINE ( 'NONE', #2524, #2143 ) ;
#819 = CARTESIAN_POINT ( 'NONE',  ( -1.149999999999999911, -5.479999999999999538, -3.360000000000000320 ) ) ;
#820 = CIRCLE ( 'NONE', #2446, 3.750000000000000000 ) ;
#821 = PLANE ( 'NONE',  #1082 ) ;
#822 = ORIENTED_EDGE ( 'NONE', *, *, #1390, .T. ) ;
#823 = VERTEX_POINT ( 'NONE', #874 ) ;
#824 = EDGE_LOOP ( 'NONE', ( #2318, #661, #494, #1598 ) ) ;
#825 = ADVANCED_FACE ( 'NONE', ( #2916 ), #2835, .T. ) ;
#826 = DIRECTION ( 'NONE',  ( 0.0000000000000000000, 1.000000000000000000, 0.0000000000000000000 ) ) ;
#827 = DIRECTION ( 'NONE',  ( 0.0000000000000000000, 0.0000000000000000000, 1.000000000000000000 ) ) ;
#828 = ORIENTED_EDGE ( 'NONE', *, *, #1083, .F. ) ;
#829 = DIRECTION ( 'NONE',  ( 0.0000000000000000000, 0.0000000000000000000, -1.000000000000000000 ) ) ;
#830 = ORIENTED_EDGE ( 'NONE', *, *, #2251, .F. ) ;
#831 =( NAMED_UNIT ( * ) PLANE_ANGLE_UNIT ( ) SI_UNIT ( $, .RADIAN. ) );
#832 = ORIENTED_EDGE ( 'NONE', *, *, #2036, .F. ) ;
#833 = CARTESIAN_POINT ( 'NONE',  ( 0.0000000000000000000, -5.479999999999999538, 0.3499999999999999778 ) ) ;
#834 = ORIENTED_EDGE ( 'NONE', *, *, #1048, .T. ) ;
#835 = ORIENTED_EDGE ( 'NONE', *, *, #2898, .F. ) ;
#836 = CARTESIAN_POINT ( 'NONE',  ( 1.149999999999999911, -6.949999999999999289, 3.464101615137749945 ) ) ;
#837 = STYLED_ITEM ( 'NONE', ( #1862 ), #2028 ) ;
#838 = EDGE_CURVE ( 'NONE', #1117, #2832, #1515, .T. ) ;
#839 = EDGE_CURVE ( 'NONE', #2527, #2656, #348, .T. ) ;
#840 = DIRECTION ( 'NONE',  ( 0.0000000000000000000, 1.000000000000000000, 0.0000000000000000000 ) ) ;
#841 = DIRECTION ( 'NONE',  ( 0.0000000000000000000, -1.000000000000000000, 0.0000000000000000000 ) ) ;
#842 = ORIENTED_EDGE ( 'NONE', *, *, #32, .T. ) ;
#843 = DIRECTION ( 'NONE',  ( 0.0000000000000000000, 1.000000000000000000, 0.0000000000000000000 ) ) ;
#844 = DIRECTION ( 'NONE',  ( -0.7071067811865474617, 0.0000000000000000000, -0.7071067811865474617 ) ) ;
#845 = EDGE_CURVE ( 'NONE', #2917, #1985, #94, .T. ) ;
#846 = ADVANCED_FACE ( 'NONE', ( #1437 ), #2046, .T. ) ;
#847 = VERTEX_POINT ( 'NONE', #2956 ) ;
#848 = LINE ( 'NONE', #413, #2177 ) ;
#849 = CARTESIAN_POINT ( 'NONE',  ( 0.0000000000000000000, -7.669999999999999929, -1.760000000000000009 ) ) ;
#850 = ORIENTED_EDGE ( 'NONE', *, *, #1475, .T. ) ;
#851 = DIRECTION ( 'NONE',  ( 0.0000000000000000000, 1.000000000000000000, 1.996804001124379713E-17 ) ) ;
#852 = LINE ( 'NONE', #3186, #2876 ) ;
#853 = CARTESIAN_POINT ( 'NONE',  ( 0.0000000000000000000, 0.1950000000000000067, -7.299999999999999822 ) ) ;
#854 = LINE ( 'NONE', #739, #770 ) ;
#855 = FACE_BOUND ( 'NONE', #947, .T. ) ;
#856 = LINE ( 'NONE', #225, #143 ) ;
#857 = AXIS2_PLACEMENT_3D ( 'NONE', #3298, #1176, #1453 ) ;
#858 = FACE_OUTER_BOUND ( 'NONE', #572, .T. ) ;
#859 = DIRECTION ( 'NONE',  ( 0.0000000000000000000, 1.000000000000000000, 0.0000000000000000000 ) ) ;
#860 = MECHANICAL_DESIGN_GEOMETRIC_PRESENTATION_REPRESENTATION (  '', ( #502 ), #1039 ) ;
#861 = DIRECTION ( 'NONE',  ( 0.0000000000000000000, 0.0000000000000000000, 1.000000000000000000 ) ) ;
#862 = CARTESIAN_POINT ( 'NONE',  ( 0.0000000000000000000, -5.479999999999999538, 3.750000000000000000 ) ) ;
#863 = VECTOR ( 'NONE', #3250, 1000.000000000000000 ) ;
#864 = CARTESIAN_POINT ( 'NONE',  ( 0.0000000000000000000, -6.949999999999999289, -3.810000000000000053 ) ) ;
#865 = CARTESIAN_POINT ( 'NONE',  ( 0.2550000000000000044, -6.850000000000000533, -5.551115123125779744E-16 ) ) ;
#866 = ORIENTED_EDGE ( 'NONE', *, *, #60, .T. ) ;
#867 = FACE_OUTER_BOUND ( 'NONE', #693, .T. ) ;
#868 = ORIENTED_EDGE ( 'NONE', *, *, #153, .T. ) ;
#869 = ORIENTED_EDGE ( 'NONE', *, *, #3284, .F. ) ;
#870 = ORIENTED_EDGE ( 'NONE', *, *, #2480, .F. ) ;
#871 = CARTESIAN_POINT ( 'NONE',  ( -1.250000000000000000, -5.479999999999999538, 0.4500000000000000111 ) ) ;
#872 = CARTESIAN_POINT ( 'NONE',  ( 1.239999999999999991, -3.524999999999999911, -3.459999999999999964 ) ) ;
#873 = EDGE_CURVE ( 'NONE', #2775, #1389, #2755, .T. ) ;
#874 = CARTESIAN_POINT ( 'NONE',  ( 0.0000000000000000000, -7.049999999999999822, 3.050000000000000266 ) ) ;
#875 = VERTEX_POINT ( 'NONE', #1383 ) ;
#876 = DIRECTION ( 'NONE',  ( 0.0000000000000000000, 0.0000000000000000000, -1.000000000000000000 ) ) ;
#877 = EDGE_LOOP ( 'NONE', ( #1683, #48, #617, #830 ) ) ;
#878 = ORIENTED_EDGE ( 'NONE', *, *, #2856, .T. ) ;
#879 = EDGE_CURVE ( 'NONE', #1007, #2649, #721, .T. ) ;
#880 = ORIENTED_EDGE ( 'NONE', *, *, #3110, .T. ) ;
#881 = CARTESIAN_POINT ( 'NONE',  ( 1.250000000000000000, -6.949999999999999289, 0.4500000000000000111 ) ) ;
#882 = STYLED_ITEM ( 'NONE', ( #1859 ), #2459 ) ;
#883 = EDGE_CURVE ( 'NONE', #534, #2999, #1349, .T. ) ;
#884 = CARTESIAN_POINT ( 'NONE',  ( -4.531193156845195354E-16, -7.049999999999999822, 3.649999999999999911 ) ) ;
#885 = CLOSED_SHELL ( 'NONE', ( #1962, #2244, #2221, #583, #1000, #2743 ) ) ;
#886 = DIRECTION ( 'NONE',  ( -1.224646799147350002E-16, 0.0000000000000000000, 1.000000000000000000 ) ) ;
#887 = DIRECTION ( 'NONE',  ( 0.0000000000000000000, 1.000000000000000000, 0.0000000000000000000 ) ) ;
#888 = AXIS2_PLACEMENT_3D ( 'NONE', #465, #2322, #729 ) ;
#889 = ORIENTED_EDGE ( 'NONE', *, *, #3447, .T. ) ;
#890 = VERTEX_POINT ( 'NONE', #2705 ) ;
#891 = VECTOR ( 'NONE', #1706, 1000.000000000000000 ) ;
#892 = VERTEX_POINT ( 'NONE', #1650 ) ;
#893 = LINE ( 'NONE', #2063, #3297 ) ;
#894 = CARTESIAN_POINT ( 'NONE',  ( 0.0000000000000000000, -2.305000000000000160, -7.299999999999999822 ) ) ;
#895 = EDGE_CURVE ( 'NONE', #2954, #470, #1968, .T. ) ;
#896 = CARTESIAN_POINT ( 'NONE',  ( 0.0000000000000000000, -7.570000000000000284, 2.050000000000000266 ) ) ;
#897 = LINE ( 'NONE', #2332, #2136 ) ;
#898 = CARTESIAN_POINT ( 'NONE',  ( 0.0000000000000000000, -7.259999999999999787, -1.760000000000000009 ) ) ;
#899 = FACE_OUTER_BOUND ( 'NONE', #1494, .T. ) ;
#900 = LINE ( 'NONE', #925, #2929 ) ;
#901 = DIRECTION ( 'NONE',  ( -1.000000000000000000, 0.0000000000000000000, 0.0000000000000000000 ) ) ;
#902 = ADVANCED_FACE ( 'NONE', ( #3378 ), #1096, .T. ) ;
#903 = FACE_OUTER_BOUND ( 'NONE', #3153, .T. ) ;
#904 = FACE_OUTER_BOUND ( 'NONE', #204, .T. ) ;
#905 = AXIS2_PLACEMENT_3D ( 'NONE', #1613, #8, #3199 ) ;
#906 = EDGE_CURVE ( 'NONE', #2538, #763, #1600, .T. ) ;
#907 = ORIENTED_EDGE ( 'NONE', *, *, #1487, .F. ) ;
#908 = AXIS2_PLACEMENT_3D ( 'NONE', #2813, #422, #918 ) ;
#909 = PLANE ( 'NONE',  #3157 ) ;
#910 = CARTESIAN_POINT ( 'NONE',  ( 0.0000000000000000000, -7.570000000000000284, 2.050000000000000266 ) ) ;
#911 = CARTESIAN_POINT ( 'NONE',  ( -0.2550000000000000044, -4.349999999999999645, -5.551115123125779744E-16 ) ) ;
#912 = ORIENTED_EDGE ( 'NONE', *, *, #780, .F. ) ;
#913 = EDGE_CURVE ( 'NONE', #31, #405, #556, .T. ) ;
#914 = CARTESIAN_POINT ( 'NONE',  ( -1.239999999999999991, -5.479999999999999538, -0.06000000000000000472 ) ) ;
#915 = DIRECTION ( 'NONE',  ( 0.0000000000000000000, 1.000000000000000000, 0.0000000000000000000 ) ) ;
#916 = ORIENTED_EDGE ( 'NONE', *, *, #490, .F. ) ;
#917 = VERTEX_POINT ( 'NONE', #1369 ) ;
#918 = DIRECTION ( 'NONE',  ( 6.123233995736770966E-17, 0.0000000000000000000, 1.000000000000000000 ) ) ;
#919 = EDGE_LOOP ( 'NONE', ( #2820, #1628, #1893, #2904 ) ) ;
#920 = ADVANCED_FACE ( 'NONE', ( #2590 ), #2675, .T. ) ;
#921 = CARTESIAN_POINT ( 'NONE',  ( 0.3339900397694209877, 6.850000000000000533, -1.000000000000000000 ) ) ;
#922 = ORIENTED_EDGE ( 'NONE', *, *, #2688, .F. ) ;
#923 = CARTESIAN_POINT ( 'NONE',  ( -0.2550000000000000044, -1.794999999999999929, -5.551115123125779744E-16 ) ) ;
#924 = VERTEX_POINT ( 'NONE', #2165 ) ;
#925 = CARTESIAN_POINT ( 'NONE',  ( -1.239999999999999991, 0.0000000000000000000, 4.299999999999999822 ) ) ;
#926 = AXIS2_PLACEMENT_3D ( 'NONE', #2717, #1410, #841 ) ;
#927 = DIRECTION ( 'NONE',  ( 0.5773502691896278405, -0.5773502691896233996, -0.5773502691896261751 ) ) ;
#928 = VERTEX_POINT ( 'NONE', #3 ) ;
#929 = LINE ( 'NONE', #3249, #2248 ) ;
#930 = VERTEX_POINT ( 'NONE', #2123 ) ;
#931 = ORIENTED_EDGE ( 'NONE', *, *, #3305, .F. ) ;
#932 = VECTOR ( 'NONE', #2324, 1000.000000000000000 ) ;
#933 = CYLINDRICAL_SURFACE ( 'NONE', #3466, 0.1000000000000001443 ) ;
#934 = ADVANCED_FACE ( 'NONE', ( #1181 ), #2511, .T. ) ;
#935 = PRODUCT_DEFINITION ( 'UNKNOWN', '', #1114, #1578 ) ;
#936 = LINE ( 'NONE', #736, #482 ) ;
#937 = CARTESIAN_POINT ( 'NONE',  ( -1.149999999999999911, -6.949999999999999289, 3.464101615137749945 ) ) ;
#938 = DIRECTION ( 'NONE',  ( -1.000000000000000000, 0.0000000000000000000, 0.0000000000000000000 ) ) ;
#939 = SPHERICAL_SURFACE ( 'NONE', #2896, 0.1000000000000000056 ) ;
#940 = DIRECTION ( 'NONE',  ( -1.000000000000000000, 0.0000000000000000000, 0.0000000000000000000 ) ) ;
#941 = VECTOR ( 'NONE', #2508, 1000.000000000000000 ) ;
#942 = LINE ( 'NONE', #2166, #230 ) ;
#943 = ORIENTED_EDGE ( 'NONE', *, *, #2715, .T. ) ;
#944 = DIRECTION ( 'NONE',  ( 0.0000000000000000000, 1.000000000000000000, 0.0000000000000000000 ) ) ;
#945 = CARTESIAN_POINT ( 'NONE',  ( 0.0000000000000000000, 5.355000000000000426, -0.3499999999999999778 ) ) ;
#946 = ORIENTED_EDGE ( 'NONE', *, *, #40, .T. ) ;
#947 = EDGE_LOOP ( 'NONE', ( #2156, #1032 ) ) ;
#948 = AXIS2_PLACEMENT_3D ( 'NONE', #187, #2041, #458 ) ;
#949 = EDGE_CURVE ( 'NONE', #1401, #473, #642, .T. ) ;
#950 = EDGE_CURVE ( 'NONE', #254, #1917, #474, .T. ) ;
#951 = DIRECTION ( 'NONE',  ( -0.5773502691896278405, -0.5773502691896233996, -0.5773502691896261751 ) ) ;
#952 = EDGE_LOOP ( 'NONE', ( #3366, #2176, #1163, #3248, #92, #3280 ) ) ;
#953 = VERTEX_POINT ( 'NONE', #613 ) ;
#954 = EDGE_CURVE ( 'NONE', #1038, #3198, #1892, .T. ) ;
#955 = STYLED_ITEM ( 'NONE', ( #778 ), #3013 ) ;
#956 = ORIENTED_EDGE ( 'NONE', *, *, #53, .F. ) ;
#957 = DIRECTION ( 'NONE',  ( 0.0000000000000000000, -1.000000000000000000, 0.0000000000000000000 ) ) ;
#958 = ORIENTED_EDGE ( 'NONE', *, *, #2788, .T. ) ;
#959 = EDGE_LOOP ( 'NONE', ( #2068, #3204, #3092, #2737 ) ) ;
#960 = DIRECTION ( 'NONE',  ( 1.000000000000000000, 0.0000000000000000000, 0.0000000000000000000 ) ) ;
#961 = ORIENTED_EDGE ( 'NONE', *, *, #2513, .T. ) ;
#962 = CARTESIAN_POINT ( 'NONE',  ( 0.0000000000000000000, 2.694999999999999840, -5.551115123125779744E-16 ) ) ;
#963 = CARTESIAN_POINT ( 'NONE',  ( 1.250000000000000000, -7.049999999999999822, -0.3458983848622450008 ) ) ;
#964 = CARTESIAN_POINT ( 'NONE',  ( -1.149999999999999911, -6.657500000000000639, -3.360000000000000320 ) ) ;
#965 = ORIENTED_EDGE ( 'NONE', *, *, #1799, .F. ) ;
#966 = VECTOR ( 'NONE', #1686, 1000.000000000000000 ) ;
#967 = AXIS2_PLACEMENT_3D ( 'NONE', #1800, #2060, #472 ) ;
#968 = CARTESIAN_POINT ( 'NONE',  ( -1.149999999999999911, -6.949999999999999289, -3.360000000000000320 ) ) ;
#969 = DIRECTION ( 'NONE',  ( -0.8108848540793819337, 0.0000000000000000000, 0.5852057359806545067 ) ) ;
#970 = AXIS2_PLACEMENT_3D ( 'NONE', #3237, #1901, #371 ) ;
#971 = VERTEX_POINT ( 'NONE', #3208 ) ;
#972 = DIRECTION ( 'NONE',  ( 0.0000000000000000000, -1.000000000000000000, 0.0000000000000000000 ) ) ;
#973 = ORIENTED_EDGE ( 'NONE', *, *, #2195, .F. ) ;
#974 = LINE ( 'NONE', #1121, #256 ) ;
#975 = ORIENTED_EDGE ( 'NONE', *, *, #2082, .T. ) ;
#976 = FACE_OUTER_BOUND ( 'NONE', #113, .T. ) ;
#977 = PLANE ( 'NONE',  #2827 ) ;
#978 = PLANE ( 'NONE',  #2994 ) ;
#979 = ADVANCED_FACE ( 'NONE', ( #3213 ), #2672, .T. ) ;
#980 = LINE ( 'NONE', #997, #3100 ) ;
#981 = COLOUR_RGB ( '',0.8196078431372548767, 0.8000000000000000444, 0.7529411764705882248 ) ;
#982 = CARTESIAN_POINT ( 'NONE',  ( 1.239999999999999991, 6.850000000000000533, 4.299999999999999822 ) ) ;
#983 = VECTOR ( 'NONE', #2247, 1000.000000000000000 ) ;
#984 = DIRECTION ( 'NONE',  ( 6.123233995736770966E-17, 0.0000000000000000000, 1.000000000000000000 ) ) ;
#985 = VECTOR ( 'NONE', #2995, 1000.000000000000000 ) ;
#986 = DIRECTION ( 'NONE',  ( 0.0000000000000000000, 0.0000000000000000000, 1.000000000000000000 ) ) ;
#987 = CARTESIAN_POINT ( 'NONE',  ( 0.0000000000000000000, -7.570000000000000284, 2.050000000000000266 ) ) ;
#988 = SURFACE_SIDE_STYLE ('',( #100 ) ) ;
#989 = DIRECTION ( 'NONE',  ( -1.000000000000000000, 0.0000000000000000000, 0.0000000000000000000 ) ) ;
#990 = ORIENTED_EDGE ( 'NONE', *, *, #845, .F. ) ;
#991 = LINE ( 'NONE', #314, #363 ) ;
#992 = DIRECTION ( 'NONE',  ( 1.000000000000000000, 0.0000000000000000000, 0.0000000000000000000 ) ) ;
#993 = ORIENTED_EDGE ( 'NONE', *, *, #694, .T. ) ;
#994 = AXIS2_PLACEMENT_3D ( 'NONE', #2893, #785, #2637 ) ;
#995 = CARTESIAN_POINT ( 'NONE',  ( 0.0000000000000000000, -3.310000000000000053, -1.760000000000000009 ) ) ;
#996 = CARTESIAN_POINT ( 'NONE',  ( 0.0000000000000000000, -5.479999999999999538, -3.459999999999999964 ) ) ;
#997 = CARTESIAN_POINT ( 'NONE',  ( -1.149999999999999911, -6.657500000000000639, -3.459999999999999964 ) ) ;
#998 = VERTEX_POINT ( 'NONE', #2937 ) ;
#999 = AXIS2_PLACEMENT_3D ( 'NONE', #2694, #1105, #2955 ) ;
#1000 = ADVANCED_FACE ( 'NONE', ( #3131 ), #1935, .T. ) ;
#1001 =( NAMED_UNIT ( * ) SI_UNIT ( $, .STERADIAN. ) SOLID_ANGLE_UNIT ( ) );
#1002 = ORIENTED_EDGE ( 'NONE', *, *, #3284, .T. ) ;
#1003 = ORIENTED_EDGE ( 'NONE', *, *, #3397, .F. ) ;
#1004 = AXIS2_PLACEMENT_3D ( 'NONE', #2883, #1309, #3163 ) ;
#1005 = ORIENTED_EDGE ( 'NONE', *, *, #102, .F. ) ;
#1006 = DIRECTION ( 'NONE',  ( 0.7071067811865467956, 6.776263578034402713E-16, 0.7071067811865482389 ) ) ;
#1007 = VERTEX_POINT ( 'NONE', #2138 ) ;
#1008 = DIRECTION ( 'NONE',  ( 0.0000000000000000000, -1.000000000000000000, 0.0000000000000000000 ) ) ;
#1009 = LINE ( 'NONE', #1044, #1269 ) ;
#1010 = LINE ( 'NONE', #2973, #3044 ) ;
#1011 = DIRECTION ( 'NONE',  ( 0.0000000000000000000, 0.0000000000000000000, 1.000000000000000000 ) ) ;
#1012 = AXIS2_PLACEMENT_3D ( 'NONE', #2733, #887, #1161 ) ;
#1013 = CARTESIAN_POINT ( 'NONE',  ( -0.1669950198847099665, -2.383990039769420477, -2.000000000000000000 ) ) ;
#1014 = ORIENTED_EDGE ( 'NONE', *, *, #1015, .F. ) ;
#1015 = EDGE_CURVE ( 'NONE', #2454, #31, #1099, .T. ) ;
#1016 = EDGE_CURVE ( 'NONE', #797, #337, #385, .T. ) ;
#1017 = DIRECTION ( 'NONE',  ( 1.000000000000000000, 0.0000000000000000000, 0.0000000000000000000 ) ) ;
#1018 = AXIS2_PLACEMENT_3D ( 'NONE', #2419, #1102, #2387 ) ;
#1019 = LINE ( 'NONE', #3028, #2346 ) ;
#1020 = VECTOR ( 'NONE', #803, 1000.000000000000000 ) ;
#1021 = EDGE_CURVE ( 'NONE', #1744, #1623, #1717, .T. ) ;
#1022 = VECTOR ( 'NONE', #724, 1000.000000000000000 ) ;
#1023 = AXIS2_PLACEMENT_3D ( 'NONE', #1118, #589, #2450 ) ;
#1024 = CARTESIAN_POINT ( 'NONE',  ( -0.8599999999999999867, 6.850000000000000533, -4.299999999999999822 ) ) ;
#1025 = VECTOR ( 'NONE', #1011, 1000.000000000000000 ) ;
#1026 = CYLINDRICAL_SURFACE ( 'NONE', #1318, 0.1000000000000001443 ) ;
#1027 = DIRECTION ( 'NONE',  ( 0.0000000000000000000, -1.000000000000000000, 0.0000000000000000000 ) ) ;
#1028 = CARTESIAN_POINT ( 'NONE',  ( 0.0000000000000000000, -7.020710678118654791, 0.3792893218813451761 ) ) ;
#1029 = DIRECTION ( 'NONE',  ( 0.0000000000000000000, 0.0000000000000000000, -1.000000000000000000 ) ) ;
#1030 = ORIENTED_EDGE ( 'NONE', *, *, #1972, .T. ) ;
#1031 = ORIENTED_EDGE ( 'NONE', *, *, #412, .F. ) ;
#1032 = ORIENTED_EDGE ( 'NONE', *, *, #2898, .T. ) ;
#1033 = ORIENTED_EDGE ( 'NONE', *, *, #2976, .T. ) ;
#1034 = DIRECTION ( 'NONE',  ( -1.000000000000000000, 0.0000000000000000000, 0.0000000000000000000 ) ) ;
#1035 = VERTEX_POINT ( 'NONE', #327 ) ;
#1036 = AXIS2_PLACEMENT_3D ( 'NONE', #1775, #972, #3102 ) ;
#1037 = CARTESIAN_POINT ( 'NONE',  ( 0.0000000000000000000, -1.794999999999999929, -7.299999999999999822 ) ) ;
#1038 = VERTEX_POINT ( 'NONE', #540 ) ;
#1039 =( GEOMETRIC_REPRESENTATION_CONTEXT ( 3 ) GLOBAL_UNCERTAINTY_ASSIGNED_CONTEXT ( ( #1635 ) ) GLOBAL_UNIT_ASSIGNED_CONTEXT ( ( #3264, #1416, #1001 ) ) REPRESENTATION_CONTEXT ( 'NONE', 'WORKASPACE' ) );
#1040 = DIRECTION ( 'NONE',  ( 0.0000000000000000000, 1.000000000000000000, 0.0000000000000000000 ) ) ;
#1041 = ORIENTED_EDGE ( 'NONE', *, *, #350, .F. ) ;
#1042 = EDGE_LOOP ( 'NONE', ( #2938, #2115, #2217, #2375 ) ) ;
#1043 = CARTESIAN_POINT ( 'NONE',  ( -1.181506849315069996, -7.049999999999999822, 3.559008508703170204 ) ) ;
#1044 = CARTESIAN_POINT ( 'NONE',  ( -1.220710678118654746, -7.020710678118654791, -0.9100000000000000311 ) ) ;
#1045 = DIRECTION ( 'NONE',  ( -1.000000000000000000, 0.0000000000000000000, 0.0000000000000000000 ) ) ;
#1046 = CARTESIAN_POINT ( 'NONE',  ( -0.2550000000000000044, 5.355000000000000426, -0.3499999999999999778 ) ) ;
#1047 = ORIENTED_EDGE ( 'NONE', *, *, #1949, .T. ) ;
#1048 = EDGE_CURVE ( 'NONE', #134, #847, #303, .T. ) ;
#1049 = CARTESIAN_POINT ( 'NONE',  ( 0.0000000000000000000, -6.949999999999999289, 0.4500000000000000111 ) ) ;
#1050 = ORIENTED_EDGE ( 'NONE', *, *, #228, .F. ) ;
#1051 = LINE ( 'NONE', #743, #3086 ) ;
#1052 = ADVANCED_FACE ( 'NONE', ( #2421 ), #1125, .F. ) ;
#1053 = FACE_OUTER_BOUND ( 'NONE', #665, .T. ) ;
#1054 = ORIENTED_EDGE ( 'NONE', *, *, #949, .F. ) ;
#1055 = ORIENTED_EDGE ( 'NONE', *, *, #2620, .T. ) ;
#1056 = VECTOR ( 'NONE', #1143, 1000.000000000000000 ) ;
#1057 = ORIENTED_EDGE ( 'NONE', *, *, #1627, .T. ) ;
#1058 = EDGE_CURVE ( 'NONE', #218, #3209, #1010, .T. ) ;
#1059 = VECTOR ( 'NONE', #467, 1000.000000000000000 ) ;
#1060 = DIRECTION ( 'NONE',  ( 0.0000000000000000000, 0.0000000000000000000, 1.000000000000000000 ) ) ;
#1061 = LINE ( 'NONE', #3372, #2388 ) ;
#1062 = CARTESIAN_POINT ( 'NONE',  ( 1.220710678118654746, -7.020710678118654791, 0.4500000000000000111 ) ) ;
#1063 = VECTOR ( 'NONE', #1234, 1000.000000000000000 ) ;
#1064 = PRESENTATION_LAYER_ASSIGNMENT (  '', '', ( #882 ) ) ;
#1065 = EDGE_CURVE ( 'NONE', #2754, #2344, #2342, .T. ) ;
#1066 = CARTESIAN_POINT ( 'NONE',  ( -1.239999999999999991, -2.739999999999999769, -0.06000000000000000472 ) ) ;
#1067 = LINE ( 'NONE', #1777, #3104 ) ;
#1068 = AXIS2_PLACEMENT_3D ( 'NONE', #2577, #182, #1248 ) ;
#1069 = EDGE_CURVE ( 'NONE', #2157, #1874, #929, .T. ) ;
#1070 = LINE ( 'NONE', #2726, #985 ) ;
#1071 = ADVANCED_FACE ( 'NONE', ( #1637 ), #2870, .T. ) ;
#1072 = CARTESIAN_POINT ( 'NONE',  ( 0.0000000000000000000, 2.694999999999999840, -4.299999999999999822 ) ) ;
#1073 = ORIENTED_EDGE ( 'NONE', *, *, #3291, .T. ) ;
#1074 = EDGE_CURVE ( 'NONE', #847, #2124, #133, .T. ) ;
#1075 = CARTESIAN_POINT ( 'NONE',  ( 0.2550000000000000044, -2.305000000000000160, -4.299999999999999822 ) ) ;
#1076 = CARTESIAN_POINT ( 'NONE',  ( 1.149999999999999911, -6.657500000000000639, -3.459999999999999964 ) ) ;
#1077 = CARTESIAN_POINT ( 'NONE',  ( 0.2550000000000000044, 5.195000000000000284, -7.299999999999999822 ) ) ;
#1078 = EDGE_LOOP ( 'NONE', ( #1392, #1754, #1145, #2278, #740, #2947 ) ) ;
#1079 = ORIENTED_EDGE ( 'NONE', *, *, #1065, .F. ) ;
#1080 = ORIENTED_EDGE ( 'NONE', *, *, #2010, .T. ) ;
#1081 = DIRECTION ( 'NONE',  ( 0.8108848540793827109, 0.0000000000000000000, 0.5852057359806533965 ) ) ;
#1082 = AXIS2_PLACEMENT_3D ( 'NONE', #2677, #1359, #3210 ) ;
#1083 = EDGE_CURVE ( 'NONE', #1676, #754, #848, .T. ) ;
#1084 = EDGE_LOOP ( 'NONE', ( #3111, #3167, #870, #786 ) ) ;
#1085 = AXIS2_PLACEMENT_3D ( 'NONE', #2405, #1636, #2429 ) ;
#1086 = VERTEX_POINT ( 'NONE', #1077 ) ;
#1087 = FILL_AREA_STYLE ('',( #802 ) ) ;
#1088 = DIRECTION ( 'NONE',  ( 0.0000000000000000000, -1.000000000000000000, 0.0000000000000000000 ) ) ;
#1089 = DIRECTION ( 'NONE',  ( -0.7071067811865474617, 0.0000000000000000000, -0.7071067811865474617 ) ) ;
#1090 = CIRCLE ( 'NONE', #2592, 3.750000000000000000 ) ;
#1091 = DIRECTION ( 'NONE',  ( 0.0000000000000000000, 0.0000000000000000000, -1.000000000000000000 ) ) ;
#1092 = EDGE_LOOP ( 'NONE', ( #1544, #628 ) ) ;
#1093 = EDGE_CURVE ( 'NONE', #423, #2917, #764, .T. ) ;
#1094 = ADVANCED_FACE ( 'NONE', ( #2958 ), #2306, .T. ) ;
#1095 = ORIENTED_EDGE ( 'NONE', *, *, #2729, .T. ) ;
#1096 = PLANE ( 'NONE',  #1867 ) ;
#1097 = CARTESIAN_POINT ( 'NONE',  ( 0.0000000000000000000, -6.949999999999999289, -3.360000000000000320 ) ) ;
#1098 = DIRECTION ( 'NONE',  ( 0.0000000000000000000, 1.000000000000000000, 0.0000000000000000000 ) ) ;
#1099 = CIRCLE ( 'NONE', #3286, 0.4999372807598558843 ) ;
#1100 = VERTEX_POINT ( 'NONE', #2791 ) ;
#1101 = ORIENTED_EDGE ( 'NONE', *, *, #3404, .F. ) ;
#1102 = DIRECTION ( 'NONE',  ( 0.0000000000000000000, -1.000000000000000000, 0.0000000000000000000 ) ) ;
#1103 = LINE ( 'NONE', #911, #3048 ) ;
#1104 = VECTOR ( 'NONE', #2651, 1000.000000000000000 ) ;
#1105 = DIRECTION ( 'NONE',  ( 0.0000000000000000000, 1.000000000000000000, 0.0000000000000000000 ) ) ;
#1106 = CIRCLE ( 'NONE', #1214, 0.9000000000000000222 ) ;
#1107 = LINE ( 'NONE', #2042, #1022 ) ;
#1108 = ADVANCED_FACE ( 'NONE', ( #50 ), #1209, .T. ) ;
#1109 = LINE ( 'NONE', #481, #2433 ) ;
#1110 = DIRECTION ( 'NONE',  ( 0.7071067811865474617, -0.7071067811865474617, 0.0000000000000000000 ) ) ;
#1111 = VECTOR ( 'NONE', #2488, 1000.000000000000000 ) ;
#1112 = DIRECTION ( 'NONE',  ( 0.0000000000000000000, -1.000000000000000000, 0.0000000000000000000 ) ) ;
#1113 = ORIENTED_EDGE ( 'NONE', *, *, #2771, .T. ) ;
#1114 = PRODUCT_DEFINITION_FORMATION_WITH_SPECIFIED_SOURCE ( 'ANY', '', #2532, .NOT_KNOWN. ) ;
#1115 = ORIENTED_EDGE ( 'NONE', *, *, #411, .T. ) ;
#1116 = CARTESIAN_POINT ( 'NONE',  ( 1.149999999999999911, -7.049999999999999822, -0.3458983848622460000 ) ) ;
#1117 = VERTEX_POINT ( 'NONE', #2519 ) ;
#1118 = CARTESIAN_POINT ( 'NONE',  ( 0.0000000000000000000, -7.049999999999999822, -0.06000000000000000472 ) ) ;
#1119 = DIRECTION ( 'NONE',  ( 1.000000000000000000, 0.0000000000000000000, 0.0000000000000000000 ) ) ;
#1120 = EDGE_CURVE ( 'NONE', #80, #3244, #2795, .T. ) ;
#1121 = CARTESIAN_POINT ( 'NONE',  ( -1.250000000000000000, -6.657500000000000639, 0.4500000000000000111 ) ) ;
#1122 = CARTESIAN_POINT ( 'NONE',  ( -0.2550000000000000044, -1.794999999999999929, -4.299999999999999822 ) ) ;
#1123 = ORIENTED_EDGE ( 'NONE', *, *, #1246, .F. ) ;
#1124 = VERTEX_POINT ( 'NONE', #1522 ) ;
#1125 = PLANE ( 'NONE',  #1085 ) ;
#1126 = ORIENTED_EDGE ( 'NONE', *, *, #2507, .F. ) ;
#1127 = ORIENTED_EDGE ( 'NONE', *, *, #266, .T. ) ;
#1128 = CARTESIAN_POINT ( 'NONE',  ( -1.149999999999999911, -7.049999999999999822, -0.3458983848622450008 ) ) ;
#1129 = DIRECTION ( 'NONE',  ( 0.0000000000000000000, 1.000000000000000000, 0.0000000000000000000 ) ) ;
#1130 = AXIS2_PLACEMENT_3D ( 'NONE', #995, #2845, #1263 ) ;
#1131 = EDGE_CURVE ( 'NONE', #2114, #2448, #1473, .T. ) ;
#1132 = EDGE_CURVE ( 'NONE', #2448, #1533, #2086, .T. ) ;
#1133 = ORIENTED_EDGE ( 'NONE', *, *, #2158, .F. ) ;
#1134 = DIRECTION ( 'NONE',  ( 1.000000000000000000, 0.0000000000000000000, 0.0000000000000000000 ) ) ;
#1135 = DIRECTION ( 'NONE',  ( 0.0000000000000000000, 0.0000000000000000000, -1.000000000000000000 ) ) ;
#1136 = DIRECTION ( 'NONE',  ( 1.000000000000000000, 0.0000000000000000000, 0.0000000000000000000 ) ) ;
#1137 = EDGE_CURVE ( 'NONE', #2618, #3121, #676, .T. ) ;
#1138 = AXIS2_PLACEMENT_3D ( 'NONE', #898, #3279, #2213 ) ;
#1139 = ORIENTED_EDGE ( 'NONE', *, *, #1692, .F. ) ;
#1140 = ORIENTED_EDGE ( 'NONE', *, *, #266, .F. ) ;
#1141 = TOROIDAL_SURFACE ( 'NONE', #3415, 3.649999999999999911, 0.1000000000000000056 ) ;
#1142 = CYLINDRICAL_SURFACE ( 'NONE', #3400, 0.1000000000000001443 ) ;
#1143 = DIRECTION ( 'NONE',  ( 0.0000000000000000000, 1.000000000000000000, 0.0000000000000000000 ) ) ;
#1144 = LINE ( 'NONE', #1572, #2752 ) ;
#1145 = ORIENTED_EDGE ( 'NONE', *, *, #2546, .T. ) ;
#1146 = ORIENTED_EDGE ( 'NONE', *, *, #102, .T. ) ;
#1147 = DIRECTION ( 'NONE',  ( 0.0000000000000000000, -1.000000000000000000, 0.0000000000000000000 ) ) ;
#1148 = VECTOR ( 'NONE', #2942, 1000.000000000000000 ) ;
#1149 = ORIENTED_EDGE ( 'NONE', *, *, #1960, .F. ) ;
#1150 = CARTESIAN_POINT ( 'NONE',  ( -1.149999999999999911, -6.949999999999999289, 0.4500000000000000111 ) ) ;
#1151 = LINE ( 'NONE', #2301, #352 ) ;
#1152 = LINE ( 'NONE', #1076, #3179 ) ;
#1153 = CYLINDRICAL_SURFACE ( 'NONE', #354, 0.3499999999999998668 ) ;
#1154 = CARTESIAN_POINT ( 'NONE',  ( 1.231088485407938249, -5.479999999999999538, -0.2873778112641796612 ) ) ;
#1155 = AXIS2_PLACEMENT_3D ( 'NONE', #594, #2452, #1135 ) ;
#1156 =( NAMED_UNIT ( * ) PLANE_ANGLE_UNIT ( ) SI_UNIT ( $, .RADIAN. ) );
#1157 = CARTESIAN_POINT ( 'NONE',  ( -1.149999999999999911, -6.949999999999999289, -3.360000000000000320 ) ) ;
#1158 = CARTESIAN_POINT ( 'NONE',  ( 0.0000000000000000000, 3.205000000000000071, -5.551115123125779744E-16 ) ) ;
#1159 = CARTESIAN_POINT ( 'NONE',  ( 1.239999999999999991, -3.524999999999999911, 0.3499999999999999778 ) ) ;
#1160 = CIRCLE ( 'NONE', #1173, 0.5000000000000000000 ) ;
#1161 = DIRECTION ( 'NONE',  ( 0.7071067811865474617, 0.0000000000000000000, -0.7071067811865474617 ) ) ;
#1162 = ORIENTED_EDGE ( 'NONE', *, *, #3456, .F. ) ;
#1163 = ORIENTED_EDGE ( 'NONE', *, *, #2158, .T. ) ;
#1164 = CARTESIAN_POINT ( 'NONE',  ( -1.239999999999999991, 6.850000000000000533, -4.299999999999999822 ) ) ;
#1165 = VERTEX_POINT ( 'NONE', #3304 ) ;
#1166 = ADVANCED_FACE ( 'NONE', ( #2710 ), #1555, .T. ) ;
#1167 = DIRECTION ( 'NONE',  ( 0.0000000000000000000, -1.000000000000000000, 0.0000000000000000000 ) ) ;
#1168 = CARTESIAN_POINT ( 'NONE',  ( 1.149999999999999911, -6.949999999999999289, -3.459999999999999964 ) ) ;
#1169 = EDGE_LOOP ( 'NONE', ( #1050, #789, #3253, #93 ) ) ;
#1170 = VERTEX_POINT ( 'NONE', #3340 ) ;
#1171 = AXIS2_PLACEMENT_3D ( 'NONE', #215, #1805, #1027 ) ;
#1172 = DIRECTION ( 'NONE',  ( 0.0000000000000000000, 0.0000000000000000000, 1.000000000000000000 ) ) ;
#1173 = AXIS2_PLACEMENT_3D ( 'NONE', #1922, #323, #2182 ) ;
#1174 = DIRECTION ( 'NONE',  ( 1.000000000000000000, 0.0000000000000000000, 0.0000000000000000000 ) ) ;
#1175 = EDGE_LOOP ( 'NONE', ( #2374, #1704, #2356, #201, #2889 ) ) ;
#1176 = DIRECTION ( 'NONE',  ( 0.0000000000000000000, 1.000000000000000000, 0.0000000000000000000 ) ) ;
#1177 = DIRECTION ( 'NONE',  ( 1.000000000000000000, 0.0000000000000000000, 0.0000000000000000000 ) ) ;
#1178 = ADVANCED_FACE ( 'NONE', ( #2631 ), #599, .T. ) ;
#1179 = AXIS2_PLACEMENT_3D ( 'NONE', #2614, #1829, #227 ) ;
#1180 = ORIENTED_EDGE ( 'NONE', *, *, #1597, .F. ) ;
#1181 = FACE_OUTER_BOUND ( 'NONE', #1879, .T. ) ;
#1182 = ORIENTED_EDGE ( 'NONE', *, *, #761, .F. ) ;
#1183 = CARTESIAN_POINT ( 'NONE',  ( -1.149999999999999911, -6.949999999999999289, 0.4500000000000000111 ) ) ;
#1184 = CYLINDRICAL_SURFACE ( 'NONE', #811, 0.5000000000000000000 ) ;
#1185 = LINE ( 'NONE', #1325, #1104 ) ;
#1186 = DIRECTION ( 'NONE',  ( 0.0000000000000000000, 0.0000000000000000000, 1.000000000000000000 ) ) ;
#1187 = FACE_OUTER_BOUND ( 'NONE', #1824, .T. ) ;
#1188 = FACE_OUTER_BOUND ( 'NONE', #408, .T. ) ;
#1189 = DIRECTION ( 'NONE',  ( 1.000000000000000000, 0.0000000000000000000, 0.0000000000000000000 ) ) ;
#1190 = FACE_OUTER_BOUND ( 'NONE', #492, .T. ) ;
#1191 = DIRECTION ( 'NONE',  ( 0.0000000000000000000, 5.551115123125780336E-15, -1.000000000000000000 ) ) ;
#1192 = FACE_OUTER_BOUND ( 'NONE', #3242, .T. ) ;
#1193 = MECHANICAL_DESIGN_GEOMETRIC_PRESENTATION_REPRESENTATION (  '', ( #837 ), #1380 ) ;
#1194 = EDGE_CURVE ( 'NONE', #1874, #1739, #3336, .T. ) ;
#1195 = EDGE_CURVE ( 'NONE', #3075, #1787, #2002, .T. ) ;
#1196 = ORIENTED_EDGE ( 'NONE', *, *, #2011, .T. ) ;
#1197 = AXIS2_PLACEMENT_3D ( 'NONE', #779, #1589, #3188 ) ;
#1198 = ADVANCED_FACE ( 'NONE', ( #1224 ), #1142, .T. ) ;
#1199 = CARTESIAN_POINT ( 'NONE',  ( 0.3339900397694209877, 5.206610941160949579, -2.000000000000000000 ) ) ;
#1200 = ORIENTED_EDGE ( 'NONE', *, *, #1230, .T. ) ;
#1201 = EDGE_LOOP ( 'NONE', ( #1206, #464, #2874, #3143 ) ) ;
#1202 = EDGE_CURVE ( 'NONE', #2961, #3315, #1844, .T. ) ;
#1203 = AXIS2_PLACEMENT_3D ( 'NONE', #76, #1941, #342 ) ;
#1204 = CARTESIAN_POINT ( 'NONE',  ( -1.220710678118654746, -7.020710678118654791, -0.3458983848622456114 ) ) ;
#1205 = ORIENTED_EDGE ( 'NONE', *, *, #2789, .F. ) ;
#1206 = ORIENTED_EDGE ( 'NONE', *, *, #411, .F. ) ;
#1207 = DIRECTION ( 'NONE',  ( 0.0000000000000000000, 0.0000000000000000000, 1.000000000000000000 ) ) ;
#1208 = DIRECTION ( 'NONE',  ( 0.0000000000000000000, 0.0000000000000000000, 1.000000000000000000 ) ) ;
#1209 = PLANE ( 'NONE',  #2334 ) ;
#1210 = VERTEX_POINT ( 'NONE', #2575 ) ;
#1211 = ORIENTED_EDGE ( 'NONE', *, *, #2899, .T. ) ;
#1212 = ORIENTED_EDGE ( 'NONE', *, *, #1662, .F. ) ;
#1213 = DIRECTION ( 'NONE',  ( 0.0000000000000000000, 1.000000000000000000, 0.0000000000000000000 ) ) ;
#1214 = AXIS2_PLACEMENT_3D ( 'NONE', #3202, #283, #1884 ) ;
#1215 = CARTESIAN_POINT ( 'NONE',  ( -1.181506849315069996, -6.949999999999999289, 3.559008508703170204 ) ) ;
#1216 = DIRECTION ( 'NONE',  ( -5.551115123125780336E-15, 0.0000000000000000000, -1.000000000000000000 ) ) ;
#1217 = AXIS2_PLACEMENT_3D ( 'NONE', #14, #1618, #3142 ) ;
#1218 = ORIENTED_EDGE ( 'NONE', *, *, #525, .T. ) ;
#1219 = DIRECTION ( 'NONE',  ( 0.0000000000000000000, 1.000000000000000000, 0.0000000000000000000 ) ) ;
#1220 = ORIENTED_EDGE ( 'NONE', *, *, #1132, .F. ) ;
#1221 = CARTESIAN_POINT ( 'NONE',  ( -1.239999999999999991, -6.850000000000000533, 3.750000000000000000 ) ) ;
#1222 = VECTOR ( 'NONE', #1295, 1000.000000000000000 ) ;
#1223 = CARTESIAN_POINT ( 'NONE',  ( -1.181506849315069996, -5.479999999999999538, -0.2509914912968279621 ) ) ;
#1224 = FACE_OUTER_BOUND ( 'NONE', #3290, .T. ) ;
#1225 = VERTEX_POINT ( 'NONE', #167 ) ;
#1226 = LINE ( 'NONE', #2132, #515 ) ;
#1227 = DIRECTION ( 'NONE',  ( -0.0000000000000000000, 1.000000000000000000, 0.0000000000000000000 ) ) ;
#1228 = LINE ( 'NONE', #3081, #1854 ) ;
#1229 = FACE_OUTER_BOUND ( 'NONE', #1573, .T. ) ;
#1230 = EDGE_CURVE ( 'NONE', #1891, #461, #1306, .T. ) ;
#1231 = DIRECTION ( 'NONE',  ( 0.3150684931506829156, 0.0000000000000000000, 0.9490689356541799349 ) ) ;
#1232 = CARTESIAN_POINT ( 'NONE',  ( -0.8599999999999999867, -6.850000000000000533, -4.299999999999999822 ) ) ;
#1233 = VECTOR ( 'NONE', #2137, 1000.000000000000000 ) ;
#1234 = DIRECTION ( 'NONE',  ( 0.0000000000000000000, 1.000000000000000000, 0.0000000000000000000 ) ) ;
#1235 = CARTESIAN_POINT ( 'NONE',  ( 1.220710678118654746, -7.020710678118654791, -0.3458983848622453894 ) ) ;
#1236 = FACE_OUTER_BOUND ( 'NONE', #692, .T. ) ;
#1237 = VECTOR ( 'NONE', #901, 1000.000000000000000 ) ;
#1238 = LINE ( 'NONE', #29, #528 ) ;
#1239 = EDGE_CURVE ( 'NONE', #924, #1699, #3259, .T. ) ;
#1240 = PLANE ( 'NONE',  #590 ) ;
#1241 = DIRECTION ( 'NONE',  ( 0.7071067811865474617, 0.0000000000000000000, 0.7071067811865474617 ) ) ;
#1242 = DIRECTION ( 'NONE',  ( 0.0000000000000000000, 0.0000000000000000000, 1.000000000000000000 ) ) ;
#1243 = EDGE_LOOP ( 'NONE', ( #922, #640, #75, #117 ) ) ;
#1244 = ADVANCED_FACE ( 'NONE', ( #2543 ), #2505, .T. ) ;
#1245 = MECHANICAL_DESIGN_GEOMETRIC_PRESENTATION_REPRESENTATION (  '', ( #882 ), #1425 ) ;
#1246 = EDGE_CURVE ( 'NONE', #3075, #134, #427, .T. ) ;
#1247 = EDGE_LOOP ( 'NONE', ( #2343, #2902, #132, #1500 ) ) ;
#1248 = DIRECTION ( 'NONE',  ( -0.8108848540793819337, 0.0000000000000000000, 0.5852057359806545067 ) ) ;
#1249 = DIRECTION ( 'NONE',  ( 0.0000000000000000000, 0.0000000000000000000, -1.000000000000000000 ) ) ;
#1250 = ORIENTED_EDGE ( 'NONE', *, *, #1552, .T. ) ;
#1251 = VECTOR ( 'NONE', #815, 1000.000000000000000 ) ;
#1252 = EDGE_CURVE ( 'NONE', #2583, #2794, #2844, .T. ) ;
#1253 = ORIENTED_EDGE ( 'NONE', *, *, #2080, .F. ) ;
#1254 = CARTESIAN_POINT ( 'NONE',  ( 0.0000000000000000000, 1.770000000000000018, 2.040000000000000036 ) ) ;
#1255 = CARTESIAN_POINT ( 'NONE',  ( -0.3339900397694209877, -2.383990039769420477, -3.919999999999999929 ) ) ;
#1256 = DIRECTION ( 'NONE',  ( 0.0000000000000000000, 1.000000000000000000, 0.0000000000000000000 ) ) ;
#1257 = VERTEX_POINT ( 'NONE', #463 ) ;
#1258 = DIRECTION ( 'NONE',  ( 0.0000000000000000000, 0.7071067811865487940, 0.7071067811865462405 ) ) ;
#1259 = DIRECTION ( 'NONE',  ( 0.0000000000000000000, 0.0000000000000000000, -1.000000000000000000 ) ) ;
#1260 = ORIENTED_EDGE ( 'NONE', *, *, #1444, .T. ) ;
#1261 = DIRECTION ( 'NONE',  ( 1.000000000000000000, 0.0000000000000000000, 0.0000000000000000000 ) ) ;
#1262 =( LENGTH_UNIT ( ) NAMED_UNIT ( * ) SI_UNIT ( .MILLI., .METRE. ) );
#1263 = DIRECTION ( 'NONE',  ( 0.0000000000000000000, -1.000000000000000000, 0.0000000000000000000 ) ) ;
#1264 = PRESENTATION_LAYER_ASSIGNMENT (  '', '', ( #188 ) ) ;
#1265 = ADVANCED_FACE ( 'NONE', ( #1442 ), #2048, .T. ) ;
#1266 = EDGE_CURVE ( 'NONE', #1257, #1427, #2761, .T. ) ;
#1267 = CARTESIAN_POINT ( 'NONE',  ( 1.250000000000000000, -6.949999999999999289, 2.899999999999999911 ) ) ;
#1268 = AXIS2_PLACEMENT_3D ( 'NONE', #1183, #986, #447 ) ;
#1269 = VECTOR ( 'NONE', #3380, 1000.000000000000000 ) ;
#1270 = ORIENTED_EDGE ( 'NONE', *, *, #164, .F. ) ;
#1271 = VECTOR ( 'NONE', #313, 1000.000000000000000 ) ;
#1272 = ORIENTED_EDGE ( 'NONE', *, *, #2926, .F. ) ;
#1273 = EDGE_CURVE ( 'NONE', #2702, #2447, #728, .T. ) ;
#1274 = VECTOR ( 'NONE', #2510, 1000.000000000000000 ) ;
#1275 = CARTESIAN_POINT ( 'NONE',  ( 0.0000000000000000000, -6.949999999999999289, 0.0000000000000000000 ) ) ;
#1276 = DIRECTION ( 'NONE',  ( 1.000000000000000000, 0.0000000000000000000, 0.0000000000000000000 ) ) ;
#1277 = CYLINDRICAL_SURFACE ( 'NONE', #1352, 0.9000000000000000222 ) ;
#1278 = FACE_OUTER_BOUND ( 'NONE', #2420, .T. ) ;
#1279 = CARTESIAN_POINT ( 'NONE',  ( -1.149999999999999911, -5.479999999999999538, -0.3458983848622450008 ) ) ;
#1280 = VECTOR ( 'NONE', #2142, 1000.000000000000000 ) ;
#1281 = PLANE ( 'NONE',  #2194 ) ;
#1282 = PLANE ( 'NONE',  #469 ) ;
#1283 = CARTESIAN_POINT ( 'NONE',  ( 0.0000000000000000000, -7.669999999999999929, -1.760000000000000009 ) ) ;
#1284 = CIRCLE ( 'NONE', #1130, 0.5000000000000000000 ) ;
#1285 = VECTOR ( 'NONE', #2730, 1000.000000000000000 ) ;
#1286 = PLANE ( 'NONE',  #96 ) ;
#1287 = ORIENTED_EDGE ( 'NONE', *, *, #1048, .F. ) ;
#1288 = DIRECTION ( 'NONE',  ( 0.0000000000000000000, 1.000000000000000000, 0.0000000000000000000 ) ) ;
#1289 = ORIENTED_EDGE ( 'NONE', *, *, #3327, .F. ) ;
#1290 = AXIS2_PLACEMENT_3D ( 'NONE', #1517, #1331, #1344 ) ;
#1291 = ORIENTED_EDGE ( 'NONE', *, *, #3401, .F. ) ;
#1292 = PLANE ( 'NONE',  #2727 ) ;
#1293 = CARTESIAN_POINT ( 'NONE',  ( 0.2550000000000000044, 5.705000000000000071, -7.299999999999999822 ) ) ;
#1294 = ORIENTED_EDGE ( 'NONE', *, *, #3019, .F. ) ;
#1295 = DIRECTION ( 'NONE',  ( -1.000000000000000000, 0.0000000000000000000, 0.0000000000000000000 ) ) ;
#1296 = ORIENTED_EDGE ( 'NONE', *, *, #1621, .T. ) ;
#1297 = PRODUCT_RELATED_PRODUCT_CATEGORY ( 'part', '', ( #2532 ) ) ;
#1298 = ORIENTED_EDGE ( 'NONE', *, *, #1069, .T. ) ;
#1299 = DIRECTION ( 'NONE',  ( -1.000000000000000000, 0.0000000000000000000, 0.0000000000000000000 ) ) ;
#1300 = CARTESIAN_POINT ( 'NONE',  ( 1.149999999999999911, -6.949999999999999289, -0.3458983848622450008 ) ) ;
#1301 = EDGE_CURVE ( 'NONE', #134, #1170, #1360, .T. ) ;
#1302 = DIRECTION ( 'NONE',  ( -1.000000000000000000, 0.0000000000000000000, 0.0000000000000000000 ) ) ;
#1303 = ORIENTED_EDGE ( 'NONE', *, *, #1774, .T. ) ;
#1304 = ORIENTED_EDGE ( 'NONE', *, *, #1627, .F. ) ;
#1305 = FACE_OUTER_BOUND ( 'NONE', #952, .T. ) ;
#1306 = CIRCLE ( 'NONE', #2683, 0.1000000000000000333 ) ;
#1307 = CARTESIAN_POINT ( 'NONE',  ( -1.149999999999999911, -6.949999999999999289, -3.360000000000000320 ) ) ;
#1308 = CARTESIAN_POINT ( 'NONE',  ( -1.149999999999999911, -6.949999999999999289, -3.360000000000000320 ) ) ;
#1309 = DIRECTION ( 'NONE',  ( 0.0000000000000000000, -1.000000000000000000, 0.0000000000000000000 ) ) ;
#1310 = EDGE_CURVE ( 'NONE', #3263, #3450, #648, .T. ) ;
#1311 = EDGE_CURVE ( 'NONE', #2344, #1703, #3388, .T. ) ;
#1312 = CARTESIAN_POINT ( 'NONE',  ( 1.149999999999999911, -6.949999999999999289, -0.9100000000000000311 ) ) ;
#1313 = SPHERICAL_SURFACE ( 'NONE', #1930, 0.9000000000000000222 ) ;
#1314 = EDGE_CURVE ( 'NONE', #2816, #3324, #16, .T. ) ;
#1315 = CYLINDRICAL_SURFACE ( 'NONE', #2992, 3.750000000000000000 ) ;
#1316 = UNCERTAINTY_MEASURE_WITH_UNIT (LENGTH_MEASURE( 1.000000000000000082E-05 ), #1262, 'distance_accuracy_value', 'NONE');
#1317 = VECTOR ( 'NONE', #244, 1000.000000000000000 ) ;
#1318 = AXIS2_PLACEMENT_3D ( 'NONE', #1696, #1167, #3289 ) ;
#1319 = CARTESIAN_POINT ( 'NONE',  ( -0.3339900397694209877, 6.850000000000000533, -1.959999999999999964 ) ) ;
#1320 = CYLINDRICAL_SURFACE ( 'NONE', #524, 0.1000000000000001027 ) ;
#1321 = ADVANCED_FACE ( 'NONE', ( #1900 ), #2655, .T. ) ;
#1322 = DIRECTION ( 'NONE',  ( 9.984020005621900106E-18, 1.000000000000000000, 9.984020005621900106E-18 ) ) ;
#1323 = DIRECTION ( 'NONE',  ( 0.0000000000000000000, 0.7071067811865487940, 0.7071067811865462405 ) ) ;
#1324 = LINE ( 'NONE', #1430, #3274 ) ;
#1325 = CARTESIAN_POINT ( 'NONE',  ( 0.0000000000000000000, -1.794999999999999929, -5.551115123125779744E-16 ) ) ;
#1326 = CIRCLE ( 'NONE', #462, 0.4999372807598558843 ) ;
#1327 = ORIENTED_EDGE ( 'NONE', *, *, #3151, .F. ) ;
#1328 = EDGE_LOOP ( 'NONE', ( #2589, #993, #700, #1932 ) ) ;
#1329 = DIRECTION ( 'NONE',  ( 0.0000000000000000000, 0.0000000000000000000, -1.000000000000000000 ) ) ;
#1330 = AXIS2_PLACEMENT_3D ( 'NONE', #2857, #1006, #3398 ) ;
#1331 = DIRECTION ( 'NONE',  ( 0.0000000000000000000, 1.000000000000000000, 0.0000000000000000000 ) ) ;
#1332 = AXIS2_PLACEMENT_3D ( 'NONE', #299, #2716, #1366 ) ;
#1333 = ORIENTED_EDGE ( 'NONE', *, *, #1669, .F. ) ;
#1334 = PLANE ( 'NONE',  #2240 ) ;
#1335 = VECTOR ( 'NONE', #2706, 1000.000000000000000 ) ;
#1336 = CARTESIAN_POINT ( 'NONE',  ( -1.239999999999999991, -5.479999999999999538, 3.750000000000000000 ) ) ;
#1337 = ORIENTED_EDGE ( 'NONE', *, *, #2372, .F. ) ;
#1338 = ADVANCED_FACE ( 'NONE', ( #1187 ), #3230, .T. ) ;
#1339 = VERTEX_POINT ( 'NONE', #307 ) ;
#1340 = ORIENTED_EDGE ( 'NONE', *, *, #2552, .F. ) ;
#1341 = VERTEX_POINT ( 'NONE', #808 ) ;
#1342 = ORIENTED_EDGE ( 'NONE', *, *, #1137, .T. ) ;
#1343 = DIRECTION ( 'NONE',  ( 0.0000000000000000000, 1.000000000000000000, 0.0000000000000000000 ) ) ;
#1344 = DIRECTION ( 'NONE',  ( -1.000000000000000000, 0.0000000000000000000, 0.0000000000000000000 ) ) ;
#1345 = DIRECTION ( 'NONE',  ( -1.000000000000000000, 0.0000000000000000000, 0.0000000000000000000 ) ) ;
#1346 = DIRECTION ( 'NONE',  ( 6.123233995736759873E-17, 0.0000000000000000000, 1.000000000000000000 ) ) ;
#1347 = DIRECTION ( 'NONE',  ( 0.7071067811865474617, -0.7071067811865474617, 0.0000000000000000000 ) ) ;
#1348 = VERTEX_POINT ( 'NONE', #2903 ) ;
#1349 = CIRCLE ( 'NONE', #970, 0.1000000000000001443 ) ;
#1350 = VERTEX_POINT ( 'NONE', #701 ) ;
#1351 = DIRECTION ( 'NONE',  ( 0.0000000000000000000, 0.0000000000000000000, 1.000000000000000000 ) ) ;
#1352 = AXIS2_PLACEMENT_3D ( 'NONE', #1461, #2014, #755 ) ;
#1353 = LINE ( 'NONE', #1159, #1059 ) ;
#1354 = ADVANCED_FACE ( 'NONE', ( #2517 ), #424, .T. ) ;
#1355 = CARTESIAN_POINT ( 'NONE',  ( 0.0000000000000000000, -5.479999999999999538, -0.06000000000000000472 ) ) ;
#1356 = LINE ( 'NONE', #3434, #646 ) ;
#1357 = SURFACE_STYLE_USAGE ( .BOTH. , #2936 ) ;
#1358 = AXIS2_PLACEMENT_3D ( 'NONE', #836, #2423, #311 ) ;
#1359 = DIRECTION ( 'NONE',  ( -1.000000000000000000, 0.0000000000000000000, -7.304098846218139598E-16 ) ) ;
#1360 = CIRCLE ( 'NONE', #1385, 0.1000000000000000611 ) ;
#1361 = VECTOR ( 'NONE', #2810, 1000.000000000000000 ) ;
#1362 = AXIS2_PLACEMENT_3D ( 'NONE', #1596, #3457, #1869 ) ;
#1363 = CIRCLE ( 'NONE', #2967, 0.5000000000000000000 ) ;
#1364 = LINE ( 'NONE', #609, #1285 ) ;
#1365 = CARTESIAN_POINT ( 'NONE',  ( 0.0000000000000000000, 1.770000000000000018, 2.040000000000000036 ) ) ;
#1366 = DIRECTION ( 'NONE',  ( -0.7071067811865474617, -0.7071067811865474617, 0.0000000000000000000 ) ) ;
#1367 = DIRECTION ( 'NONE',  ( 0.0000000000000000000, -1.000000000000000000, 0.0000000000000000000 ) ) ;
#1368 = ORIENTED_EDGE ( 'NONE', *, *, #3083, .F. ) ;
#1369 = CARTESIAN_POINT ( 'NONE',  ( 1.231088485407938471, -5.479999999999999538, 3.522622188735815119 ) ) ;
#1370 = CARTESIAN_POINT ( 'NONE',  ( 1.239999999999999991, -6.850000000000000533, 3.750000000000000000 ) ) ;
#1371 = VERTEX_POINT ( 'NONE', #2877 ) ;
#1372 = EDGE_LOOP ( 'NONE', ( #1950, #1842, #2591, #878 ) ) ;
#1373 = ADVANCED_FACE ( 'NONE', ( #480 ), #2822, .T. ) ;
#1374 = EDGE_CURVE ( 'NONE', #1086, #3338, #1811, .T. ) ;
#1375 = VERTEX_POINT ( 'NONE', #2305 ) ;
#1376 = ORIENTED_EDGE ( 'NONE', *, *, #1422, .F. ) ;
#1377 = EDGE_LOOP ( 'NONE', ( #2232, #1741, #1681, #1421 ) ) ;
#1378 = DIRECTION ( 'NONE',  ( 0.0000000000000000000, 0.0000000000000000000, -1.000000000000000000 ) ) ;
#1379 = CARTESIAN_POINT ( 'NONE',  ( -0.3339900397694209877, 6.850000000000000533, 4.299999999999999822 ) ) ;
#1380 =( GEOMETRIC_REPRESENTATION_CONTEXT ( 3 ) GLOBAL_UNCERTAINTY_ASSIGNED_CONTEXT ( ( #330 ) ) GLOBAL_UNIT_ASSIGNED_CONTEXT ( ( #375, #2228, #645 ) ) REPRESENTATION_CONTEXT ( 'NONE', 'WORKASPACE' ) );
#1381 = EDGE_CURVE ( 'NONE', #1825, #2538, #1978, .T. ) ;
#1382 = EDGE_CURVE ( 'NONE', #1699, #292, #1106, .T. ) ;
#1383 = CARTESIAN_POINT ( 'NONE',  ( -4.592425496802562139E-16, -6.949999999999999289, -0.06000000000000006717 ) ) ;
#1384 = DIRECTION ( 'NONE',  ( 0.0000000000000000000, 0.0000000000000000000, 1.000000000000000000 ) ) ;
#1385 = AXIS2_PLACEMENT_3D ( 'NONE', #181, #2930, #2321 ) ;
#1386 = MANIFOLD_SOLID_BREP ( '571-0122F.stp[2]', #2469 ) ;
#1387 = EDGE_CURVE ( 'NONE', #200, #2775, #140, .T. ) ;
#1388 = CARTESIAN_POINT ( 'NONE',  ( 0.0000000000000000000, -1.794999999999999929, -7.299999999999999822 ) ) ;
#1389 = VERTEX_POINT ( 'NONE', #914 ) ;
#1390 = EDGE_CURVE ( 'NONE', #81, #2269, #854, .T. ) ;
#1391 = AXIS2_PLACEMENT_3D ( 'NONE', #1660, #1129, #606 ) ;
#1392 = ORIENTED_EDGE ( 'NONE', *, *, #2969, .T. ) ;
#1393 = DIRECTION ( 'NONE',  ( -1.000000000000000000, 0.0000000000000000000, 0.0000000000000000000 ) ) ;
#1394 = CARTESIAN_POINT ( 'NONE',  ( 0.8599999999999999867, 6.850000000000000533, -4.299999999999999822 ) ) ;
#1395 = ORIENTED_EDGE ( 'NONE', *, *, #775, .T. ) ;
#1396 = CARTESIAN_POINT ( 'NONE',  ( 0.0000000000000000000, 5.705000000000000071, -5.551115123125779744E-16 ) ) ;
#1397 = ORIENTED_EDGE ( 'NONE', *, *, #3268, .T. ) ;
#1398 = CIRCLE ( 'NONE', #994, 0.1000000000000000472 ) ;
#1399 = VECTOR ( 'NONE', #3001, 1000.000000000000000 ) ;
#1400 = DIRECTION ( 'NONE',  ( 0.0000000000000000000, -1.000000000000000000, 0.0000000000000000000 ) ) ;
#1401 = VERTEX_POINT ( 'NONE', #2574 ) ;
#1402 = VECTOR ( 'NONE', #2268, 1000.000000000000000 ) ;
#1403 = VECTOR ( 'NONE', #1537, 1000.000000000000000 ) ;
#1404 = SURFACE_STYLE_FILL_AREA ( #291 ) ;
#1405 = STYLED_ITEM ( 'NONE', ( #2431 ), #1386 ) ;
#1406 = FACE_OUTER_BOUND ( 'NONE', #2294, .T. ) ;
#1407 = VECTOR ( 'NONE', #773, 1000.000000000000000 ) ;
#1408 = DIRECTION ( 'NONE',  ( 0.0000000000000000000, 0.0000000000000000000, -1.000000000000000000 ) ) ;
#1409 = DIRECTION ( 'NONE',  ( 0.0000000000000000000, 0.0000000000000000000, -1.000000000000000000 ) ) ;
#1410 = DIRECTION ( 'NONE',  ( 0.0000000000000000000, 0.0000000000000000000, -1.000000000000000000 ) ) ;
#1411 = COLOUR_RGB ( '',0.8196078431372548767, 0.8000000000000000444, 0.7529411764705882248 ) ;
#1412 = PLANE ( 'NONE',  #3394 ) ;
#1413 = FACE_OUTER_BOUND ( 'NONE', #1753, .T. ) ;
#1414 = VECTOR ( 'NONE', #1329, 1000.000000000000000 ) ;
#1415 = ORIENTED_EDGE ( 'NONE', *, *, #54, .T. ) ;
#1416 =( NAMED_UNIT ( * ) PLANE_ANGLE_UNIT ( ) SI_UNIT ( $, .RADIAN. ) );
#1417 = CARTESIAN_POINT ( 'NONE',  ( 1.239999999999999991, -6.850000000000000533, 4.299999999999999822 ) ) ;
#1418 = DIRECTION ( 'NONE',  ( 0.0000000000000000000, 0.0000000000000000000, 1.000000000000000000 ) ) ;
#1419 = EDGE_LOOP ( 'NONE', ( #476, #1905, #834, #1395 ) ) ;
#1420 = DIRECTION ( 'NONE',  ( 0.0000000000000000000, -1.000000000000000000, 0.0000000000000000000 ) ) ;
#1421 = ORIENTED_EDGE ( 'NONE', *, *, #2911, .T. ) ;
#1422 = EDGE_CURVE ( 'NONE', #2214, #322, #3136, .T. ) ;
#1423 = DIRECTION ( 'NONE',  ( 0.0000000000000000000, -1.000000000000000000, 0.0000000000000000000 ) ) ;
#1424 = DIRECTION ( 'NONE',  ( -1.000000000000000000, 0.0000000000000000000, 0.0000000000000000000 ) ) ;
#1425 =( GEOMETRIC_REPRESENTATION_CONTEXT ( 3 ) GLOBAL_UNCERTAINTY_ASSIGNED_CONTEXT ( ( #2606 ) ) GLOBAL_UNIT_ASSIGNED_CONTEXT ( ( #3207, #1624, #20 ) ) REPRESENTATION_CONTEXT ( 'NONE', 'WORKASPACE' ) );
#1426 = EDGE_CURVE ( 'NONE', #1456, #2403, #61, .T. ) ;
#1427 = VERTEX_POINT ( 'NONE', #2599 ) ;
#1428 = DIRECTION ( 'NONE',  ( 1.000000000000000000, 0.0000000000000000000, 0.0000000000000000000 ) ) ;
#1429 = ORIENTED_EDGE ( 'NONE', *, *, #47, .F. ) ;
#1430 = CARTESIAN_POINT ( 'NONE',  ( -0.2550000000000000044, -1.850000000000000089, -5.551115123125779744E-16 ) ) ;
#1431 = ADVANCED_FACE ( 'NONE', ( #2183 ), #1966, .F. ) ;
#1432 = AXIS2_PLACEMENT_3D ( 'NONE', #1995, #409, #2262 ) ;
#1433 = CARTESIAN_POINT ( 'NONE',  ( 1.239999999999999991, -2.739999999999999769, 3.750000000000000000 ) ) ;
#1434 = FACE_OUTER_BOUND ( 'NONE', #1718, .T. ) ;
#1435 = ORIENTED_EDGE ( 'NONE', *, *, #2885, .T. ) ;
#1436 = ORIENTED_EDGE ( 'NONE', *, *, #2480, .T. ) ;
#1437 = FACE_OUTER_BOUND ( 'NONE', #1169, .T. ) ;
#1438 = EDGE_LOOP ( 'NONE', ( #3093, #72, #1508, #2659 ) ) ;
#1439 = LINE ( 'NONE', #3074, #1274 ) ;
#1440 = FILL_AREA_STYLE_COLOUR ( '', #2561 ) ;
#1441 = FACE_OUTER_BOUND ( 'NONE', #2152, .T. ) ;
#1442 = FACE_OUTER_BOUND ( 'NONE', #2293, .T. ) ;
#1443 = MECHANICAL_DESIGN_GEOMETRIC_PRESENTATION_REPRESENTATION (  '', ( #188 ), #1620 ) ;
#1444 = EDGE_CURVE ( 'NONE', #1350, #2269, #683, .T. ) ;
#1445 = FACE_OUTER_BOUND ( 'NONE', #3072, .T. ) ;
#1446 = AXIS2_PLACEMENT_3D ( 'NONE', #338, #2188, #2698 ) ;
#1447 = CARTESIAN_POINT ( 'NONE',  ( 0.0000000000000000000, -5.479999999999999538, 0.0000000000000000000 ) ) ;
#1448 = ADVANCED_FACE ( 'NONE', ( #3430 ), #1315, .T. ) ;
#1449 = DIRECTION ( 'NONE',  ( 0.7071067811865477948, 0.0000000000000000000, -0.7071067811865472397 ) ) ;
#1450 = FACE_OUTER_BOUND ( 'NONE', #1711, .T. ) ;
#1451 = VECTOR ( 'NONE', #1172, 1000.000000000000000 ) ;
#1452 = EDGE_CURVE ( 'NONE', #1623, #2114, #2007, .T. ) ;
#1453 = DIRECTION ( 'NONE',  ( 0.3150684931506832487, 0.0000000000000000000, 0.9490689356541798238 ) ) ;
#1454 = DIRECTION ( 'NONE',  ( -1.000000000000000000, 0.0000000000000000000, 0.0000000000000000000 ) ) ;
#1455 = ORIENTED_EDGE ( 'NONE', *, *, #3439, .T. ) ;
#1456 = VERTEX_POINT ( 'NONE', #138 ) ;
#1457 = ORIENTED_EDGE ( 'NONE', *, *, #297, .F. ) ;
#1458 = ORIENTED_EDGE ( 'NONE', *, *, #297, .T. ) ;
#1459 = VERTEX_POINT ( 'NONE', #2264 ) ;
#1460 = CARTESIAN_POINT ( 'NONE',  ( 1.220710678118654746, -5.479999999999999538, -3.430710678118654933 ) ) ;
#1461 = CARTESIAN_POINT ( 'NONE',  ( 0.0000000000000000000, -7.259999999999999787, -1.760000000000000009 ) ) ;
#1462 = ORIENTED_EDGE ( 'NONE', *, *, #296, .T. ) ;
#1463 = CARTESIAN_POINT ( 'NONE',  ( 0.0000000000000000000, -5.479999999999999538, -3.459999999999999964 ) ) ;
#1464 = FACE_OUTER_BOUND ( 'NONE', #3201, .T. ) ;
#1465 = ADVANCED_FACE ( 'NONE', ( #2803 ), #2638, .T. ) ;
#1466 = CARTESIAN_POINT ( 'NONE',  ( -1.149999999999999911, -7.020710678118654791, -3.430710678118654933 ) ) ;
#1467 = AXIS2_PLACEMENT_3D ( 'NONE', #1396, #1060, #2582 ) ;
#1468 = ORIENTED_EDGE ( 'NONE', *, *, #1556, .F. ) ;
#1469 = CARTESIAN_POINT ( 'NONE',  ( 1.239999999999999991, 0.0000000000000000000, -4.299999999999999822 ) ) ;
#1470 = DIRECTION ( 'NONE',  ( 0.0000000000000000000, 0.0000000000000000000, -1.000000000000000000 ) ) ;
#1471 = ORIENTED_EDGE ( 'NONE', *, *, #950, .T. ) ;
#1472 = CIRCLE ( 'NONE', #1886, 0.1000000000000000472 ) ;
#1473 = CIRCLE ( 'NONE', #2153, 0.1000000000000002554 ) ;
#1474 = CARTESIAN_POINT ( 'NONE',  ( 0.0000000000000000000, -7.049999999999999822, 0.0000000000000000000 ) ) ;
#1475 = EDGE_CURVE ( 'NONE', #1348, #1210, #607, .T. ) ;
#1476 = CARTESIAN_POINT ( 'NONE',  ( -1.149999999999999911, -6.949999999999999289, 0.4500000000000000111 ) ) ;
#1477 = VECTOR ( 'NONE', #2925, 1000.000000000000000 ) ;
#1478 = ADVANCED_FACE ( 'NONE', ( #1406 ), #3265, .T. ) ;
#1479 = CARTESIAN_POINT ( 'NONE',  ( -1.149999999999999911, -6.949999999999999289, 3.464101615137749945 ) ) ;
#1480 = VECTOR ( 'NONE', #2739, 1000.000000000000000 ) ;
#1481 = LINE ( 'NONE', #1013, #771 ) ;
#1482 = FACE_OUTER_BOUND ( 'NONE', #2241, .T. ) ;
#1483 = CARTESIAN_POINT ( 'NONE',  ( -0.2550000000000000044, -2.305000000000000160, -7.299999999999999822 ) ) ;
#1484 = DIRECTION ( 'NONE',  ( -1.000000000000000000, 0.0000000000000000000, 0.0000000000000000000 ) ) ;
#1485 = COLOUR_RGB ( '',0.8196078431372548767, 0.8000000000000000444, 0.7529411764705882248 ) ;
#1486 = AXIS2_PLACEMENT_3D ( 'NONE', #3137, #1549, #3408 ) ;
#1487 = EDGE_CURVE ( 'NONE', #917, #2997, #517, .T. ) ;
#1488 = EDGE_CURVE ( 'NONE', #762, #741, #1937, .T. ) ;
#1489 = LINE ( 'NONE', #90, #3436 ) ;
#1490 = CIRCLE ( 'NONE', #101, 0.1000000000000002554 ) ;
#1491 = CARTESIAN_POINT ( 'NONE',  ( -1.250000000000000000, -6.949999999999999289, -0.9100000000000000311 ) ) ;
#1492 = DIRECTION ( 'NONE',  ( 0.0000000000000000000, 5.551115123125780336E-15, -1.000000000000000000 ) ) ;
#1493 = CARTESIAN_POINT ( 'NONE',  ( -1.239999999999999991, -2.739999999999999769, 3.750000000000000000 ) ) ;
#1494 = EDGE_LOOP ( 'NONE', ( #958, #577, #1458, #1590 ) ) ;
#1495 = EDGE_CURVE ( 'NONE', #763, #1165, #1228, .T. ) ;
#1496 = AXIS2_PLACEMENT_3D ( 'NONE', #124, #1983, #393 ) ;
#1497 = ORIENTED_EDGE ( 'NONE', *, *, #906, .F. ) ;
#1498 = CARTESIAN_POINT ( 'NONE',  ( -1.239999999999999991, -3.310000000000000053, -1.760000000000000009 ) ) ;
#1499 = CARTESIAN_POINT ( 'NONE',  ( -1.149999999999999911, -7.049999999999999822, -0.9100000000000000311 ) ) ;
#1500 = ORIENTED_EDGE ( 'NONE', *, *, #2011, .F. ) ;
#1501 = CARTESIAN_POINT ( 'NONE',  ( -1.149999999999999911, -6.949999999999999289, -0.3458983848622460000 ) ) ;
#1502 = DIRECTION ( 'NONE',  ( 0.0000000000000000000, 1.000000000000000000, 0.0000000000000000000 ) ) ;
#1503 = CARTESIAN_POINT ( 'NONE',  ( 1.149999999999999911, -6.949999999999999289, 3.464101615137749945 ) ) ;
#1504 = DIRECTION ( 'NONE',  ( 0.0000000000000000000, -1.000000000000000000, 0.0000000000000000000 ) ) ;
#1505 = CARTESIAN_POINT ( 'NONE',  ( 1.149999999999999911, -6.949999999999999289, 0.4500000000000000111 ) ) ;
#1506 = EDGE_LOOP ( 'NONE', ( #2202, #1652, #2988, #1672, #1963 ) ) ;
#1507 = ORIENTED_EDGE ( 'NONE', *, *, #450, .F. ) ;
#1508 = ORIENTED_EDGE ( 'NONE', *, *, #3374, .T. ) ;
#1509 = DIRECTION ( 'NONE',  ( 0.0000000000000000000, 1.000000000000000000, 0.0000000000000000000 ) ) ;
#1510 = CARTESIAN_POINT ( 'NONE',  ( 0.3339900397694209877, 5.206610941160949579, -2.000000000000000000 ) ) ;
#1511 = CARTESIAN_POINT ( 'NONE',  ( 1.239999999999999991, -6.850000000000000533, -4.299999999999999822 ) ) ;
#1512 = CARTESIAN_POINT ( 'NONE',  ( 0.0000000000000000000, -2.305000000000000160, -5.551115123125779744E-16 ) ) ;
#1513 = EDGE_LOOP ( 'NONE', ( #2208, #1294, #1507, #1601, #671 ) ) ;
#1514 = ORIENTED_EDGE ( 'NONE', *, *, #3115, .F. ) ;
#1515 = CIRCLE ( 'NONE', #3173, 0.1000000000000000472 ) ;
#1516 = ORIENTED_EDGE ( 'NONE', *, *, #2148, .F. ) ;
#1517 = CARTESIAN_POINT ( 'NONE',  ( -1.149999999999999911, -6.949999999999999289, 3.464101615137749945 ) ) ;
#1518 = VECTOR ( 'NONE', #2237, 1000.000000000000000 ) ;
#1519 = DIRECTION ( 'NONE',  ( 0.0000000000000000000, -1.000000000000000000, 0.0000000000000000000 ) ) ;
#1520 = CARTESIAN_POINT ( 'NONE',  ( -0.2550000000000000044, 0.1950000000000000067, -7.299999999999999822 ) ) ;
#1521 = FACE_OUTER_BOUND ( 'NONE', #3377, .T. ) ;
#1522 = CARTESIAN_POINT ( 'NONE',  ( -0.2550000000000000044, 0.7049999999999999600, -5.551115123125779744E-16 ) ) ;
#1523 = SURFACE_STYLE_FILL_AREA ( #1570 ) ;
#1524 =( NAMED_UNIT ( * ) SI_UNIT ( $, .STERADIAN. ) SOLID_ANGLE_UNIT ( ) );
#1525 = SPHERICAL_SURFACE ( 'NONE', #1959, 0.1000000000000000056 ) ;
#1526 = DIRECTION ( 'NONE',  ( -0.8108848540793819337, 0.0000000000000000000, 0.5852057359806545067 ) ) ;
#1527 = VECTOR ( 'NONE', #1189, 1000.000000000000000 ) ;
#1528 = FACE_OUTER_BOUND ( 'NONE', #2044, .T. ) ;
#1529 = CARTESIAN_POINT ( 'NONE',  ( -1.149999999999999911, -7.049999999999999822, 3.464101615137749945 ) ) ;
#1530 = AXIS2_PLACEMENT_3D ( 'NONE', #1307, #3206, #2910 ) ;
#1531 = DIRECTION ( 'NONE',  ( 0.0000000000000000000, 0.0000000000000000000, -1.000000000000000000 ) ) ;
#1532 = DIRECTION ( 'NONE',  ( 0.7071067811865484609, -9.147955830346443662E-16, 0.7071067811865465735 ) ) ;
#1533 = VERTEX_POINT ( 'NONE', #2819 ) ;
#1534 = AXIS2_PLACEMENT_3D ( 'NONE', #849, #2171, #2703 ) ;
#1535 = VERTEX_POINT ( 'NONE', #3098 ) ;
#1536 = ORIENTED_EDGE ( 'NONE', *, *, #53, .T. ) ;
#1537 = DIRECTION ( 'NONE',  ( -1.000000000000000000, 0.0000000000000000000, 0.0000000000000000000 ) ) ;
#1538 = ORIENTED_EDGE ( 'NONE', *, *, #228, .T. ) ;
#1539 = AXIS2_PLACEMENT_3D ( 'NONE', #1046, #2897, #1323 ) ;
#1540 = ORIENTED_EDGE ( 'NONE', *, *, #2331, .F. ) ;
#1541 = DIRECTION ( 'NONE',  ( 0.0000000000000000000, 0.0000000000000000000, 1.000000000000000000 ) ) ;
#1542 = CARTESIAN_POINT ( 'NONE',  ( 0.0000000000000000000, -7.049999999999999822, -0.8600000000000000977 ) ) ;
#1543 = DIRECTION ( 'NONE',  ( 1.000000000000000000, 0.0000000000000000000, 0.0000000000000000000 ) ) ;
#1544 = ORIENTED_EDGE ( 'NONE', *, *, #1015, .T. ) ;
#1545 = ORIENTED_EDGE ( 'NONE', *, *, #2082, .F. ) ;
#1546 = ORIENTED_EDGE ( 'NONE', *, *, #1016, .F. ) ;
#1547 = EDGE_CURVE ( 'NONE', #1257, #1117, #3342, .T. ) ;
#1548 = ORIENTED_EDGE ( 'NONE', *, *, #839, .F. ) ;
#1549 = DIRECTION ( 'NONE',  ( 0.0000000000000000000, -1.000000000000000000, 0.0000000000000000000 ) ) ;
#1550 = CIRCLE ( 'NONE', #387, 0.1000000000000000472 ) ;
#1551 = EDGE_CURVE ( 'NONE', #1623, #2326, #2553, .T. ) ;
#1552 = EDGE_CURVE ( 'NONE', #971, #3214, #3178, .T. ) ;
#1553 = DIRECTION ( 'NONE',  ( 1.000000000000000000, 0.0000000000000000000, 0.0000000000000000000 ) ) ;
#1554 = EDGE_CURVE ( 'NONE', #1917, #1341, #1151, .T. ) ;
#1555 = SPHERICAL_SURFACE ( 'NONE', #2858, 0.1000000000000000056 ) ;
#1556 = EDGE_CURVE ( 'NONE', #173, #254, #1061, .T. ) ;
#1557 = AXIS2_PLACEMENT_3D ( 'NONE', #1157, #3003, #1424 ) ;
#1558 = VERTEX_POINT ( 'NONE', #1786 ) ;
#1559 = CARTESIAN_POINT ( 'NONE',  ( 0.2550000000000000044, 5.705000000000000071, -0.3499999999999999778 ) ) ;
#1560 = FACE_OUTER_BOUND ( 'NONE', #1657, .T. ) ;
#1561 = DIRECTION ( 'NONE',  ( 1.000000000000000000, 0.0000000000000000000, 0.0000000000000000000 ) ) ;
#1562 = VECTOR ( 'NONE', #1807, 1000.000000000000000 ) ;
#1563 = DIRECTION ( 'NONE',  ( 1.000000000000000000, 0.0000000000000000000, 0.0000000000000000000 ) ) ;
#1564 = CARTESIAN_POINT ( 'NONE',  ( 1.149999999999999911, -6.949999999999999289, 2.899999999999999911 ) ) ;
#1565 = VECTOR ( 'NONE', #2349, 1000.000000000000000 ) ;
#1566 = CIRCLE ( 'NONE', #2905, 0.1000000000000000472 ) ;
#1567 = LINE ( 'NONE', #329, #782 ) ;
#1568 = ORIENTED_EDGE ( 'NONE', *, *, #2785, .T. ) ;
#1569 = VECTOR ( 'NONE', #1583, 1000.000000000000000 ) ;
#1570 = FILL_AREA_STYLE ('',( #3159 ) ) ;
#1571 = PRESENTATION_LAYER_ASSIGNMENT (  '', '', ( #1405 ) ) ;
#1572 = CARTESIAN_POINT ( 'NONE',  ( -1.220710678118654746, -7.020710678118654791, 2.899999999999999911 ) ) ;
#1573 = EDGE_LOOP ( 'NONE', ( #975, #2490, #1536, #2778, #2320, #2499, #1057, #3356 ) ) ;
#1574 = AXIS2_PLACEMENT_3D ( 'NONE', #83, #2052, #356 ) ;
#1575 = DIRECTION ( 'NONE',  ( -1.000000000000000000, 0.0000000000000000000, 0.0000000000000000000 ) ) ;
#1576 = CARTESIAN_POINT ( 'NONE',  ( 1.102182119232617788E-16, -7.669999999999999929, -2.660000000000000142 ) ) ;
#1577 = ORIENTED_EDGE ( 'NONE', *, *, #1733, .T. ) ;
#1578 = PRODUCT_DEFINITION_CONTEXT ( 'detailed design', #466, 'design' ) ;
#1579 = ORIENTED_EDGE ( 'NONE', *, *, #3036, .F. ) ;
#1580 = ADVANCED_FACE ( 'NONE', ( #1689 ), #3012, .F. ) ;
#1581 = DIRECTION ( 'NONE',  ( -1.000000000000000000, 0.0000000000000000000, 0.0000000000000000000 ) ) ;
#1582 = ORIENTED_EDGE ( 'NONE', *, *, #2688, .T. ) ;
#1583 = DIRECTION ( 'NONE',  ( 0.0000000000000000000, 0.0000000000000000000, -1.000000000000000000 ) ) ;
#1584 = ORIENTED_EDGE ( 'NONE', *, *, #2534, .T. ) ;
#1585 = CARTESIAN_POINT ( 'NONE',  ( 1.231088485407938249, -7.049999999999999822, 3.522622188735815119 ) ) ;
#1586 = CARTESIAN_POINT ( 'NONE',  ( 0.0000000000000000000, -6.850000000000000533, -0.06000000000000000472 ) ) ;
#1587 = ORIENTED_EDGE ( 'NONE', *, *, #165, .F. ) ;
#1588 = EDGE_CURVE ( 'NONE', #1225, #121, #980, .T. ) ;
#1589 = DIRECTION ( 'NONE',  ( -0.0000000000000000000, 1.000000000000000000, 0.0000000000000000000 ) ) ;
#1590 = ORIENTED_EDGE ( 'NONE', *, *, #1873, .T. ) ;
#1591 = EDGE_CURVE ( 'NONE', #2734, #763, #2476, .T. ) ;
#1592 = DIRECTION ( 'NONE',  ( 0.0000000000000000000, 0.0000000000000000000, 1.000000000000000000 ) ) ;
#1593 = SURFACE_STYLE_FILL_AREA ( #1908 ) ;
#1594 = ADVANCED_FACE ( 'NONE', ( #185 ), #3385, .T. ) ;
#1595 = CARTESIAN_POINT ( 'NONE',  ( -1.231088485407938249, -5.479999999999999538, 3.522622188735815563 ) ) ;
#1596 = CARTESIAN_POINT ( 'NONE',  ( -4.469960816887827583E-16, -6.949999999999999289, -0.1599999999999999756 ) ) ;
#1597 = EDGE_CURVE ( 'NONE', #292, #1699, #2302, .T. ) ;
#1598 = ORIENTED_EDGE ( 'NONE', *, *, #1452, .T. ) ;
#1599 = DIRECTION ( 'NONE',  ( 0.0000000000000000000, 0.0000000000000000000, -1.000000000000000000 ) ) ;
#1600 = CIRCLE ( 'NONE', #1687, 0.09999999999999992228 ) ;
#1601 = ORIENTED_EDGE ( 'NONE', *, *, #89, .F. ) ;
#1602 = LINE ( 'NONE', #1994, #10 ) ;
#1603 = VECTOR ( 'NONE', #2847, 1000.000000000000000 ) ;
#1604 = AXIS2_PLACEMENT_3D ( 'NONE', #1723, #129, #1988 ) ;
#1605 = CYLINDRICAL_SURFACE ( 'NONE', #1952, 0.1000000000000001027 ) ;
#1606 = LINE ( 'NONE', #666, #983 ) ;
#1607 = CARTESIAN_POINT ( 'NONE',  ( 0.0000000000000000000, 0.1950000000000000067, -5.551115123125779744E-16 ) ) ;
#1608 = CARTESIAN_POINT ( 'NONE',  ( -1.250000000000000000, -5.479999999999999538, 3.464101615137749945 ) ) ;
#1609 = CIRCLE ( 'NONE', #2079, 1.000000000000000000 ) ;
#1610 = DIRECTION ( 'NONE',  ( -1.000000000000000000, 0.0000000000000000000, -1.224646799147353207E-16 ) ) ;
#1611 = CARTESIAN_POINT ( 'NONE',  ( 0.2550000000000000044, 0.7049999999999999600, -7.299999999999999822 ) ) ;
#1612 = CIRCLE ( 'NONE', #1920, 0.09999999999999982514 ) ;
#1613 = CARTESIAN_POINT ( 'NONE',  ( 0.0000000000000000000, -7.209999999999999964, 2.050000000000000266 ) ) ;
#1614 = ADVANCED_FACE ( 'NONE', ( #260 ), #2921, .T. ) ;
#1615 = EDGE_LOOP ( 'NONE', ( #3132, #1397, #3442, #1468 ) ) ;
#1616 = SURFACE_SIDE_STYLE ('',( #395 ) ) ;
#1617 = ORIENTED_EDGE ( 'NONE', *, *, #3396, .T. ) ;
#1618 = DIRECTION ( 'NONE',  ( 0.0000000000000000000, 0.0000000000000000000, 1.000000000000000000 ) ) ;
#1619 = DIRECTION ( 'NONE',  ( -5.551115123125780336E-15, 0.0000000000000000000, -1.000000000000000000 ) ) ;
#1620 =( GEOMETRIC_REPRESENTATION_CONTEXT ( 3 ) GLOBAL_UNCERTAINTY_ASSIGNED_CONTEXT ( ( #1736 ) ) GLOBAL_UNIT_ASSIGNED_CONTEXT ( ( #2418, #831, #2687 ) ) REPRESENTATION_CONTEXT ( 'NONE', 'WORKASPACE' ) );
#1621 = EDGE_CURVE ( 'NONE', #80, #2157, #2220, .T. ) ;
#1622 = CARTESIAN_POINT ( 'NONE',  ( 0.8599999999999999867, -6.850000000000000533, -3.919999999999999929 ) ) ;
#1623 = VERTEX_POINT ( 'NONE', #209 ) ;
#1624 =( NAMED_UNIT ( * ) PLANE_ANGLE_UNIT ( ) SI_UNIT ( $, .RADIAN. ) );
#1625 = ORIENTED_EDGE ( 'NONE', *, *, #3397, .T. ) ;
#1626 = CARTESIAN_POINT ( 'NONE',  ( 1.231088485407938249, -6.949999999999999289, -0.2873778112641796612 ) ) ;
#1627 = EDGE_CURVE ( 'NONE', #1792, #218, #897, .T. ) ;
#1628 = ORIENTED_EDGE ( 'NONE', *, *, #2860, .T. ) ;
#1629 = DIRECTION ( 'NONE',  ( 0.0000000000000000000, 1.000000000000000000, 0.0000000000000000000 ) ) ;
#1630 = ORIENTED_EDGE ( 'NONE', *, *, #3277, .T. ) ;
#1631 = DIRECTION ( 'NONE',  ( 0.0000000000000000000, -1.000000000000000000, 0.0000000000000000000 ) ) ;
#1632 = ADVANCED_FACE ( 'NONE', ( #1521 ), #2867, .T. ) ;
#1633 = PLANE ( 'NONE',  #249 ) ;
#1634 = CARTESIAN_POINT ( 'NONE',  ( 1.149999999999999911, -7.049999999999999822, 3.464101615137749945 ) ) ;
#1635 = UNCERTAINTY_MEASURE_WITH_UNIT (LENGTH_MEASURE( 1.000000000000000082E-05 ), #3264, 'distance_accuracy_value', 'NONE');
#1636 = DIRECTION ( 'NONE',  ( -1.000000000000000000, 0.0000000000000000000, 0.0000000000000000000 ) ) ;
#1637 = FACE_OUTER_BOUND ( 'NONE', #3187, .T. ) ;
#1638 = ORIENTED_EDGE ( 'NONE', *, *, #2036, .T. ) ;
#1639 = DIRECTION ( 'NONE',  ( -0.9490689356541816002, 0.0000000000000000000, 0.3150684931506778641 ) ) ;
#1640 = FACE_OUTER_BOUND ( 'NONE', #2494, .T. ) ;
#1641 = CIRCLE ( 'NONE', #3283, 0.1000000000000001443 ) ;
#1642 = CARTESIAN_POINT ( 'NONE',  ( -1.149999999999999911, -6.949999999999999289, -0.3458983848622450008 ) ) ;
#1643 = CARTESIAN_POINT ( 'NONE',  ( 0.2550000000000000044, 5.195000000000000284, -5.551115123125779744E-16 ) ) ;
#1644 = FACE_OUTER_BOUND ( 'NONE', #1377, .T. ) ;
#1645 = ADVANCED_FACE ( 'NONE', ( #1441 ), #220, .T. ) ;
#1646 = VECTOR ( 'NONE', #1299, 1000.000000000000000 ) ;
#1647 = LINE ( 'NONE', #921, #2974 ) ;
#1648 = DIRECTION ( 'NONE',  ( 0.0000000000000000000, 5.551115123125780336E-15, -1.000000000000000000 ) ) ;
#1649 = FACE_OUTER_BOUND ( 'NONE', #2991, .T. ) ;
#1650 = CARTESIAN_POINT ( 'NONE',  ( -1.220710678118654746, -7.020710678118654791, -3.360000000000000320 ) ) ;
#1651 = DIRECTION ( 'NONE',  ( 1.000000000000000000, 0.0000000000000000000, 0.0000000000000000000 ) ) ;
#1652 = ORIENTED_EDGE ( 'NONE', *, *, #1021, .F. ) ;
#1653 = DIRECTION ( 'NONE',  ( 0.3150684931506832487, 0.0000000000000000000, 0.9490689356541798238 ) ) ;
#1654 = DIRECTION ( 'NONE',  ( 0.0000000000000000000, 0.0000000000000000000, -1.000000000000000000 ) ) ;
#1655 = ORIENTED_EDGE ( 'NONE', *, *, #1387, .T. ) ;
#1656 = ORIENTED_EDGE ( 'NONE', *, *, #2926, .T. ) ;
#1657 = EDGE_LOOP ( 'NONE', ( #2581, #1014, #1055, #557 ) ) ;
#1658 = ORIENTED_EDGE ( 'NONE', *, *, #1382, .F. ) ;
#1659 = SURFACE_SIDE_STYLE ('',( #1593 ) ) ;
#1660 = CARTESIAN_POINT ( 'NONE',  ( -1.149999999999999911, -6.949999999999999289, -0.3458983848622450008 ) ) ;
#1661 = AXIS2_PLACEMENT_3D ( 'NONE', #3370, #1531, #3382 ) ;
#1662 = EDGE_CURVE ( 'NONE', #1535, #337, #2841, .T. ) ;
#1663 = EDGE_CURVE ( 'NONE', #928, #1891, #99, .T. ) ;
#1664 = CARTESIAN_POINT ( 'NONE',  ( -1.239999999999999991, -6.850000000000000533, 4.299999999999999822 ) ) ;
#1665 = DIRECTION ( 'NONE',  ( 0.0000000000000000000, -1.000000000000000000, 0.0000000000000000000 ) ) ;
#1666 = ORIENTED_EDGE ( 'NONE', *, *, #2750, .T. ) ;
#1667 = CARTESIAN_POINT ( 'NONE',  ( 0.0000000000000000000, -7.049999999999999822, 0.3499999999999999778 ) ) ;
#1668 = ORIENTED_EDGE ( 'NONE', *, *, #2116, .T. ) ;
#1669 = EDGE_CURVE ( 'NONE', #924, #292, #13, .T. ) ;
#1670 = AXIS2_PLACEMENT_3D ( 'NONE', #639, #2224, #1449 ) ;
#1671 = ORIENTED_EDGE ( 'NONE', *, *, #3151, .T. ) ;
#1672 = ORIENTED_EDGE ( 'NONE', *, *, #554, .F. ) ;
#1673 = CARTESIAN_POINT ( 'NONE',  ( -1.149999999999999911, -6.949999999999999289, -0.3458983848622450008 ) ) ;
#1674 = CARTESIAN_POINT ( 'NONE',  ( 0.2550000000000000044, -2.050000000000000266, -5.799999999999999822 ) ) ;
#1675 = ORIENTED_EDGE ( 'NONE', *, *, #659, .T. ) ;
#1676 = VERTEX_POINT ( 'NONE', #505 ) ;
#1677 = CIRCLE ( 'NONE', #139, 0.1000000000000000472 ) ;
#1678 = DIRECTION ( 'NONE',  ( 0.0000000000000000000, 1.000000000000000000, 0.0000000000000000000 ) ) ;
#1679 = FACE_OUTER_BOUND ( 'NONE', #125, .T. ) ;
#1680 = ORIENTED_EDGE ( 'NONE', *, *, #1132, .T. ) ;
#1681 = ORIENTED_EDGE ( 'NONE', *, *, #1953, .F. ) ;
#1682 = CYLINDRICAL_SURFACE ( 'NONE', #74, 0.1000000000000001443 ) ;
#1683 = ORIENTED_EDGE ( 'NONE', *, *, #357, .F. ) ;
#1684 = LINE ( 'NONE', #2588, #2298 ) ;
#1685 = AXIS2_PLACEMENT_3D ( 'NONE', #486, #3139, #1553 ) ;
#1686 = DIRECTION ( 'NONE',  ( -1.000000000000000000, 0.0000000000000000000, 0.0000000000000000000 ) ) ;
#1687 = AXIS2_PLACEMENT_3D ( 'NONE', #2215, #843, #1653 ) ;
#1688 = PLANE ( 'NONE',  #2083 ) ;
#1689 = FACE_OUTER_BOUND ( 'NONE', #180, .T. ) ;
#1690 = ADVANCED_FACE ( 'NONE', ( #2758 ), #2678, .T. ) ;
#1691 = CARTESIAN_POINT ( 'NONE',  ( -1.231088485407938249, -5.479999999999999538, -0.2873778112641795501 ) ) ;
#1692 = EDGE_CURVE ( 'NONE', #3360, #890, #1356, .T. ) ;
#1693 = CIRCLE ( 'NONE', #1432, 0.1000000000000002554 ) ;
#1694 = CIRCLE ( 'NONE', #1557, 0.1000000000000000472 ) ;
#1695 = ORIENTED_EDGE ( 'NONE', *, *, #2513, .F. ) ;
#1696 = CARTESIAN_POINT ( 'NONE',  ( -1.149999999999999911, -6.657500000000000639, -3.360000000000000320 ) ) ;
#1697 = CLOSED_SHELL ( 'NONE', ( #1465, #3038, #454, #407, #530, #2107, #637, #3211 ) ) ;
#1698 = FILL_AREA_STYLE ('',( #1440 ) ) ;
#1699 = VERTEX_POINT ( 'NONE', #1576 ) ;
#1700 = ADVANCED_FACE ( 'NONE', ( #1278 ), #3301, .T. ) ;
#1701 = ORIENTED_EDGE ( 'NONE', *, *, #126, .F. ) ;
#1702 = AXIS2_PLACEMENT_3D ( 'NONE', #3429, #1836, #2648 ) ;
#1703 = VERTEX_POINT ( 'NONE', #787 ) ;
#1704 = ORIENTED_EDGE ( 'NONE', *, *, #601, .F. ) ;
#1705 = DIRECTION ( 'NONE',  ( 1.000000000000000000, 0.0000000000000000000, 0.0000000000000000000 ) ) ;
#1706 = DIRECTION ( 'NONE',  ( 1.000000000000000000, 0.0000000000000000000, 0.0000000000000000000 ) ) ;
#1707 = ORIENTED_EDGE ( 'NONE', *, *, #713, .F. ) ;
#1708 = FILL_AREA_STYLE_COLOUR ( '', #566 ) ;
#1709 = CARTESIAN_POINT ( 'NONE',  ( -0.2550000000000000044, 0.6500000000000000222, -5.551115123125779744E-16 ) ) ;
#1710 = AXIS2_PLACEMENT_3D ( 'NONE', #503, #1837, #2088 ) ;
#1711 = EDGE_LOOP ( 'NONE', ( #2117, #3084, #912, #1133 ) ) ;
#1712 = DIRECTION ( 'NONE',  ( -5.551115123125780336E-15, 0.0000000000000000000, -1.000000000000000000 ) ) ;
#1713 = ADVANCED_FACE ( 'NONE', ( #1974 ), #1898, .T. ) ;
#1714 = CARTESIAN_POINT ( 'NONE',  ( 0.8599999999999999867, -6.850000000000000533, -3.919999999999999929 ) ) ;
#1715 = CARTESIAN_POINT ( 'NONE',  ( -0.2550000000000000044, -2.305000000000000160, -5.551115123125779744E-16 ) ) ;
#1716 = CARTESIAN_POINT ( 'NONE',  ( -1.220710678118654746, -6.949999999999999289, 0.3792893218813452316 ) ) ;
#1717 = CIRCLE ( 'NONE', #367, 0.09999999999999999167 ) ;
#1718 = EDGE_LOOP ( 'NONE', ( #3070, #2409, #1740, #3369 ) ) ;
#1719 = DIRECTION ( 'NONE',  ( 1.000000000000000000, -0.0000000000000000000, 0.0000000000000000000 ) ) ;
#1720 = EDGE_CURVE ( 'NONE', #1739, #1035, #2053, .T. ) ;
#1721 = VECTOR ( 'NONE', #259, 1000.000000000000000 ) ;
#1722 = VECTOR ( 'NONE', #2662, 1000.000000000000000 ) ;
#1723 = CARTESIAN_POINT ( 'NONE',  ( 0.0000000000000000000, -6.850000000000000533, 0.0000000000000000000 ) ) ;
#1724 = LINE ( 'NONE', #459, #3052 ) ;
#1725 = EDGE_CURVE ( 'NONE', #3261, #953, #2598, .T. ) ;
#1726 = EDGE_CURVE ( 'NONE', #3322, #3261, #563, .T. ) ;
#1727 = AXIS2_PLACEMENT_3D ( 'NONE', #1931, #333, #2193 ) ;
#1728 = DIRECTION ( 'NONE',  ( 1.000000000000000000, 0.0000000000000000000, 0.0000000000000000000 ) ) ;
#1729 = FILL_AREA_STYLE ('',( #3050 ) ) ;
#1730 = LINE ( 'NONE', #1828, #1565 ) ;
#1731 = CARTESIAN_POINT ( 'NONE',  ( -0.2550000000000000044, 2.694999999999999840, -7.299999999999999822 ) ) ;
#1732 = LINE ( 'NONE', #1714, #2882 ) ;
#1733 = EDGE_CURVE ( 'NONE', #1558, #2070, #1185, .T. ) ;
#1734 = ORIENTED_EDGE ( 'NONE', *, *, #2445, .F. ) ;
#1735 = ADVANCED_FACE ( 'NONE', ( #3225 ), #391, .T. ) ;
#1736 = UNCERTAINTY_MEASURE_WITH_UNIT (LENGTH_MEASURE( 1.000000000000000082E-05 ), #2418, 'distance_accuracy_value', 'NONE');
#1737 = CARTESIAN_POINT ( 'NONE',  ( 1.149999999999999911, -6.949999999999999289, -0.3458983848622450008 ) ) ;
#1738 = DIRECTION ( 'NONE',  ( 1.000000000000000000, 0.0000000000000000000, 0.0000000000000000000 ) ) ;
#1739 = VERTEX_POINT ( 'NONE', #798 ) ;
#1740 = ORIENTED_EDGE ( 'NONE', *, *, #906, .T. ) ;
#1741 = ORIENTED_EDGE ( 'NONE', *, *, #3229, .F. ) ;
#1742 = ORIENTED_EDGE ( 'NONE', *, *, #229, .T. ) ;
#1743 = DIRECTION ( 'NONE',  ( -0.3150684931506851916, 0.0000000000000000000, 0.9490689356541791577 ) ) ;
#1744 = VERTEX_POINT ( 'NONE', #3459 ) ;
#1745 = DIRECTION ( 'NONE',  ( 0.0000000000000000000, 0.0000000000000000000, 1.000000000000000000 ) ) ;
#1746 = MECHANICAL_DESIGN_GEOMETRIC_PRESENTATION_REPRESENTATION (  '', ( #1405 ), #1928 ) ;
#1747 = DIRECTION ( 'NONE',  ( 1.000000000000000000, 0.0000000000000000000, 0.0000000000000000000 ) ) ;
#1748 = DIRECTION ( 'NONE',  ( 1.000000000000000000, 0.0000000000000000000, 0.0000000000000000000 ) ) ;
#1749 = AXIS2_PLACEMENT_3D ( 'NONE', #442, #3124, #2861 ) ;
#1750 = ORIENTED_EDGE ( 'NONE', *, *, #1381, .T. ) ;
#1751 = CARTESIAN_POINT ( 'NONE',  ( -1.149999999999999911, -6.949999999999999289, 0.4500000000000000111 ) ) ;
#1752 = ORIENTED_EDGE ( 'NONE', *, *, #879, .F. ) ;
#1753 = EDGE_LOOP ( 'NONE', ( #416, #551, #1577, #2906 ) ) ;
#1754 = ORIENTED_EDGE ( 'NONE', *, *, #2963, .T. ) ;
#1755 = CYLINDRICAL_SURFACE ( 'NONE', #3247, 0.1000000000000000472 ) ;
#1756 = DIRECTION ( 'NONE',  ( 0.0000000000000000000, -1.000000000000000000, 0.0000000000000000000 ) ) ;
#1757 = DIRECTION ( 'NONE',  ( 0.0000000000000000000, 0.0000000000000000000, 1.000000000000000000 ) ) ;
#1758 = CARTESIAN_POINT ( 'NONE',  ( 1.149999999999999911, -5.479999999999999538, 3.464101615137749945 ) ) ;
#1759 = VERTEX_POINT ( 'NONE', #2125 ) ;
#1760 = FACE_OUTER_BOUND ( 'NONE', #2064, .T. ) ;
#1761 = ORIENTED_EDGE ( 'NONE', *, *, #1977, .T. ) ;
#1762 = CARTESIAN_POINT ( 'NONE',  ( -0.2550000000000000044, 0.1950000000000000067, -7.299999999999999822 ) ) ;
#1763 = FACE_OUTER_BOUND ( 'NONE', #1243, .T. ) ;
#1764 = DIRECTION ( 'NONE',  ( 0.0000000000000000000, -1.000000000000000000, 0.0000000000000000000 ) ) ;
#1765 = PLANE ( 'NONE',  #2777 ) ;
#1766 = DIRECTION ( 'NONE',  ( -0.0000000000000000000, 1.000000000000000000, 0.0000000000000000000 ) ) ;
#1767 = VECTOR ( 'NONE', #1242, 1000.000000000000000 ) ;
#1768 = CIRCLE ( 'NONE', #2065, 0.09999999999999995004 ) ;
#1769 = EDGE_CURVE ( 'NONE', #318, #3324, #1810, .T. ) ;
#1770 = DIRECTION ( 'NONE',  ( 0.0000000000000000000, 0.0000000000000000000, 1.000000000000000000 ) ) ;
#1771 = CIRCLE ( 'NONE', #3451, 1.000000000000000000 ) ;
#1772 = CARTESIAN_POINT ( 'NONE',  ( 0.2550000000000000044, 0.1950000000000000067, -4.299999999999999822 ) ) ;
#1773 = AXIS2_PLACEMENT_3D ( 'NONE', #2918, #1343, #3190 ) ;
#1774 = EDGE_CURVE ( 'NONE', #3263, #971, #2428, .T. ) ;
#1775 = CARTESIAN_POINT ( 'NONE',  ( 0.0000000000000000000, 0.1950000000000000067, -4.299999999999999822 ) ) ;
#1776 = FACE_OUTER_BOUND ( 'NONE', #1506, .T. ) ;
#1777 = CARTESIAN_POINT ( 'NONE',  ( -1.250000000000000000, -6.949999999999999289, 2.899999999999999911 ) ) ;
#1778 =( NAMED_UNIT ( * ) PLANE_ANGLE_UNIT ( ) SI_UNIT ( $, .RADIAN. ) );
#1779 = CARTESIAN_POINT ( 'NONE',  ( 1.149999999999999911, -5.479999999999999538, -3.459999999999999964 ) ) ;
#1780 = VERTEX_POINT ( 'NONE', #1336 ) ;
#1781 = ADVANCED_FACE ( 'NONE', ( #3134 ), #933, .T. ) ;
#1782 = EDGE_CURVE ( 'NONE', #2533, #1225, #1641, .T. ) ;
#1783 = DIRECTION ( 'NONE',  ( 0.0000000000000000000, 1.000000000000000000, 0.0000000000000000000 ) ) ;
#1784 = ORIENTED_EDGE ( 'NONE', *, *, #2771, .F. ) ;
#1785 = CARTESIAN_POINT ( 'NONE',  ( 0.2550000000000000044, 0.7049999999999999600, -7.299999999999999822 ) ) ;
#1786 = CARTESIAN_POINT ( 'NONE',  ( 0.2550000000000000044, -1.794999999999999929, -5.551115123125779744E-16 ) ) ;
#1787 = VERTEX_POINT ( 'NONE', #552 ) ;
#1788 = LINE ( 'NONE', #3238, #1335 ) ;
#1789 = DIRECTION ( 'NONE',  ( 1.000000000000000000, 0.0000000000000000000, 0.0000000000000000000 ) ) ;
#1790 = DIRECTION ( 'NONE',  ( 0.0000000000000000000, 0.0000000000000000000, 1.000000000000000000 ) ) ;
#1791 = DIRECTION ( 'NONE',  ( 0.0000000000000000000, -1.000000000000000000, 0.0000000000000000000 ) ) ;
#1792 = VERTEX_POINT ( 'NONE', #5 ) ;
#1793 = ORIENTED_EDGE ( 'NONE', *, *, #1912, .F. ) ;
#1794 = FACE_OUTER_BOUND ( 'NONE', #824, .T. ) ;
#1795 = ORIENTED_EDGE ( 'NONE', *, *, #2196, .F. ) ;
#1796 = DIRECTION ( 'NONE',  ( 1.000000000000000000, 0.0000000000000000000, 0.0000000000000000000 ) ) ;
#1797 = AXIS2_PLACEMENT_3D ( 'NONE', #574, #2430, #844 ) ;
#1798 = DIRECTION ( 'NONE',  ( -0.0000000000000000000, 1.000000000000000000, 0.0000000000000000000 ) ) ;
#1799 = EDGE_CURVE ( 'NONE', #1371, #2413, #2347, .T. ) ;
#1800 = CARTESIAN_POINT ( 'NONE',  ( -1.250000000000000000, -6.264999999999999680, 2.050000000000000266 ) ) ;
#1801 = EDGE_CURVE ( 'NONE', #930, #2413, #3049, .T. ) ;
#1802 = ADVANCED_FACE ( 'NONE', ( #1560 ), #136, .F. ) ;
#1803 = ORIENTED_EDGE ( 'NONE', *, *, #632, .T. ) ;
#1804 = VECTOR ( 'NONE', #1870, 1000.000000000000000 ) ;
#1805 = DIRECTION ( 'NONE',  ( 1.000000000000000000, 0.0000000000000000000, 0.0000000000000000000 ) ) ;
#1806 = CARTESIAN_POINT ( 'NONE',  ( -0.2550000000000000044, -6.850000000000000533, -5.551115123125779744E-16 ) ) ;
#1807 = DIRECTION ( 'NONE',  ( 0.0000000000000000000, 1.000000000000000000, 0.0000000000000000000 ) ) ;
#1808 = CARTESIAN_POINT ( 'NONE',  ( 0.0000000000000000000, 2.694999999999999840, -7.299999999999999822 ) ) ;
#1809 = LINE ( 'NONE', #1037, #1721 ) ;
#1810 = LINE ( 'NONE', #1871, #1020 ) ;
#1811 = LINE ( 'NONE', #2035, #2600 ) ;
#1812 = LINE ( 'NONE', #189, #396 ) ;
#1813 = CARTESIAN_POINT ( 'NONE',  ( -0.2550000000000000044, 5.450000000000000178, -5.799999999999999822 ) ) ;
#1814 = VECTOR ( 'NONE', #3393, 1000.000000000000000 ) ;
#1815 = LINE ( 'NONE', #85, #1111 ) ;
#1816 = CARTESIAN_POINT ( 'NONE',  ( -0.2550000000000000044, 0.4500000000000000111, -5.799999999999999822 ) ) ;
#1817 = AXIS2_PLACEMENT_3D ( 'NONE', #2192, #2181, #2747 ) ;
#1818 = CARTESIAN_POINT ( 'NONE',  ( 0.3339900397694209877, -2.383990039769420477, -3.919999999999999929 ) ) ;
#1819 = PLANE ( 'NONE',  #1179 ) ;
#1820 = DIRECTION ( 'NONE',  ( 9.984020005621900106E-18, 1.000000000000000000, 9.984020005621900106E-18 ) ) ;
#1821 = ORIENTED_EDGE ( 'NONE', *, *, #400, .F. ) ;
#1822 = ORIENTED_EDGE ( 'NONE', *, *, #1246, .T. ) ;
#1823 = ORIENTED_EDGE ( 'NONE', *, *, #3040, .T. ) ;
#1824 = EDGE_LOOP ( 'NONE', ( #154, #1538, #1342, #500 ) ) ;
#1825 = VERTEX_POINT ( 'NONE', #2913 ) ;
#1826 = CARTESIAN_POINT ( 'NONE',  ( -1.250000000000000000, -6.264999999999999680, -1.760000000000000009 ) ) ;
#1827 = ORIENTED_EDGE ( 'NONE', *, *, #3144, .T. ) ;
#1828 = CARTESIAN_POINT ( 'NONE',  ( 1.250000000000000000, -6.949999999999999289, -0.9100000000000000311 ) ) ;
#1829 = DIRECTION ( 'NONE',  ( 0.0000000000000000000, -1.000000000000000000, 0.0000000000000000000 ) ) ;
#1830 = EDGE_CURVE ( 'NONE', #344, #1744, #309, .T. ) ;
#1831 = DIRECTION ( 'NONE',  ( 0.0000000000000000000, 1.000000000000000000, 0.0000000000000000000 ) ) ;
#1832 = ORIENTED_EDGE ( 'NONE', *, *, #1311, .F. ) ;
#1833 = ORIENTED_EDGE ( 'NONE', *, *, #1801, .T. ) ;
#1834 = EDGE_LOOP ( 'NONE', ( #536, #1582, #1849, #1823 ) ) ;
#1835 = SURFACE_STYLE_USAGE ( .BOTH. , #3428 ) ;
#1836 = DIRECTION ( 'NONE',  ( 0.0000000000000000000, -1.000000000000000000, 0.0000000000000000000 ) ) ;
#1837 = DIRECTION ( 'NONE',  ( 9.984020005621900106E-18, -1.000000000000000000, -9.984020005621900106E-18 ) ) ;
#1838 = EDGE_CURVE ( 'NONE', #2859, #2448, #852, .T. ) ;
#1839 = EDGE_CURVE ( 'NONE', #1780, #998, #2254, .T. ) ;
#1840 = EDGE_LOOP ( 'NONE', ( #1211, #306, #1734, #2780 ) ) ;
#1841 = DIRECTION ( 'NONE',  ( 0.0000000000000000000, 0.0000000000000000000, -1.000000000000000000 ) ) ;
#1842 = ORIENTED_EDGE ( 'NONE', *, *, #3082, .T. ) ;
#1843 = FACE_OUTER_BOUND ( 'NONE', #1834, .T. ) ;
#1844 = CIRCLE ( 'NONE', #3223, 0.3499999999999998668 ) ;
#1845 = DIRECTION ( 'NONE',  ( 0.0000000000000000000, 0.0000000000000000000, 1.000000000000000000 ) ) ;
#1846 = EDGE_CURVE ( 'NONE', #1389, #747, #221, .T. ) ;
#1847 = AXIS2_PLACEMENT_3D ( 'NONE', #2242, #2521, #927 ) ;
#1848 = EDGE_LOOP ( 'NONE', ( #499, #2206, #2, #1031 ) ) ;
#1849 = ORIENTED_EDGE ( 'NONE', *, *, #845, .T. ) ;
#1850 = FACE_OUTER_BOUND ( 'NONE', #959, .T. ) ;
#1851 = ORIENTED_EDGE ( 'NONE', *, *, #592, .F. ) ;
#1852 = CARTESIAN_POINT ( 'NONE',  ( -1.239999999999999991, -3.810000000000000053, -1.760000000000000009 ) ) ;
#1853 = CARTESIAN_POINT ( 'NONE',  ( -1.149999999999999911, -7.020710678118654791, 0.3792893218813452316 ) ) ;
#1854 = VECTOR ( 'NONE', #3347, 1000.000000000000000 ) ;
#1855 = CARTESIAN_POINT ( 'NONE',  ( 1.149999999999999911, -6.657500000000000639, -3.360000000000000320 ) ) ;
#1856 = LINE ( 'NONE', #538, #2554 ) ;
#1857 = DIRECTION ( 'NONE',  ( 1.000000000000000000, 0.0000000000000000000, 0.0000000000000000000 ) ) ;
#1858 = DIRECTION ( 'NONE',  ( 0.0000000000000000000, 0.0000000000000000000, 1.000000000000000000 ) ) ;
#1859 = PRESENTATION_STYLE_ASSIGNMENT (( #1357 ) ) ;
#1860 = ADVANCED_FACE ( 'NONE', ( #2180 ), #681, .T. ) ;
#1861 = CIRCLE ( 'NONE', #172, 0.1000000000000002554 ) ;
#1862 = PRESENTATION_STYLE_ASSIGNMENT (( #1965 ) ) ;
#1863 = FACE_BOUND ( 'NONE', #3411, .T. ) ;
#1864 = AXIS2_PLACEMENT_3D ( 'NONE', #3418, #1831, #231 ) ;
#1865 = DIRECTION ( 'NONE',  ( 0.0000000000000000000, 0.0000000000000000000, 1.000000000000000000 ) ) ;
#1866 = ORIENTED_EDGE ( 'NONE', *, *, #598, .F. ) ;
#1867 = AXIS2_PLACEMENT_3D ( 'NONE', #2163, #2414, #560 ) ;
#1868 = CARTESIAN_POINT ( 'NONE',  ( 0.0000000000000000000, -3.310000000000000053, -1.760000000000000009 ) ) ;
#1869 = DIRECTION ( 'NONE',  ( 1.224646799147346798E-16, 0.0000000000000000000, -1.000000000000000000 ) ) ;
#1870 = DIRECTION ( 'NONE',  ( 1.000000000000000000, 0.0000000000000000000, 0.0000000000000000000 ) ) ;
#1871 = CARTESIAN_POINT ( 'NONE',  ( 0.8599999999999999867, 0.0000000000000000000, -3.919999999999999929 ) ) ;
#1872 = ORIENTED_EDGE ( 'NONE', *, *, #2615, .F. ) ;
#1873 = EDGE_CURVE ( 'NONE', #121, #33, #2092, .T. ) ;
#1874 = VERTEX_POINT ( 'NONE', #2407 ) ;
#1875 = LINE ( 'NONE', #3222, #2573 ) ;
#1876 = CARTESIAN_POINT ( 'NONE',  ( 1.149999999999999911, -6.949999999999999289, -3.360000000000000320 ) ) ;
#1877 = ADVANCED_FACE ( 'NONE', ( #2799 ), #821, .T. ) ;
#1878 = CARTESIAN_POINT ( 'NONE',  ( 0.0000000000000000000, 2.269937280759855902, 2.040000000000000036 ) ) ;
#1879 = EDGE_LOOP ( 'NONE', ( #114, #1989, #288, #2565 ) ) ;
#1880 = CARTESIAN_POINT ( 'NONE',  ( -1.220710678118654746, -5.479999999999999538, 0.3792893218813452316 ) ) ;
#1881 = CARTESIAN_POINT ( 'NONE',  ( -1.149999999999999911, -6.949999999999999289, 0.4500000000000000111 ) ) ;
#1882 = DIRECTION ( 'NONE',  ( 0.0000000000000000000, 1.000000000000000000, 0.0000000000000000000 ) ) ;
#1883 = ORIENTED_EDGE ( 'NONE', *, *, #1016, .T. ) ;
#1884 = DIRECTION ( 'NONE',  ( 1.000000000000000000, 0.0000000000000000000, 0.0000000000000000000 ) ) ;
#1885 = ORIENTED_EDGE ( 'NONE', *, *, #2366, .T. ) ;
#1886 = AXIS2_PLACEMENT_3D ( 'NONE', #2378, #523, #3160 ) ;
#1887 = CARTESIAN_POINT ( 'NONE',  ( -1.239999999999999991, 0.0000000000000000000, -4.299999999999999822 ) ) ;
#1888 = CARTESIAN_POINT ( 'NONE',  ( -0.2550000000000000044, 5.705000000000000071, -4.299999999999999822 ) ) ;
#1889 = MANIFOLD_SOLID_BREP ( '571-0122F.stp[3]', #28 ) ;
#1890 = DIRECTION ( 'NONE',  ( 0.0000000000000000000, -1.000000000000000000, 0.0000000000000000000 ) ) ;
#1891 = VERTEX_POINT ( 'NONE', #1626 ) ;
#1892 = CIRCLE ( 'NONE', #2033, 3.750000000000000000 ) ;
#1893 = ORIENTED_EDGE ( 'NONE', *, *, #3362, .T. ) ;
#1894 = FILL_AREA_STYLE_COLOUR ( '', #2719 ) ;
#1895 = LINE ( 'NONE', #2843, #3424 ) ;
#1896 = ADVANCED_FACE ( 'NONE', ( #3171 ), #2310, .T. ) ;
#1897 = CIRCLE ( 'NONE', #3368, 3.750000000000000000 ) ;
#1898 = CYLINDRICAL_SURFACE ( 'NONE', #3109, 0.1000000000000001027 ) ;
#1899 = CARTESIAN_POINT ( 'NONE',  ( -1.239999999999999991, -3.310000000000000053, -1.760000000000000009 ) ) ;
#1900 = FACE_OUTER_BOUND ( 'NONE', #2531, .T. ) ;
#1901 = DIRECTION ( 'NONE',  ( 0.0000000000000000000, -1.000000000000000000, 0.0000000000000000000 ) ) ;
#1902 = LINE ( 'NONE', #2329, #3307 ) ;
#1903 = DIRECTION ( 'NONE',  ( 0.7071067811865477948, 0.0000000000000000000, -0.7071067811865472397 ) ) ;
#1904 = VECTOR ( 'NONE', #1418, 1000.000000000000000 ) ;
#1905 = ORIENTED_EDGE ( 'NONE', *, *, #3467, .T. ) ;
#1906 = EDGE_CURVE ( 'NONE', #805, #2533, #2355, .T. ) ;
#1907 = ORIENTED_EDGE ( 'NONE', *, *, #2750, .F. ) ;
#1908 = FILL_AREA_STYLE ('',( #212 ) ) ;
#1909 = VERTEX_POINT ( 'NONE', #1370 ) ;
#1910 = AXIS2_PLACEMENT_3D ( 'NONE', #2765, #1177, #3030 ) ;
#1911 = EDGE_CURVE ( 'NONE', #720, #1891, #942, .T. ) ;
#1912 = EDGE_CURVE ( 'NONE', #2413, #2444, #3059, .T. ) ;
#1913 = ADVANCED_FACE ( 'NONE', ( #1649 ), #3241, .F. ) ;
#1914 = DIRECTION ( 'NONE',  ( 0.8108848540793827109, 0.0000000000000000000, 0.5852057359806533965 ) ) ;
#1915 = EDGE_LOOP ( 'NONE', ( #1655, #2610, #2572, #507, #2422, #2204, #866, #1182, #1671, #3063, #2826, #82 ) ) ;
#1916 = ORIENTED_EDGE ( 'NONE', *, *, #2122, .F. ) ;
#1917 = VERTEX_POINT ( 'NONE', #1643 ) ;
#1918 = DIRECTION ( 'NONE',  ( 0.0000000000000000000, -1.000000000000000000, 0.0000000000000000000 ) ) ;
#1919 = EDGE_CURVE ( 'NONE', #473, #823, #2978, .T. ) ;
#1920 = AXIS2_PLACEMENT_3D ( 'NONE', #2233, #649, #1091 ) ;
#1921 = DIRECTION ( 'NONE',  ( 0.0000000000000000000, 0.0000000000000000000, -1.000000000000000000 ) ) ;
#1922 = CARTESIAN_POINT ( 'NONE',  ( 0.0000000000000000000, -3.310000000000000053, -1.760000000000000009 ) ) ;
#1923 = ORIENTED_EDGE ( 'NONE', *, *, #1588, .F. ) ;
#1924 = DIRECTION ( 'NONE',  ( 0.0000000000000000000, 0.0000000000000000000, -1.000000000000000000 ) ) ;
#1925 = CARTESIAN_POINT ( 'NONE',  ( 0.2550000000000000044, 5.705000000000000071, -7.299999999999999822 ) ) ;
#1926 = ORIENTED_EDGE ( 'NONE', *, *, #1997, .T. ) ;
#1927 = CIRCLE ( 'NONE', #2348, 0.1000000000000002554 ) ;
#1928 =( GEOMETRIC_REPRESENTATION_CONTEXT ( 3 ) GLOBAL_UNCERTAINTY_ASSIGNED_CONTEXT ( ( #2352 ) ) GLOBAL_UNIT_ASSIGNED_CONTEXT ( ( #3002, #1156, #2736 ) ) REPRESENTATION_CONTEXT ( 'NONE', 'WORKASPACE' ) );
#1929 = VECTOR ( 'NONE', #438, 1000.000000000000000 ) ;
#1930 = AXIS2_PLACEMENT_3D ( 'NONE', #3364, #1393, #756 ) ;
#1931 = CARTESIAN_POINT ( 'NONE',  ( -4.469960816887827583E-16, -6.949999999999999289, 3.649999999999999911 ) ) ;
#1932 = ORIENTED_EDGE ( 'NONE', *, *, #1195, .F. ) ;
#1933 = CARTESIAN_POINT ( 'NONE',  ( -1.239999999999999991, -5.479999999999999538, -3.880000000000000338 ) ) ;
#1934 = FACE_OUTER_BOUND ( 'NONE', #3085, .T. ) ;
#1935 = PLANE ( 'NONE',  #3468 ) ;
#1936 = DIRECTION ( 'NONE',  ( 1.000000000000000000, 0.0000000000000000000, 0.0000000000000000000 ) ) ;
#1937 = CIRCLE ( 'NONE', #3170, 0.1000000000000000472 ) ;
#1938 = VECTOR ( 'NONE', #2641, 1000.000000000000000 ) ;
#1939 = LINE ( 'NONE', #1075, #1233 ) ;
#1940 = LINE ( 'NONE', #1511, #2558 ) ;
#1941 = DIRECTION ( 'NONE',  ( -1.000000000000000000, 0.0000000000000000000, 0.0000000000000000000 ) ) ;
#1942 = SURFACE_STYLE_FILL_AREA ( #1698 ) ;
#1943 = SPHERICAL_SURFACE ( 'NONE', #1358, 0.1000000000000000056 ) ;
#1944 = DIRECTION ( 'NONE',  ( 0.0000000000000000000, 1.000000000000000000, 0.0000000000000000000 ) ) ;
#1945 = ORIENTED_EDGE ( 'NONE', *, *, #2010, .F. ) ;
#1946 = ADVANCED_FACE ( 'NONE', ( #2884 ), #2975, .T. ) ;
#1947 = ORIENTED_EDGE ( 'NONE', *, *, #1919, .T. ) ;
#1948 = UNCERTAINTY_MEASURE_WITH_UNIT (LENGTH_MEASURE( 1.000000000000000082E-05 ), #241, 'distance_accuracy_value', 'NONE');
#1949 = EDGE_CURVE ( 'NONE', #3338, #722, #2265, .T. ) ;
#1950 = ORIENTED_EDGE ( 'NONE', *, *, #3401, .T. ) ;
#1951 = DIRECTION ( 'NONE',  ( 0.0000000000000000000, 1.000000000000000000, 0.0000000000000000000 ) ) ;
#1952 = AXIS2_PLACEMENT_3D ( 'NONE', #289, #2950, #2416 ) ;
#1953 = EDGE_CURVE ( 'NONE', #2607, #3023, #1567, .T. ) ;
#1954 = CARTESIAN_POINT ( 'NONE',  ( -0.3339900397694209877, 5.206610941160949579, -2.000000000000000000 ) ) ;
#1955 = FACE_OUTER_BOUND ( 'NONE', #1848, .T. ) ;
#1956 = DIRECTION ( 'NONE',  ( 0.0000000000000000000, 0.0000000000000000000, 1.000000000000000000 ) ) ;
#1957 = ORIENTED_EDGE ( 'NONE', *, *, #1301, .F. ) ;
#1958 = ORIENTED_EDGE ( 'NONE', *, *, #3331, .T. ) ;
#1959 = AXIS2_PLACEMENT_3D ( 'NONE', #1737, #944, #2801 ) ;
#1960 = EDGE_CURVE ( 'NONE', #1459, #575, #2190, .T. ) ;
#1961 = DIRECTION ( 'NONE',  ( 0.0000000000000000000, 1.000000000000000000, 0.0000000000000000000 ) ) ;
#1962 = ADVANCED_FACE ( 'NONE', ( #1413 ), #1412, .T. ) ;
#1963 = ORIENTED_EDGE ( 'NONE', *, *, #1131, .F. ) ;
#1964 = CARTESIAN_POINT ( 'NONE',  ( 0.0000000000000000000, 2.233004980115290028, -2.000000000000000000 ) ) ;
#1965 = SURFACE_STYLE_USAGE ( .BOTH. , #105 ) ;
#1966 = PLANE ( 'NONE',  #2461 ) ;
#1967 = VERTEX_POINT ( 'NONE', #2990 ) ;
#1968 = LINE ( 'NONE', #2971, #1271 ) ;
#1969 = ORIENTED_EDGE ( 'NONE', *, *, #219, .F. ) ;
#1970 = CYLINDRICAL_SURFACE ( 'NONE', #457, 0.09999999999999995004 ) ;
#1971 = AXIS2_PLACEMENT_3D ( 'NONE', #553, #2952, #3228 ) ;
#1972 = EDGE_CURVE ( 'NONE', #203, #3075, #66, .T. ) ;
#1973 = AXIS2_PLACEMENT_3D ( 'NONE', #3361, #2770, #1728 ) ;
#1974 = FACE_OUTER_BOUND ( 'NONE', #2076, .T. ) ;
#1975 = DIRECTION ( 'NONE',  ( 0.0000000000000000000, 0.0000000000000000000, -1.000000000000000000 ) ) ;
#1976 = CARTESIAN_POINT ( 'NONE',  ( -1.250000000000000000, -5.479999999999999538, -3.459999999999999964 ) ) ;
#1977 = EDGE_CURVE ( 'NONE', #2067, #3316, #2100, .T. ) ;
#1978 = CIRCLE ( 'NONE', #857, 0.09999999999999992228 ) ;
#1979 = ADVANCED_FACE ( 'NONE', ( #687 ), #614, .F. ) ;
#1980 = VECTOR ( 'NONE', #957, 1000.000000000000000 ) ;
#1981 = VECTOR ( 'NONE', #2464, 1000.000000000000000 ) ;
#1982 = ORIENTED_EDGE ( 'NONE', *, *, #2487, .T. ) ;
#1983 = DIRECTION ( 'NONE',  ( -0.7071067811865472397, -3.885780586188046905E-16, -0.7071067811865480168 ) ) ;
#1984 = ORIENTED_EDGE ( 'NONE', *, *, #3042, .F. ) ;
#1985 = VERTEX_POINT ( 'NONE', #2740 ) ;
#1986 = PLANE ( 'NONE',  #2613 ) ;
#1987 = ORIENTED_EDGE ( 'NONE', *, *, #3467, .F. ) ;
#1988 = DIRECTION ( 'NONE',  ( 0.0000000000000000000, 0.0000000000000000000, -1.000000000000000000 ) ) ;
#1989 = ORIENTED_EDGE ( 'NONE', *, *, #1426, .T. ) ;
#1990 = AXIS2_PLACEMENT_3D ( 'NONE', #2040, #1561, #1288 ) ;
#1991 = DIRECTION ( 'NONE',  ( 0.0000000000000000000, 0.0000000000000000000, 1.000000000000000000 ) ) ;
#1992 = ADVANCED_FACE ( 'NONE', ( #2017 ), #615, .T. ) ;
#1993 = SURFACE_STYLE_USAGE ( .BOTH. , #131 ) ;
#1994 = CARTESIAN_POINT ( 'NONE',  ( 1.239999999999999991, -5.479999999999999538, 2.324999999999999734 ) ) ;
#1995 = CARTESIAN_POINT ( 'NONE',  ( -1.149999999999999911, -6.949999999999999289, 0.4500000000000000111 ) ) ;
#1996 = DIRECTION ( 'NONE',  ( 0.0000000000000000000, 0.7071067811865487940, 0.7071067811865462405 ) ) ;
#1997 = EDGE_CURVE ( 'NONE', #2696, #1165, #1489, .T. ) ;
#1998 = EDGE_LOOP ( 'NONE', ( #3118, #806, #1923, #2914 ) ) ;
#1999 = DIRECTION ( 'NONE',  ( 0.0000000000000000000, 0.0000000000000000000, -1.000000000000000000 ) ) ;
#2000 = LINE ( 'NONE', #605, #2630 ) ;
#2001 = CARTESIAN_POINT ( 'NONE',  ( 0.0000000000000000000, -6.949999999999999289, 0.0000000000000000000 ) ) ;
#2002 = LINE ( 'NONE', #3061, #510 ) ;
#2003 = EDGE_LOOP ( 'NONE', ( #579, #673, #1947, #835 ) ) ;
#2004 = FACE_OUTER_BOUND ( 'NONE', #555, .T. ) ;
#2005 = PLANE ( 'NONE',  #2666 ) ;
#2006 = DIRECTION ( 'NONE',  ( -0.8108848540793813786, 0.0000000000000000000, 0.5852057359806552839 ) ) ;
#2007 = CIRCLE ( 'NONE', #2809, 0.1000000000000002554 ) ;
#2008 = CYLINDRICAL_SURFACE ( 'NONE', #1710, 0.1000000000000001027 ) ;
#2009 = AXIS2_PLACEMENT_3D ( 'NONE', #2056, #1796, #2584 ) ;
#2010 = EDGE_CURVE ( 'NONE', #2467, #282, #2731, .T. ) ;
#2011 = EDGE_CURVE ( 'NONE', #2983, #1035, #3348, .T. ) ;
#2012 = CARTESIAN_POINT ( 'NONE',  ( 1.149999999999999911, -6.949999999999999289, 0.4500000000000000111 ) ) ;
#2013 = SURFACE_STYLE_FILL_AREA ( #1087 ) ;
#2014 = DIRECTION ( 'NONE',  ( 0.0000000000000000000, 1.000000000000000000, 0.0000000000000000000 ) ) ;
#2015 = EDGE_CURVE ( 'NONE', #1035, #3244, #1324, .T. ) ;
#2016 = PRESENTATION_LAYER_ASSIGNMENT (  '', '', ( #955 ) ) ;
#2017 = FACE_OUTER_BOUND ( 'NONE', #919, .T. ) ;
#2018 = FACE_BOUND ( 'NONE', #2853, .T. ) ;
#2019 = DIRECTION ( 'NONE',  ( 0.0000000000000000000, 0.0000000000000000000, -1.000000000000000000 ) ) ;
#2020 = DIRECTION ( 'NONE',  ( 0.8108848540793834880, 0.0000000000000000000, 0.5852057359806523973 ) ) ;
#2021 = ORIENTED_EDGE ( 'NONE', *, *, #3220, .F. ) ;
#2022 = CARTESIAN_POINT ( 'NONE',  ( 0.2550000000000000044, 2.949999999999999734, -5.799999999999999822 ) ) ;
#2023 = ORIENTED_EDGE ( 'NONE', *, *, #340, .T. ) ;
#2024 = DIRECTION ( 'NONE',  ( 1.000000000000000000, 0.0000000000000000000, 0.0000000000000000000 ) ) ;
#2025 = DIRECTION ( 'NONE',  ( 9.984020005621900106E-18, -1.000000000000000000, -9.984020005621900106E-18 ) ) ;
#2026 = DIRECTION ( 'NONE',  ( 0.0000000000000000000, 0.0000000000000000000, 1.000000000000000000 ) ) ;
#2027 = VERTEX_POINT ( 'NONE', #3292 ) ;
#2028 = MANIFOLD_SOLID_BREP ( '571-0122F.stp[1]', #2281 ) ;
#2029 = CARTESIAN_POINT ( 'NONE',  ( 0.2550000000000000044, 2.694999999999999840, -5.551115123125779744E-16 ) ) ;
#2030 = AXIS2_PLACEMENT_3D ( 'NONE', #3409, #751, #498 ) ;
#2031 = ADVANCED_FACE ( 'NONE', ( #269 ), #2491, .T. ) ;
#2032 = ORIENTED_EDGE ( 'NONE', *, *, #1310, .T. ) ;
#2033 = AXIS2_PLACEMENT_3D ( 'NONE', #2455, #1088, #1346 ) ;
#2034 = ORIENTED_EDGE ( 'NONE', *, *, #519, .F. ) ;
#2035 = CARTESIAN_POINT ( 'NONE',  ( 0.2550000000000000044, 0.6500000000000000222, -7.299999999999999822 ) ) ;
#2036 = EDGE_CURVE ( 'NONE', #322, #1124, #3021, .T. ) ;
#2037 = DIRECTION ( 'NONE',  ( 0.0000000000000000000, 0.0000000000000000000, -1.000000000000000000 ) ) ;
#2038 = CARTESIAN_POINT ( 'NONE',  ( -0.8599999999999999867, 6.850000000000000533, -3.919999999999999929 ) ) ;
#2039 = ORIENTED_EDGE ( 'NONE', *, *, #1426, .F. ) ;
#2040 = CARTESIAN_POINT ( 'NONE',  ( 0.2550000000000000044, 5.450000000000000178, -5.799999999999999822 ) ) ;
#2041 = DIRECTION ( 'NONE',  ( 1.000000000000000000, 0.0000000000000000000, 0.0000000000000000000 ) ) ;
#2042 = CARTESIAN_POINT ( 'NONE',  ( 0.3339900397694209877, -0.07549252982706580739, -2.000000000000000000 ) ) ;
#2043 = CARTESIAN_POINT ( 'NONE',  ( -1.239999999999999991, 1.770000000000000018, 2.040000000000000036 ) ) ;
#2044 = EDGE_LOOP ( 'NONE', ( #1140, #624, #285, #973, #2774 ) ) ;
#2045 = ORIENTED_EDGE ( 'NONE', *, *, #1960, .T. ) ;
#2046 = CYLINDRICAL_SURFACE ( 'NONE', #1332, 0.1000000000000001443 ) ;
#2047 = ORIENTED_EDGE ( 'NONE', *, *, #1058, .T. ) ;
#2048 = PLANE ( 'NONE',  #1197 ) ;
#2049 = TOROIDAL_SURFACE ( 'NONE', #3014, 3.649999999999999911, 0.1000000000000000056 ) ;
#2050 = CARTESIAN_POINT ( 'NONE',  ( -1.250000000000000000, -6.949999999999999289, 3.464101615137749945 ) ) ;
#2051 = PRODUCT_CONTEXT ( 'NONE', #716, 'mechanical' ) ;
#2052 = DIRECTION ( 'NONE',  ( -1.000000000000000000, 0.0000000000000000000, 0.0000000000000000000 ) ) ;
#2053 = LINE ( 'NONE', #3448, #3386 ) ;
#2054 = CARTESIAN_POINT ( 'NONE',  ( -1.181506849315069996, -7.049999999999999822, -0.2509914912968270184 ) ) ;
#2055 = VECTOR ( 'NONE', #3155, 1000.000000000000000 ) ;
#2056 = CARTESIAN_POINT ( 'NONE',  ( -1.239999999999999991, -3.310000000000000053, -1.760000000000000009 ) ) ;
#2057 = CARTESIAN_POINT ( 'NONE',  ( -0.2550000000000000044, 5.355000000000000426, -5.551115123125779744E-16 ) ) ;
#2058 = ADVANCED_FACE ( 'NONE', ( #903 ), #2225, .T. ) ;
#2059 = CIRCLE ( 'NONE', #2493, 0.1000000000000001443 ) ;
#2060 = DIRECTION ( 'NONE',  ( -1.000000000000000000, 0.0000000000000000000, 0.0000000000000000000 ) ) ;
#2061 = CIRCLE ( 'NONE', #772, 0.4999372807598558843 ) ;
#2062 = LINE ( 'NONE', #2970, #651 ) ;
#2063 = CARTESIAN_POINT ( 'NONE',  ( -0.8599999999999999867, 0.0000000000000000000, -4.299999999999999822 ) ) ;
#2064 = EDGE_LOOP ( 'NONE', ( #2417, #1625, #588, #842 ) ) ;
#2065 = AXIS2_PLACEMENT_3D ( 'NONE', #3087, #1504, #3352 ) ;
#2066 = CARTESIAN_POINT ( 'NONE',  ( 0.2550000000000000044, -1.794999999999999929, -7.299999999999999822 ) ) ;
#2067 = VERTEX_POINT ( 'NONE', #652 ) ;
#2068 = ORIENTED_EDGE ( 'NONE', *, *, #1422, .T. ) ;
#2069 = CARTESIAN_POINT ( 'NONE',  ( -0.3339900397694209877, 6.850000000000000533, -3.919999999999999929 ) ) ;
#2070 = VERTEX_POINT ( 'NONE', #923 ) ;
#2071 = ORIENTED_EDGE ( 'NONE', *, *, #174, .T. ) ;
#2072 = EDGE_LOOP ( 'NONE', ( #1287, #168, #2424, #2854 ) ) ;
#2073 = DIRECTION ( 'NONE',  ( 0.0000000000000000000, -1.000000000000000000, 0.0000000000000000000 ) ) ;
#2074 = DIRECTION ( 'NONE',  ( -1.224646799147350002E-16, 0.0000000000000000000, 1.000000000000000000 ) ) ;
#2075 = EDGE_CURVE ( 'NONE', #1401, #2786, #1609, .T. ) ;
#2076 = EDGE_LOOP ( 'NONE', ( #3276, #3032, #1146, #3065 ) ) ;
#2077 = CARTESIAN_POINT ( 'NONE',  ( -0.2550000000000000044, 5.195000000000000284, -5.551115123125779744E-16 ) ) ;
#2078 = DIRECTION ( 'NONE',  ( 0.0000000000000000000, 1.000000000000000000, 0.0000000000000000000 ) ) ;
#2079 = AXIS2_PLACEMENT_3D ( 'NONE', #3311, #1719, #127 ) ;
#2080 = EDGE_CURVE ( 'NONE', #2775, #890, #2312, .T. ) ;
#2081 = EDGE_CURVE ( 'NONE', #3315, #254, #194, .T. ) ;
#2082 = EDGE_CURVE ( 'NONE', #3239, #200, #818, .T. ) ;
#2083 = AXIS2_PLACEMENT_3D ( 'NONE', #1674, #84, #1951 ) ;
#2084 = ORIENTED_EDGE ( 'NONE', *, *, #32, .F. ) ;
#2085 = ORIENTED_EDGE ( 'NONE', *, *, #159, .F. ) ;
#2086 = LINE ( 'NONE', #1491, #3422 ) ;
#2087 = DIRECTION ( 'NONE',  ( -0.8108848540793819337, 0.0000000000000000000, 0.5852057359806545067 ) ) ;
#2088 = DIRECTION ( 'NONE',  ( -0.7071067811865477948, 0.0000000000000000000, -0.7071067811865472397 ) ) ;
#2089 = EDGE_LOOP ( 'NONE', ( #3402, #1455, #239, #1218 ) ) ;
#2090 = DIRECTION ( 'NONE',  ( 0.7071067811865474617, -0.7071067811865474617, 0.0000000000000000000 ) ) ;
#2091 = FACE_OUTER_BOUND ( 'NONE', #1615, .T. ) ;
#2092 = LINE ( 'NONE', #2139, #767 ) ;
#2093 = CARTESIAN_POINT ( 'NONE',  ( 0.0000000000000000000, -7.669999999999999929, -1.760000000000000009 ) ) ;
#2094 = VECTOR ( 'NONE', #769, 1000.000000000000000 ) ;
#2095 = LINE ( 'NONE', #2365, #1938 ) ;
#2096 =( NAMED_UNIT ( * ) PLANE_ANGLE_UNIT ( ) SI_UNIT ( $, .RADIAN. ) );
#2097 = VECTOR ( 'NONE', #2650, 1000.000000000000000 ) ;
#2098 = DIRECTION ( 'NONE',  ( 0.0000000000000000000, 0.0000000000000000000, 1.000000000000000000 ) ) ;
#2099 = CARTESIAN_POINT ( 'NONE',  ( -1.220710678118654746, -6.657500000000000639, -3.430710678118654933 ) ) ;
#2100 = CIRCLE ( 'NONE', #118, 0.9000000000000000222 ) ;
#2101 = DIRECTION ( 'NONE',  ( 0.0000000000000000000, 0.0000000000000000000, -1.000000000000000000 ) ) ;
#2102 = LINE ( 'NONE', #3453, #1414 ) ;
#2103 = ORIENTED_EDGE ( 'NONE', *, *, #2968, .T. ) ;
#2104 = CARTESIAN_POINT ( 'NONE',  ( -0.8599999999999999867, 0.0000000000000000000, -3.919999999999999929 ) ) ;
#2105 = ORIENTED_EDGE ( 'NONE', *, *, #1058, .F. ) ;
#2106 = CARTESIAN_POINT ( 'NONE',  ( 1.231088485407938471, -6.949999999999999289, 3.522622188735815119 ) ) ;
#2107 = ADVANCED_FACE ( 'NONE', ( #1450 ), #1986, .T. ) ;
#2108 = ORIENTED_EDGE ( 'NONE', *, *, #713, .T. ) ;
#2109 = CIRCLE ( 'NONE', #1290, 0.1000000000000000472 ) ;
#2110 = DIRECTION ( 'NONE',  ( 0.7071067811865477948, 0.0000000000000000000, -0.7071067811865472397 ) ) ;
#2111 = CARTESIAN_POINT ( 'NONE',  ( 0.0000000000000000000, -6.850000000000000533, 0.0000000000000000000 ) ) ;
#2112 = DIRECTION ( 'NONE',  ( 0.0000000000000000000, 0.0000000000000000000, 1.000000000000000000 ) ) ;
#2113 = DIRECTION ( 'NONE',  ( 0.0000000000000000000, -1.000000000000000000, 0.0000000000000000000 ) ) ;
#2114 = VERTEX_POINT ( 'NONE', #1204 ) ;
#2115 = ORIENTED_EDGE ( 'NONE', *, *, #210, .F. ) ;
#2116 = EDGE_CURVE ( 'NONE', #121, #1759, #733, .T. ) ;
#2117 = ORIENTED_EDGE ( 'NONE', *, *, #3374, .F. ) ;
#2118 = DIRECTION ( 'NONE',  ( 0.0000000000000000000, 0.0000000000000000000, 1.000000000000000000 ) ) ;
#2119 = DIRECTION ( 'NONE',  ( 0.0000000000000000000, 0.0000000000000000000, 1.000000000000000000 ) ) ;
#2120 = AXIS2_PLACEMENT_3D ( 'NONE', #1097, #1034, #2880 ) ;
#2121 = DIRECTION ( 'NONE',  ( 0.0000000000000000000, 0.0000000000000000000, -1.000000000000000000 ) ) ;
#2122 = EDGE_CURVE ( 'NONE', #1100, #744, #21, .T. ) ;
#2123 = CARTESIAN_POINT ( 'NONE',  ( -1.231088485407938249, -6.949999999999999289, 3.522622188735815563 ) ) ;
#2124 = VERTEX_POINT ( 'NONE', #135 ) ;
#2125 = CARTESIAN_POINT ( 'NONE',  ( -1.220710678118654746, -6.949999999999999289, -3.430710678118654933 ) ) ;
#2126 = CARTESIAN_POINT ( 'NONE',  ( -1.149999999999999911, -6.949999999999999289, -0.3458983848622450008 ) ) ;
#2127 = ADVANCED_FACE ( 'NONE', ( #2848 ), #3334, .F. ) ;
#2128 = ORIENTED_EDGE ( 'NONE', *, *, #47, .T. ) ;
#2129 = ORIENTED_EDGE ( 'NONE', *, *, #2507, .T. ) ;
#2130 = VECTOR ( 'NONE', #3221, 1000.000000000000000 ) ;
#2131 = ORIENTED_EDGE ( 'NONE', *, *, #1202, .T. ) ;
#2132 = CARTESIAN_POINT ( 'NONE',  ( -1.239999999999999991, -6.850000000000000533, 4.299999999999999822 ) ) ;
#2133 = DIRECTION ( 'NONE',  ( 0.0000000000000000000, 0.0000000000000000000, -1.000000000000000000 ) ) ;
#2134 = CIRCLE ( 'NONE', #2657, 0.1000000000000000472 ) ;
#2135 = CARTESIAN_POINT ( 'NONE',  ( 0.3339900397694209877, 6.850000000000000533, -3.919999999999999929 ) ) ;
#2136 = VECTOR ( 'NONE', #1017, 1000.000000000000000 ) ;
#2137 = DIRECTION ( 'NONE',  ( 0.0000000000000000000, 0.0000000000000000000, 1.000000000000000000 ) ) ;
#2138 = CARTESIAN_POINT ( 'NONE',  ( 1.149999999999999911, -7.020710678118654791, 0.3792893218813452316 ) ) ;
#2139 = CARTESIAN_POINT ( 'NONE',  ( 0.0000000000000000000, -6.949999999999999289, -3.459999999999999964 ) ) ;
#2140 = VECTOR ( 'NONE', #1302, 1000.000000000000000 ) ;
#2141 = VECTOR ( 'NONE', #1484, 1000.000000000000000 ) ;
#2142 = DIRECTION ( 'NONE',  ( 1.000000000000000000, 0.0000000000000000000, 0.0000000000000000000 ) ) ;
#2143 = VECTOR ( 'NONE', #2784, 1000.000000000000000 ) ;
#2144 = FACE_OUTER_BOUND ( 'NONE', #708, .T. ) ;
#2145 = DIRECTION ( 'NONE',  ( 1.000000000000000000, 0.0000000000000000000, 0.0000000000000000000 ) ) ;
#2146 = DIRECTION ( 'NONE',  ( 0.0000000000000000000, 0.0000000000000000000, 1.000000000000000000 ) ) ;
#2147 = AXIS2_PLACEMENT_3D ( 'NONE', #45, #1918, #317 ) ;
#2148 = EDGE_CURVE ( 'NONE', #2527, #1348, #1363, .T. ) ;
#2149 = ADVANCED_FACE ( 'NONE', ( #650 ), #2541, .F. ) ;
#2150 = CARTESIAN_POINT ( 'NONE',  ( 1.149999999999999911, -6.949999999999999289, -3.360000000000000320 ) ) ;
#2151 = DIRECTION ( 'NONE',  ( 0.0000000000000000000, -1.000000000000000000, 0.0000000000000000000 ) ) ;
#2152 = EDGE_LOOP ( 'NONE', ( #543, #542, #1162, #1540 ) ) ;
#2153 = AXIS2_PLACEMENT_3D ( 'NONE', #1501, #1712, #2551 ) ;
#2154 = CARTESIAN_POINT ( 'NONE',  ( 0.2630049801152889999, -2.383990039769420477, -3.919999999999999929 ) ) ;
#2155 = SURFACE_SIDE_STYLE ('',( #1404 ) ) ;
#2156 = ORIENTED_EDGE ( 'NONE', *, *, #2547, .T. ) ;
#2157 = VERTEX_POINT ( 'NONE', #3078 ) ;
#2158 = EDGE_CURVE ( 'NONE', #364, #173, #2931, .T. ) ;
#2159 = EDGE_LOOP ( 'NONE', ( #3405, #1545, #2580, #1253 ) ) ;
#2160 = ORIENTED_EDGE ( 'NONE', *, *, #2148, .T. ) ;
#2161 = DIRECTION ( 'NONE',  ( 0.0000000000000000000, -1.000000000000000000, 0.0000000000000000000 ) ) ;
#2162 = DIRECTION ( 'NONE',  ( -1.000000000000000000, 0.0000000000000000000, 0.0000000000000000000 ) ) ;
#2163 = CARTESIAN_POINT ( 'NONE',  ( 0.0000000000000000000, 3.205000000000000071, -7.299999999999999822 ) ) ;
#2164 = CARTESIAN_POINT ( 'NONE',  ( 0.0000000000000000000, 1.270062719240144133, 2.040000000000000036 ) ) ;
#2165 = CARTESIAN_POINT ( 'NONE',  ( 0.0000000000000000000, -8.570000000000000284, -1.760000000000000009 ) ) ;
#2166 = CARTESIAN_POINT ( 'NONE',  ( 1.231088485407938249, -7.049999999999999822, -0.2873778112641797167 ) ) ;
#2167 = ADVANCED_FACE ( 'NONE', ( #3390 ), #1240, .T. ) ;
#2168 = ORIENTED_EDGE ( 'NONE', *, *, #2620, .F. ) ;
#2169 = DIRECTION ( 'NONE',  ( 0.0000000000000000000, 0.0000000000000000000, 1.000000000000000000 ) ) ;
#2170 = AXIS2_PLACEMENT_3D ( 'NONE', #1899, #2145, #2338 ) ;
#2171 = DIRECTION ( 'NONE',  ( -1.000000000000000000, 0.0000000000000000000, 0.0000000000000000000 ) ) ;
#2172 = CARTESIAN_POINT ( 'NONE',  ( 0.0000000000000000000, 5.195000000000000284, -7.299999999999999822 ) ) ;
#2173 = DIRECTION ( 'NONE',  ( 1.000000000000000000, 0.0000000000000000000, 0.0000000000000000000 ) ) ;
#2174 = ORIENTED_EDGE ( 'NONE', *, *, #400, .T. ) ;
#2175 = VECTOR ( 'NONE', #3407, 1000.000000000000000 ) ;
#2176 = ORIENTED_EDGE ( 'NONE', *, *, #366, .F. ) ;
#2177 = VECTOR ( 'NONE', #1219, 1000.000000000000000 ) ;
#2178 = DIRECTION ( 'NONE',  ( -0.0000000000000000000, 1.000000000000000000, 0.0000000000000000000 ) ) ;
#2179 = ORIENTED_EDGE ( 'NONE', *, *, #2200, .F. ) ;
#2180 = FACE_OUTER_BOUND ( 'NONE', #2003, .T. ) ;
#2181 = DIRECTION ( 'NONE',  ( 0.0000000000000000000, 1.000000000000000000, 0.0000000000000000000 ) ) ;
#2182 = DIRECTION ( 'NONE',  ( 0.0000000000000000000, -1.000000000000000000, 0.0000000000000000000 ) ) ;
#2183 = FACE_OUTER_BOUND ( 'NONE', #328, .T. ) ;
#2184 = CIRCLE ( 'NONE', #647, 0.1000000000000000472 ) ;
#2185 = CARTESIAN_POINT ( 'NONE',  ( -1.149999999999999911, -5.479999999999999538, 0.4500000000000000111 ) ) ;
#2186 = DIRECTION ( 'NONE',  ( 0.0000000000000000000, 1.000000000000000000, 0.0000000000000000000 ) ) ;
#2187 = VECTOR ( 'NONE', #511, 1000.000000000000000 ) ;
#2188 = DIRECTION ( 'NONE',  ( 0.0000000000000000000, -1.000000000000000000, 0.0000000000000000000 ) ) ;
#2189 = CIRCLE ( 'NONE', #3273, 0.1000000000000000472 ) ;
#2190 = LINE ( 'NONE', #2721, #2806 ) ;
#2191 = CIRCLE ( 'NONE', #3194, 0.09999999999999982514 ) ;
#2192 = CARTESIAN_POINT ( 'NONE',  ( -1.149999999999999911, -6.949999999999999289, -3.360000000000000320 ) ) ;
#2193 = DIRECTION ( 'NONE',  ( 1.224646799147348770E-16, 0.0000000000000000000, -1.000000000000000000 ) ) ;
#2194 = AXIS2_PLACEMENT_3D ( 'NONE', #735, #3127, #1541 ) ;
#2195 = EDGE_CURVE ( 'NONE', #875, #1744, #2685, .T. ) ;
#2196 = EDGE_CURVE ( 'NONE', #405, #334, #2061, .T. ) ;
#2197 = DIRECTION ( 'NONE',  ( -0.7071067811865474617, 0.0000000000000000000, -0.7071067811865474617 ) ) ;
#2198 = ORIENTED_EDGE ( 'NONE', *, *, #450, .T. ) ;
#2199 = EDGE_LOOP ( 'NONE', ( #2084, #1220, #2443, #2862 ) ) ;
#2200 = EDGE_CURVE ( 'NONE', #31, #2454, #569, .T. ) ;
#2201 = MECHANICAL_DESIGN_GEOMETRIC_PRESENTATION_REPRESENTATION (  '', ( #955 ), #2373 ) ;
#2202 = ORIENTED_EDGE ( 'NONE', *, *, #1452, .F. ) ;
#2203 = CARTESIAN_POINT ( 'NONE',  ( 0.2550000000000000044, 0.4500000000000000111, -5.799999999999999822 ) ) ;
#2204 = ORIENTED_EDGE ( 'NONE', *, *, #591, .T. ) ;
#2205 = CARTESIAN_POINT ( 'NONE',  ( 0.0000000000000000000, -7.049999999999999822, 2.050000000000000266 ) ) ;
#2206 = ORIENTED_EDGE ( 'NONE', *, *, #1069, .F. ) ;
#2207 = DIRECTION ( 'NONE',  ( 0.0000000000000000000, 1.996804001124379713E-17, -1.000000000000000000 ) ) ;
#2208 = ORIENTED_EDGE ( 'NONE', *, *, #2576, .F. ) ;
#2209 = AXIS2_PLACEMENT_3D ( 'NONE', #2360, #776, #2628 ) ;
#2210 = CARTESIAN_POINT ( 'NONE',  ( 1.149999999999999911, -6.949999999999999289, -0.3458983848622450008 ) ) ;
#2211 = AXIS2_PLACEMENT_3D ( 'NONE', #864, #1400, #301 ) ;
#2212 = DIRECTION ( 'NONE',  ( -1.000000000000000000, 0.0000000000000000000, 0.0000000000000000000 ) ) ;
#2213 = DIRECTION ( 'NONE',  ( 0.0000000000000000000, 0.0000000000000000000, 1.000000000000000000 ) ) ;
#2214 = VERTEX_POINT ( 'NONE', #1785 ) ;
#2215 = CARTESIAN_POINT ( 'NONE',  ( 1.149999999999999911, -6.949999999999999289, 3.464101615137749945 ) ) ;
#2216 = FACE_OUTER_BOUND ( 'NONE', #1419, .T. ) ;
#2217 = ORIENTED_EDGE ( 'NONE', *, *, #698, .F. ) ;
#2218 = EDGE_CURVE ( 'NONE', #1210, #2656, #1284, .T. ) ;
#2219 = VERTEX_POINT ( 'NONE', #2029 ) ;
#2220 = LINE ( 'NONE', #1808, #809 ) ;
#2221 = ADVANCED_FACE ( 'NONE', ( #1190 ), #3120, .T. ) ;
#2222 = CYLINDRICAL_SURFACE ( 'NONE', #2120, 0.1000000000000001443 ) ;
#2223 = LINE ( 'NONE', #149, #2141 ) ;
#2224 = DIRECTION ( 'NONE',  ( 9.984020005621900106E-18, 1.000000000000000000, 9.984020005621900106E-18 ) ) ;
#2225 = CYLINDRICAL_SURFACE ( 'NONE', #2250, 0.1000000000000001027 ) ;
#2226 = CARTESIAN_POINT ( 'NONE',  ( 1.149999999999999911, -5.479999999999999538, 0.3499999999999999778 ) ) ;
#2227 = VECTOR ( 'NONE', #629, 1000.000000000000000 ) ;
#2228 =( NAMED_UNIT ( * ) PLANE_ANGLE_UNIT ( ) SI_UNIT ( $, .RADIAN. ) );
#2229 = ORIENTED_EDGE ( 'NONE', *, *, #2728, .T. ) ;
#2230 = EDGE_LOOP ( 'NONE', ( #943, #946, #2131, #596 ) ) ;
#2231 = ORIENTED_EDGE ( 'NONE', *, *, #3327, .T. ) ;
#2232 = ORIENTED_EDGE ( 'NONE', *, *, #1252, .F. ) ;
#2233 = CARTESIAN_POINT ( 'NONE',  ( 1.149999999999999911, -6.949999999999999289, -3.360000000000000320 ) ) ;
#2234 = ADVANCED_FACE ( 'NONE', ( #488 ), #2522, .F. ) ;
#2235 = DIRECTION ( 'NONE',  ( 1.000000000000000000, 0.0000000000000000000, 0.0000000000000000000 ) ) ;
#2236 = DIRECTION ( 'NONE',  ( 1.000000000000000000, 0.0000000000000000000, 0.0000000000000000000 ) ) ;
#2237 = DIRECTION ( 'NONE',  ( 0.0000000000000000000, -1.000000000000000000, 0.0000000000000000000 ) ) ;
#2238 = ORIENTED_EDGE ( 'NONE', *, *, #1726, .F. ) ;
#2239 = ORIENTED_EDGE ( 'NONE', *, *, #357, .T. ) ;
#2240 = AXIS2_PLACEMENT_3D ( 'NONE', #2111, #262, #2121 ) ;
#2241 = EDGE_LOOP ( 'NONE', ( #406, #3200 ) ) ;
#2242 = CARTESIAN_POINT ( 'NONE',  ( 1.149999999999999911, -6.949999999999999289, 0.4500000000000000111 ) ) ;
#2243 = EDGE_CURVE ( 'NONE', #2607, #953, #1902, .T. ) ;
#2244 = ADVANCED_FACE ( 'NONE', ( #2602 ), #1281, .T. ) ;
#2245 = LINE ( 'NONE', #2054, #2175 ) ;
#2246 = ORIENTED_EDGE ( 'NONE', *, *, #1252, .T. ) ;
#2247 = DIRECTION ( 'NONE',  ( 0.0000000000000000000, -1.000000000000000000, -1.996804001124379713E-17 ) ) ;
#2248 = VECTOR ( 'NONE', #1098, 1000.000000000000000 ) ;
#2249 = ORIENTED_EDGE ( 'NONE', *, *, #3144, .F. ) ;
#2250 = AXIS2_PLACEMENT_3D ( 'NONE', #383, #915, #115 ) ;
#2251 = EDGE_CURVE ( 'NONE', #2070, #744, #3232, .T. ) ;
#2252 = EDGE_CURVE ( 'NONE', #292, #3316, #1109, .T. ) ;
#2253 = CARTESIAN_POINT ( 'NONE',  ( -0.2550000000000000044, 5.355000000000000426, -0.3499999999999999778 ) ) ;
#2254 = LINE ( 'NONE', #2663, #1477 ) ;
#2255 =( NAMED_UNIT ( * ) PLANE_ANGLE_UNIT ( ) SI_UNIT ( $, .RADIAN. ) );
#2256 = CARTESIAN_POINT ( 'NONE',  ( 1.250000000000000000, -6.949999999999999289, 3.464101615137749945 ) ) ;
#2257 = DIRECTION ( 'NONE',  ( 0.0000000000000000000, 1.000000000000000000, 0.0000000000000000000 ) ) ;
#2258 = EDGE_CURVE ( 'NONE', #928, #875, #3140, .T. ) ;
#2259 = LINE ( 'NONE', #3395, #1562 ) ;
#2260 = AXIS2_PLACEMENT_3D ( 'NONE', #896, #2484, #3017 ) ;
#2261 = VECTOR ( 'NONE', #3443, 1000.000000000000000 ) ;
#2262 = DIRECTION ( 'NONE',  ( 0.0000000000000000000, -1.000000000000000000, 0.0000000000000000000 ) ) ;
#2263 = SPHERICAL_SURFACE ( 'NONE', #1847, 0.1000000000000000056 ) ;
#2264 = CARTESIAN_POINT ( 'NONE',  ( -0.8599999999999999867, 6.850000000000000533, -3.919999999999999929 ) ) ;
#2265 = LINE ( 'NONE', #1925, #863 ) ;
#2266 = ORIENTED_EDGE ( 'NONE', *, *, #3291, .F. ) ;
#2267 = LINE ( 'NONE', #1319, #1569 ) ;
#2268 = DIRECTION ( 'NONE',  ( 0.0000000000000000000, 0.0000000000000000000, 1.000000000000000000 ) ) ;
#2269 = VERTEX_POINT ( 'NONE', #2865 ) ;
#2270 = ORIENTED_EDGE ( 'NONE', *, *, #2796, .F. ) ;
#2271 = EDGE_LOOP ( 'NONE', ( #705, #2514, #2231, #1827 ) ) ;
#2272 = ORIENTED_EDGE ( 'NONE', *, *, #1769, .T. ) ;
#2273 = DIRECTION ( 'NONE',  ( 0.0000000000000000000, -1.000000000000000000, 0.0000000000000000000 ) ) ;
#2274 = AXIS2_PLACEMENT_3D ( 'NONE', #2787, #1208, #3057 ) ;
#2275 = CARTESIAN_POINT ( 'NONE',  ( 0.2550000000000000044, 0.1950000000000000067, -5.551115123125779744E-16 ) ) ;
#2276 = AXIS2_PLACEMENT_3D ( 'NONE', #1505, #2711, #627 ) ;
#2277 = CIRCLE ( 'NONE', #2943, 0.1000000000000002554 ) ;
#2278 = ORIENTED_EDGE ( 'NONE', *, *, #592, .T. ) ;
#2279 = DIRECTION ( 'NONE',  ( 1.000000000000000000, 0.0000000000000000000, 0.0000000000000000000 ) ) ;
#2280 = CARTESIAN_POINT ( 'NONE',  ( -1.149999999999999911, -6.949999999999999289, 3.464101615137749945 ) ) ;
#2281 = CLOSED_SHELL ( 'NONE', ( #128, #1580, #3359, #17, #1265, #792, #1052, #2149, #2292, #1802, #3462, #2234, #2425, #2793, #1913, #2127, #2585, #1108, #2830, #1431, #1979, #2167, #3440, #3123, #91, #1877, #3024, #1094, #2520, #1244 ) ) ;
#2282 = ORIENTED_EDGE ( 'NONE', *, *, #2949, .T. ) ;
#2283 = ORIENTED_EDGE ( 'NONE', *, *, #2503, .T. ) ;
#2284 = CARTESIAN_POINT ( 'NONE',  ( 1.239999999999999991, -6.850000000000000533, -3.459999999999999964 ) ) ;
#2285 = FACE_OUTER_BOUND ( 'NONE', #3449, .T. ) ;
#2286 = ORIENTED_EDGE ( 'NONE', *, *, #2366, .F. ) ;
#2287 = ORIENTED_EDGE ( 'NONE', *, *, #3229, .T. ) ;
#2288 = DIRECTION ( 'NONE',  ( 0.0000000000000000000, 1.000000000000000000, 0.0000000000000000000 ) ) ;
#2289 = CARTESIAN_POINT ( 'NONE',  ( -1.149999999999999911, -5.479999999999999538, 0.3499999999999999778 ) ) ;
#2290 = COLOUR_RGB ( '',0.8196078431372548767, 0.8000000000000000444, 0.7529411764705882248 ) ;
#2291 = DIRECTION ( 'NONE',  ( 0.0000000000000000000, 0.0000000000000000000, 1.000000000000000000 ) ) ;
#2292 = ADVANCED_FACE ( 'NONE', ( #398 ), #1292, .F. ) ;
#2293 = EDGE_LOOP ( 'NONE', ( #2129, #2708, #506, #2465, #2103, #2741 ) ) ;
#2294 = EDGE_LOOP ( 'NONE', ( #3425, #2198, #961, #2790 ) ) ;
#2295 = VECTOR ( 'NONE', #2537, 1000.000000000000000 ) ;
#2296 = ORIENTED_EDGE ( 'NONE', *, *, #1912, .T. ) ;
#2297 = EDGE_CURVE ( 'NONE', #1909, #1676, #315, .T. ) ;
#2298 = VECTOR ( 'NONE', #2749, 1000.000000000000000 ) ;
#2299 = CARTESIAN_POINT ( 'NONE',  ( 0.0000000000000000000, -6.949999999999999289, -3.810000000000000053 ) ) ;
#2300 = CARTESIAN_POINT ( 'NONE',  ( 0.2550000000000000044, -4.349999999999999645, -5.551115123125779744E-16 ) ) ;
#2301 = CARTESIAN_POINT ( 'NONE',  ( 0.2550000000000000044, 0.6500000000000000222, -5.551115123125779744E-16 ) ) ;
#2302 = CIRCLE ( 'NONE', #433, 0.9000000000000000222 ) ;
#2303 = STYLED_ITEM ( 'NONE', ( #813 ), #2501 ) ;
#2304 = EDGE_CURVE ( 'NONE', #1007, #203, #3055, .T. ) ;
#2305 = CARTESIAN_POINT ( 'NONE',  ( -0.2550000000000000044, -1.794999999999999929, -7.299999999999999822 ) ) ;
#2306 = PLANE ( 'NONE',  #1973 ) ;
#2307 = VECTOR ( 'NONE', #1770, 1000.000000000000000 ) ;
#2308 = FACE_OUTER_BOUND ( 'NONE', #3461, .T. ) ;
#2309 = DIRECTION ( 'NONE',  ( 1.000000000000000000, 0.0000000000000000000, 0.0000000000000000000 ) ) ;
#2310 = SPHERICAL_SURFACE ( 'NONE', #1971, 0.1000000000000000056 ) ;
#2311 = AXIS2_PLACEMENT_3D ( 'NONE', #675, #3335, #1747 ) ;
#2312 = LINE ( 'NONE', #1463, #1527 ) ;
#2313 = VECTOR ( 'NONE', #2212, 1000.000000000000000 ) ;
#2314 = CARTESIAN_POINT ( 'NONE',  ( 0.0000000000000000000, 5.355000000000000426, -5.551115123125779744E-16 ) ) ;
#2315 = DIRECTION ( 'NONE',  ( 0.0000000000000000000, -1.000000000000000000, 0.0000000000000000000 ) ) ;
#2316 = DIRECTION ( 'NONE',  ( 0.0000000000000000000, 0.0000000000000000000, 1.000000000000000000 ) ) ;
#2317 = DIRECTION ( 'NONE',  ( 0.0000000000000000000, -1.000000000000000000, 0.0000000000000000000 ) ) ;
#2318 = ORIENTED_EDGE ( 'NONE', *, *, #236, .F. ) ;
#2319 = DIRECTION ( 'NONE',  ( -0.0000000000000000000, 1.000000000000000000, 0.0000000000000000000 ) ) ;
#2320 = ORIENTED_EDGE ( 'NONE', *, *, #3433, .T. ) ;
#2321 = DIRECTION ( 'NONE',  ( 0.7071067811865480168, 0.0000000000000000000, 0.7071067811865469066 ) ) ;
#2322 = DIRECTION ( 'NONE',  ( 0.0000000000000000000, 0.0000000000000000000, 1.000000000000000000 ) ) ;
#2323 = APPLICATION_PROTOCOL_DEFINITION ( 'draft international standard', 'automotive_design', 1998, #466 ) ;
#2324 = DIRECTION ( 'NONE',  ( 0.0000000000000000000, 0.0000000000000000000, -1.000000000000000000 ) ) ;
#2325 = ADVANCED_FACE ( 'NONE', ( #2353 ), #939, .T. ) ;
#2326 = VERTEX_POINT ( 'NONE', #2873 ) ;
#2327 = CARTESIAN_POINT ( 'NONE',  ( 0.0000000000000000000, -7.570000000000000284, 3.050000000000000266 ) ) ;
#2328 = ORIENTED_EDGE ( 'NONE', *, *, #2616, .F. ) ;
#2329 = CARTESIAN_POINT ( 'NONE',  ( -0.3339900397694209877, 4.541502490057649943, -2.000000000000000000 ) ) ;
#2330 = CARTESIAN_POINT ( 'NONE',  ( 1.149999999999999911, -6.949999999999999289, -3.360000000000000320 ) ) ;
#2331 = EDGE_CURVE ( 'NONE', #1117, #461, #1730, .T. ) ;
#2332 = CARTESIAN_POINT ( 'NONE',  ( -1.239999999999999991, -6.850000000000000533, -4.299999999999999822 ) ) ;
#2333 = ORIENTED_EDGE ( 'NONE', *, *, #2297, .F. ) ;
#2334 = AXIS2_PLACEMENT_3D ( 'NONE', #3317, #3113, #680 ) ;
#2335 = EDGE_LOOP ( 'NONE', ( #788, #1368, #304, #242 ) ) ;
#2336 = ORIENTED_EDGE ( 'NONE', *, *, #153, .F. ) ;
#2337 = EDGE_CURVE ( 'NONE', #892, #2735, #223, .T. ) ;
#2338 = DIRECTION ( 'NONE',  ( 0.0000000000000000000, -1.000000000000000000, 0.0000000000000000000 ) ) ;
#2339 = ORIENTED_EDGE ( 'NONE', *, *, #1838, .T. ) ;
#2340 = DIRECTION ( 'NONE',  ( 0.0000000000000000000, -1.000000000000000000, 0.0000000000000000000 ) ) ;
#2341 = ORIENTED_EDGE ( 'NONE', *, *, #3010, .F. ) ;
#2342 = LINE ( 'NONE', #2989, #214 ) ;
#2343 = ORIENTED_EDGE ( 'NONE', *, *, #2534, .F. ) ;
#2344 = VERTEX_POINT ( 'NONE', #2625 ) ;
#2345 = SURFACE_STYLE_USAGE ( .BOTH. , #1659 ) ;
#2346 = VECTOR ( 'NONE', #1249, 1000.000000000000000 ) ;
#2347 = CIRCLE ( 'NONE', #2568, 0.1000000000000001027 ) ;
#2348 = AXIS2_PLACEMENT_3D ( 'NONE', #199, #1639, #1008 ) ;
#2349 = DIRECTION ( 'NONE',  ( 0.0000000000000000000, 0.0000000000000000000, 1.000000000000000000 ) ) ;
#2350 = FACE_OUTER_BOUND ( 'NONE', #3399, .T. ) ;
#2351 = DIRECTION ( 'NONE',  ( 0.0000000000000000000, -1.000000000000000000, 0.0000000000000000000 ) ) ;
#2352 = UNCERTAINTY_MEASURE_WITH_UNIT (LENGTH_MEASURE( 1.000000000000000082E-05 ), #3002, 'distance_accuracy_value', 'NONE');
#2353 = FACE_OUTER_BOUND ( 'NONE', #3458, .T. ) ;
#2354 = CYLINDRICAL_SURFACE ( 'NONE', #1670, 0.1000000000000001027 ) ;
#2355 = CIRCLE ( 'NONE', #1797, 0.1000000000000001443 ) ;
#2356 = ORIENTED_EDGE ( 'NONE', *, *, #3331, .F. ) ;
#2357 = LINE ( 'NONE', #1122, #753 ) ;
#2358 = EDGE_LOOP ( 'NONE', ( #2632, #2266, #2328, #2753, #279 ) ) ;
#2359 = ORIENTED_EDGE ( 'NONE', *, *, #1266, .F. ) ;
#2360 = CARTESIAN_POINT ( 'NONE',  ( 0.0000000000000000000, -7.669999999999999929, -1.760000000000000009 ) ) ;
#2361 = ORIENTED_EDGE ( 'NONE', *, *, #2304, .T. ) ;
#2362 = ORIENTED_EDGE ( 'NONE', *, *, #601, .T. ) ;
#2363 = ORIENTED_EDGE ( 'NONE', *, *, #533, .F. ) ;
#2364 = PLANE ( 'NONE',  #3444 ) ;
#2365 = CARTESIAN_POINT ( 'NONE',  ( 1.149999999999999911, -7.049999999999999822, 2.899999999999999911 ) ) ;
#2366 = EDGE_CURVE ( 'NONE', #1699, #2067, #856, .T. ) ;
#2367 = EDGE_CURVE ( 'NONE', #3060, #3075, #2972, .T. ) ;
#2368 = ORIENTED_EDGE ( 'NONE', *, *, #1846, .F. ) ;
#2369 = CARTESIAN_POINT ( 'NONE',  ( -0.3339900397694209877, -2.383990039769420477, -3.919999999999999929 ) ) ;
#2370 = ORIENTED_EDGE ( 'NONE', *, *, #1692, .T. ) ;
#2371 = ADVANCED_FACE ( 'NONE', ( #2881 ), #2364, .T. ) ;
#2372 = EDGE_CURVE ( 'NONE', #917, #2538, #64, .T. ) ;
#2373 =( GEOMETRIC_REPRESENTATION_CONTEXT ( 3 ) GLOBAL_UNCERTAINTY_ASSIGNED_CONTEXT ( ( #88 ) ) GLOBAL_UNIT_ASSIGNED_CONTEXT ( ( #403, #2255, #670 ) ) REPRESENTATION_CONTEXT ( 'NONE', 'WORKASPACE' ) );
#2374 = ORIENTED_EDGE ( 'NONE', *, *, #525, .F. ) ;
#2375 = ORIENTED_EDGE ( 'NONE', *, *, #725, .F. ) ;
#2376 = DIRECTION ( 'NONE',  ( 0.0000000000000000000, 0.0000000000000000000, -1.000000000000000000 ) ) ;
#2377 = LINE ( 'NONE', #2038, #3000 ) ;
#2378 = CARTESIAN_POINT ( 'NONE',  ( 1.149999999999999911, -6.949999999999999289, -3.360000000000000320 ) ) ;
#2379 = CARTESIAN_POINT ( 'NONE',  ( 1.149999999999999911, -6.657500000000000639, 0.4500000000000000111 ) ) ;
#2380 = CARTESIAN_POINT ( 'NONE',  ( -0.8599999999999999867, -6.850000000000000533, -3.919999999999999929 ) ) ;
#2381 = ORIENTED_EDGE ( 'NONE', *, *, #2833, .T. ) ;
#2382 = EDGE_LOOP ( 'NONE', ( #1003, #2912, #7, #1668 ) ) ;
#2383 = LINE ( 'NONE', #3270, #3094 ) ;
#2384 = EDGE_LOOP ( 'NONE', ( #3009, #3285, #1327, #1907, #3252, #250, #1462, #2246 ) ) ;
#2385 = CARTESIAN_POINT ( 'NONE',  ( -1.239999999999999991, 1.770000000000000018, 2.040000000000000036 ) ) ;
#2386 = VECTOR ( 'NONE', #561, 1000.000000000000000 ) ;
#2387 = DIRECTION ( 'NONE',  ( -0.7071067811865477948, 0.0000000000000000000, -0.7071067811865472397 ) ) ;
#2388 = VECTOR ( 'NONE', #192, 1000.000000000000000 ) ;
#2389 = AXIS2_PLACEMENT_3D ( 'NONE', #3184, #251, #1599 ) ;
#2390 = ADVANCED_FACE ( 'NONE', ( #2805 ), #685, .T. ) ;
#2391 = FACE_OUTER_BOUND ( 'NONE', #1201, .T. ) ;
#2392 = CARTESIAN_POINT ( 'NONE',  ( -0.2550000000000000044, 5.705000000000000071, -7.299999999999999822 ) ) ;
#2393 = AXIS2_PLACEMENT_3D ( 'NONE', #2923, #1610, #2951 ) ;
#2394 = CARTESIAN_POINT ( 'NONE',  ( -1.250000000000000000, -7.049999999999999822, 3.464101615137749945 ) ) ;
#2395 = CARTESIAN_POINT ( 'NONE',  ( 1.149999999999999911, -6.949999999999999289, -0.9100000000000000311 ) ) ;
#2396 = CIRCLE ( 'NONE', #1203, 0.3499999999999998668 ) ;
#2397 = DIRECTION ( 'NONE',  ( -1.000000000000000000, 0.0000000000000000000, 0.0000000000000000000 ) ) ;
#2398 = EDGE_CURVE ( 'NONE', #2444, #2702, #777, .T. ) ;
#2399 = ORIENTED_EDGE ( 'NONE', *, *, #3268, .F. ) ;
#2400 = EDGE_LOOP ( 'NONE', ( #1079, #1587, #1429, #1832 ) ) ;
#2401 = CARTESIAN_POINT ( 'NONE',  ( 0.0000000000000000000, -7.020710678118654791, -3.430710678118654933 ) ) ;
#2402 = PLANE ( 'NONE',  #206 ) ;
#2403 = VERTEX_POINT ( 'NONE', #1062 ) ;
#2404 = CARTESIAN_POINT ( 'NONE',  ( 1.149999999999999911, -7.020710678118654791, -3.430710678118654933 ) ) ;
#2405 = CARTESIAN_POINT ( 'NONE',  ( -0.3339900397694209877, 6.850000000000000533, -3.919999999999999929 ) ) ;
#2406 = CARTESIAN_POINT ( 'NONE',  ( -1.231088485407938249, -7.049999999999999822, 3.522622188735815563 ) ) ;
#2407 = CARTESIAN_POINT ( 'NONE',  ( 0.2550000000000000044, 3.205000000000000071, -7.299999999999999822 ) ) ;
#2408 = ADVANCED_FACE ( 'NONE', ( #3435 ), #1320, .T. ) ;
#2409 = ORIENTED_EDGE ( 'NONE', *, *, #2372, .T. ) ;
#2410 = DIRECTION ( 'NONE',  ( 0.0000000000000000000, 0.0000000000000000000, -1.000000000000000000 ) ) ;
#2411 = CARTESIAN_POINT ( 'NONE',  ( 0.2550000000000000044, -4.349999999999999645, -7.299999999999999822 ) ) ;
#2412 = AXIS2_PLACEMENT_3D ( 'NONE', #1826, #746, #493 ) ;
#2413 = VERTEX_POINT ( 'NONE', #1595 ) ;
#2414 = DIRECTION ( 'NONE',  ( -0.0000000000000000000, 1.000000000000000000, 0.0000000000000000000 ) ) ;
#2415 = DIRECTION ( 'NONE',  ( -0.7071067811865474617, -0.7071067811865474617, 0.0000000000000000000 ) ) ;
#2416 = DIRECTION ( 'NONE',  ( 0.0000000000000000000, -0.7071067811865477948, -0.7071067811865472397 ) ) ;
#2417 = ORIENTED_EDGE ( 'NONE', *, *, #1906, .T. ) ;
#2418 =( LENGTH_UNIT ( ) NAMED_UNIT ( * ) SI_UNIT ( .MILLI., .METRE. ) );
#2419 = CARTESIAN_POINT ( 'NONE',  ( -1.149999999999999911, -5.479999999999999538, 0.4500000000000000111 ) ) ;
#2420 = EDGE_LOOP ( 'NONE', ( #2605, #2362, #1073, #1260 ) ) ;
#2421 = FACE_OUTER_BOUND ( 'NONE', #368, .T. ) ;
#2422 = ORIENTED_EDGE ( 'NONE', *, *, #1065, .T. ) ;
#2423 = DIRECTION ( 'NONE',  ( 0.0000000000000000000, 1.000000000000000000, 0.0000000000000000000 ) ) ;
#2424 = ORIENTED_EDGE ( 'NONE', *, *, #658, .F. ) ;
#2425 = ADVANCED_FACE ( 'NONE', ( #1482 ), #3182, .T. ) ;
#2426 = CARTESIAN_POINT ( 'NONE',  ( 0.0000000000000000000, -7.049999999999999822, 0.0000000000000000000 ) ) ;
#2427 = SPHERICAL_SURFACE ( 'NONE', #1530, 0.1000000000000000056 ) ;
#2428 = LINE ( 'NONE', #264, #1722 ) ;
#2429 = DIRECTION ( 'NONE',  ( 0.0000000000000000000, 0.0000000000000000000, 1.000000000000000000 ) ) ;
#2430 = DIRECTION ( 'NONE',  ( 0.0000000000000000000, -1.000000000000000000, 0.0000000000000000000 ) ) ;
#2431 = PRESENTATION_STYLE_ASSIGNMENT (( #2474 ) ) ;
#2432 = VECTOR ( 'NONE', #2828, 1000.000000000000000 ) ;
#2433 = VECTOR ( 'NONE', #749, 1000.000000000000000 ) ;
#2434 = CYLINDRICAL_SURFACE ( 'NONE', #1138, 0.9000000000000000222 ) ;
#2435 = AXIS2_PLACEMENT_3D ( 'NONE', #2800, #1213, #3067 ) ;
#2436 = EDGE_CURVE ( 'NONE', #1787, #1007, #2724, .T. ) ;
#2437 = EDGE_CURVE ( 'NONE', #2444, #3121, #612, .T. ) ;
#2438 = CARTESIAN_POINT ( 'NONE',  ( 0.0000000000000000000, -5.479999999999999538, -0.06000000000000000472 ) ) ;
#2439 = CARTESIAN_POINT ( 'NONE',  ( -1.231088485407938249, -6.949999999999999289, -0.2873778112641795501 ) ) ;
#2440 = EDGE_LOOP ( 'NONE', ( #1415, #2085, #2045, #235 ) ) ;
#2441 = DIRECTION ( 'NONE',  ( 1.000000000000000000, 0.0000000000000000000, 0.0000000000000000000 ) ) ;
#2442 = CARTESIAN_POINT ( 'NONE',  ( 0.0000000000000000000, -7.209999999999999964, 3.050000000000000266 ) ) ;
#2443 = ORIENTED_EDGE ( 'NONE', *, *, #1838, .F. ) ;
#2444 = VERTEX_POINT ( 'NONE', #1608 ) ;
#2445 = EDGE_CURVE ( 'NONE', #2954, #2027, #1939, .T. ) ;
#2446 = AXIS2_PLACEMENT_3D ( 'NONE', #1447, #3293, #1705 ) ;
#2447 = VERTEX_POINT ( 'NONE', #1880 ) ;
#2448 = VERTEX_POINT ( 'NONE', #276 ) ;
#2449 = VERTEX_POINT ( 'NONE', #2404 ) ;
#2450 = DIRECTION ( 'NONE',  ( 0.0000000000000000000, 0.0000000000000000000, -1.000000000000000000 ) ) ;
#2451 = DIRECTION ( 'NONE',  ( -0.7071067811865477948, 0.0000000000000000000, -0.7071067811865472397 ) ) ;
#2452 = DIRECTION ( 'NONE',  ( -1.000000000000000000, 0.0000000000000000000, 0.0000000000000000000 ) ) ;
#2453 = DIRECTION ( 'NONE',  ( 0.0000000000000000000, 1.000000000000000000, 0.0000000000000000000 ) ) ;
#2454 = VERTEX_POINT ( 'NONE', #816 ) ;
#2455 = CARTESIAN_POINT ( 'NONE',  ( 0.0000000000000000000, -6.949999999999999289, 0.0000000000000000000 ) ) ;
#2456 = DIRECTION ( 'NONE',  ( 1.000000000000000000, 0.0000000000000000000, 0.0000000000000000000 ) ) ;
#2457 = ORIENTED_EDGE ( 'NONE', *, *, #1239, .F. ) ;
#2458 = EDGE_LOOP ( 'NONE', ( #1584, #931, #2773, #1298 ) ) ;
#2459 = MANIFOLD_SOLID_BREP ( '571-0122F.stp[7]', #1697 ) ;
#2460 = ORIENTED_EDGE ( 'NONE', *, *, #2860, .F. ) ;
#2461 = AXIS2_PLACEMENT_3D ( 'NONE', #106, #2319, #1789 ) ;
#2462 = AXIS2_PLACEMENT_3D ( 'NONE', #184, #1766, #2309 ) ;
#2463 = CARTESIAN_POINT ( 'NONE',  ( -1.239999999999999991, -6.850000000000000533, 4.299999999999999822 ) ) ;
#2464 = DIRECTION ( 'NONE',  ( 0.0000000000000000000, -1.000000000000000000, 0.0000000000000000000 ) ) ;
#2465 = ORIENTED_EDGE ( 'NONE', *, *, #305, .T. ) ;
#2466 = CARTESIAN_POINT ( 'NONE',  ( 1.149999999999999911, -7.049999999999999822, -0.3458983848622450008 ) ) ;
#2467 = VERTEX_POINT ( 'NONE', #2671 ) ;
#2468 = CIRCLE ( 'NONE', #3058, 0.1000000000000000472 ) ;
#2469 = CLOSED_SHELL ( 'NONE', ( #737, #1198, #547, #920, #112, #1781, #1992, #2500, #3302, #198, #2654, #171, #2928, #654, #3236, #2325, #625, #2390, #2689, #3177, #1700, #825, #3054, #3105, #378, #2944, #979, #245, #3288, #2669, #2776, #1645 ) ) ;
#2470 = VERTEX_POINT ( 'NONE', #564 ) ;
#2471 = LINE ( 'NONE', #2172, #891 ) ;
#2472 = ORIENTED_EDGE ( 'NONE', *, *, #9, .F. ) ;
#2473 = DIRECTION ( 'NONE',  ( 0.0000000000000000000, 1.000000000000000000, 0.0000000000000000000 ) ) ;
#2474 = SURFACE_STYLE_USAGE ( .BOTH. , #1616 ) ;
#2475 = CARTESIAN_POINT ( 'NONE',  ( -1.149999999999999911, -7.049999999999999822, -3.360000000000000320 ) ) ;
#2476 = LINE ( 'NONE', #1267, #1603 ) ;
#2477 = SHAPE_DEFINITION_REPRESENTATION ( #3080, #3438 ) ;
#2478 = DIRECTION ( 'NONE',  ( 0.0000000000000000000, 0.0000000000000000000, 1.000000000000000000 ) ) ;
#2479 = CARTESIAN_POINT ( 'NONE',  ( 0.8599999999999999867, 0.0000000000000000000, -3.919999999999999929 ) ) ;
#2480 = EDGE_CURVE ( 'NONE', #3261, #2467, #2556, .T. ) ;
#2481 = TOROIDAL_SURFACE ( 'NONE', #532, 3.649999999999999911, 0.1000000000000000056 ) ;
#2482 = CIRCLE ( 'NONE', #1727, 0.09999999999999982514 ) ;
#2483 = ORIENTED_EDGE ( 'NONE', *, *, #3326, .F. ) ;
#2484 = DIRECTION ( 'NONE',  ( -1.000000000000000000, 0.0000000000000000000, 0.0000000000000000000 ) ) ;
#2485 = ADVANCED_FACE ( 'NONE', ( #2643 ), #1605, .T. ) ;
#2486 = PRESENTATION_LAYER_ASSIGNMENT (  '', '', ( #2303 ) ) ;
#2487 = EDGE_CURVE ( 'NONE', #1350, #2735, #3015, .T. ) ;
#2488 = DIRECTION ( 'NONE',  ( 1.000000000000000000, 0.0000000000000000000, 0.0000000000000000000 ) ) ;
#2489 = CARTESIAN_POINT ( 'NONE',  ( 0.0000000000000000000, -5.479999999999999538, -3.459999999999999964 ) ) ;
#2490 = ORIENTED_EDGE ( 'NONE', *, *, #664, .T. ) ;
#2491 = PLANE ( 'NONE',  #1910 ) ;
#2492 = ORIENTED_EDGE ( 'NONE', *, *, #554, .T. ) ;
#2493 = AXIS2_PLACEMENT_3D ( 'NONE', #968, #2818, #1241 ) ;
#2494 = EDGE_LOOP ( 'NONE', ( #916, #3463, #3218, #3154 ) ) ;
#2495 = ORIENTED_EDGE ( 'NONE', *, *, #2367, .T. ) ;
#2496 = EDGE_LOOP ( 'NONE', ( #2907, #448, #1200, #116 ) ) ;
#2497 = CARTESIAN_POINT ( 'NONE',  ( -1.239999999999999991, 6.850000000000000533, 4.299999999999999822 ) ) ;
#2498 = DIRECTION ( 'NONE',  ( -0.7071067811865474617, 0.0000000000000000000, 0.7071067811865474617 ) ) ;
#2499 = ORIENTED_EDGE ( 'NONE', *, *, #3010, .T. ) ;
#2500 = ADVANCED_FACE ( 'NONE', ( #899 ), #2222, .T. ) ;
#2501 = MANIFOLD_SOLID_BREP ( '571-0122F.stp[5]', #3158 ) ;
#2502 = ORIENTED_EDGE ( 'NONE', *, *, #2436, .T. ) ;
#2503 = EDGE_CURVE ( 'NONE', #1339, #3263, #186, .T. ) ;
#2504 = AXIS2_PLACEMENT_3D ( 'NONE', #937, #2529, #402 ) ;
#2505 = PLANE ( 'NONE',  #660 ) ;
#2506 = VECTOR ( 'NONE', #2658, 1000.000000000000000 ) ;
#2507 = EDGE_CURVE ( 'NONE', #2627, #3322, #2267, .T. ) ;
#2508 = DIRECTION ( 'NONE',  ( 0.0000000000000000000, 0.0000000000000000000, 1.000000000000000000 ) ) ;
#2509 = ORIENTED_EDGE ( 'NONE', *, *, #2560, .F. ) ;
#2510 = DIRECTION ( 'NONE',  ( 0.0000000000000000000, 1.000000000000000000, 0.0000000000000000000 ) ) ;
#2511 = CYLINDRICAL_SURFACE ( 'NONE', #2571, 0.1000000000000001443 ) ;
#2512 = ORIENTED_EDGE ( 'NONE', *, *, #2552, .T. ) ;
#2513 = EDGE_CURVE ( 'NONE', #3198, #1371, #147, .T. ) ;
#2514 = ORIENTED_EDGE ( 'NONE', *, *, #1662, .T. ) ;
#2515 = LINE ( 'NONE', #1976, #932 ) ;
#2516 = VECTOR ( 'NONE', #527, 1000.000000000000000 ) ;
#2517 = FACE_OUTER_BOUND ( 'NONE', #2458, .T. ) ;
#2518 = LINE ( 'NONE', #982, #3231 ) ;
#2519 = CARTESIAN_POINT ( 'NONE',  ( 1.250000000000000000, -6.949999999999999289, -3.360000000000000320 ) ) ;
#2520 = ADVANCED_FACE ( 'NONE', ( #867 ), #520, .T. ) ;
#2521 = DIRECTION ( 'NONE',  ( 0.7071067811865467956, 6.776263578034402713E-16, 0.7071067811865482389 ) ) ;
#2522 = CYLINDRICAL_SURFACE ( 'NONE', #2009, 0.5000000000000000000 ) ;
#2523 = FACE_OUTER_BOUND ( 'NONE', #2891, .T. ) ;
#2524 = CARTESIAN_POINT ( 'NONE',  ( 0.0000000000000000000, -6.850000000000000533, -3.459999999999999964 ) ) ;
#2525 = ORIENTED_EDGE ( 'NONE', *, *, #1911, .F. ) ;
#2526 = DIRECTION ( 'NONE',  ( 0.0000000000000000000, 1.000000000000000000, 0.0000000000000000000 ) ) ;
#2527 = VERTEX_POINT ( 'NONE', #1852 ) ;
#2528 = ORIENTED_EDGE ( 'NONE', *, *, #54, .F. ) ;
#2529 = DIRECTION ( 'NONE',  ( -5.551115123125780336E-15, 0.0000000000000000000, -1.000000000000000000 ) ) ;
#2530 = ORIENTED_EDGE ( 'NONE', *, *, #2398, .F. ) ;
#2531 = EDGE_LOOP ( 'NONE', ( #745, #655, #3413, #4 ) ) ;
#2532 = PRODUCT ( '5710122F', '5710122F', '', ( #2051 ) ) ;
#2533 = VERTEX_POINT ( 'NONE', #2647 ) ;
#2534 = EDGE_CURVE ( 'NONE', #1874, #2983, #2980, .T. ) ;
#2535 = DIRECTION ( 'NONE',  ( -0.7071067811865474617, -0.7071067811865474617, 0.0000000000000000000 ) ) ;
#2536 = CARTESIAN_POINT ( 'NONE',  ( 1.224646799147353207E-16, -7.049999999999999822, 1.050000000000000044 ) ) ;
#2537 = DIRECTION ( 'NONE',  ( 0.0000000000000000000, -1.000000000000000000, 0.0000000000000000000 ) ) ;
#2538 = VERTEX_POINT ( 'NONE', #2106 ) ;
#2539 = VERTEX_POINT ( 'NONE', #3180 ) ;
#2540 = LINE ( 'NONE', #2401, #1222 ) ;
#2541 = PLANE ( 'NONE',  #226 ) ;
#2542 = CARTESIAN_POINT ( 'NONE',  ( 0.0000000000000000000, 5.705000000000000071, -7.299999999999999822 ) ) ;
#2543 = FACE_OUTER_BOUND ( 'NONE', #2440, .T. ) ;
#2544 = DIRECTION ( 'NONE',  ( 0.0000000000000000000, 1.000000000000000000, 0.0000000000000000000 ) ) ;
#2545 = AXIS2_PLACEMENT_3D ( 'NONE', #1308, #3162, #1575 ) ;
#2546 = EDGE_CURVE ( 'NONE', #754, #3209, #2102, .T. ) ;
#2547 = EDGE_CURVE ( 'NONE', #823, #3029, #2807, .T. ) ;
#2548 = ORIENTED_EDGE ( 'NONE', *, *, #2661, .T. ) ;
#2549 = CIRCLE ( 'NONE', #2276, 0.1000000000000002554 ) ;
#2550 = ORIENTED_EDGE ( 'NONE', *, *, #1195, .T. ) ;
#2551 = DIRECTION ( 'NONE',  ( 0.0000000000000000000, -1.000000000000000000, 0.0000000000000000000 ) ) ;
#2552 = EDGE_CURVE ( 'NONE', #2449, #1350, #2191, .T. ) ;
#2553 = CIRCLE ( 'NONE', #247, 3.649999999999999911 ) ;
#2554 = VECTOR ( 'NONE', #3445, 1000.000000000000000 ) ;
#2555 = AXIS2_PLACEMENT_3D ( 'NONE', #1479, #3329, #1743 ) ;
#2556 = LINE ( 'NONE', #2154, #267 ) ;
#2557 = CARTESIAN_POINT ( 'NONE',  ( -1.149999999999999911, -7.049999999999999822, 2.899999999999999911 ) ) ;
#2558 = VECTOR ( 'NONE', #3363, 1000.000000000000000 ) ;
#2559 = DIRECTION ( 'NONE',  ( 0.0000000000000000000, -1.000000000000000000, 0.0000000000000000000 ) ) ;
#2560 = EDGE_CURVE ( 'NONE', #1427, #720, #688, .T. ) ;
#2561 = COLOUR_RGB ( '',0.2941176470588235392, 0.2901960784313725172, 0.2901960784313725172 ) ;
#2562 = SPHERICAL_SURFACE ( 'NONE', #1534, 0.9000000000000000222 ) ;
#2563 = DIRECTION ( 'NONE',  ( -1.224646799147350002E-16, 0.0000000000000000000, 1.000000000000000000 ) ) ;
#2564 = DIRECTION ( 'NONE',  ( -1.000000000000000000, 0.0000000000000000000, 0.0000000000000000000 ) ) ;
#2565 = ORIENTED_EDGE ( 'NONE', *, *, #1591, .T. ) ;
#2566 = ORIENTED_EDGE ( 'NONE', *, *, #895, .F. ) ;
#2567 = DIRECTION ( 'NONE',  ( 6.123233995736759873E-17, 0.0000000000000000000, 1.000000000000000000 ) ) ;
#2568 = AXIS2_PLACEMENT_3D ( 'NONE', #3129, #2113, #529 ) ;
#2569 = CARTESIAN_POINT ( 'NONE',  ( -0.2550000000000000044, 2.694999999999999840, -5.551115123125779744E-16 ) ) ;
#2570 = DIRECTION ( 'NONE',  ( 0.0000000000000000000, 1.000000000000000000, 0.0000000000000000000 ) ) ;
#2571 = AXIS2_PLACEMENT_3D ( 'NONE', #263, #829, #1110 ) ;
#2572 = ORIENTED_EDGE ( 'NONE', *, *, #1846, .T. ) ;
#2573 = VECTOR ( 'NONE', #2934, 1000.000000000000000 ) ;
#2574 = CARTESIAN_POINT ( 'NONE',  ( 0.0000000000000000000, -8.570000000000002061, 2.050000000000000266 ) ) ;
#2575 = CARTESIAN_POINT ( 'NONE',  ( 0.0000000000000000000, -2.810000000000000053, -1.760000000000000009 ) ) ;
#2576 = EDGE_CURVE ( 'NONE', #423, #2618, #1490, .T. ) ;
#2577 = CARTESIAN_POINT ( 'NONE',  ( -1.149999999999999911, -7.049999999999999822, -0.3458983848622450008 ) ) ;
#2578 = FILL_AREA_STYLE ('',( #2824 ) ) ;
#2579 = DIRECTION ( 'NONE',  ( -1.000000000000000000, 0.0000000000000000000, 0.0000000000000000000 ) ) ;
#2580 = ORIENTED_EDGE ( 'NONE', *, *, #2885, .F. ) ;
#2581 = ORIENTED_EDGE ( 'NONE', *, *, #913, .F. ) ;
#2582 = DIRECTION ( 'NONE',  ( 1.000000000000000000, 0.0000000000000000000, 0.0000000000000000000 ) ) ;
#2583 = VERTEX_POINT ( 'NONE', #3464 ) ;
#2584 = DIRECTION ( 'NONE',  ( 0.0000000000000000000, -1.000000000000000000, 0.0000000000000000000 ) ) ;
#2585 = ADVANCED_FACE ( 'NONE', ( #2732, #3437, #2018 ), #2933, .T. ) ;
#2586 = DIRECTION ( 'NONE',  ( 0.0000000000000000000, -1.000000000000000000, 0.0000000000000000000 ) ) ;
#2587 = ORIENTED_EDGE ( 'NONE', *, *, #3042, .T. ) ;
#2588 = CARTESIAN_POINT ( 'NONE',  ( 0.0000000000000000000, 5.602487373415292460, -0.1025126265847088880 ) ) ;
#2589 = ORIENTED_EDGE ( 'NONE', *, *, #2367, .F. ) ;
#2590 = FACE_OUTER_BOUND ( 'NONE', #2089, .T. ) ;
#2591 = ORIENTED_EDGE ( 'NONE', *, *, #165, .T. ) ;
#2592 = AXIS2_PLACEMENT_3D ( 'NONE', #584, #2186, #595 ) ;
#2593 = LINE ( 'NONE', #2489, #2597 ) ;
#2594 = DIRECTION ( 'NONE',  ( 0.7071067811865484609, -9.147955830346443662E-16, 0.7071067811865465735 ) ) ;
#2595 = DIRECTION ( 'NONE',  ( 0.0000000000000000000, 0.0000000000000000000, -1.000000000000000000 ) ) ;
#2596 = DIRECTION ( 'NONE',  ( 1.000000000000000000, 0.0000000000000000000, 0.0000000000000000000 ) ) ;
#2597 = VECTOR ( 'NONE', #3295, 1000.000000000000000 ) ;
#2598 = LINE ( 'NONE', #2369, #479 ) ;
#2599 = CARTESIAN_POINT ( 'NONE',  ( 1.250000000000000000, -5.479999999999999538, -0.3458983848622450008 ) ) ;
#2600 = VECTOR ( 'NONE', #177, 1000.000000000000000 ) ;
#2601 =( GEOMETRIC_REPRESENTATION_CONTEXT ( 3 ) GLOBAL_UNCERTAINTY_ASSIGNED_CONTEXT ( ( #240 ) ) GLOBAL_UNIT_ASSIGNED_CONTEXT ( ( #690, #1778, #183 ) ) REPRESENTATION_CONTEXT ( 'NONE', 'WORKASPACE' ) );
#2602 = FACE_OUTER_BOUND ( 'NONE', #877, .T. ) ;
#2603 = LINE ( 'NONE', #77, #1904 ) ;
#2604 = DIRECTION ( 'NONE',  ( 1.000000000000000000, 0.0000000000000000000, 0.0000000000000000000 ) ) ;
#2605 = ORIENTED_EDGE ( 'NONE', *, *, #1390, .F. ) ;
#2606 = UNCERTAINTY_MEASURE_WITH_UNIT (LENGTH_MEASURE( 1.000000000000000082E-05 ), #3207, 'distance_accuracy_value', 'NONE');
#2607 = VERTEX_POINT ( 'NONE', #558 ) ;
#2608 = ORIENTED_EDGE ( 'NONE', *, *, #2788, .F. ) ;
#2609 = EDGE_CURVE ( 'NONE', #334, #405, #1326, .T. ) ;
#2610 = ORIENTED_EDGE ( 'NONE', *, *, #873, .T. ) ;
#2611 = ORIENTED_EDGE ( 'NONE', *, *, #1997, .F. ) ;
#2612 = DIRECTION ( 'NONE',  ( 0.8108848540793834880, 0.0000000000000000000, 0.5852057359806523973 ) ) ;
#2613 = AXIS2_PLACEMENT_3D ( 'NONE', #3053, #1470, #3323 ) ;
#2614 = CARTESIAN_POINT ( 'NONE',  ( -0.3339900397694209877, 5.206610941160949579, -2.000000000000000000 ) ) ;
#2615 = EDGE_CURVE ( 'NONE', #3328, #722, #616, .T. ) ;
#2616 = EDGE_CURVE ( 'NONE', #2326, #653, #3349, .T. ) ;
#2617 = CARTESIAN_POINT ( 'NONE',  ( 1.220710678118654746, -6.657500000000000639, 0.3792893218813451761 ) ) ;
#2618 = VERTEX_POINT ( 'NONE', #544 ) ;
#2619 = DIRECTION ( 'NONE',  ( 0.0000000000000000000, 0.0000000000000000000, 1.000000000000000000 ) ) ;
#2620 = EDGE_CURVE ( 'NONE', #2454, #334, #1238, .T. ) ;
#2621 = AXIS2_PLACEMENT_3D ( 'NONE', #98, #1961, #3287 ) ;
#2622 = ORIENTED_EDGE ( 'NONE', *, *, #519, .T. ) ;
#2623 = DIRECTION ( 'NONE',  ( -1.000000000000000000, 0.0000000000000000000, 0.0000000000000000000 ) ) ;
#2624 = CARTESIAN_POINT ( 'NONE',  ( -1.239999999999999991, -6.850000000000000533, -3.459999999999999964 ) ) ;
#2625 = CARTESIAN_POINT ( 'NONE',  ( -1.239999999999999991, -5.479999999999999538, 0.3499999999999999778 ) ) ;
#2626 = CARTESIAN_POINT ( 'NONE',  ( 0.0000000000000000000, 5.705000000000000071, -7.299999999999999822 ) ) ;
#2627 = VERTEX_POINT ( 'NONE', #1379 ) ;
#2628 = DIRECTION ( 'NONE',  ( -1.224646799147352961E-16, 0.0000000000000000000, 1.000000000000000000 ) ) ;
#2629 = EDGE_LOOP ( 'NONE', ( #678, #2512, #1982, #2948 ) ) ;
#2630 = VECTOR ( 'NONE', #1629, 1000.000000000000000 ) ;
#2631 = FACE_OUTER_BOUND ( 'NONE', #2072, .T. ) ;
#2632 = ORIENTED_EDGE ( 'NONE', *, *, #2487, .F. ) ;
#2633 = VECTOR ( 'NONE', #1351, 1000.000000000000000 ) ;
#2634 = DIRECTION ( 'NONE',  ( 0.0000000000000000000, 1.000000000000000000, 0.0000000000000000000 ) ) ;
#2635 = AXIS2_PLACEMENT_3D ( 'NONE', #1758, #161, #2020 ) ;
#2636 = ADVANCED_FACE ( 'NONE', ( #3275 ), #1943, .T. ) ;
#2637 = DIRECTION ( 'NONE',  ( 1.000000000000000000, 0.0000000000000000000, 0.0000000000000000000 ) ) ;
#2638 = CYLINDRICAL_SURFACE ( 'NONE', #3346, 0.3499999999999998668 ) ;
#2639 = DIRECTION ( 'NONE',  ( 0.0000000000000000000, 1.996804001124379713E-17, -1.000000000000000000 ) ) ;
#2640 = LINE ( 'NONE', #2380, #518 ) ;
#2641 = DIRECTION ( 'NONE',  ( 0.0000000000000000000, 0.0000000000000000000, -1.000000000000000000 ) ) ;
#2642 = DIRECTION ( 'NONE',  ( 0.0000000000000000000, -0.7071067811865477948, -0.7071067811865472397 ) ) ;
#2643 = FACE_OUTER_BOUND ( 'NONE', #34, .T. ) ;
#2644 = CIRCLE ( 'NONE', #2555, 0.09999999999999999167 ) ;
#2645 = VECTOR ( 'NONE', #1678, 1000.000000000000000 ) ;
#2646 = FACE_OUTER_BOUND ( 'NONE', #2915, .T. ) ;
#2647 = CARTESIAN_POINT ( 'NONE',  ( -1.220710678118654746, -5.479999999999999538, -3.430710678118654933 ) ) ;
#2648 = DIRECTION ( 'NONE',  ( 0.8108848540793834880, 0.0000000000000000000, 0.5852057359806523973 ) ) ;
#2649 = VERTEX_POINT ( 'NONE', #39 ) ;
#2650 = DIRECTION ( 'NONE',  ( 0.0000000000000000000, 0.0000000000000000000, -1.000000000000000000 ) ) ;
#2651 = DIRECTION ( 'NONE',  ( -1.000000000000000000, 0.0000000000000000000, 0.0000000000000000000 ) ) ;
#2652 = DIRECTION ( 'NONE',  ( 0.0000000000000000000, -1.000000000000000000, 0.0000000000000000000 ) ) ;
#2653 = ORIENTED_EDGE ( 'NONE', *, *, #3446, .F. ) ;
#2654 = ADVANCED_FACE ( 'NONE', ( #2646 ), #2562, .T. ) ;
#2655 = PLANE ( 'NONE',  #3414 ) ;
#2656 = VERTEX_POINT ( 'NONE', #581 ) ;
#2657 = AXIS2_PLACEMENT_3D ( 'NONE', #2280, #2257, #394 ) ;
#2658 = DIRECTION ( 'NONE',  ( 0.0000000000000000000, -1.000000000000000000, 0.0000000000000000000 ) ) ;
#2659 = ORIENTED_EDGE ( 'NONE', *, *, #366, .T. ) ;
#2660 = MECHANICAL_DESIGN_GEOMETRIC_PRESENTATION_REPRESENTATION (  '', ( #2303 ), #2831 ) ;
#2661 = EDGE_CURVE ( 'NONE', #2656, #1210, #1160, .T. ) ;
#2662 = DIRECTION ( 'NONE',  ( 1.000000000000000000, 0.0000000000000000000, 0.0000000000000000000 ) ) ;
#2663 = CARTESIAN_POINT ( 'NONE',  ( 0.0000000000000000000, -5.479999999999999538, 3.750000000000000000 ) ) ;
#2664 = ORIENTED_EDGE ( 'NONE', *, *, #1381, .F. ) ;
#2665 = DIRECTION ( 'NONE',  ( -0.7071067811865474617, -0.7071067811865474617, 0.0000000000000000000 ) ) ;
#2666 = AXIS2_PLACEMENT_3D ( 'NONE', #2542, #1227, #3079 ) ;
#2667 = ORIENTED_EDGE ( 'NONE', *, *, #1487, .T. ) ;
#2668 = DIRECTION ( 'NONE',  ( 0.0000000000000000000, -1.000000000000000000, 0.0000000000000000000 ) ) ;
#2669 = ADVANCED_FACE ( 'NONE', ( #443, #1863 ), #51, .T. ) ;
#2670 = DIRECTION ( 'NONE',  ( 1.000000000000000000, 0.0000000000000000000, 0.0000000000000000000 ) ) ;
#2671 = CARTESIAN_POINT ( 'NONE',  ( 0.3339900397694209877, -2.383990039769420477, -3.919999999999999929 ) ) ;
#2672 = PLANE ( 'NONE',  #3112 ) ;
#2673 = ORIENTED_EDGE ( 'NONE', *, *, #694, .F. ) ;
#2674 = DIRECTION ( 'NONE',  ( 0.0000000000000000000, -1.000000000000000000, 0.0000000000000000000 ) ) ;
#2675 = TOROIDAL_SURFACE ( 'NONE', #2211, 3.649999999999999911, 0.1000000000000000056 ) ;
#2676 = ORIENTED_EDGE ( 'NONE', *, *, #374, .T. ) ;
#2677 = CARTESIAN_POINT ( 'NONE',  ( 0.8599999999999999867, 0.0000000000000000000, -4.299999999999999822 ) ) ;
#2678 = CYLINDRICAL_SURFACE ( 'NONE', #2746, 0.1000000000000001443 ) ;
#2679 = VECTOR ( 'NONE', #1845, 1000.000000000000000 ) ;
#2680 = AXIS2_PLACEMENT_3D ( 'NONE', #2700, #2178, #586 ) ;
#2681 = EDGE_CURVE ( 'NONE', #3045, #575, #3185, .T. ) ;
#2682 = CARTESIAN_POINT ( 'NONE',  ( -0.2550000000000000044, -6.850000000000000533, -7.299999999999999822 ) ) ;
#2683 = AXIS2_PLACEMENT_3D ( 'NONE', #2850, #1502, #1231 ) ;
#2684 = DIRECTION ( 'NONE',  ( 1.000000000000000000, 0.0000000000000000000, 0.0000000000000000000 ) ) ;
#2685 = CIRCLE ( 'NONE', #410, 3.750000000000000000 ) ;
#2686 = CIRCLE ( 'NONE', #63, 1.000000000000000000 ) ;
#2687 =( NAMED_UNIT ( * ) SI_UNIT ( $, .STERADIAN. ) SOLID_ANGLE_UNIT ( ) );
#2688 = EDGE_CURVE ( 'NONE', #1038, #2917, #2482, .T. ) ;
#2689 = ADVANCED_FACE ( 'NONE', ( #1776 ), #361, .T. ) ;
#2690 = ORIENTED_EDGE ( 'NONE', *, *, #345, .F. ) ;
#2691 = DIRECTION ( 'NONE',  ( 0.0000000000000000000, 0.0000000000000000000, 1.000000000000000000 ) ) ;
#2692 = ORIENTED_EDGE ( 'NONE', *, *, #3040, .F. ) ;
#2693 = ORIENTED_EDGE ( 'NONE', *, *, #2252, .T. ) ;
#2694 = CARTESIAN_POINT ( 'NONE',  ( 0.0000000000000000000, -7.049999999999999822, -3.810000000000000053 ) ) ;
#2695 = CARTESIAN_POINT ( 'NONE',  ( -1.239999999999999991, -6.850000000000000533, -0.06000000000000000472 ) ) ;
#2696 = VERTEX_POINT ( 'NONE', #2965 ) ;
#2697 = VERTEX_POINT ( 'NONE', #2463 ) ;
#2698 = DIRECTION ( 'NONE',  ( 0.8108848540793834880, 0.0000000000000000000, 0.5852057359806523973 ) ) ;
#2699 = ORIENTED_EDGE ( 'NONE', *, *, #761, .T. ) ;
#2700 = CARTESIAN_POINT ( 'NONE',  ( 0.0000000000000000000, -5.479999999999999538, -3.459999999999999964 ) ) ;
#2701 = ORIENTED_EDGE ( 'NONE', *, *, #190, .F. ) ;
#2702 = VERTEX_POINT ( 'NONE', #871 ) ;
#2703 = DIRECTION ( 'NONE',  ( 0.0000000000000000000, 0.0000000000000000000, -1.000000000000000000 ) ) ;
#2704 = DIRECTION ( 'NONE',  ( 0.0000000000000000000, 0.0000000000000000000, 1.000000000000000000 ) ) ;
#2705 = CARTESIAN_POINT ( 'NONE',  ( 1.239999999999999991, -5.479999999999999538, -3.459999999999999964 ) ) ;
#2706 = DIRECTION ( 'NONE',  ( -1.000000000000000000, 0.0000000000000000000, 0.0000000000000000000 ) ) ;
#2707 = EDGE_LOOP ( 'NONE', ( #1957, #1123, #2742, #2748 ) ) ;
#2708 = ORIENTED_EDGE ( 'NONE', *, *, #598, .T. ) ;
#2709 = VECTOR ( 'NONE', #2825, 1000.000000000000000 ) ;
#2710 = FACE_OUTER_BOUND ( 'NONE', #2707, .T. ) ;
#2711 = DIRECTION ( 'NONE',  ( 0.0000000000000000000, 0.0000000000000000000, 1.000000000000000000 ) ) ;
#2712 = CARTESIAN_POINT ( 'NONE',  ( -0.8599999999999999867, -6.850000000000000533, -3.919999999999999929 ) ) ;
#2713 = EDGE_LOOP ( 'NONE', ( #576, #3251, #2239, #455 ) ) ;
#2714 = DIRECTION ( 'NONE',  ( 0.0000000000000000000, 0.0000000000000000000, 1.000000000000000000 ) ) ;
#2715 = EDGE_CURVE ( 'NONE', #1341, #3328, #2396, .T. ) ;
#2716 = DIRECTION ( 'NONE',  ( 0.0000000000000000000, 0.0000000000000000000, 1.000000000000000000 ) ) ;
#2717 = CARTESIAN_POINT ( 'NONE',  ( 0.0000000000000000000, 2.694999999999999840, -7.299999999999999822 ) ) ;
#2718 = LINE ( 'NONE', #3234, #3262 ) ;
#2719 = COLOUR_RGB ( '',0.2588235294117646745, 0.9529411764705881804, 0.6156862745098039547 ) ;
#2720 = CARTESIAN_POINT ( 'NONE',  ( 0.0000000000000000000, -7.049999999999999822, -3.459999999999999964 ) ) ;
#2721 = CARTESIAN_POINT ( 'NONE',  ( -0.8599999999999999867, 0.0000000000000000000, -3.919999999999999929 ) ) ;
#2722 = VECTOR ( 'NONE', #1748, 1000.000000000000000 ) ;
#2723 = CIRCLE ( 'NONE', #1539, 0.3499999999999998668 ) ;
#2724 = CIRCLE ( 'NONE', #163, 0.09999999999999999167 ) ;
#2725 = CARTESIAN_POINT ( 'NONE',  ( 1.239999999999999991, -6.850000000000000533, 0.3499999999999999778 ) ) ;
#2726 = CARTESIAN_POINT ( 'NONE',  ( 1.149999999999999911, -6.657500000000000639, 0.3499999999999999778 ) ) ;
#2727 = AXIS2_PLACEMENT_3D ( 'NONE', #1818, #216, #2078 ) ;
#2728 = EDGE_CURVE ( 'NONE', #1787, #797, #1070, .T. ) ;
#2729 = EDGE_CURVE ( 'NONE', #1533, #892, #1694, .T. ) ;
#2730 = DIRECTION ( 'NONE',  ( 0.0000000000000000000, 1.000000000000000000, 0.0000000000000000000 ) ) ;
#2731 = LINE ( 'NONE', #3011, #2645 ) ;
#2732 = FACE_OUTER_BOUND ( 'NONE', #1915, .T. ) ;
#2733 = CARTESIAN_POINT ( 'NONE',  ( 1.149999999999999911, -6.657500000000000639, -3.360000000000000320 ) ) ;
#2734 = VERTEX_POINT ( 'NONE', #881 ) ;
#2735 = VERTEX_POINT ( 'NONE', #2475 ) ;
#2736 =( NAMED_UNIT ( * ) SI_UNIT ( $, .STERADIAN. ) SOLID_ANGLE_UNIT ( ) );
#2737 = ORIENTED_EDGE ( 'NONE', *, *, #727, .T. ) ;
#2738 = DIRECTION ( 'NONE',  ( 1.000000000000000000, 0.0000000000000000000, 0.0000000000000000000 ) ) ;
#2739 = DIRECTION ( 'NONE',  ( 0.0000000000000000000, 0.0000000000000000000, 1.000000000000000000 ) ) ;
#2740 = CARTESIAN_POINT ( 'NONE',  ( 1.149999999999999911, -7.049999999999999822, 3.464101615137749945 ) ) ;
#2741 = ORIENTED_EDGE ( 'NONE', *, *, #3255, .T. ) ;
#2742 = ORIENTED_EDGE ( 'NONE', *, *, #1972, .F. ) ;
#2743 = ADVANCED_FACE ( 'NONE', ( #3022 ), #1688, .T. ) ;
#2744 = ORIENTED_EDGE ( 'NONE', *, *, #119, .T. ) ;
#2745 = ORIENTED_EDGE ( 'NONE', *, *, #2609, .F. ) ;
#2746 = AXIS2_PLACEMENT_3D ( 'NONE', #1564, #1029, #2090 ) ;
#2747 = DIRECTION ( 'NONE',  ( 0.0000000000000000000, 0.0000000000000000000, -1.000000000000000000 ) ) ;
#2748 = ORIENTED_EDGE ( 'NONE', *, *, #3152, .F. ) ;
#2749 = DIRECTION ( 'NONE',  ( -1.000000000000000000, 0.0000000000000000000, 0.0000000000000000000 ) ) ;
#2750 = EDGE_CURVE ( 'NONE', #1676, #2697, #3106, .T. ) ;
#2751 = DIRECTION ( 'NONE',  ( 0.0000000000000000000, -1.000000000000000000, 0.0000000000000000000 ) ) ;
#2752 = VECTOR ( 'NONE', #2098, 1000.000000000000000 ) ;
#2753 = ORIENTED_EDGE ( 'NONE', *, *, #1551, .F. ) ;
#2754 = VERTEX_POINT ( 'NONE', #3278 ) ;
#2755 = LINE ( 'NONE', #1933, #6 ) ;
#2756 = ORIENTED_EDGE ( 'NONE', *, *, #1310, .F. ) ;
#2757 = FACE_OUTER_BOUND ( 'NONE', #2496, .T. ) ;
#2758 = FACE_OUTER_BOUND ( 'NONE', #696, .T. ) ;
#2759 = ADVANCED_FACE ( 'NONE', ( #904 ), #270, .T. ) ;
#2760 = DIRECTION ( 'NONE',  ( 0.0000000000000000000, 1.000000000000000000, 0.0000000000000000000 ) ) ;
#2761 = LINE ( 'NONE', #253, #2055 ) ;
#2762 = DIRECTION ( 'NONE',  ( 0.0000000000000000000, 1.000000000000000000, 0.0000000000000000000 ) ) ;
#2763 = CARTESIAN_POINT ( 'NONE',  ( -1.239999999999999991, -3.524999999999999911, -3.459999999999999964 ) ) ;
#2764 = LINE ( 'NONE', #1510, #2307 ) ;
#2765 = CARTESIAN_POINT ( 'NONE',  ( 1.250000000000000000, -6.264999999999999680, 2.050000000000000266 ) ) ;
#2766 = VECTOR ( 'NONE', #1745, 1000.000000000000000 ) ;
#2767 = FACE_OUTER_BOUND ( 'NONE', #377, .T. ) ;
#2768 = AXIS2_PLACEMENT_3D ( 'NONE', #1816, #2957, #827 ) ;
#2769 = ORIENTED_EDGE ( 'NONE', *, *, #2969, .F. ) ;
#2770 = DIRECTION ( 'NONE',  ( 0.0000000000000000000, 0.0000000000000000000, 1.000000000000000000 ) ) ;
#2771 = EDGE_CURVE ( 'NONE', #1909, #998, #195, .T. ) ;
#2772 = CARTESIAN_POINT ( 'NONE',  ( 1.149999999999999911, -6.949999999999999289, -3.360000000000000320 ) ) ;
#2773 = ORIENTED_EDGE ( 'NONE', *, *, #659, .F. ) ;
#2774 = ORIENTED_EDGE ( 'NONE', *, *, #2258, .F. ) ;
#2775 = VERTEX_POINT ( 'NONE', #369 ) ;
#2776 = ADVANCED_FACE ( 'NONE', ( #1528 ), #2849, .T. ) ;
#2777 = AXIS2_PLACEMENT_3D ( 'NONE', #169, #440, #2291 ) ;
#2778 = ORIENTED_EDGE ( 'NONE', *, *, #2681, .T. ) ;
#2779 = CARTESIAN_POINT ( 'NONE',  ( 1.149999999999999911, -6.949999999999999289, 3.464101615137749945 ) ) ;
#2780 = ORIENTED_EDGE ( 'NONE', *, *, #895, .T. ) ;
#2781 = CARTESIAN_POINT ( 'NONE',  ( -1.149999999999999911, -6.949999999999999289, -0.9100000000000000311 ) ) ;
#2782 = EDGE_LOOP ( 'NONE', ( #2525, #3033, #1127, #146 ) ) ;
#2783 = DIRECTION ( 'NONE',  ( 7.304098846218139598E-16, 0.0000000000000000000, -1.000000000000000000 ) ) ;
#2784 = DIRECTION ( 'NONE',  ( -1.000000000000000000, 0.0000000000000000000, 0.0000000000000000000 ) ) ;
#2785 = EDGE_CURVE ( 'NONE', #1371, #2997, #820, .T. ) ;
#2786 = VERTEX_POINT ( 'NONE', #636 ) ;
#2787 = CARTESIAN_POINT ( 'NONE',  ( 1.149999999999999911, -6.949999999999999289, -3.360000000000000320 ) ) ;
#2788 = EDGE_CURVE ( 'NONE', #33, #2449, #1612, .T. ) ;
#2789 = EDGE_CURVE ( 'NONE', #1339, #1124, #109, .T. ) ;
#2790 = ORIENTED_EDGE ( 'NONE', *, *, #1799, .T. ) ;
#2791 = CARTESIAN_POINT ( 'NONE',  ( -0.2550000000000000044, -2.305000000000000160, -7.299999999999999822 ) ) ;
#2792 = ORIENTED_EDGE ( 'NONE', *, *, #2547, .F. ) ;
#2793 = ADVANCED_FACE ( 'NONE', ( #2144 ), #909, .F. ) ;
#2794 = VERTEX_POINT ( 'NONE', #582 ) ;
#2795 = LINE ( 'NONE', #3047, #1402 ) ;
#2796 = EDGE_CURVE ( 'NONE', #2447, #3060, #734, .T. ) ;
#2797 = ORIENTED_EDGE ( 'NONE', *, *, #1273, .F. ) ;
#2798 = CIRCLE ( 'NONE', #1217, 0.1000000000000000472 ) ;
#2799 = FACE_OUTER_BOUND ( 'NONE', #3005, .T. ) ;
#2800 = CARTESIAN_POINT ( 'NONE',  ( -1.149999999999999911, -6.949999999999999289, -3.360000000000000320 ) ) ;
#2801 = DIRECTION ( 'NONE',  ( 1.000000000000000000, 0.0000000000000000000, 0.0000000000000000000 ) ) ;
#2802 = CARTESIAN_POINT ( 'NONE',  ( -1.149999999999999911, -6.949999999999999289, -0.3458983848622460000 ) ) ;
#2803 = FACE_OUTER_BOUND ( 'NONE', #2230, .T. ) ;
#2804 = FACE_OUTER_BOUND ( 'NONE', #2959, .T. ) ;
#2805 = FACE_OUTER_BOUND ( 'NONE', #326, .T. ) ;
#2806 = VECTOR ( 'NONE', #600, 1000.000000000000000 ) ;
#2807 = CIRCLE ( 'NONE', #1773, 1.000000000000000000 ) ;
#2808 = CARTESIAN_POINT ( 'NONE',  ( -0.3339900397694209877, -2.383990039769420477, -3.919999999999999929 ) ) ;
#2809 = AXIS2_PLACEMENT_3D ( 'NONE', #2802, #1216, #3069 ) ;
#2810 = DIRECTION ( 'NONE',  ( 0.0000000000000000000, 0.0000000000000000000, 1.000000000000000000 ) ) ;
#2811 = ORIENTED_EDGE ( 'NONE', *, *, #1919, .F. ) ;
#2812 = AXIS2_PLACEMENT_3D ( 'NONE', #26, #2026, #310 ) ;
#2813 = CARTESIAN_POINT ( 'NONE',  ( 0.0000000000000000000, -7.049999999999999822, 0.0000000000000000000 ) ) ;
#2814 = ORIENTED_EDGE ( 'NONE', *, *, #3446, .T. ) ;
#2815 = DIRECTION ( 'NONE',  ( 0.0000000000000000000, -1.000000000000000000, 0.0000000000000000000 ) ) ;
#2816 = VERTEX_POINT ( 'NONE', #1394 ) ;
#2817 = CARTESIAN_POINT ( 'NONE',  ( 1.239999999999999991, 0.0000000000000000000, 4.299999999999999822 ) ) ;
#2818 = DIRECTION ( 'NONE',  ( -0.7071067811865474617, 0.0000000000000000000, 0.7071067811865474617 ) ) ;
#2819 = CARTESIAN_POINT ( 'NONE',  ( -1.250000000000000000, -6.949999999999999289, -3.360000000000000320 ) ) ;
#2820 = ORIENTED_EDGE ( 'NONE', *, *, #838, .T. ) ;
#2821 = EDGE_LOOP ( 'NONE', ( #2249, #1926, #2981, #3161 ) ) ;
#2822 = PLANE ( 'NONE',  #1036 ) ;
#2823 = CARTESIAN_POINT ( 'NONE',  ( -1.149999999999999911, -6.949999999999999289, 0.3499999999999999778 ) ) ;
#2824 = FILL_AREA_STYLE_COLOUR ( '', #981 ) ;
#2825 = DIRECTION ( 'NONE',  ( 0.0000000000000000000, 1.000000000000000000, 0.0000000000000000000 ) ) ;
#2826 = ORIENTED_EDGE ( 'NONE', *, *, #513, .F. ) ;
#2827 = AXIS2_PLACEMENT_3D ( 'NONE', #452, #717, #211 ) ;
#2828 = DIRECTION ( 'NONE',  ( 0.0000000000000000000, 1.000000000000000000, 0.0000000000000000000 ) ) ;
#2829 = DIRECTION ( 'NONE',  ( 1.000000000000000000, 0.0000000000000000000, 0.0000000000000000000 ) ) ;
#2830 = ADVANCED_FACE ( 'NONE', ( #2767 ), #55, .F. ) ;
#2831 =( GEOMETRIC_REPRESENTATION_CONTEXT ( 3 ) GLOBAL_UNCERTAINTY_ASSIGNED_CONTEXT ( ( #1948 ) ) GLOBAL_UNIT_ASSIGNED_CONTEXT ( ( #241, #2096, #508 ) ) REPRESENTATION_CONTEXT ( 'NONE', 'WORKASPACE' ) );
#2832 = VERTEX_POINT ( 'NONE', #324 ) ;
#2833 = EDGE_CURVE ( 'NONE', #2467, #2887, #2062, .T. ) ;
#2834 = EDGE_LOOP ( 'NONE', ( #257, #2852, #421, #3046 ) ) ;
#2835 = CYLINDRICAL_SURFACE ( 'NONE', #794, 0.09999999999999995004 ) ;
#2836 = DIRECTION ( 'NONE',  ( -0.5773502691896278405, -0.5773502691896233996, -0.5773502691896261751 ) ) ;
#2837 = VECTOR ( 'NONE', #940, 1000.000000000000000 ) ;
#2838 = DIRECTION ( 'NONE',  ( 0.0000000000000000000, 1.000000000000000000, 0.0000000000000000000 ) ) ;
#2839 = SURFACE_STYLE_USAGE ( .BOTH. , #988 ) ;
#2840 = DIRECTION ( 'NONE',  ( 0.0000000000000000000, 1.000000000000000000, 0.0000000000000000000 ) ) ;
#2841 = LINE ( 'NONE', #2617, #726 ) ;
#2842 = PRESENTATION_STYLE_ASSIGNMENT (( #2839 ) ) ;
#2843 = CARTESIAN_POINT ( 'NONE',  ( -1.231088485407938249, -7.049999999999999822, -0.2873778112641795501 ) ) ;
#2844 = LINE ( 'NONE', #3423, #2140 ) ;
#2845 = DIRECTION ( 'NONE',  ( 1.000000000000000000, 0.0000000000000000000, 0.0000000000000000000 ) ) ;
#2846 = LINE ( 'NONE', #2557, #3389 ) ;
#2847 = DIRECTION ( 'NONE',  ( 0.0000000000000000000, 0.0000000000000000000, 1.000000000000000000 ) ) ;
#2848 = FACE_OUTER_BOUND ( 'NONE', #2159, .T. ) ;
#2849 = CYLINDRICAL_SURFACE ( 'NONE', #2621, 3.750000000000000000 ) ;
#2850 = CARTESIAN_POINT ( 'NONE',  ( 1.149999999999999911, -6.949999999999999289, -0.3458983848622450008 ) ) ;
#2851 = DIRECTION ( 'NONE',  ( 0.0000000000000000000, -1.000000000000000000, 0.0000000000000000000 ) ) ;
#2852 = ORIENTED_EDGE ( 'NONE', *, *, #2195, .T. ) ;
#2853 = EDGE_LOOP ( 'NONE', ( #2160, #2622 ) ) ;
#2854 = ORIENTED_EDGE ( 'NONE', *, *, #1074, .F. ) ;
#2855 = DIRECTION ( 'NONE',  ( 0.5773502691896257311, -0.5773502691896236216, -0.5773502691896279515 ) ) ;
#2856 = EDGE_CURVE ( 'NONE', #2754, #747, #2932, .T. ) ;
#2857 = CARTESIAN_POINT ( 'NONE',  ( 1.149999999999999911, -6.949999999999999289, 0.4500000000000000111 ) ) ;
#2858 = AXIS2_PLACEMENT_3D ( 'NONE', #1751, #130, #951 ) ;
#2859 = VERTEX_POINT ( 'NONE', #2984 ) ;
#2860 = EDGE_CURVE ( 'NONE', #2832, #2999, #1364, .T. ) ;
#2861 = DIRECTION ( 'NONE',  ( 0.0000000000000000000, 0.0000000000000000000, -1.000000000000000000 ) ) ;
#2862 = ORIENTED_EDGE ( 'NONE', *, *, #126, .T. ) ;
#2863 = ORIENTED_EDGE ( 'NONE', *, *, #484, .F. ) ;
#2864 = CARTESIAN_POINT ( 'NONE',  ( -1.239999999999999991, -6.850000000000000533, -4.299999999999999822 ) ) ;
#2865 = CARTESIAN_POINT ( 'NONE',  ( 1.220710678118654746, -7.020710678118654791, -3.360000000000000320 ) ) ;
#2866 = CARTESIAN_POINT ( 'NONE',  ( 0.8599999999999999867, 6.850000000000000533, -3.919999999999999929 ) ) ;
#2867 = PLANE ( 'NONE',  #1685 ) ;
#2868 = CARTESIAN_POINT ( 'NONE',  ( -0.8599999999999999867, -6.850000000000000533, -3.919999999999999929 ) ) ;
#2869 = EDGE_LOOP ( 'NONE', ( #1435, #757, #2047, #158, #828, #2333, #1113, #3243, #2128, #3027, #1002, #2370 ) ) ;
#2870 = CYLINDRICAL_SURFACE ( 'NONE', #1446, 0.09999999999999985290 ) ;
#2871 = CARTESIAN_POINT ( 'NONE',  ( 0.2550000000000000044, 0.7049999999999999600, -5.551115123125779744E-16 ) ) ;
#2872 = AXIS2_PLACEMENT_3D ( 'NONE', #1813, #2564, #2169 ) ;
#2873 = CARTESIAN_POINT ( 'NONE',  ( -4.531193156845195354E-16, -7.049999999999999822, -0.1599999999999999756 ) ) ;
#2874 = ORIENTED_EDGE ( 'NONE', *, *, #277, .T. ) ;
#2875 = LINE ( 'NONE', #3392, #3224 ) ;
#2876 = VECTOR ( 'NONE', #265, 1000.000000000000000 ) ;
#2877 = CARTESIAN_POINT ( 'NONE',  ( -1.181506849315069996, -5.479999999999999538, 3.559008508703170204 ) ) ;
#2878 = VECTOR ( 'NONE', #2762, 1000.000000000000000 ) ;
#2879 = CIRCLE ( 'NONE', #284, 0.1000000000000001027 ) ;
#2880 = DIRECTION ( 'NONE',  ( 0.0000000000000000000, -0.7071067811865474617, -0.7071067811865474617 ) ) ;
#2881 = FACE_OUTER_BOUND ( 'NONE', #1328, .T. ) ;
#2882 = VECTOR ( 'NONE', #2783, 1000.000000000000000 ) ;
#2883 = CARTESIAN_POINT ( 'NONE',  ( 1.149999999999999911, -5.479999999999999538, -3.360000000000000320 ) ) ;
#2884 = FACE_OUTER_BOUND ( 'NONE', #176, .T. ) ;
#2885 = EDGE_CURVE ( 'NONE', #890, #3239, #3391, .T. ) ;
#2886 = DIRECTION ( 'NONE',  ( 0.7071067811865474617, -0.7071067811865474617, 0.0000000000000000000 ) ) ;
#2887 = VERTEX_POINT ( 'NONE', #335 ) ;
#2888 = VECTOR ( 'NONE', #2634, 1000.000000000000000 ) ;
#2889 = ORIENTED_EDGE ( 'NONE', *, *, #1663, .F. ) ;
#2890 = DIRECTION ( 'NONE',  ( 1.000000000000000000, -0.0000000000000000000, 0.0000000000000000000 ) ) ;
#2891 = EDGE_LOOP ( 'NONE', ( #2286, #3007, #2693, #123 ) ) ;
#2892 = DIRECTION ( 'NONE',  ( 0.0000000000000000000, -1.000000000000000000, 0.0000000000000000000 ) ) ;
#2893 = CARTESIAN_POINT ( 'NONE',  ( 1.149999999999999911, -6.949999999999999289, 0.4500000000000000111 ) ) ;
#2894 = ORIENTED_EDGE ( 'NONE', *, *, #1488, .F. ) ;
#2895 = DIRECTION ( 'NONE',  ( 0.0000000000000000000, 1.000000000000000000, 0.0000000000000000000 ) ) ;
#2896 = AXIS2_PLACEMENT_3D ( 'NONE', #3148, #2594, #3416 ) ;
#2897 = DIRECTION ( 'NONE',  ( 1.000000000000000000, 0.0000000000000000000, 0.0000000000000000000 ) ) ;
#2898 = EDGE_CURVE ( 'NONE', #3029, #823, #2686, .T. ) ;
#2899 = EDGE_CURVE ( 'NONE', #470, #1558, #2603, .T. ) ;
#2900 = CYLINDRICAL_SURFACE ( 'NONE', #3126, 0.09999999999999985290 ) ;
#2901 = CARTESIAN_POINT ( 'NONE',  ( -0.3339900397694209877, 3.425000000000000266, -3.919999999999999929 ) ) ;
#2902 = ORIENTED_EDGE ( 'NONE', *, *, #1194, .T. ) ;
#2903 = CARTESIAN_POINT ( 'NONE',  ( -1.239999999999999991, -2.810000000000000053, -1.760000000000000009 ) ) ;
#2904 = ORIENTED_EDGE ( 'NONE', *, *, #1547, .T. ) ;
#2905 = AXIS2_PLACEMENT_3D ( 'NONE', #3073, #1492, #3341 ) ;
#2906 = ORIENTED_EDGE ( 'NONE', *, *, #2251, .T. ) ;
#2907 = ORIENTED_EDGE ( 'NONE', *, *, #2560, .T. ) ;
#2908 = CARTESIAN_POINT ( 'NONE',  ( 0.2550000000000000044, 3.205000000000000071, -7.299999999999999822 ) ) ;
#2909 = ADVANCED_FACE ( 'NONE', ( #1192 ), #3269, .T. ) ;
#2910 = DIRECTION ( 'NONE',  ( -0.5773502691896257311, -0.5773502691896236216, -0.5773502691896279515 ) ) ;
#2911 = EDGE_CURVE ( 'NONE', #2607, #2794, #3233, .T. ) ;
#2912 = ORIENTED_EDGE ( 'NONE', *, *, #1782, .T. ) ;
#2913 = CARTESIAN_POINT ( 'NONE',  ( 1.181506849315069996, -6.949999999999999289, 3.559008508703170204 ) ) ;
#2914 = ORIENTED_EDGE ( 'NONE', *, *, #120, .T. ) ;
#2915 = EDGE_LOOP ( 'NONE', ( #2457, #71, #1658 ) ) ;
#2916 = FACE_OUTER_BOUND ( 'NONE', #2782, .T. ) ;
#2917 = VERTEX_POINT ( 'NONE', #884 ) ;
#2918 = CARTESIAN_POINT ( 'NONE',  ( 0.0000000000000000000, -7.049999999999999822, 2.050000000000000266 ) ) ;
#2919 = AXIS2_PLACEMENT_3D ( 'NONE', #1312, #2101, #2886 ) ;
#2920 = CARTESIAN_POINT ( 'NONE',  ( -1.149999999999999911, -6.949999999999999289, -3.360000000000000320 ) ) ;
#2921 = SPHERICAL_SURFACE ( 'NONE', #1330, 0.1000000000000000056 ) ;
#2922 = CARTESIAN_POINT ( 'NONE',  ( 1.149999999999999911, -6.949999999999999289, 0.4500000000000000111 ) ) ;
#2923 = CARTESIAN_POINT ( 'NONE',  ( 0.0000000000000000000, -7.570000000000000284, 2.050000000000000266 ) ) ;
#2924 = DIRECTION ( 'NONE',  ( 0.0000000000000000000, 0.0000000000000000000, -1.000000000000000000 ) ) ;
#2925 = DIRECTION ( 'NONE',  ( 1.000000000000000000, 0.0000000000000000000, 0.0000000000000000000 ) ) ;
#2926 = EDGE_CURVE ( 'NONE', #3041, #1909, #1815, .T. ) ;
#2927 = SPHERICAL_SURFACE ( 'NONE', #3025, 0.1000000000000000056 ) ;
#2928 = ADVANCED_FACE ( 'NONE', ( #2523 ), #2434, .T. ) ;
#2929 = VECTOR ( 'NONE', #2526, 1000.000000000000000 ) ;
#2930 = DIRECTION ( 'NONE',  ( -0.7071067811865472397, 3.885780586188046905E-16, 0.7071067811865480168 ) ) ;
#2931 = LINE ( 'NONE', #432, #1980 ) ;
#2932 = LINE ( 'NONE', #1664, #23 ) ;
#2933 = PLANE ( 'NONE',  #638 ) ;
#2934 = DIRECTION ( 'NONE',  ( 0.0000000000000000000, 1.000000000000000000, 0.0000000000000000000 ) ) ;
#2935 = VERTEX_POINT ( 'NONE', #3020 ) ;
#2936 = SURFACE_SIDE_STYLE ('',( #2013 ) ) ;
#2937 = CARTESIAN_POINT ( 'NONE',  ( 1.239999999999999991, -5.479999999999999538, 3.750000000000000000 ) ) ;
#2938 = ORIENTED_EDGE ( 'NONE', *, *, #2976, .F. ) ;
#2939 = DIRECTION ( 'NONE',  ( 0.0000000000000000000, 0.0000000000000000000, -1.000000000000000000 ) ) ;
#2940 = ORIENTED_EDGE ( 'NONE', *, *, #2445, .T. ) ;
#2941 = ORIENTED_EDGE ( 'NONE', *, *, #120, .F. ) ;
#2942 = DIRECTION ( 'NONE',  ( 1.000000000000000000, 0.0000000000000000000, 0.0000000000000000000 ) ) ;
#2943 = AXIS2_PLACEMENT_3D ( 'NONE', #2920, #2670, #548 ) ;
#2944 = ADVANCED_FACE ( 'NONE', ( #399 ), #1026, .T. ) ;
#2945 = DIRECTION ( 'NONE',  ( 1.000000000000000000, 0.0000000000000000000, 0.0000000000000000000 ) ) ;
#2946 = CARTESIAN_POINT ( 'NONE',  ( 1.220710678118654746, -5.479999999999999538, 0.3792893218813452316 ) ) ;
#2947 = ORIENTED_EDGE ( 'NONE', *, *, #3195, .T. ) ;
#2948 = ORIENTED_EDGE ( 'NONE', *, *, #190, .T. ) ;
#2949 = EDGE_CURVE ( 'NONE', #473, #2786, #489, .T. ) ;
#2950 = DIRECTION ( 'NONE',  ( -1.000000000000000000, 0.0000000000000000000, 0.0000000000000000000 ) ) ;
#2951 = DIRECTION ( 'NONE',  ( -1.224646799147353207E-16, 0.0000000000000000000, 1.000000000000000000 ) ) ;
#2952 = DIRECTION ( 'NONE',  ( 0.0000000000000000000, 1.000000000000000000, 0.0000000000000000000 ) ) ;
#2953 = ORIENTED_EDGE ( 'NONE', *, *, #1374, .T. ) ;
#2954 = VERTEX_POINT ( 'NONE', #103 ) ;
#2955 = DIRECTION ( 'NONE',  ( 6.123233995736770966E-17, 0.0000000000000000000, 1.000000000000000000 ) ) ;
#2956 = CARTESIAN_POINT ( 'NONE',  ( -1.250000000000000000, -6.949999999999999289, 0.4500000000000000111 ) ) ;
#2957 = DIRECTION ( 'NONE',  ( -1.000000000000000000, 0.0000000000000000000, 0.0000000000000000000 ) ) ;
#2958 = FACE_OUTER_BOUND ( 'NONE', #2384, .T. ) ;
#2959 = EDGE_LOOP ( 'NONE', ( #1987, #3410, #2495, #1822 ) ) ;
#2960 = DIRECTION ( 'NONE',  ( 0.0000000000000000000, 1.000000000000000000, 0.0000000000000000000 ) ) ;
#2961 = VERTEX_POINT ( 'NONE', #370 ) ;
#2962 = ADVANCED_FACE ( 'NONE', ( #316 ), #2354, .T. ) ;
#2963 = EDGE_CURVE ( 'NONE', #626, #754, #3141, .T. ) ;
#2964 = VECTOR ( 'NONE', #1882, 1000.000000000000000 ) ;
#2965 = CARTESIAN_POINT ( 'NONE',  ( 1.250000000000000000, -5.479999999999999538, 0.4500000000000000111 ) ) ;
#2966 = FACE_OUTER_BOUND ( 'NONE', #3212, .T. ) ;
#2967 = AXIS2_PLACEMENT_3D ( 'NONE', #1498, #3345, #1756 ) ;
#2968 = EDGE_CURVE ( 'NONE', #2539, #1967, #3056, .T. ) ;
#2969 = EDGE_CURVE ( 'NONE', #282, #626, #1647, .T. ) ;
#2970 = CARTESIAN_POINT ( 'NONE',  ( 0.3339900397694209877, -2.383990039769420477, -3.919999999999999929 ) ) ;
#2971 = CARTESIAN_POINT ( 'NONE',  ( 0.2550000000000000044, -6.850000000000000533, -7.299999999999999822 ) ) ;
#2972 = LINE ( 'NONE', #243, #2187 ) ;
#2973 = CARTESIAN_POINT ( 'NONE',  ( 1.239999999999999991, 0.0000000000000000000, -4.299999999999999822 ) ) ;
#2974 = VECTOR ( 'NONE', #1186, 1000.000000000000000 ) ;
#2975 = PLANE ( 'NONE',  #3034 ) ;
#2976 = EDGE_CURVE ( 'NONE', #1535, #2649, #224, .T. ) ;
#2977 = AXIS2_PLACEMENT_3D ( 'NONE', #2185, #593, #2451 ) ;
#2978 = LINE ( 'NONE', #2442, #145 ) ;
#2979 = EDGE_LOOP ( 'NONE', ( #1296, #1675, #1984, #738 ) ) ;
#2980 = LINE ( 'NONE', #2908, #68 ) ;
#2981 = ORIENTED_EDGE ( 'NONE', *, *, #1495, .F. ) ;
#2982 = DIRECTION ( 'NONE',  ( 0.0000000000000000000, -1.000000000000000000, 0.0000000000000000000 ) ) ;
#2983 = VERTEX_POINT ( 'NONE', #3294 ) ;
#2984 = CARTESIAN_POINT ( 'NONE',  ( -1.250000000000000000, -5.479999999999999538, -0.3458983848622450008 ) ) ;
#2985 = CARTESIAN_POINT ( 'NONE',  ( -1.239999999999999991, 2.269937280759855902, 2.040000000000000036 ) ) ;
#2986 = PLANE ( 'NONE',  #926 ) ;
#2987 = ORIENTED_EDGE ( 'NONE', *, *, #3035, .T. ) ;
#2988 = ORIENTED_EDGE ( 'NONE', *, *, #1830, .F. ) ;
#2989 = CARTESIAN_POINT ( 'NONE',  ( -1.239999999999999991, -3.524999999999999911, 0.3499999999999999778 ) ) ;
#2990 = CARTESIAN_POINT ( 'NONE',  ( -1.239999999999999991, 6.850000000000000533, 4.299999999999999822 ) ) ;
#2991 = EDGE_LOOP ( 'NONE', ( #3130, #3254, #1139, #2690 ) ) ;
#2992 = AXIS2_PLACEMENT_3D ( 'NONE', #1474, #3325, #1738 ) ;
#2993 = DIRECTION ( 'NONE',  ( 1.000000000000000000, 0.0000000000000000000, 0.0000000000000000000 ) ) ;
#2994 = AXIS2_PLACEMENT_3D ( 'NONE', #2203, #2993, #2473 ) ;
#2995 = DIRECTION ( 'NONE',  ( 0.0000000000000000000, 1.000000000000000000, 1.996804001124379713E-17 ) ) ;
#2996 = ORIENTED_EDGE ( 'NONE', *, *, #3404, .T. ) ;
#2997 = VERTEX_POINT ( 'NONE', #3306 ) ;
#2998 = DIRECTION ( 'NONE',  ( 1.000000000000000000, 0.0000000000000000000, 0.0000000000000000000 ) ) ;
#2999 = VERTEX_POINT ( 'NONE', #1460 ) ;
#3000 = VECTOR ( 'NONE', #2579, 1000.000000000000000 ) ;
#3001 = DIRECTION ( 'NONE',  ( 0.0000000000000000000, 1.000000000000000000, 0.0000000000000000000 ) ) ;
#3002 =( LENGTH_UNIT ( ) NAMED_UNIT ( * ) SI_UNIT ( .MILLI., .METRE. ) );
#3003 = DIRECTION ( 'NONE',  ( 0.0000000000000000000, 0.0000000000000000000, 1.000000000000000000 ) ) ;
#3004 = ADVANCED_FACE ( 'NONE', ( #858 ), #2263, .T. ) ;
#3005 = EDGE_LOOP ( 'NONE', ( #2272, #445, #166, #2341 ) ) ;
#3006 = DIRECTION ( 'NONE',  ( 0.0000000000000000000, 0.0000000000000000000, 1.000000000000000000 ) ) ;
#3007 = ORIENTED_EDGE ( 'NONE', *, *, #1382, .T. ) ;
#3008 = LINE ( 'NONE', #2682, #2295 ) ;
#3009 = ORIENTED_EDGE ( 'NONE', *, *, #484, .T. ) ;
#3010 = EDGE_CURVE ( 'NONE', #318, #1792, #1732, .T. ) ;
#3011 = CARTESIAN_POINT ( 'NONE',  ( 0.3339900397694209877, -1.191995019884710239, -3.919999999999999929 ) ) ;
#3012 = CYLINDRICAL_SURFACE ( 'NONE', #791, 0.4999372807598558843 ) ;
#3013 = MANIFOLD_SOLID_BREP ( '571-0122F.stp[4]', #885 ) ;
#3014 = AXIS2_PLACEMENT_3D ( 'NONE', #1275, #87, #886 ) ;
#3015 = LINE ( 'NONE', #768, #3271 ) ;
#3016 = CYLINDRICAL_SURFACE ( 'NONE', #1068, 0.1000000000000000472 ) ;
#3017 = DIRECTION ( 'NONE',  ( 0.0000000000000000000, 0.0000000000000000000, -1.000000000000000000 ) ) ;
#3018 = AXIS2_PLACEMENT_3D ( 'NONE', #3168, #2376, #790 ) ;
#3019 = EDGE_CURVE ( 'NONE', #3198, #423, #2644, .T. ) ;
#3020 = CARTESIAN_POINT ( 'NONE',  ( -0.2550000000000000044, 5.705000000000000071, -0.3499999999999999778 ) ) ;
#3021 = LINE ( 'NONE', #3299, #526 ) ;
#3022 = FACE_OUTER_BOUND ( 'NONE', #1840, .T. ) ;
#3023 = VERTEX_POINT ( 'NONE', #1199 ) ;
#3024 = ADVANCED_FACE ( 'NONE', ( #1236 ), #142, .T. ) ;
#3025 = AXIS2_PLACEMENT_3D ( 'NONE', #3357, #175, #444 ) ;
#3026 = ORIENTED_EDGE ( 'NONE', *, *, #350, .T. ) ;
#3027 = ORIENTED_EDGE ( 'NONE', *, *, #3082, .F. ) ;
#3028 = CARTESIAN_POINT ( 'NONE',  ( -0.8599999999999999867, 6.850000000000000533, -3.919999999999999929 ) ) ;
#3029 = VERTEX_POINT ( 'NONE', #2536 ) ;
#3030 = DIRECTION ( 'NONE',  ( 0.0000000000000000000, 1.000000000000000000, 0.0000000000000000000 ) ) ;
#3031 = EDGE_LOOP ( 'NONE', ( #752, #634, #3355 ) ) ;
#3032 = ORIENTED_EDGE ( 'NONE', *, *, #879, .T. ) ;
#3033 = ORIENTED_EDGE ( 'NONE', *, *, #3452, .T. ) ;
#3034 = AXIS2_PLACEMENT_3D ( 'NONE', #853, #1654, #59 ) ;
#3035 = EDGE_CURVE ( 'NONE', #1456, #1985, #1566, .T. ) ;
#3036 = EDGE_CURVE ( 'NONE', #1535, #1787, #2189, .T. ) ;
#3037 = AXIS2_PLACEMENT_3D ( 'NONE', #1476, #668, #2836 ) ;
#3038 = ADVANCED_FACE ( 'NONE', ( #522 ), #1153, .T. ) ;
#3039 = ORIENTED_EDGE ( 'NONE', *, *, #2116, .F. ) ;
#3040 = EDGE_CURVE ( 'NONE', #1985, #1825, #1861, .T. ) ;
#3041 = VERTEX_POINT ( 'NONE', #1221 ) ;
#3042 = EDGE_CURVE ( 'NONE', #3244, #2219, #441, .T. ) ;
#3043 = DIRECTION ( 'NONE',  ( 1.000000000000000000, 0.0000000000000000000, 0.0000000000000000000 ) ) ;
#3044 = VECTOR ( 'NONE', #3227, 1000.000000000000000 ) ;
#3045 = VERTEX_POINT ( 'NONE', #1232 ) ;
#3046 = ORIENTED_EDGE ( 'NONE', *, *, #1551, .T. ) ;
#3047 = CARTESIAN_POINT ( 'NONE',  ( -0.2550000000000000044, 2.694999999999999840, -7.299999999999999822 ) ) ;
#3048 = VECTOR ( 'NONE', #300, 1000.000000000000000 ) ;
#3049 = LINE ( 'NONE', #2406, #2964 ) ;
#3050 = FILL_AREA_STYLE_COLOUR ( '', #1485 ) ;
#3051 = CARTESIAN_POINT ( 'NONE',  ( -1.239999999999999991, -6.850000000000000533, -4.299999999999999822 ) ) ;
#3052 = VECTOR ( 'NONE', #3371, 1000.000000000000000 ) ;
#3053 = CARTESIAN_POINT ( 'NONE',  ( 0.0000000000000000000, 5.195000000000000284, -7.299999999999999822 ) ) ;
#3054 = ADVANCED_FACE ( 'NONE', ( #3272 ), #2481, .T. ) ;
#3055 = LINE ( 'NONE', #1028, #1646 ) ;
#3056 = LINE ( 'NONE', #2497, #941 ) ;
#3057 = DIRECTION ( 'NONE',  ( 0.0000000000000000000, -1.000000000000000000, 0.0000000000000000000 ) ) ;
#3058 = AXIS2_PLACEMENT_3D ( 'NONE', #1673, #2840, #989 ) ;
#3059 = CIRCLE ( 'NONE', #2147, 0.1000000000000001027 ) ;
#3060 = VERTEX_POINT ( 'NONE', #2289 ) ;
#3061 = CARTESIAN_POINT ( 'NONE',  ( 0.0000000000000000000, -6.949999999999999289, 0.3499999999999999778 ) ) ;
#3062 = CARTESIAN_POINT ( 'NONE',  ( 0.0000000000000000000, -7.049999999999999822, 0.4500000000000000111 ) ) ;
#3063 = ORIENTED_EDGE ( 'NONE', *, *, #2968, .F. ) ;
#3064 = ORIENTED_EDGE ( 'NONE', *, *, #1444, .F. ) ;
#3065 = ORIENTED_EDGE ( 'NONE', *, *, #3152, .T. ) ;
#3066 = ORIENTED_EDGE ( 'NONE', *, *, #1782, .F. ) ;
#3067 = DIRECTION ( 'NONE',  ( 0.0000000000000000000, 0.0000000000000000000, -1.000000000000000000 ) ) ;
#3068 = PLANE ( 'NONE',  #2311 ) ;
#3069 = DIRECTION ( 'NONE',  ( 0.0000000000000000000, -1.000000000000000000, 0.0000000000000000000 ) ) ;
#3070 = ORIENTED_EDGE ( 'NONE', *, *, #219, .T. ) ;
#3071 = CARTESIAN_POINT ( 'NONE',  ( 0.0000000000000000000, 3.205000000000000071, -7.299999999999999822 ) ) ;
#3072 = EDGE_LOOP ( 'NONE', ( #2023, #232, #1638, #2071 ) ) ;
#3073 = CARTESIAN_POINT ( 'NONE',  ( 1.149999999999999911, -6.949999999999999289, 3.464101615137749945 ) ) ;
#3074 = CARTESIAN_POINT ( 'NONE',  ( -1.250000000000000000, -6.657500000000000639, -3.360000000000000320 ) ) ;
#3075 = VERTEX_POINT ( 'NONE', #2823 ) ;
#3076 = ORIENTED_EDGE ( 'NONE', *, *, #3433, .F. ) ;
#3077 = ORIENTED_EDGE ( 'NONE', *, *, #2503, .F. ) ;
#3078 = CARTESIAN_POINT ( 'NONE',  ( 0.2550000000000000044, 2.694999999999999840, -7.299999999999999822 ) ) ;
#3079 = DIRECTION ( 'NONE',  ( 1.000000000000000000, 0.0000000000000000000, 0.0000000000000000000 ) ) ;
#3080 = PRODUCT_DEFINITION_SHAPE ( 'NONE', 'NONE',  #935 ) ;
#3081 = CARTESIAN_POINT ( 'NONE',  ( 1.250000000000000000, -7.049999999999999822, 3.464101615137749945 ) ) ;
#3082 = EDGE_CURVE ( 'NONE', #2470, #662, #1940, .T. ) ;
#3083 = EDGE_CURVE ( 'NONE', #3121, #847, #1067, .T. ) ;
#3084 = ORIENTED_EDGE ( 'NONE', *, *, #1374, .F. ) ;
#3085 = EDGE_LOOP ( 'NONE', ( #1376, #3026, #373, #832 ) ) ;
#3086 = VECTOR ( 'NONE', #3089, 1000.000000000000000 ) ;
#3087 = CARTESIAN_POINT ( 'NONE',  ( 1.149999999999999911, -5.479999999999999538, -0.3458983848622450008 ) ) ;
#3088 = DIRECTION ( 'NONE',  ( 0.0000000000000000000, 1.000000000000000000, 0.0000000000000000000 ) ) ;
#3089 = DIRECTION ( 'NONE',  ( 0.0000000000000000000, 0.0000000000000000000, 1.000000000000000000 ) ) ;
#3090 = LINE ( 'NONE', #42, #1251 ) ;
#3091 = AXIS2_PLACEMENT_3D ( 'NONE', #1469, #1999, #414 ) ;
#3092 = ORIENTED_EDGE ( 'NONE', *, *, #1552, .F. ) ;
#3093 = ORIENTED_EDGE ( 'NONE', *, *, #632, .F. ) ;
#3094 = VECTOR ( 'NONE', #1975, 1000.000000000000000 ) ;
#3095 = ORIENTED_EDGE ( 'NONE', *, *, #725, .T. ) ;
#3096 = CIRCLE ( 'NONE', #272, 0.9000000000000000222 ) ;
#3097 = DIRECTION ( 'NONE',  ( 1.000000000000000000, 0.0000000000000000000, 0.0000000000000000000 ) ) ;
#3098 = CARTESIAN_POINT ( 'NONE',  ( 1.220710678118654746, -6.949999999999999289, 0.3792893218813452316 ) ) ;
#3099 = EDGE_CURVE ( 'NONE', #2786, #473, #1771, .T. ) ;
#3100 = VECTOR ( 'NONE', #2586, 1000.000000000000000 ) ;
#3101 = FACE_OUTER_BOUND ( 'NONE', #3312, .T. ) ;
#3102 = DIRECTION ( 'NONE',  ( 0.0000000000000000000, 0.0000000000000000000, -1.000000000000000000 ) ) ;
#3103 = CARTESIAN_POINT ( 'NONE',  ( 0.0000000000000000000, 0.0000000000000000000, 0.0000000000000000000 ) ) ;
#3104 = VECTOR ( 'NONE', #2037, 1000.000000000000000 ) ;
#3105 = ADVANCED_FACE ( 'NONE', ( #2391 ), #3016, .T. ) ;
#3106 = LINE ( 'NONE', #1417, #2313 ) ;
#3107 = DIRECTION ( 'NONE',  ( 0.0000000000000000000, -1.000000000000000000, 0.0000000000000000000 ) ) ;
#3108 = DIRECTION ( 'NONE',  ( 1.000000000000000000, 0.0000000000000000000, 0.0000000000000000000 ) ) ;
#3109 = AXIS2_PLACEMENT_3D ( 'NONE', #1049, #514, #2642 ) ;
#3110 = EDGE_CURVE ( 'NONE', #2269, #1117, #268, .T. ) ;
#3111 = ORIENTED_EDGE ( 'NONE', *, *, #3326, .T. ) ;
#3112 = AXIS2_PLACEMENT_3D ( 'NONE', #2720, #876, #550 ) ;
#3113 = DIRECTION ( 'NONE',  ( 0.0000000000000000000, -1.000000000000000000, 0.0000000000000000000 ) ) ;
#3114 = ORIENTED_EDGE ( 'NONE', *, *, #513, .T. ) ;
#3115 = EDGE_CURVE ( 'NONE', #763, #1456, #355, .T. ) ;
#3116 = DIRECTION ( 'NONE',  ( 0.0000000000000000000, 1.000000000000000000, 0.0000000000000000000 ) ) ;
#3117 =( NAMED_UNIT ( * ) PLANE_ANGLE_UNIT ( ) SI_UNIT ( $, .RADIAN. ) );
#3118 = ORIENTED_EDGE ( 'NONE', *, *, #3447, .F. ) ;
#3119 = CARTESIAN_POINT ( 'NONE',  ( 1.250000000000000000, -6.949999999999999289, -0.3458983848622450008 ) ) ;
#3120 = PLANE ( 'NONE',  #1661 ) ;
#3121 = VERTEX_POINT ( 'NONE', #2050 ) ;
#3122 = ORIENTED_EDGE ( 'NONE', *, *, #3035, .F. ) ;
#3123 = ADVANCED_FACE ( 'NONE', ( #2308 ), #3314, .T. ) ;
#3124 = DIRECTION ( 'NONE',  ( 0.0000000000000000000, -1.000000000000000000, 0.0000000000000000000 ) ) ;
#3125 = VERTEX_POINT ( 'NONE', #1466 ) ;
#3126 = AXIS2_PLACEMENT_3D ( 'NONE', #1634, #1367, #2612 ) ;
#3127 = DIRECTION ( 'NONE',  ( -1.000000000000000000, 0.0000000000000000000, 0.0000000000000000000 ) ) ;
#3128 = DIRECTION ( 'NONE',  ( 0.0000000000000000000, 1.000000000000000000, 0.0000000000000000000 ) ) ;
#3129 = CARTESIAN_POINT ( 'NONE',  ( -1.149999999999999911, -5.479999999999999538, 3.464101615137749945 ) ) ;
#3130 = ORIENTED_EDGE ( 'NONE', *, *, #873, .F. ) ;
#3131 = FACE_OUTER_BOUND ( 'NONE', #2713, .T. ) ;
#3132 = ORIENTED_EDGE ( 'NONE', *, *, #780, .T. ) ;
#3133 = CIRCLE ( 'NONE', #635, 0.1000000000000001443 ) ;
#3134 = FACE_OUTER_BOUND ( 'NONE', #504, .T. ) ;
#3135 = STYLED_ITEM ( 'NONE', ( #2842 ), #3438 ) ;
#3136 = LINE ( 'NONE', #1611, #1480 ) ;
#3137 = CARTESIAN_POINT ( 'NONE',  ( 0.0000000000000000000, -6.949999999999999289, -3.810000000000000053 ) ) ;
#3138 = LINE ( 'NONE', #2300, #2432 ) ;
#3139 = DIRECTION ( 'NONE',  ( -0.0000000000000000000, 1.000000000000000000, 0.0000000000000000000 ) ) ;
#3140 = CIRCLE ( 'NONE', #1486, 3.750000000000000000 ) ;
#3141 = LINE ( 'NONE', #379, #570 ) ;
#3142 = DIRECTION ( 'NONE',  ( -1.000000000000000000, 0.0000000000000000000, 0.0000000000000000000 ) ) ;
#3143 = ORIENTED_EDGE ( 'NONE', *, *, #1488, .T. ) ;
#3144 = EDGE_CURVE ( 'NONE', #2696, #2734, #1606, .T. ) ;
#3145 = DIRECTION ( 'NONE',  ( -1.000000000000000000, 0.0000000000000000000, 0.0000000000000000000 ) ) ;
#3146 = ORIENTED_EDGE ( 'NONE', *, *, #2218, .T. ) ;
#3147 = ORIENTED_EDGE ( 'NONE', *, *, #1597, .T. ) ;
#3148 = CARTESIAN_POINT ( 'NONE',  ( 1.149999999999999911, -6.949999999999999289, -3.360000000000000320 ) ) ;
#3149 = AXIS2_PLACEMENT_3D ( 'NONE', #148, #419, #2273 ) ;
#3150 = DIRECTION ( 'NONE',  ( 0.0000000000000000000, 5.551115123125780336E-15, -1.000000000000000000 ) ) ;
#3151 = EDGE_CURVE ( 'NONE', #2697, #1967, #900, .T. ) ;
#3152 = EDGE_CURVE ( 'NONE', #1170, #203, #1693, .T. ) ;
#3153 = EDGE_LOOP ( 'NONE', ( #234, #1833, #2296, #3256 ) ) ;
#3154 = ORIENTED_EDGE ( 'NONE', *, *, #2729, .F. ) ;
#3155 = DIRECTION ( 'NONE',  ( 0.0000000000000000000, 0.0000000000000000000, 1.000000000000000000 ) ) ;
#3156 = EDGE_CURVE ( 'NONE', #218, #3239, #191, .T. ) ;
#3157 = AXIS2_PLACEMENT_3D ( 'NONE', #2438, #2704, #1119 ) ;
#3158 = CLOSED_SHELL ( 'NONE', ( #3191, #258, #1946, #1373, #669, #712 ) ) ;
#3159 = FILL_AREA_STYLE_COLOUR ( '', #1411 ) ;
#3160 = DIRECTION ( 'NONE',  ( 1.000000000000000000, 0.0000000000000000000, 0.0000000000000000000 ) ) ;
#3161 = ORIENTED_EDGE ( 'NONE', *, *, #1591, .F. ) ;
#3162 = DIRECTION ( 'NONE',  ( 0.0000000000000000000, 0.0000000000000000000, 1.000000000000000000 ) ) ;
#3163 = DIRECTION ( 'NONE',  ( 0.7071067811865474617, 0.0000000000000000000, -0.7071067811865474617 ) ) ;
#3164 = EDGE_LOOP ( 'NONE', ( #2492, #1115, #2174, #2339 ) ) ;
#3165 = DIRECTION ( 'NONE',  ( 0.0000000000000000000, 1.000000000000000000, 0.0000000000000000000 ) ) ;
#3166 = ORIENTED_EDGE ( 'NONE', *, *, #3226, .F. ) ;
#3167 = ORIENTED_EDGE ( 'NONE', *, *, #2833, .F. ) ;
#3168 = CARTESIAN_POINT ( 'NONE',  ( -0.8599999999999999867, 0.0000000000000000000, -4.299999999999999822 ) ) ;
#3169 = FACE_OUTER_BOUND ( 'NONE', #3164, .T. ) ;
#3170 = AXIS2_PLACEMENT_3D ( 'NONE', #695, #2559, #969 ) ;
#3171 = FACE_OUTER_BOUND ( 'NONE', #1513, .T. ) ;
#3172 = CARTESIAN_POINT ( 'NONE',  ( -0.2550000000000000044, 5.195000000000000284, -7.299999999999999822 ) ) ;
#3173 = AXIS2_PLACEMENT_3D ( 'NONE', #2150, #826, #2945 ) ;
#3174 = DIRECTION ( 'NONE',  ( 0.7071067811865474617, 0.0000000000000000000, -0.7071067811865474617 ) ) ;
#3175 = ORIENTED_EDGE ( 'NONE', *, *, #2297, .T. ) ;
#3176 = LINE ( 'NONE', #894, #1148 ) ;
#3177 = ADVANCED_FACE ( 'NONE', ( #104 ), #1525, .T. ) ;
#3178 = LINE ( 'NONE', #1772, #1767 ) ;
#3179 = VECTOR ( 'NONE', #3116, 1000.000000000000000 ) ;
#3180 = CARTESIAN_POINT ( 'NONE',  ( -1.239999999999999991, 6.850000000000000533, -4.299999999999999822 ) ) ;
#3181 = VECTOR ( 'NONE', #2024, 1000.000000000000000 ) ;
#3182 = PLANE ( 'NONE',  #697 ) ;
#3183 = CARTESIAN_POINT ( 'NONE',  ( -0.2550000000000000044, 0.1950000000000000067, -5.551115123125779744E-16 ) ) ;
#3184 = CARTESIAN_POINT ( 'NONE',  ( 0.0000000000000000000, -7.570000000000000284, 2.050000000000000266 ) ) ;
#3185 = LINE ( 'NONE', #2712, #783 ) ;
#3186 = CARTESIAN_POINT ( 'NONE',  ( -1.250000000000000000, -7.049999999999999822, -0.3458983848622450008 ) ) ;
#3187 = EDGE_LOOP ( 'NONE', ( #1337, #2667, #2814, #1750 ) ) ;
#3188 = DIRECTION ( 'NONE',  ( 1.000000000000000000, 0.0000000000000000000, 0.0000000000000000000 ) ) ;
#3189 = EDGE_LOOP ( 'NONE', ( #3403, #2941, #3066, #46, #1701, #1821, #2894, #2676, #404, #2509, #2359, #3245 ) ) ;
#3190 = DIRECTION ( 'NONE',  ( 0.0000000000000000000, 0.0000000000000000000, 1.000000000000000000 ) ) ;
#3191 = ADVANCED_FACE ( 'NONE', ( #1445 ), #3068, .T. ) ;
#3192 = ORIENTED_EDGE ( 'NONE', *, *, #2196, .T. ) ;
#3193 = DIRECTION ( 'NONE',  ( 0.0000000000000000000, 0.0000000000000000000, -1.000000000000000000 ) ) ;
#3194 = AXIS2_PLACEMENT_3D ( 'NONE', #1876, #273, #2133 ) ;
#3195 = EDGE_CURVE ( 'NONE', #3324, #282, #2223, .T. ) ;
#3196 = VECTOR ( 'NONE', #2173, 1000.000000000000000 ) ;
#3197 = CARTESIAN_POINT ( 'NONE',  ( 0.0000000000000000000, 5.195000000000000284, -5.551115123125779744E-16 ) ) ;
#3198 = VERTEX_POINT ( 'NONE', #1215 ) ;
#3199 = DIRECTION ( 'NONE',  ( 0.0000000000000000000, 0.0000000000000000000, 1.000000000000000000 ) ) ;
#3200 = ORIENTED_EDGE ( 'NONE', *, *, #2218, .F. ) ;
#3201 = EDGE_LOOP ( 'NONE', ( #3246, #512, #2399, #2953, #1047, #1872 ) ) ;
#3202 = CARTESIAN_POINT ( 'NONE',  ( 0.0000000000000000000, -7.669999999999999929, -1.760000000000000009 ) ) ;
#3203 = LINE ( 'NONE', #1888, #2386 ) ;
#3204 = ORIENTED_EDGE ( 'NONE', *, *, #3267, .F. ) ;
#3205 = CARTESIAN_POINT ( 'NONE',  ( -1.149999999999999911, -6.949999999999999289, 3.464101615137749945 ) ) ;
#3206 = DIRECTION ( 'NONE',  ( 0.7071067811865484609, 9.147955830346443662E-16, -0.7071067811865465735 ) ) ;
#3207 =( LENGTH_UNIT ( ) NAMED_UNIT ( * ) SI_UNIT ( .MILLI., .METRE. ) );
#3208 = CARTESIAN_POINT ( 'NONE',  ( 0.2550000000000000044, 0.1950000000000000067, -7.299999999999999822 ) ) ;
#3209 = VERTEX_POINT ( 'NONE', #686 ) ;
#3210 = DIRECTION ( 'NONE',  ( -7.304098846218139598E-16, 0.0000000000000000000, 1.000000000000000000 ) ) ;
#3211 = ADVANCED_FACE ( 'NONE', ( #731 ), #2005, .T. ) ;
#3212 = EDGE_LOOP ( 'NONE', ( #52, #868, #1340, #2608 ) ) ;
#3213 = FACE_OUTER_BOUND ( 'NONE', #1998, .T. ) ;
#3214 = VERTEX_POINT ( 'NONE', #2275 ) ;
#3215 = PLANE ( 'NONE',  #321 ) ;
#3216 = DIRECTION ( 'NONE',  ( 1.000000000000000000, 0.0000000000000000000, 0.0000000000000000000 ) ) ;
#3217 = AXIS2_PLACEMENT_3D ( 'NONE', #1150, #2998, #1420 ) ;
#3218 = ORIENTED_EDGE ( 'NONE', *, *, #2337, .F. ) ;
#3219 = EDGE_CURVE ( 'NONE', #2735, #1623, #18, .T. ) ;
#3220 = EDGE_CURVE ( 'NONE', #1759, #2735, #2059, .T. ) ;
#3221 = DIRECTION ( 'NONE',  ( 1.000000000000000000, 0.0000000000000000000, 0.0000000000000000000 ) ) ;
#3222 = CARTESIAN_POINT ( 'NONE',  ( 1.224646799147353207E-16, -7.209999999999999964, 1.050000000000000044 ) ) ;
#3223 = AXIS2_PLACEMENT_3D ( 'NONE', #2253, #689, #1258 ) ;
#3224 = VECTOR ( 'NONE', #3107, 1000.000000000000000 ) ;
#3225 = FACE_OUTER_BOUND ( 'NONE', #3031, .T. ) ;
#3226 = EDGE_CURVE ( 'NONE', #1170, #423, #2846, .T. ) ;
#3227 = DIRECTION ( 'NONE',  ( 0.0000000000000000000, 1.000000000000000000, 0.0000000000000000000 ) ) ;
#3228 = DIRECTION ( 'NONE',  ( 1.000000000000000000, 0.0000000000000000000, 0.0000000000000000000 ) ) ;
#3229 = EDGE_CURVE ( 'NONE', #3023, #2583, #2764, .T. ) ;
#3230 = CYLINDRICAL_SURFACE ( 'NONE', #319, 0.1000000000000001443 ) ;
#3231 = VECTOR ( 'NONE', #710, 1000.000000000000000 ) ;
#3232 = LINE ( 'NONE', #1806, #1814 ) ;
#3233 = LINE ( 'NONE', #1954, #3310 ) ;
#3234 = CARTESIAN_POINT ( 'NONE',  ( 0.0000000000000000000, -5.479999999999999538, 0.3499999999999999778 ) ) ;
#3235 = DIRECTION ( 'NONE',  ( 1.000000000000000000, 0.0000000000000000000, 0.0000000000000000000 ) ) ;
#3236 = ADVANCED_FACE ( 'NONE', ( #1188 ), #2927, .T. ) ;
#3237 = CARTESIAN_POINT ( 'NONE',  ( 1.149999999999999911, -5.479999999999999538, -3.360000000000000320 ) ) ;
#3238 = CARTESIAN_POINT ( 'NONE',  ( -1.239999999999999991, 6.850000000000000533, -4.299999999999999822 ) ) ;
#3239 = VERTEX_POINT ( 'NONE', #2284 ) ;
#3240 = CARTESIAN_POINT ( 'NONE',  ( 1.149999999999999911, -5.479999999999999538, 0.4500000000000000111 ) ) ;
#3241 = PLANE ( 'NONE',  #2680 ) ;
#3242 = EDGE_LOOP ( 'NONE', ( #2587, #362, #1196, #95 ) ) ;
#3243 = ORIENTED_EDGE ( 'NONE', *, *, #9, .T. ) ;
#3244 = VERTEX_POINT ( 'NONE', #2569 ) ;
#3245 = ORIENTED_EDGE ( 'NONE', *, *, #3362, .F. ) ;
#3246 = ORIENTED_EDGE ( 'NONE', *, *, #2715, .F. ) ;
#3247 = AXIS2_PLACEMENT_3D ( 'NONE', #1128, #859, #1526 ) ;
#3248 = ORIENTED_EDGE ( 'NONE', *, *, #1556, .T. ) ;
#3249 = CARTESIAN_POINT ( 'NONE',  ( 0.2550000000000000044, -1.850000000000000089, -7.299999999999999822 ) ) ;
#3250 = DIRECTION ( 'NONE',  ( 0.0000000000000000000, 0.0000000000000000000, 1.000000000000000000 ) ) ;
#3251 = ORIENTED_EDGE ( 'NONE', *, *, #196, .T. ) ;
#3252 = ORIENTED_EDGE ( 'NONE', *, *, #1083, .T. ) ;
#3253 = ORIENTED_EDGE ( 'NONE', *, *, #3226, .T. ) ;
#3254 = ORIENTED_EDGE ( 'NONE', *, *, #2080, .T. ) ;
#3255 = EDGE_CURVE ( 'NONE', #1967, #2627, #2518, .T. ) ;
#3256 = ORIENTED_EDGE ( 'NONE', *, *, #2437, .T. ) ;
#3257 = LINE ( 'NONE', #1512, #509 ) ;
#3258 = DIRECTION ( 'NONE',  ( -0.0000000000000000000, 1.000000000000000000, 0.0000000000000000000 ) ) ;
#3259 = CIRCLE ( 'NONE', #122, 0.9000000000000000222 ) ;
#3260 = CARTESIAN_POINT ( 'NONE',  ( 0.0000000000000000000, -1.794999999999999929, -5.551115123125779744E-16 ) ) ;
#3261 = VERTEX_POINT ( 'NONE', #1255 ) ;
#3262 = VECTOR ( 'NONE', #810, 1000.000000000000000 ) ;
#3263 = VERTEX_POINT ( 'NONE', #1520 ) ;
#3264 =( LENGTH_UNIT ( ) NAMED_UNIT ( * ) SI_UNIT ( .MILLI., .METRE. ) );
#3265 = CYLINDRICAL_SURFACE ( 'NONE', #73, 0.1000000000000001027 ) ;
#3266 = LINE ( 'NONE', #963, #1063 ) ;
#3267 = EDGE_CURVE ( 'NONE', #3214, #322, #3138, .T. ) ;
#3268 = EDGE_CURVE ( 'NONE', #1086, #1917, #1812, .T. ) ;
#3269 = PLANE ( 'NONE',  #781 ) ;
#3270 = CARTESIAN_POINT ( 'NONE',  ( -1.239999999999999991, -6.850000000000000533, 4.299999999999999822 ) ) ;
#3271 = VECTOR ( 'NONE', #2623, 1000.000000000000000 ) ;
#3272 = FACE_OUTER_BOUND ( 'NONE', #2834, .T. ) ;
#3273 = AXIS2_PLACEMENT_3D ( 'NONE', #2012, #425, #2279 ) ;
#3274 = VECTOR ( 'NONE', #2751, 1000.000000000000000 ) ;
#3275 = FACE_OUTER_BOUND ( 'NONE', #460, .T. ) ;
#3276 = ORIENTED_EDGE ( 'NONE', *, *, #2304, .F. ) ;
#3277 = EDGE_CURVE ( 'NONE', #2887, #3023, #1107, .T. ) ;
#3278 = CARTESIAN_POINT ( 'NONE',  ( -1.239999999999999991, -6.850000000000000533, 0.3499999999999999778 ) ) ;
#3279 = DIRECTION ( 'NONE',  ( 0.0000000000000000000, 1.000000000000000000, 0.0000000000000000000 ) ) ;
#3280 = ORIENTED_EDGE ( 'NONE', *, *, #1202, .F. ) ;
#3281 = ORIENTED_EDGE ( 'NONE', *, *, #1774, .F. ) ;
#3282 = VECTOR ( 'NONE', #992, 1000.000000000000000 ) ;
#3283 = AXIS2_PLACEMENT_3D ( 'NONE', #819, #2674, #1089 ) ;
#3284 = EDGE_CURVE ( 'NONE', #2470, #3360, #1724, .T. ) ;
#3285 = ORIENTED_EDGE ( 'NONE', *, *, #3255, .F. ) ;
#3286 = AXIS2_PLACEMENT_3D ( 'NONE', #22, #2441, #58 ) ;
#3287 = DIRECTION ( 'NONE',  ( 1.000000000000000000, 0.0000000000000000000, 0.0000000000000000000 ) ) ;
#3288 = ADVANCED_FACE ( 'NONE', ( #312 ), #3383, .T. ) ;
#3289 = DIRECTION ( 'NONE',  ( -0.7071067811865474617, 0.0000000000000000000, -0.7071067811865474617 ) ) ;
#3290 = EDGE_LOOP ( 'NONE', ( #1095, #25, #178, #1680 ) ) ;
#3291 = EDGE_CURVE ( 'NONE', #653, #1350, #936, .T. ) ;
#3292 = CARTESIAN_POINT ( 'NONE',  ( 0.2550000000000000044, -2.305000000000000160, -5.551115123125779744E-16 ) ) ;
#3293 = DIRECTION ( 'NONE',  ( 0.0000000000000000000, 1.000000000000000000, 0.0000000000000000000 ) ) ;
#3294 = CARTESIAN_POINT ( 'NONE',  ( 0.2550000000000000044, 3.205000000000000071, -5.551115123125779744E-16 ) ) ;
#3295 = DIRECTION ( 'NONE',  ( 1.000000000000000000, 0.0000000000000000000, 0.0000000000000000000 ) ) ;
#3296 = VECTOR ( 'NONE', #2236, 1000.000000000000000 ) ;
#3297 = VECTOR ( 'NONE', #415, 1000.000000000000000 ) ;
#3298 = CARTESIAN_POINT ( 'NONE',  ( 1.149999999999999911, -6.949999999999999289, 3.464101615137749945 ) ) ;
#3299 = CARTESIAN_POINT ( 'NONE',  ( 0.0000000000000000000, 0.7049999999999999600, -5.551115123125779744E-16 ) ) ;
#3300 = LINE ( 'NONE', #3330, #478 ) ;
#3301 = CYLINDRICAL_SURFACE ( 'NONE', #2919, 0.1000000000000001443 ) ;
#3302 = ADVANCED_FACE ( 'NONE', ( #2966 ), #222, .T. ) ;
#3303 = VECTOR ( 'NONE', #765, 1000.000000000000000 ) ;
#3304 = CARTESIAN_POINT ( 'NONE',  ( 1.250000000000000000, -5.479999999999999538, 3.464101615137749945 ) ) ;
#3305 = EDGE_CURVE ( 'NONE', #2219, #2983, #2259, .T. ) ;
#3306 = CARTESIAN_POINT ( 'NONE',  ( 1.181506849315069996, -5.479999999999999538, 3.559008508703170204 ) ) ;
#3307 = VECTOR ( 'NONE', #2315, 1000.000000000000000 ) ;
#3308 = DIRECTION ( 'NONE',  ( 6.123233995736770966E-17, 0.0000000000000000000, 1.000000000000000000 ) ) ;
#3309 = DIRECTION ( 'NONE',  ( 0.0000000000000000000, 0.0000000000000000000, -1.000000000000000000 ) ) ;
#3310 = VECTOR ( 'NONE', #359, 1000.000000000000000 ) ;
#3311 = CARTESIAN_POINT ( 'NONE',  ( 0.0000000000000000000, -7.570000000000000284, 2.050000000000000266 ) ) ;
#3312 = EDGE_LOOP ( 'NONE', ( #2745, #1795 ) ) ;
#3313 = PRESENTATION_LAYER_ASSIGNMENT (  '', '', ( #3135 ) ) ;
#3314 = PLANE ( 'NONE',  #1604 ) ;
#3315 = VERTEX_POINT ( 'NONE', #2057 ) ;
#3316 = VERTEX_POINT ( 'NONE', #1542 ) ;
#3317 = CARTESIAN_POINT ( 'NONE',  ( 0.0000000000000000000, -6.850000000000000533, 0.0000000000000000000 ) ) ;
#3318 = ORIENTED_EDGE ( 'NONE', *, *, #1239, .T. ) ;
#3319 = ADVANCED_FACE ( 'NONE', ( #2350, #855 ), #1282, .T. ) ;
#3320 = ORIENTED_EDGE ( 'NONE', *, *, #591, .F. ) ;
#3321 = CARTESIAN_POINT ( 'NONE',  ( -1.239999999999999991, 2.269937280759855902, 2.040000000000000036 ) ) ;
#3322 = VERTEX_POINT ( 'NONE', #2069 ) ;
#3323 = DIRECTION ( 'NONE',  ( 0.0000000000000000000, -1.000000000000000000, 0.0000000000000000000 ) ) ;
#3324 = VERTEX_POINT ( 'NONE', #2866 ) ;
#3325 = DIRECTION ( 'NONE',  ( 0.0000000000000000000, 1.000000000000000000, 0.0000000000000000000 ) ) ;
#3326 = EDGE_CURVE ( 'NONE', #953, #2887, #1481, .T. ) ;
#3327 = EDGE_CURVE ( 'NONE', #337, #2696, #2879, .T. ) ;
#3328 = VERTEX_POINT ( 'NONE', #217 ) ;
#3329 = DIRECTION ( 'NONE',  ( 0.9490689356541790467, -4.383176937948620188E-15, 0.3150684931506860242 ) ) ;
#3330 = CARTESIAN_POINT ( 'NONE',  ( 0.0000000000000000000, -6.850000000000000533, 0.3499999999999999778 ) ) ;
#3331 = EDGE_CURVE ( 'NONE', #461, #81, #2184, .T. ) ;
#3332 = EDGE_LOOP ( 'NONE', ( #1303, #1250, #401, #2756 ) ) ;
#3333 = CIRCLE ( 'NONE', #2170, 0.5000000000000000000 ) ;
#3334 = PLANE ( 'NONE',  #3149 ) ;
#3335 = DIRECTION ( 'NONE',  ( 0.0000000000000000000, 0.0000000000000000000, 1.000000000000000000 ) ) ;
#3336 = LINE ( 'NONE', #3071, #1929 ) ;
#3337 = DIRECTION ( 'NONE',  ( -1.000000000000000000, 0.0000000000000000000, 0.0000000000000000000 ) ) ;
#3338 = VERTEX_POINT ( 'NONE', #1293 ) ;
#3339 = LINE ( 'NONE', #2411, #1056 ) ;
#3340 = CARTESIAN_POINT ( 'NONE',  ( -1.149999999999999911, -7.049999999999999822, 0.4500000000000000111 ) ) ;
#3341 = DIRECTION ( 'NONE',  ( 1.000000000000000000, 0.0000000000000000000, 0.0000000000000000000 ) ) ;
#3342 = LINE ( 'NONE', #3358, #436 ) ;
#3343 = VECTOR ( 'NONE', #1857, 1000.000000000000000 ) ;
#3344 = VECTOR ( 'NONE', #537, 1000.000000000000000 ) ;
#3345 = DIRECTION ( 'NONE',  ( 1.000000000000000000, 0.0000000000000000000, 0.0000000000000000000 ) ) ;
#3346 = AXIS2_PLACEMENT_3D ( 'NONE', #945, #3337, #1996 ) ;
#3347 = DIRECTION ( 'NONE',  ( 0.0000000000000000000, 1.000000000000000000, 0.0000000000000000000 ) ) ;
#3348 = LINE ( 'NONE', #633, #1237 ) ;
#3349 = CIRCLE ( 'NONE', #999, 3.649999999999999911 ) ;
#3350 = DIRECTION ( 'NONE',  ( 0.0000000000000000000, 0.0000000000000000000, -1.000000000000000000 ) ) ;
#3351 = DIRECTION ( 'NONE',  ( -0.9490689356541816002, 0.0000000000000000000, 0.3150684931506778641 ) ) ;
#3352 = DIRECTION ( 'NONE',  ( 0.8108848540793827109, 0.0000000000000000000, 0.5852057359806533965 ) ) ;
#3353 = DIRECTION ( 'NONE',  ( 0.0000000000000000000, 0.0000000000000000000, -1.000000000000000000 ) ) ;
#3354 = CARTESIAN_POINT ( 'NONE',  ( 0.0000000000000000000, -2.305000000000000160, -4.299999999999999822 ) ) ;
#3355 = ORIENTED_EDGE ( 'NONE', *, *, #3099, .F. ) ;
#3356 = ORIENTED_EDGE ( 'NONE', *, *, #3156, .T. ) ;
#3357 = CARTESIAN_POINT ( 'NONE',  ( -1.149999999999999911, -6.949999999999999289, -3.360000000000000320 ) ) ;
#3358 = CARTESIAN_POINT ( 'NONE',  ( 1.250000000000000000, -6.657500000000000639, -3.360000000000000320 ) ) ;
#3359 = ADVANCED_FACE ( 'NONE', ( #1644 ), #1819, .F. ) ;
#3360 = VERTEX_POINT ( 'NONE', #3417 ) ;
#3361 = CARTESIAN_POINT ( 'NONE',  ( -1.239999999999999991, 0.0000000000000000000, 4.299999999999999822 ) ) ;
#3362 = EDGE_CURVE ( 'NONE', #2999, #1257, #62, .T. ) ;
#3363 = DIRECTION ( 'NONE',  ( 0.0000000000000000000, 0.0000000000000000000, 1.000000000000000000 ) ) ;
#3364 = CARTESIAN_POINT ( 'NONE',  ( 0.0000000000000000000, -7.669999999999999929, -1.760000000000000009 ) ) ;
#3365 = ORIENTED_EDGE ( 'NONE', *, *, #2436, .F. ) ;
#3366 = ORIENTED_EDGE ( 'NONE', *, *, #3396, .F. ) ;
#3367 = PLANE ( 'NONE',  #1990 ) ;
#3368 = AXIS2_PLACEMENT_3D ( 'NONE', #2001, #2073, #742 ) ;
#3369 = ORIENTED_EDGE ( 'NONE', *, *, #1495, .T. ) ;
#3370 = CARTESIAN_POINT ( 'NONE',  ( 0.0000000000000000000, -2.305000000000000160, -7.299999999999999822 ) ) ;
#3371 = DIRECTION ( 'NONE',  ( 0.0000000000000000000, 1.000000000000000000, 0.0000000000000000000 ) ) ;
#3372 = CARTESIAN_POINT ( 'NONE',  ( -0.2550000000000000044, 5.195000000000000284, -7.299999999999999822 ) ) ;
#3373 = AXIS2_PLACEMENT_3D ( 'NONE', #812, #2668, #1081 ) ;
#3374 = EDGE_CURVE ( 'NONE', #3338, #364, #141, .T. ) ;
#3375 = EDGE_LOOP ( 'NONE', ( #495, #531, #2483, #418 ) ) ;
#3376 = AXIS2_PLACEMENT_3D ( 'NONE', #996, #1798, #202 ) ;
#3377 = EDGE_LOOP ( 'NONE', ( #2797, #2530, #1793, #965, #1568, #907, #1969, #2611, #1289, #1546, #2673, #2270 ) ) ;
#3378 = FACE_OUTER_BOUND ( 'NONE', #1247, .T. ) ;
#3379 = ORIENTED_EDGE ( 'NONE', *, *, #3195, .F. ) ;
#3380 = DIRECTION ( 'NONE',  ( 0.0000000000000000000, 0.0000000000000000000, 1.000000000000000000 ) ) ;
#3381 = FACE_OUTER_BOUND ( 'NONE', #1078, .T. ) ;
#3382 = DIRECTION ( 'NONE',  ( 0.0000000000000000000, -1.000000000000000000, 0.0000000000000000000 ) ) ;
#3383 = PLANE ( 'NONE',  #3376 ) ;
#3384 = ADVANCED_FACE ( 'NONE', ( #2804 ), #2008, .T. ) ;
#3385 = PLANE ( 'NONE',  #967 ) ;
#3386 = VECTOR ( 'NONE', #1858, 1000.000000000000000 ) ;
#3387 = CARTESIAN_POINT ( 'NONE',  ( -0.2550000000000000044, 2.949999999999999734, -5.799999999999999822 ) ) ;
#3388 = LINE ( 'NONE', #833, #1280 ) ;
#3389 = VECTOR ( 'NONE', #1757, 1000.000000000000000 ) ;
#3390 = FACE_OUTER_BOUND ( 'NONE', #2869, .T. ) ;
#3391 = LINE ( 'NONE', #872, #1981 ) ;
#3392 = CARTESIAN_POINT ( 'NONE',  ( -0.2550000000000000044, -1.850000000000000089, -7.299999999999999822 ) ) ;
#3393 = DIRECTION ( 'NONE',  ( 0.0000000000000000000, -1.000000000000000000, 0.0000000000000000000 ) ) ;
#3394 = AXIS2_PLACEMENT_3D ( 'NONE', #3260, #70, #1936 ) ;
#3395 = CARTESIAN_POINT ( 'NONE',  ( 0.2550000000000000044, -1.850000000000000089, -5.551115123125779744E-16 ) ) ;
#3396 = EDGE_CURVE ( 'NONE', #2935, #2961, #2723, .T. ) ;
#3397 = EDGE_CURVE ( 'NONE', #2533, #1759, #684, .T. ) ;
#3398 = DIRECTION ( 'NONE',  ( 0.5773502691896278405, -0.5773502691896233996, -0.5773502691896261751 ) ) ;
#3399 = EDGE_LOOP ( 'NONE', ( #1005, #1101, #990, #78, #3166 ) ) ;
#3400 = AXIS2_PLACEMENT_3D ( 'NONE', #2781, #1991, #2535 ) ;
#3401 = EDGE_CURVE ( 'NONE', #747, #2470, #3432, .T. ) ;
#3402 = ORIENTED_EDGE ( 'NONE', *, *, #2258, .T. ) ;
#3403 = ORIENTED_EDGE ( 'NONE', *, *, #883, .F. ) ;
#3404 = EDGE_CURVE ( 'NONE', #1985, #2649, #2095, .T. ) ;
#3405 = ORIENTED_EDGE ( 'NONE', *, *, #1387, .F. ) ;
#3406 = ORIENTED_EDGE ( 'NONE', *, *, #1839, .F. ) ;
#3407 = DIRECTION ( 'NONE',  ( 0.0000000000000000000, 1.000000000000000000, 0.0000000000000000000 ) ) ;
#3408 = DIRECTION ( 'NONE',  ( 6.123233995736759873E-17, 0.0000000000000000000, 1.000000000000000000 ) ) ;
#3409 = CARTESIAN_POINT ( 'NONE',  ( 1.250000000000000000, -6.264999999999999680, -1.760000000000000009 ) ) ;
#3410 = ORIENTED_EDGE ( 'NONE', *, *, #2796, .T. ) ;
#3411 = EDGE_LOOP ( 'NONE', ( #2744, #1761 ) ) ;
#3412 = CARTESIAN_POINT ( 'NONE',  ( -0.3339900397694209877, 3.425000000000000266, 4.299999999999999822 ) ) ;
#3413 = ORIENTED_EDGE ( 'NONE', *, *, #1120, .T. ) ;
#3414 = AXIS2_PLACEMENT_3D ( 'NONE', #3387, #1581, #2619 ) ;
#3415 = AXIS2_PLACEMENT_3D ( 'NONE', #294, #1423, #2074 ) ;
#3416 = DIRECTION ( 'NONE',  ( 0.5773502691896257311, -0.5773502691896236216, -0.5773502691896279515 ) ) ;
#3417 = CARTESIAN_POINT ( 'NONE',  ( 1.239999999999999991, -5.479999999999999538, -0.06000000000000000472 ) ) ;
#3418 = CARTESIAN_POINT ( 'NONE',  ( 1.149999999999999911, -6.949999999999999289, -0.3458983848622450008 ) ) ;
#3419 = EDGE_LOOP ( 'NONE', ( #156, #1516, #578, #2548 ) ) ;
#3420 = FACE_OUTER_BOUND ( 'NONE', #2199, .T. ) ;
#3421 = LINE ( 'NONE', #3412, #2709 ) ;
#3422 = VECTOR ( 'NONE', #3350, 1000.000000000000000 ) ;
#3423 = CARTESIAN_POINT ( 'NONE',  ( -0.7869950198847099898, 5.206610941160949579, 4.299999999999999822 ) ) ;
#3424 = VECTOR ( 'NONE', #1783, 1000.000000000000000 ) ;
#3425 = ORIENTED_EDGE ( 'NONE', *, *, #1801, .F. ) ;
#3426 = CYLINDRICAL_SURFACE ( 'NONE', #1574, 0.1000000000000001443 ) ;
#3427 = PRESENTATION_STYLE_ASSIGNMENT (( #565 ) ) ;
#3428 = SURFACE_SIDE_STYLE ('',( #1523 ) ) ;
#3429 = CARTESIAN_POINT ( 'NONE',  ( 1.149999999999999911, -5.479999999999999538, 3.464101615137749945 ) ) ;
#3430 = FACE_OUTER_BOUND ( 'NONE', #302, .T. ) ;
#3431 = CARTESIAN_POINT ( 'NONE',  ( 0.0000000000000000000, -7.049999999999999822, 0.3499999999999999778 ) ) ;
#3432 = LINE ( 'NONE', #1586, #3343 ) ;
#3433 = EDGE_CURVE ( 'NONE', #575, #318, #2640, .T. ) ;
#3434 = CARTESIAN_POINT ( 'NONE',  ( 1.239999999999999991, -5.479999999999999538, 0.4200000000000000400 ) ) ;
#3435 = FACE_OUTER_BOUND ( 'NONE', #2271, .T. ) ;
#3436 = VECTOR ( 'NONE', #1956, 1000.000000000000000 ) ;
#3437 = FACE_BOUND ( 'NONE', #1092, .T. ) ;
#3438 = ADVANCED_BREP_SHAPE_REPRESENTATION ( '5710122F', ( #2028, #1386, #1889, #3013, #2501, #611, #2459, #758 ), #2601 ) ;
#3439 = EDGE_CURVE ( 'NONE', #875, #2326, #608, .T. ) ;
#3440 = ADVANCED_FACE ( 'NONE', ( #1229 ), #1334, .T. ) ;
#3441 = CARTESIAN_POINT ( 'NONE',  ( 1.239999999999999991, -6.850000000000000533, -4.299999999999999822 ) ) ;
#3442 = ORIENTED_EDGE ( 'NONE', *, *, #950, .F. ) ;
#3443 = DIRECTION ( 'NONE',  ( 0.0000000000000000000, -1.000000000000000000, 0.0000000000000000000 ) ) ;
#3444 = AXIS2_PLACEMENT_3D ( 'NONE', #3431, #2639, #1045 ) ;
#3445 = DIRECTION ( 'NONE',  ( 0.0000000000000000000, -1.000000000000000000, 0.0000000000000000000 ) ) ;
#3446 = EDGE_CURVE ( 'NONE', #2997, #1825, #1856, .T. ) ;
#3447 = EDGE_CURVE ( 'NONE', #33, #534, #1152, .T. ) ;
#3448 = CARTESIAN_POINT ( 'NONE',  ( -0.2550000000000000044, 3.205000000000000071, -4.299999999999999822 ) ) ;
#3449 = EDGE_LOOP ( 'NONE', ( #630, #643, #1471, #152 ) ) ;
#3450 = VERTEX_POINT ( 'NONE', #3183 ) ;
#3451 = AXIS2_PLACEMENT_3D ( 'NONE', #987, #2838, #1261 ) ;
#3452 = EDGE_CURVE ( 'NONE', #720, #516, #1768, .T. ) ;
#3453 = CARTESIAN_POINT ( 'NONE',  ( 1.239999999999999991, 6.850000000000000533, -4.299999999999999822 ) ) ;
#3454 = ORIENTED_EDGE ( 'NONE', *, *, #2331, .T. ) ;
#3455 = ORIENTED_EDGE ( 'NONE', *, *, #2949, .F. ) ;
#3456 = EDGE_CURVE ( 'NONE', #461, #1427, #3266, .T. ) ;
#3457 = DIRECTION ( 'NONE',  ( 1.000000000000000000, 0.0000000000000000000, 1.224646799147350002E-16 ) ) ;
#3458 = EDGE_LOOP ( 'NONE', ( #2336, #275, #110, #3064 ) ) ;
#3459 = CARTESIAN_POINT ( 'NONE',  ( -1.181506849315069996, -6.949999999999999289, -0.2509914912968270184 ) ) ;
#3460 = DIRECTION ( 'NONE',  ( 0.0000000000000000000, -1.000000000000000000, 0.0000000000000000000 ) ) ;
#3461 = EDGE_LOOP ( 'NONE', ( #1656, #3175, #1666, #2699 ) ) ;
#3462 = ADVANCED_FACE ( 'NONE', ( #3101 ), #1765, .T. ) ;
#3463 = ORIENTED_EDGE ( 'NONE', *, *, #3220, .T. ) ;
#3464 = CARTESIAN_POINT ( 'NONE',  ( 0.3339900397694209877, 5.206610941160949579, 4.299999999999999822 ) ) ;
#3465 = FACE_OUTER_BOUND ( 'NONE', #2629, .T. ) ;
#3466 = AXIS2_PLACEMENT_3D ( 'NONE', #2395, #2924, #1347 ) ;
#3467 = EDGE_CURVE ( 'NONE', #2447, #134, #437, .T. ) ;
#3468 = AXIS2_PLACEMENT_3D ( 'NONE', #1388, #3258, #1136 ) ;
ENDSEC;
END-ISO-10303-21;
