ISO-10303-21;
HEADER;
/* Generated by software containing ST-Developer
 * from STEP Tools, Inc. (www.steptools.com) 
 */

FILE_DESCRIPTION(
/* description */ (''),
/* implementation_level */ '2;1');

FILE_NAME(
/* name */ '5710133F.step',
/* time_stamp */ '2025-06-02T07:44:39+02:00',
/* author */ (''),
/* organization */ (''),
/* preprocessor_version */ 'ST-DEVELOPER v20.1',
/* originating_system */ 'Autodesk Translation Framework v14.10.0.0',
/* authorisation */ '');

FILE_SCHEMA (('AUTOMOTIVE_DESIGN { 1 0 10303 214 3 1 1 }'));
ENDSEC;

DATA;
#10=MECHANICAL_DESIGN_GEOMETRIC_PRESENTATION_REPRESENTATION('',(#25,#26,
#27,#28,#29,#30,#31),#2552);
#11=SHAPE_REPRESENTATION_RELATIONSHIP('SRR','None',#2559,#12);
#12=ADVANCED_BREP_SHAPE_REPRESENTATION('',(#32,#33,#34,#35,#36,#37,#38),
#2551);
#13=TOROIDAL_SURFACE('',#1590,3.65,0.1);
#14=TOROIDAL_SURFACE('',#1636,3.65,0.1);
#15=SPHERICAL_SURFACE('',#1566,0.9);
#16=SPHERICAL_SURFACE('',#1568,0.1);
#17=SPHERICAL_SURFACE('',#1572,0.1);
#18=SPHERICAL_SURFACE('',#1579,0.1);
#19=SPHERICAL_SURFACE('',#1583,0.1);
#20=SPHERICAL_SURFACE('',#1609,1.);
#21=SPHERICAL_SURFACE('',#1611,0.1);
#22=SPHERICAL_SURFACE('',#1615,0.1);
#23=SPHERICAL_SURFACE('',#1619,0.1);
#24=SPHERICAL_SURFACE('',#1623,0.1);
#25=STYLED_ITEM('',(#2569),#32);
#26=STYLED_ITEM('',(#2570),#33);
#27=STYLED_ITEM('',(#2570),#34);
#28=STYLED_ITEM('',(#2571),#35);
#29=STYLED_ITEM('',(#2571),#36);
#30=STYLED_ITEM('',(#2571),#37);
#31=STYLED_ITEM('',(#2571),#38);
#32=MANIFOLD_SOLID_BREP('Body1',#1510);
#33=MANIFOLD_SOLID_BREP('Body2',#1511);
#34=MANIFOLD_SOLID_BREP('Body3',#1512);
#35=MANIFOLD_SOLID_BREP('Body4',#1513);
#36=MANIFOLD_SOLID_BREP('Body5',#1514);
#37=MANIFOLD_SOLID_BREP('Body6',#1515);
#38=MANIFOLD_SOLID_BREP('Body7',#1516);
#39=FACE_BOUND('',#224,.T.);
#40=FACE_BOUND('',#225,.T.);
#41=FACE_BOUND('',#257,.T.);
#42=FACE_BOUND('',#278,.T.);
#43=CIRCLE('',#1538,0.499937280759856);
#44=CIRCLE('',#1539,0.499937280759856);
#45=CIRCLE('',#1542,0.5);
#46=CIRCLE('',#1543,0.5);
#47=CIRCLE('',#1563,0.9);
#48=CIRCLE('',#1564,0.9);
#49=CIRCLE('',#1565,0.9);
#50=CIRCLE('',#1567,0.9);
#51=CIRCLE('',#1569,0.1);
#52=CIRCLE('',#1570,0.1);
#53=CIRCLE('',#1571,0.1);
#54=CIRCLE('',#1573,0.1);
#55=CIRCLE('',#1574,0.1);
#56=CIRCLE('',#1575,0.1);
#57=CIRCLE('',#1578,0.1);
#58=CIRCLE('',#1580,0.1);
#59=CIRCLE('',#1581,0.1);
#60=CIRCLE('',#1582,0.1);
#61=CIRCLE('',#1584,0.1);
#62=CIRCLE('',#1585,0.1);
#63=CIRCLE('',#1586,0.100000000000001);
#64=CIRCLE('',#1589,0.1);
#65=CIRCLE('',#1591,3.65);
#66=CIRCLE('',#1592,3.75);
#67=CIRCLE('',#1594,0.1);
#68=CIRCLE('',#1597,0.1);
#69=CIRCLE('',#1601,3.75);
#70=CIRCLE('',#1606,1.);
#71=CIRCLE('',#1607,1.);
#72=CIRCLE('',#1608,1.);
#73=CIRCLE('',#1610,1.);
#74=CIRCLE('',#1612,0.1);
#75=CIRCLE('',#1613,0.1);
#76=CIRCLE('',#1614,0.1);
#77=CIRCLE('',#1616,0.1);
#78=CIRCLE('',#1617,0.1);
#79=CIRCLE('',#1618,0.100000000000001);
#80=CIRCLE('',#1620,0.1);
#81=CIRCLE('',#1621,0.1);
#82=CIRCLE('',#1622,0.1);
#83=CIRCLE('',#1624,0.1);
#84=CIRCLE('',#1625,0.1);
#85=CIRCLE('',#1626,0.1);
#86=CIRCLE('',#1629,0.1);
#87=CIRCLE('',#1633,0.1);
#88=CIRCLE('',#1635,0.1);
#89=CIRCLE('',#1637,3.65);
#90=CIRCLE('',#1638,3.75);
#91=CIRCLE('',#1640,0.1);
#92=CIRCLE('',#1643,3.75);
#93=CIRCLE('',#1667,0.35);
#94=CIRCLE('',#1668,0.35);
#95=CYLINDRICAL_SURFACE('',#1537,0.499937280759856);
#96=CYLINDRICAL_SURFACE('',#1541,0.5);
#97=CYLINDRICAL_SURFACE('',#1562,0.9);
#98=CYLINDRICAL_SURFACE('',#1576,0.1);
#99=CYLINDRICAL_SURFACE('',#1577,0.1);
#100=CYLINDRICAL_SURFACE('',#1587,0.1);
#101=CYLINDRICAL_SURFACE('',#1588,0.1);
#102=CYLINDRICAL_SURFACE('',#1593,0.1);
#103=CYLINDRICAL_SURFACE('',#1595,0.1);
#104=CYLINDRICAL_SURFACE('',#1596,0.1);
#105=CYLINDRICAL_SURFACE('',#1603,3.75);
#106=CYLINDRICAL_SURFACE('',#1605,1.);
#107=CYLINDRICAL_SURFACE('',#1627,0.1);
#108=CYLINDRICAL_SURFACE('',#1628,0.1);
#109=CYLINDRICAL_SURFACE('',#1630,0.1);
#110=CYLINDRICAL_SURFACE('',#1631,0.1);
#111=CYLINDRICAL_SURFACE('',#1632,0.1);
#112=CYLINDRICAL_SURFACE('',#1634,0.1);
#113=CYLINDRICAL_SURFACE('',#1639,0.1);
#114=CYLINDRICAL_SURFACE('',#1642,3.75);
#115=CYLINDRICAL_SURFACE('',#1666,0.35);
#116=FACE_OUTER_BOUND('',#209,.T.);
#117=FACE_OUTER_BOUND('',#210,.T.);
#118=FACE_OUTER_BOUND('',#211,.T.);
#119=FACE_OUTER_BOUND('',#212,.T.);
#120=FACE_OUTER_BOUND('',#213,.T.);
#121=FACE_OUTER_BOUND('',#214,.T.);
#122=FACE_OUTER_BOUND('',#215,.T.);
#123=FACE_OUTER_BOUND('',#216,.T.);
#124=FACE_OUTER_BOUND('',#217,.T.);
#125=FACE_OUTER_BOUND('',#218,.T.);
#126=FACE_OUTER_BOUND('',#219,.T.);
#127=FACE_OUTER_BOUND('',#220,.T.);
#128=FACE_OUTER_BOUND('',#221,.T.);
#129=FACE_OUTER_BOUND('',#222,.T.);
#130=FACE_OUTER_BOUND('',#223,.T.);
#131=FACE_OUTER_BOUND('',#226,.T.);
#132=FACE_OUTER_BOUND('',#227,.T.);
#133=FACE_OUTER_BOUND('',#228,.T.);
#134=FACE_OUTER_BOUND('',#229,.T.);
#135=FACE_OUTER_BOUND('',#230,.T.);
#136=FACE_OUTER_BOUND('',#231,.T.);
#137=FACE_OUTER_BOUND('',#232,.T.);
#138=FACE_OUTER_BOUND('',#233,.T.);
#139=FACE_OUTER_BOUND('',#234,.T.);
#140=FACE_OUTER_BOUND('',#235,.T.);
#141=FACE_OUTER_BOUND('',#236,.T.);
#142=FACE_OUTER_BOUND('',#237,.T.);
#143=FACE_OUTER_BOUND('',#238,.T.);
#144=FACE_OUTER_BOUND('',#239,.T.);
#145=FACE_OUTER_BOUND('',#240,.T.);
#146=FACE_OUTER_BOUND('',#241,.T.);
#147=FACE_OUTER_BOUND('',#242,.T.);
#148=FACE_OUTER_BOUND('',#243,.T.);
#149=FACE_OUTER_BOUND('',#244,.T.);
#150=FACE_OUTER_BOUND('',#245,.T.);
#151=FACE_OUTER_BOUND('',#246,.T.);
#152=FACE_OUTER_BOUND('',#247,.T.);
#153=FACE_OUTER_BOUND('',#248,.T.);
#154=FACE_OUTER_BOUND('',#249,.T.);
#155=FACE_OUTER_BOUND('',#250,.T.);
#156=FACE_OUTER_BOUND('',#251,.T.);
#157=FACE_OUTER_BOUND('',#252,.T.);
#158=FACE_OUTER_BOUND('',#253,.T.);
#159=FACE_OUTER_BOUND('',#254,.T.);
#160=FACE_OUTER_BOUND('',#255,.T.);
#161=FACE_OUTER_BOUND('',#256,.T.);
#162=FACE_OUTER_BOUND('',#258,.T.);
#163=FACE_OUTER_BOUND('',#259,.T.);
#164=FACE_OUTER_BOUND('',#260,.T.);
#165=FACE_OUTER_BOUND('',#261,.T.);
#166=FACE_OUTER_BOUND('',#262,.T.);
#167=FACE_OUTER_BOUND('',#263,.T.);
#168=FACE_OUTER_BOUND('',#264,.T.);
#169=FACE_OUTER_BOUND('',#265,.T.);
#170=FACE_OUTER_BOUND('',#266,.T.);
#171=FACE_OUTER_BOUND('',#267,.T.);
#172=FACE_OUTER_BOUND('',#268,.T.);
#173=FACE_OUTER_BOUND('',#269,.T.);
#174=FACE_OUTER_BOUND('',#270,.T.);
#175=FACE_OUTER_BOUND('',#271,.T.);
#176=FACE_OUTER_BOUND('',#272,.T.);
#177=FACE_OUTER_BOUND('',#273,.T.);
#178=FACE_OUTER_BOUND('',#274,.T.);
#179=FACE_OUTER_BOUND('',#275,.T.);
#180=FACE_OUTER_BOUND('',#276,.T.);
#181=FACE_OUTER_BOUND('',#277,.T.);
#182=FACE_OUTER_BOUND('',#279,.T.);
#183=FACE_OUTER_BOUND('',#280,.T.);
#184=FACE_OUTER_BOUND('',#281,.T.);
#185=FACE_OUTER_BOUND('',#282,.T.);
#186=FACE_OUTER_BOUND('',#283,.T.);
#187=FACE_OUTER_BOUND('',#284,.T.);
#188=FACE_OUTER_BOUND('',#285,.T.);
#189=FACE_OUTER_BOUND('',#286,.T.);
#190=FACE_OUTER_BOUND('',#287,.T.);
#191=FACE_OUTER_BOUND('',#288,.T.);
#192=FACE_OUTER_BOUND('',#289,.T.);
#193=FACE_OUTER_BOUND('',#290,.T.);
#194=FACE_OUTER_BOUND('',#291,.T.);
#195=FACE_OUTER_BOUND('',#292,.T.);
#196=FACE_OUTER_BOUND('',#293,.T.);
#197=FACE_OUTER_BOUND('',#294,.T.);
#198=FACE_OUTER_BOUND('',#295,.T.);
#199=FACE_OUTER_BOUND('',#296,.T.);
#200=FACE_OUTER_BOUND('',#297,.T.);
#201=FACE_OUTER_BOUND('',#298,.T.);
#202=FACE_OUTER_BOUND('',#299,.T.);
#203=FACE_OUTER_BOUND('',#300,.T.);
#204=FACE_OUTER_BOUND('',#301,.T.);
#205=FACE_OUTER_BOUND('',#302,.T.);
#206=FACE_OUTER_BOUND('',#303,.T.);
#207=FACE_OUTER_BOUND('',#304,.T.);
#208=FACE_OUTER_BOUND('',#305,.T.);
#209=EDGE_LOOP('',(#947,#948,#949,#950));
#210=EDGE_LOOP('',(#951,#952,#953,#954,#955,#956));
#211=EDGE_LOOP('',(#957,#958,#959,#960,#961,#962));
#212=EDGE_LOOP('',(#963,#964,#965,#966));
#213=EDGE_LOOP('',(#967,#968,#969,#970,#971,#972));
#214=EDGE_LOOP('',(#973,#974,#975,#976));
#215=EDGE_LOOP('',(#977,#978,#979,#980,#981,#982));
#216=EDGE_LOOP('',(#983,#984,#985,#986));
#217=EDGE_LOOP('',(#987));
#218=EDGE_LOOP('',(#988,#989,#990,#991));
#219=EDGE_LOOP('',(#992));
#220=EDGE_LOOP('',(#993,#994,#995,#996));
#221=EDGE_LOOP('',(#997,#998,#999,#1000));
#222=EDGE_LOOP('',(#1001,#1002,#1003,#1004));
#223=EDGE_LOOP('',(#1005,#1006,#1007,#1008,#1009,#1010,#1011,#1012,#1013,
#1014,#1015,#1016));
#224=EDGE_LOOP('',(#1017));
#225=EDGE_LOOP('',(#1018));
#226=EDGE_LOOP('',(#1019,#1020,#1021,#1022));
#227=EDGE_LOOP('',(#1023,#1024,#1025,#1026));
#228=EDGE_LOOP('',(#1027,#1028,#1029,#1030));
#229=EDGE_LOOP('',(#1031,#1032,#1033,#1034));
#230=EDGE_LOOP('',(#1035,#1036,#1037,#1038,#1039,#1040,#1041,#1042,#1043,
#1044,#1045,#1046));
#231=EDGE_LOOP('',(#1047,#1048,#1049,#1050,#1051,#1052,#1053,#1054));
#232=EDGE_LOOP('',(#1055,#1056,#1057,#1058));
#233=EDGE_LOOP('',(#1059,#1060,#1061,#1062,#1063,#1064,#1065,#1066));
#234=EDGE_LOOP('',(#1067,#1068,#1069,#1070));
#235=EDGE_LOOP('',(#1071,#1072,#1073,#1074));
#236=EDGE_LOOP('',(#1075,#1076,#1077,#1078,#1079,#1080,#1081,#1082));
#237=EDGE_LOOP('',(#1083,#1084,#1085,#1086));
#238=EDGE_LOOP('',(#1087,#1088,#1089,#1090));
#239=EDGE_LOOP('',(#1091,#1092,#1093,#1094,#1095));
#240=EDGE_LOOP('',(#1096,#1097,#1098,#1099));
#241=EDGE_LOOP('',(#1100,#1101,#1102));
#242=EDGE_LOOP('',(#1103,#1104,#1105));
#243=EDGE_LOOP('',(#1106,#1107,#1108,#1109));
#244=EDGE_LOOP('',(#1110,#1111,#1112,#1113));
#245=EDGE_LOOP('',(#1114,#1115,#1116));
#246=EDGE_LOOP('',(#1117,#1118,#1119));
#247=EDGE_LOOP('',(#1120,#1121,#1122,#1123));
#248=EDGE_LOOP('',(#1124,#1125,#1126,#1127));
#249=EDGE_LOOP('',(#1128,#1129,#1130,#1131));
#250=EDGE_LOOP('',(#1132,#1133,#1134,#1135));
#251=EDGE_LOOP('',(#1136,#1137,#1138,#1139));
#252=EDGE_LOOP('',(#1140,#1141,#1142,#1143));
#253=EDGE_LOOP('',(#1144,#1145,#1146,#1147));
#254=EDGE_LOOP('',(#1148,#1149,#1150,#1151));
#255=EDGE_LOOP('',(#1152,#1153,#1154,#1155,#1156,#1157,#1158,#1159));
#256=EDGE_LOOP('',(#1160,#1161,#1162,#1163));
#257=EDGE_LOOP('',(#1164));
#258=EDGE_LOOP('',(#1165,#1166,#1167,#1168));
#259=EDGE_LOOP('',(#1169,#1170,#1171,#1172));
#260=EDGE_LOOP('',(#1173,#1174,#1175,#1176,#1177));
#261=EDGE_LOOP('',(#1178,#1179,#1180,#1181));
#262=EDGE_LOOP('',(#1182,#1183,#1184));
#263=EDGE_LOOP('',(#1185,#1186,#1187));
#264=EDGE_LOOP('',(#1188,#1189,#1190));
#265=EDGE_LOOP('',(#1191,#1192,#1193));
#266=EDGE_LOOP('',(#1194,#1195,#1196,#1197));
#267=EDGE_LOOP('',(#1198,#1199,#1200,#1201));
#268=EDGE_LOOP('',(#1202,#1203,#1204,#1205));
#269=EDGE_LOOP('',(#1206,#1207,#1208,#1209));
#270=EDGE_LOOP('',(#1210,#1211,#1212,#1213));
#271=EDGE_LOOP('',(#1214,#1215,#1216,#1217));
#272=EDGE_LOOP('',(#1218,#1219,#1220,#1221));
#273=EDGE_LOOP('',(#1222,#1223,#1224,#1225));
#274=EDGE_LOOP('',(#1226,#1227,#1228,#1229));
#275=EDGE_LOOP('',(#1230,#1231,#1232,#1233));
#276=EDGE_LOOP('',(#1234,#1235,#1236,#1237,#1238,#1239,#1240,#1241));
#277=EDGE_LOOP('',(#1242,#1243,#1244,#1245));
#278=EDGE_LOOP('',(#1246));
#279=EDGE_LOOP('',(#1247,#1248,#1249,#1250));
#280=EDGE_LOOP('',(#1251,#1252,#1253,#1254));
#281=EDGE_LOOP('',(#1255,#1256,#1257,#1258));
#282=EDGE_LOOP('',(#1259,#1260,#1261,#1262));
#283=EDGE_LOOP('',(#1263,#1264,#1265,#1266));
#284=EDGE_LOOP('',(#1267,#1268,#1269,#1270));
#285=EDGE_LOOP('',(#1271,#1272,#1273,#1274));
#286=EDGE_LOOP('',(#1275,#1276,#1277,#1278));
#287=EDGE_LOOP('',(#1279,#1280,#1281,#1282));
#288=EDGE_LOOP('',(#1283,#1284,#1285,#1286));
#289=EDGE_LOOP('',(#1287,#1288,#1289,#1290));
#290=EDGE_LOOP('',(#1291,#1292,#1293,#1294));
#291=EDGE_LOOP('',(#1295,#1296,#1297,#1298));
#292=EDGE_LOOP('',(#1299,#1300,#1301,#1302));
#293=EDGE_LOOP('',(#1303,#1304,#1305,#1306));
#294=EDGE_LOOP('',(#1307,#1308,#1309,#1310));
#295=EDGE_LOOP('',(#1311,#1312,#1313,#1314));
#296=EDGE_LOOP('',(#1315,#1316,#1317,#1318));
#297=EDGE_LOOP('',(#1319,#1320,#1321,#1322));
#298=EDGE_LOOP('',(#1323,#1324,#1325,#1326));
#299=EDGE_LOOP('',(#1327,#1328,#1329,#1330));
#300=EDGE_LOOP('',(#1331,#1332,#1333,#1334,#1335));
#301=EDGE_LOOP('',(#1336,#1337,#1338,#1339));
#302=EDGE_LOOP('',(#1340,#1341,#1342,#1343,#1344));
#303=EDGE_LOOP('',(#1345,#1346,#1347,#1348));
#304=EDGE_LOOP('',(#1349,#1350,#1351,#1352));
#305=EDGE_LOOP('',(#1353,#1354,#1355,#1356));
#306=LINE('',#2124,#459);
#307=LINE('',#2126,#460);
#308=LINE('',#2128,#461);
#309=LINE('',#2129,#462);
#310=LINE('',#2133,#463);
#311=LINE('',#2135,#464);
#312=LINE('',#2137,#465);
#313=LINE('',#2139,#466);
#314=LINE('',#2141,#467);
#315=LINE('',#2142,#468);
#316=LINE('',#2146,#469);
#317=LINE('',#2148,#470);
#318=LINE('',#2150,#471);
#319=LINE('',#2152,#472);
#320=LINE('',#2154,#473);
#321=LINE('',#2155,#474);
#322=LINE('',#2158,#475);
#323=LINE('',#2160,#476);
#324=LINE('',#2161,#477);
#325=LINE('',#2164,#478);
#326=LINE('',#2165,#479);
#327=LINE('',#2166,#480);
#328=LINE('',#2169,#481);
#329=LINE('',#2170,#482);
#330=LINE('',#2172,#483);
#331=LINE('',#2173,#484);
#332=LINE('',#2178,#485);
#333=LINE('',#2185,#486);
#334=LINE('',#2191,#487);
#335=LINE('',#2193,#488);
#336=LINE('',#2195,#489);
#337=LINE('',#2196,#490);
#338=LINE('',#2199,#491);
#339=LINE('',#2201,#492);
#340=LINE('',#2202,#493);
#341=LINE('',#2205,#494);
#342=LINE('',#2207,#495);
#343=LINE('',#2208,#496);
#344=LINE('',#2211,#497);
#345=LINE('',#2213,#498);
#346=LINE('',#2215,#499);
#347=LINE('',#2217,#500);
#348=LINE('',#2219,#501);
#349=LINE('',#2220,#502);
#350=LINE('',#2222,#503);
#351=LINE('',#2223,#504);
#352=LINE('',#2226,#505);
#353=LINE('',#2227,#506);
#354=LINE('',#2230,#507);
#355=LINE('',#2232,#508);
#356=LINE('',#2233,#509);
#357=LINE('',#2236,#510);
#358=LINE('',#2237,#511);
#359=LINE('',#2239,#512);
#360=LINE('',#2242,#513);
#361=LINE('',#2243,#514);
#362=LINE('',#2245,#515);
#363=LINE('',#2246,#516);
#364=LINE('',#2249,#517);
#365=LINE('',#2251,#518);
#366=LINE('',#2253,#519);
#367=LINE('',#2255,#520);
#368=LINE('',#2256,#521);
#369=LINE('',#2258,#522);
#370=LINE('',#2260,#523);
#371=LINE('',#2261,#524);
#372=LINE('',#2263,#525);
#373=LINE('',#2267,#526);
#374=LINE('',#2273,#527);
#375=LINE('',#2295,#528);
#376=LINE('',#2296,#529);
#377=LINE('',#2301,#530);
#378=LINE('',#2302,#531);
#379=LINE('',#2318,#532);
#380=LINE('',#2319,#533);
#381=LINE('',#2324,#534);
#382=LINE('',#2325,#535);
#383=LINE('',#2333,#536);
#384=LINE('',#2334,#537);
#385=LINE('',#2336,#538);
#386=LINE('',#2337,#539);
#387=LINE('',#2342,#540);
#388=LINE('',#2343,#541);
#389=LINE('',#2345,#542);
#390=LINE('',#2347,#543);
#391=LINE('',#2350,#544);
#392=LINE('',#2358,#545);
#393=LINE('',#2394,#546);
#394=LINE('',#2395,#547);
#395=LINE('',#2400,#548);
#396=LINE('',#2401,#549);
#397=LINE('',#2403,#550);
#398=LINE('',#2404,#551);
#399=LINE('',#2406,#552);
#400=LINE('',#2407,#553);
#401=LINE('',#2412,#554);
#402=LINE('',#2413,#555);
#403=LINE('',#2418,#556);
#404=LINE('',#2419,#557);
#405=LINE('',#2427,#558);
#406=LINE('',#2428,#559);
#407=LINE('',#2430,#560);
#408=LINE('',#2434,#561);
#409=LINE('',#2435,#562);
#410=LINE('',#2442,#563);
#411=LINE('',#2444,#564);
#412=LINE('',#2446,#565);
#413=LINE('',#2447,#566);
#414=LINE('',#2450,#567);
#415=LINE('',#2452,#568);
#416=LINE('',#2453,#569);
#417=LINE('',#2456,#570);
#418=LINE('',#2458,#571);
#419=LINE('',#2459,#572);
#420=LINE('',#2461,#573);
#421=LINE('',#2463,#574);
#422=LINE('',#2468,#575);
#423=LINE('',#2470,#576);
#424=LINE('',#2472,#577);
#425=LINE('',#2473,#578);
#426=LINE('',#2476,#579);
#427=LINE('',#2478,#580);
#428=LINE('',#2479,#581);
#429=LINE('',#2482,#582);
#430=LINE('',#2484,#583);
#431=LINE('',#2485,#584);
#432=LINE('',#2487,#585);
#433=LINE('',#2489,#586);
#434=LINE('',#2494,#587);
#435=LINE('',#2496,#588);
#436=LINE('',#2498,#589);
#437=LINE('',#2499,#590);
#438=LINE('',#2502,#591);
#439=LINE('',#2504,#592);
#440=LINE('',#2505,#593);
#441=LINE('',#2508,#594);
#442=LINE('',#2510,#595);
#443=LINE('',#2511,#596);
#444=LINE('',#2513,#597);
#445=LINE('',#2515,#598);
#446=LINE('',#2522,#599);
#447=LINE('',#2525,#600);
#448=LINE('',#2528,#601);
#449=LINE('',#2530,#602);
#450=LINE('',#2532,#603);
#451=LINE('',#2533,#604);
#452=LINE('',#2536,#605);
#453=LINE('',#2537,#606);
#454=LINE('',#2540,#607);
#455=LINE('',#2542,#608);
#456=LINE('',#2543,#609);
#457=LINE('',#2545,#610);
#458=LINE('',#2546,#611);
#459=VECTOR('',#1679,10.);
#460=VECTOR('',#1680,10.);
#461=VECTOR('',#1681,10.);
#462=VECTOR('',#1682,10.);
#463=VECTOR('',#1685,10.);
#464=VECTOR('',#1686,10.);
#465=VECTOR('',#1687,10.);
#466=VECTOR('',#1688,10.);
#467=VECTOR('',#1689,10.);
#468=VECTOR('',#1690,10.);
#469=VECTOR('',#1693,10.);
#470=VECTOR('',#1694,10.);
#471=VECTOR('',#1695,10.);
#472=VECTOR('',#1696,10.);
#473=VECTOR('',#1697,10.);
#474=VECTOR('',#1698,10.);
#475=VECTOR('',#1701,10.);
#476=VECTOR('',#1702,10.);
#477=VECTOR('',#1703,10.);
#478=VECTOR('',#1706,10.);
#479=VECTOR('',#1707,10.);
#480=VECTOR('',#1708,10.);
#481=VECTOR('',#1711,10.);
#482=VECTOR('',#1712,10.);
#483=VECTOR('',#1715,10.);
#484=VECTOR('',#1716,10.);
#485=VECTOR('',#1721,0.499937280759856);
#486=VECTOR('',#1730,0.5);
#487=VECTOR('',#1737,10.);
#488=VECTOR('',#1738,10.);
#489=VECTOR('',#1739,10.);
#490=VECTOR('',#1740,10.);
#491=VECTOR('',#1743,10.);
#492=VECTOR('',#1744,10.);
#493=VECTOR('',#1745,10.);
#494=VECTOR('',#1748,10.);
#495=VECTOR('',#1749,10.);
#496=VECTOR('',#1750,10.);
#497=VECTOR('',#1753,10.);
#498=VECTOR('',#1754,10.);
#499=VECTOR('',#1755,10.);
#500=VECTOR('',#1756,10.);
#501=VECTOR('',#1757,10.);
#502=VECTOR('',#1758,10.);
#503=VECTOR('',#1759,10.);
#504=VECTOR('',#1760,10.);
#505=VECTOR('',#1763,10.);
#506=VECTOR('',#1764,10.);
#507=VECTOR('',#1767,10.);
#508=VECTOR('',#1768,10.);
#509=VECTOR('',#1769,10.);
#510=VECTOR('',#1772,10.);
#511=VECTOR('',#1773,10.);
#512=VECTOR('',#1776,10.);
#513=VECTOR('',#1779,10.);
#514=VECTOR('',#1780,10.);
#515=VECTOR('',#1781,10.);
#516=VECTOR('',#1782,10.);
#517=VECTOR('',#1785,10.);
#518=VECTOR('',#1786,10.);
#519=VECTOR('',#1787,10.);
#520=VECTOR('',#1788,10.);
#521=VECTOR('',#1789,10.);
#522=VECTOR('',#1792,10.);
#523=VECTOR('',#1795,10.);
#524=VECTOR('',#1796,10.);
#525=VECTOR('',#1799,10.);
#526=VECTOR('',#1806,10.);
#527=VECTOR('',#1813,0.9);
#528=VECTOR('',#1840,10.);
#529=VECTOR('',#1841,10.);
#530=VECTOR('',#1846,10.);
#531=VECTOR('',#1847,10.);
#532=VECTOR('',#1866,10.);
#533=VECTOR('',#1867,10.);
#534=VECTOR('',#1872,10.);
#535=VECTOR('',#1873,10.);
#536=VECTOR('',#1884,10.);
#537=VECTOR('',#1885,10.);
#538=VECTOR('',#1888,10.);
#539=VECTOR('',#1889,10.);
#540=VECTOR('',#1894,10.);
#541=VECTOR('',#1895,10.);
#542=VECTOR('',#1898,10.);
#543=VECTOR('',#1901,10.);
#544=VECTOR('',#1906,10.);
#545=VECTOR('',#1917,1.);
#546=VECTOR('',#1960,10.);
#547=VECTOR('',#1961,10.);
#548=VECTOR('',#1966,10.);
#549=VECTOR('',#1967,10.);
#550=VECTOR('',#1970,10.);
#551=VECTOR('',#1971,10.);
#552=VECTOR('',#1974,10.);
#553=VECTOR('',#1975,10.);
#554=VECTOR('',#1980,10.);
#555=VECTOR('',#1981,10.);
#556=VECTOR('',#1986,10.);
#557=VECTOR('',#1987,10.);
#558=VECTOR('',#1998,10.);
#559=VECTOR('',#1999,10.);
#560=VECTOR('',#2002,10.);
#561=VECTOR('',#2009,10.);
#562=VECTOR('',#2010,10.);
#563=VECTOR('',#2019,10.);
#564=VECTOR('',#2020,10.);
#565=VECTOR('',#2021,10.);
#566=VECTOR('',#2022,10.);
#567=VECTOR('',#2025,10.);
#568=VECTOR('',#2026,10.);
#569=VECTOR('',#2027,10.);
#570=VECTOR('',#2030,10.);
#571=VECTOR('',#2031,10.);
#572=VECTOR('',#2032,10.);
#573=VECTOR('',#2035,10.);
#574=VECTOR('',#2038,10.);
#575=VECTOR('',#2043,10.);
#576=VECTOR('',#2044,10.);
#577=VECTOR('',#2045,10.);
#578=VECTOR('',#2046,10.);
#579=VECTOR('',#2049,10.);
#580=VECTOR('',#2050,10.);
#581=VECTOR('',#2051,10.);
#582=VECTOR('',#2054,10.);
#583=VECTOR('',#2055,10.);
#584=VECTOR('',#2056,10.);
#585=VECTOR('',#2059,10.);
#586=VECTOR('',#2062,10.);
#587=VECTOR('',#2067,10.);
#588=VECTOR('',#2068,10.);
#589=VECTOR('',#2069,10.);
#590=VECTOR('',#2070,10.);
#591=VECTOR('',#2073,10.);
#592=VECTOR('',#2074,10.);
#593=VECTOR('',#2075,10.);
#594=VECTOR('',#2078,10.);
#595=VECTOR('',#2079,10.);
#596=VECTOR('',#2080,10.);
#597=VECTOR('',#2083,10.);
#598=VECTOR('',#2086,10.);
#599=VECTOR('',#2093,10.);
#600=VECTOR('',#2096,10.);
#601=VECTOR('',#2099,10.);
#602=VECTOR('',#2100,10.);
#603=VECTOR('',#2101,10.);
#604=VECTOR('',#2102,10.);
#605=VECTOR('',#2105,10.);
#606=VECTOR('',#2106,10.);
#607=VECTOR('',#2109,10.);
#608=VECTOR('',#2110,10.);
#609=VECTOR('',#2111,10.);
#610=VECTOR('',#2114,10.);
#611=VECTOR('',#2115,10.);
#612=VERTEX_POINT('',#2122);
#613=VERTEX_POINT('',#2123);
#614=VERTEX_POINT('',#2125);
#615=VERTEX_POINT('',#2127);
#616=VERTEX_POINT('',#2131);
#617=VERTEX_POINT('',#2132);
#618=VERTEX_POINT('',#2134);
#619=VERTEX_POINT('',#2136);
#620=VERTEX_POINT('',#2138);
#621=VERTEX_POINT('',#2140);
#622=VERTEX_POINT('',#2144);
#623=VERTEX_POINT('',#2145);
#624=VERTEX_POINT('',#2147);
#625=VERTEX_POINT('',#2149);
#626=VERTEX_POINT('',#2151);
#627=VERTEX_POINT('',#2153);
#628=VERTEX_POINT('',#2157);
#629=VERTEX_POINT('',#2159);
#630=VERTEX_POINT('',#2163);
#631=VERTEX_POINT('',#2168);
#632=VERTEX_POINT('',#2175);
#633=VERTEX_POINT('',#2177);
#634=VERTEX_POINT('',#2182);
#635=VERTEX_POINT('',#2184);
#636=VERTEX_POINT('',#2189);
#637=VERTEX_POINT('',#2190);
#638=VERTEX_POINT('',#2192);
#639=VERTEX_POINT('',#2194);
#640=VERTEX_POINT('',#2198);
#641=VERTEX_POINT('',#2200);
#642=VERTEX_POINT('',#2204);
#643=VERTEX_POINT('',#2206);
#644=VERTEX_POINT('',#2210);
#645=VERTEX_POINT('',#2212);
#646=VERTEX_POINT('',#2214);
#647=VERTEX_POINT('',#2216);
#648=VERTEX_POINT('',#2218);
#649=VERTEX_POINT('',#2221);
#650=VERTEX_POINT('',#2225);
#651=VERTEX_POINT('',#2229);
#652=VERTEX_POINT('',#2231);
#653=VERTEX_POINT('',#2235);
#654=VERTEX_POINT('',#2241);
#655=VERTEX_POINT('',#2244);
#656=VERTEX_POINT('',#2248);
#657=VERTEX_POINT('',#2250);
#658=VERTEX_POINT('',#2252);
#659=VERTEX_POINT('',#2254);
#660=VERTEX_POINT('',#2270);
#661=VERTEX_POINT('',#2272);
#662=VERTEX_POINT('',#2274);
#663=VERTEX_POINT('',#2278);
#664=VERTEX_POINT('',#2281);
#665=VERTEX_POINT('',#2282);
#666=VERTEX_POINT('',#2284);
#667=VERTEX_POINT('',#2288);
#668=VERTEX_POINT('',#2289);
#669=VERTEX_POINT('',#2291);
#670=VERTEX_POINT('',#2298);
#671=VERTEX_POINT('',#2299);
#672=VERTEX_POINT('',#2304);
#673=VERTEX_POINT('',#2305);
#674=VERTEX_POINT('',#2307);
#675=VERTEX_POINT('',#2311);
#676=VERTEX_POINT('',#2312);
#677=VERTEX_POINT('',#2314);
#678=VERTEX_POINT('',#2321);
#679=VERTEX_POINT('',#2322);
#680=VERTEX_POINT('',#2330);
#681=VERTEX_POINT('',#2331);
#682=VERTEX_POINT('',#2339);
#683=VERTEX_POINT('',#2340);
#684=VERTEX_POINT('',#2355);
#685=VERTEX_POINT('',#2357);
#686=VERTEX_POINT('',#2359);
#687=VERTEX_POINT('',#2363);
#688=VERTEX_POINT('',#2366);
#689=VERTEX_POINT('',#2367);
#690=VERTEX_POINT('',#2369);
#691=VERTEX_POINT('',#2373);
#692=VERTEX_POINT('',#2374);
#693=VERTEX_POINT('',#2376);
#694=VERTEX_POINT('',#2380);
#695=VERTEX_POINT('',#2381);
#696=VERTEX_POINT('',#2383);
#697=VERTEX_POINT('',#2387);
#698=VERTEX_POINT('',#2388);
#699=VERTEX_POINT('',#2390);
#700=VERTEX_POINT('',#2397);
#701=VERTEX_POINT('',#2398);
#702=VERTEX_POINT('',#2409);
#703=VERTEX_POINT('',#2410);
#704=VERTEX_POINT('',#2415);
#705=VERTEX_POINT('',#2416);
#706=VERTEX_POINT('',#2424);
#707=VERTEX_POINT('',#2425);
#708=VERTEX_POINT('',#2440);
#709=VERTEX_POINT('',#2441);
#710=VERTEX_POINT('',#2443);
#711=VERTEX_POINT('',#2445);
#712=VERTEX_POINT('',#2449);
#713=VERTEX_POINT('',#2451);
#714=VERTEX_POINT('',#2455);
#715=VERTEX_POINT('',#2457);
#716=VERTEX_POINT('',#2466);
#717=VERTEX_POINT('',#2467);
#718=VERTEX_POINT('',#2469);
#719=VERTEX_POINT('',#2471);
#720=VERTEX_POINT('',#2475);
#721=VERTEX_POINT('',#2477);
#722=VERTEX_POINT('',#2481);
#723=VERTEX_POINT('',#2483);
#724=VERTEX_POINT('',#2492);
#725=VERTEX_POINT('',#2493);
#726=VERTEX_POINT('',#2495);
#727=VERTEX_POINT('',#2497);
#728=VERTEX_POINT('',#2501);
#729=VERTEX_POINT('',#2503);
#730=VERTEX_POINT('',#2507);
#731=VERTEX_POINT('',#2509);
#732=VERTEX_POINT('',#2518);
#733=VERTEX_POINT('',#2519);
#734=VERTEX_POINT('',#2521);
#735=VERTEX_POINT('',#2523);
#736=VERTEX_POINT('',#2527);
#737=VERTEX_POINT('',#2529);
#738=VERTEX_POINT('',#2531);
#739=VERTEX_POINT('',#2535);
#740=VERTEX_POINT('',#2539);
#741=VERTEX_POINT('',#2541);
#742=EDGE_CURVE('',#612,#613,#306,.T.);
#743=EDGE_CURVE('',#614,#612,#307,.T.);
#744=EDGE_CURVE('',#615,#614,#308,.T.);
#745=EDGE_CURVE('',#615,#613,#309,.T.);
#746=EDGE_CURVE('',#616,#617,#310,.T.);
#747=EDGE_CURVE('',#617,#618,#311,.T.);
#748=EDGE_CURVE('',#618,#619,#312,.T.);
#749=EDGE_CURVE('',#619,#620,#313,.T.);
#750=EDGE_CURVE('',#620,#621,#314,.T.);
#751=EDGE_CURVE('',#621,#616,#315,.T.);
#752=EDGE_CURVE('',#622,#623,#316,.T.);
#753=EDGE_CURVE('',#623,#624,#317,.T.);
#754=EDGE_CURVE('',#624,#625,#318,.T.);
#755=EDGE_CURVE('',#625,#626,#319,.T.);
#756=EDGE_CURVE('',#626,#627,#320,.T.);
#757=EDGE_CURVE('',#627,#622,#321,.T.);
#758=EDGE_CURVE('',#628,#614,#322,.T.);
#759=EDGE_CURVE('',#629,#628,#323,.T.);
#760=EDGE_CURVE('',#615,#629,#324,.T.);
#761=EDGE_CURVE('',#630,#629,#325,.T.);
#762=EDGE_CURVE('',#623,#630,#326,.T.);
#763=EDGE_CURVE('',#613,#622,#327,.T.);
#764=EDGE_CURVE('',#631,#628,#328,.T.);
#765=EDGE_CURVE('',#630,#631,#329,.T.);
#766=EDGE_CURVE('',#617,#612,#330,.T.);
#767=EDGE_CURVE('',#631,#616,#331,.T.);
#768=EDGE_CURVE('',#632,#632,#43,.T.);
#769=EDGE_CURVE('',#632,#633,#332,.T.);
#770=EDGE_CURVE('',#633,#633,#44,.T.);
#771=EDGE_CURVE('',#634,#634,#45,.T.);
#772=EDGE_CURVE('',#634,#635,#333,.T.);
#773=EDGE_CURVE('',#635,#635,#46,.T.);
#774=EDGE_CURVE('',#636,#637,#334,.T.);
#775=EDGE_CURVE('',#636,#638,#335,.T.);
#776=EDGE_CURVE('',#639,#638,#336,.T.);
#777=EDGE_CURVE('',#637,#639,#337,.T.);
#778=EDGE_CURVE('',#640,#636,#338,.T.);
#779=EDGE_CURVE('',#640,#641,#339,.T.);
#780=EDGE_CURVE('',#638,#641,#340,.T.);
#781=EDGE_CURVE('',#642,#640,#341,.T.);
#782=EDGE_CURVE('',#643,#642,#342,.T.);
#783=EDGE_CURVE('',#641,#643,#343,.T.);
#784=EDGE_CURVE('',#644,#637,#344,.T.);
#785=EDGE_CURVE('',#644,#645,#345,.T.);
#786=EDGE_CURVE('',#645,#646,#346,.T.);
#787=EDGE_CURVE('',#646,#647,#347,.T.);
#788=EDGE_CURVE('',#648,#647,#348,.T.);
#789=EDGE_CURVE('',#648,#627,#349,.T.);
#790=EDGE_CURVE('',#649,#626,#350,.T.);
#791=EDGE_CURVE('',#642,#649,#351,.T.);
#792=EDGE_CURVE('',#639,#650,#352,.T.);
#793=EDGE_CURVE('',#650,#644,#353,.T.);
#794=EDGE_CURVE('',#646,#651,#354,.T.);
#795=EDGE_CURVE('',#652,#651,#355,.T.);
#796=EDGE_CURVE('',#647,#652,#356,.T.);
#797=EDGE_CURVE('',#645,#653,#357,.T.);
#798=EDGE_CURVE('',#651,#653,#358,.T.);
#799=EDGE_CURVE('',#653,#650,#359,.T.);
#800=EDGE_CURVE('',#654,#643,#360,.T.);
#801=EDGE_CURVE('',#654,#619,#361,.T.);
#802=EDGE_CURVE('',#655,#618,#362,.T.);
#803=EDGE_CURVE('',#652,#655,#363,.T.);
#804=EDGE_CURVE('',#649,#656,#364,.T.);
#805=EDGE_CURVE('',#656,#657,#365,.T.);
#806=EDGE_CURVE('',#657,#658,#366,.T.);
#807=EDGE_CURVE('',#658,#659,#367,.T.);
#808=EDGE_CURVE('',#659,#654,#368,.T.);
#809=EDGE_CURVE('',#655,#648,#369,.T.);
#810=EDGE_CURVE('',#658,#621,#370,.T.);
#811=EDGE_CURVE('',#624,#657,#371,.T.);
#812=EDGE_CURVE('',#659,#620,#372,.T.);
#813=EDGE_CURVE('',#656,#625,#373,.T.);
#814=EDGE_CURVE('',#660,#660,#47,.T.);
#815=EDGE_CURVE('',#660,#661,#374,.T.);
#816=EDGE_CURVE('',#661,#662,#48,.T.);
#817=EDGE_CURVE('',#662,#661,#49,.T.);
#818=EDGE_CURVE('',#662,#663,#50,.T.);
#819=EDGE_CURVE('',#664,#665,#51,.F.);
#820=EDGE_CURVE('',#666,#664,#52,.F.);
#821=EDGE_CURVE('',#665,#666,#53,.F.);
#822=EDGE_CURVE('',#667,#668,#54,.F.);
#823=EDGE_CURVE('',#669,#667,#55,.F.);
#824=EDGE_CURVE('',#668,#669,#56,.F.);
#825=EDGE_CURVE('',#664,#669,#375,.T.);
#826=EDGE_CURVE('',#667,#666,#376,.T.);
#827=EDGE_CURVE('',#670,#671,#57,.T.);
#828=EDGE_CURVE('',#671,#668,#377,.T.);
#829=EDGE_CURVE('',#669,#670,#378,.T.);
#830=EDGE_CURVE('',#672,#673,#58,.F.);
#831=EDGE_CURVE('',#674,#672,#59,.F.);
#832=EDGE_CURVE('',#673,#674,#60,.F.);
#833=EDGE_CURVE('',#675,#676,#61,.F.);
#834=EDGE_CURVE('',#677,#675,#62,.F.);
#835=EDGE_CURVE('',#676,#677,#63,.F.);
#836=EDGE_CURVE('',#668,#677,#379,.T.);
#837=EDGE_CURVE('',#675,#667,#380,.T.);
#838=EDGE_CURVE('',#678,#679,#64,.T.);
#839=EDGE_CURVE('',#679,#676,#381,.T.);
#840=EDGE_CURVE('',#677,#678,#382,.T.);
#841=EDGE_CURVE('',#672,#675,#65,.T.);
#842=EDGE_CURVE('',#676,#674,#66,.T.);
#843=EDGE_CURVE('',#680,#681,#67,.T.);
#844=EDGE_CURVE('',#681,#673,#383,.T.);
#845=EDGE_CURVE('',#674,#680,#384,.T.);
#846=EDGE_CURVE('',#673,#665,#385,.T.);
#847=EDGE_CURVE('',#666,#672,#386,.T.);
#848=EDGE_CURVE('',#682,#683,#68,.T.);
#849=EDGE_CURVE('',#683,#664,#387,.T.);
#850=EDGE_CURVE('',#665,#682,#388,.T.);
#851=EDGE_CURVE('',#683,#670,#389,.T.);
#852=EDGE_CURVE('',#681,#682,#390,.T.);
#853=EDGE_CURVE('',#680,#679,#69,.T.);
#854=EDGE_CURVE('',#671,#678,#391,.T.);
#855=EDGE_CURVE('',#684,#684,#70,.T.);
#856=EDGE_CURVE('',#684,#685,#392,.T.);
#857=EDGE_CURVE('',#685,#686,#71,.T.);
#858=EDGE_CURVE('',#686,#685,#72,.T.);
#859=EDGE_CURVE('',#686,#687,#73,.T.);
#860=EDGE_CURVE('',#688,#689,#74,.F.);
#861=EDGE_CURVE('',#690,#688,#75,.F.);
#862=EDGE_CURVE('',#689,#690,#76,.F.);
#863=EDGE_CURVE('',#691,#692,#77,.F.);
#864=EDGE_CURVE('',#693,#691,#78,.F.);
#865=EDGE_CURVE('',#692,#693,#79,.F.);
#866=EDGE_CURVE('',#694,#695,#80,.F.);
#867=EDGE_CURVE('',#696,#694,#81,.F.);
#868=EDGE_CURVE('',#695,#696,#82,.F.);
#869=EDGE_CURVE('',#697,#698,#83,.F.);
#870=EDGE_CURVE('',#699,#697,#84,.F.);
#871=EDGE_CURVE('',#698,#699,#85,.F.);
#872=EDGE_CURVE('',#694,#699,#393,.T.);
#873=EDGE_CURVE('',#697,#696,#394,.T.);
#874=EDGE_CURVE('',#700,#701,#86,.T.);
#875=EDGE_CURVE('',#701,#698,#395,.T.);
#876=EDGE_CURVE('',#699,#700,#396,.T.);
#877=EDGE_CURVE('',#698,#693,#397,.T.);
#878=EDGE_CURVE('',#691,#697,#398,.T.);
#879=EDGE_CURVE('',#689,#695,#399,.T.);
#880=EDGE_CURVE('',#696,#688,#400,.T.);
#881=EDGE_CURVE('',#702,#703,#87,.T.);
#882=EDGE_CURVE('',#703,#694,#401,.T.);
#883=EDGE_CURVE('',#695,#702,#402,.T.);
#884=EDGE_CURVE('',#704,#705,#88,.T.);
#885=EDGE_CURVE('',#705,#692,#403,.T.);
#886=EDGE_CURVE('',#693,#704,#404,.T.);
#887=EDGE_CURVE('',#688,#691,#89,.T.);
#888=EDGE_CURVE('',#692,#690,#90,.T.);
#889=EDGE_CURVE('',#706,#707,#91,.T.);
#890=EDGE_CURVE('',#707,#689,#405,.T.);
#891=EDGE_CURVE('',#690,#706,#406,.T.);
#892=EDGE_CURVE('',#707,#702,#407,.T.);
#893=EDGE_CURVE('',#706,#705,#92,.T.);
#894=EDGE_CURVE('',#701,#704,#408,.T.);
#895=EDGE_CURVE('',#703,#700,#409,.T.);
#896=EDGE_CURVE('',#708,#709,#410,.T.);
#897=EDGE_CURVE('',#709,#710,#411,.T.);
#898=EDGE_CURVE('',#710,#711,#412,.T.);
#899=EDGE_CURVE('',#711,#708,#413,.T.);
#900=EDGE_CURVE('',#712,#711,#414,.T.);
#901=EDGE_CURVE('',#712,#713,#415,.T.);
#902=EDGE_CURVE('',#713,#708,#416,.T.);
#903=EDGE_CURVE('',#714,#712,#417,.T.);
#904=EDGE_CURVE('',#715,#714,#418,.T.);
#905=EDGE_CURVE('',#713,#715,#419,.T.);
#906=EDGE_CURVE('',#715,#709,#420,.T.);
#907=EDGE_CURVE('',#714,#710,#421,.T.);
#908=EDGE_CURVE('',#716,#717,#422,.T.);
#909=EDGE_CURVE('',#717,#718,#423,.T.);
#910=EDGE_CURVE('',#718,#719,#424,.T.);
#911=EDGE_CURVE('',#719,#716,#425,.T.);
#912=EDGE_CURVE('',#720,#719,#426,.T.);
#913=EDGE_CURVE('',#720,#721,#427,.T.);
#914=EDGE_CURVE('',#721,#716,#428,.T.);
#915=EDGE_CURVE('',#722,#720,#429,.T.);
#916=EDGE_CURVE('',#723,#722,#430,.T.);
#917=EDGE_CURVE('',#721,#723,#431,.T.);
#918=EDGE_CURVE('',#723,#717,#432,.T.);
#919=EDGE_CURVE('',#722,#718,#433,.T.);
#920=EDGE_CURVE('',#724,#725,#434,.T.);
#921=EDGE_CURVE('',#725,#726,#435,.T.);
#922=EDGE_CURVE('',#726,#727,#436,.T.);
#923=EDGE_CURVE('',#727,#724,#437,.T.);
#924=EDGE_CURVE('',#728,#727,#438,.T.);
#925=EDGE_CURVE('',#728,#729,#439,.T.);
#926=EDGE_CURVE('',#729,#724,#440,.T.);
#927=EDGE_CURVE('',#730,#728,#441,.T.);
#928=EDGE_CURVE('',#731,#730,#442,.T.);
#929=EDGE_CURVE('',#729,#731,#443,.T.);
#930=EDGE_CURVE('',#731,#725,#444,.T.);
#931=EDGE_CURVE('',#730,#726,#445,.T.);
#932=EDGE_CURVE('',#732,#733,#93,.T.);
#933=EDGE_CURVE('',#733,#734,#446,.T.);
#934=EDGE_CURVE('',#734,#735,#94,.T.);
#935=EDGE_CURVE('',#735,#732,#447,.T.);
#936=EDGE_CURVE('',#736,#734,#448,.T.);
#937=EDGE_CURVE('',#737,#736,#449,.T.);
#938=EDGE_CURVE('',#737,#738,#450,.T.);
#939=EDGE_CURVE('',#738,#735,#451,.T.);
#940=EDGE_CURVE('',#733,#739,#452,.T.);
#941=EDGE_CURVE('',#739,#736,#453,.T.);
#942=EDGE_CURVE('',#740,#732,#454,.T.);
#943=EDGE_CURVE('',#740,#741,#455,.T.);
#944=EDGE_CURVE('',#741,#739,#456,.T.);
#945=EDGE_CURVE('',#738,#740,#457,.T.);
#946=EDGE_CURVE('',#741,#737,#458,.T.);
#947=ORIENTED_EDGE('',*,*,#742,.F.);
#948=ORIENTED_EDGE('',*,*,#743,.F.);
#949=ORIENTED_EDGE('',*,*,#744,.F.);
#950=ORIENTED_EDGE('',*,*,#745,.T.);
#951=ORIENTED_EDGE('',*,*,#746,.T.);
#952=ORIENTED_EDGE('',*,*,#747,.T.);
#953=ORIENTED_EDGE('',*,*,#748,.T.);
#954=ORIENTED_EDGE('',*,*,#749,.T.);
#955=ORIENTED_EDGE('',*,*,#750,.T.);
#956=ORIENTED_EDGE('',*,*,#751,.T.);
#957=ORIENTED_EDGE('',*,*,#752,.T.);
#958=ORIENTED_EDGE('',*,*,#753,.T.);
#959=ORIENTED_EDGE('',*,*,#754,.T.);
#960=ORIENTED_EDGE('',*,*,#755,.T.);
#961=ORIENTED_EDGE('',*,*,#756,.T.);
#962=ORIENTED_EDGE('',*,*,#757,.T.);
#963=ORIENTED_EDGE('',*,*,#744,.T.);
#964=ORIENTED_EDGE('',*,*,#758,.F.);
#965=ORIENTED_EDGE('',*,*,#759,.F.);
#966=ORIENTED_EDGE('',*,*,#760,.F.);
#967=ORIENTED_EDGE('',*,*,#760,.T.);
#968=ORIENTED_EDGE('',*,*,#761,.F.);
#969=ORIENTED_EDGE('',*,*,#762,.F.);
#970=ORIENTED_EDGE('',*,*,#752,.F.);
#971=ORIENTED_EDGE('',*,*,#763,.F.);
#972=ORIENTED_EDGE('',*,*,#745,.F.);
#973=ORIENTED_EDGE('',*,*,#759,.T.);
#974=ORIENTED_EDGE('',*,*,#764,.F.);
#975=ORIENTED_EDGE('',*,*,#765,.F.);
#976=ORIENTED_EDGE('',*,*,#761,.T.);
#977=ORIENTED_EDGE('',*,*,#758,.T.);
#978=ORIENTED_EDGE('',*,*,#743,.T.);
#979=ORIENTED_EDGE('',*,*,#766,.F.);
#980=ORIENTED_EDGE('',*,*,#746,.F.);
#981=ORIENTED_EDGE('',*,*,#767,.F.);
#982=ORIENTED_EDGE('',*,*,#764,.T.);
#983=ORIENTED_EDGE('',*,*,#768,.F.);
#984=ORIENTED_EDGE('',*,*,#769,.T.);
#985=ORIENTED_EDGE('',*,*,#770,.T.);
#986=ORIENTED_EDGE('',*,*,#769,.F.);
#987=ORIENTED_EDGE('',*,*,#770,.F.);
#988=ORIENTED_EDGE('',*,*,#771,.F.);
#989=ORIENTED_EDGE('',*,*,#772,.T.);
#990=ORIENTED_EDGE('',*,*,#773,.T.);
#991=ORIENTED_EDGE('',*,*,#772,.F.);
#992=ORIENTED_EDGE('',*,*,#773,.F.);
#993=ORIENTED_EDGE('',*,*,#774,.F.);
#994=ORIENTED_EDGE('',*,*,#775,.T.);
#995=ORIENTED_EDGE('',*,*,#776,.F.);
#996=ORIENTED_EDGE('',*,*,#777,.F.);
#997=ORIENTED_EDGE('',*,*,#778,.F.);
#998=ORIENTED_EDGE('',*,*,#779,.T.);
#999=ORIENTED_EDGE('',*,*,#780,.F.);
#1000=ORIENTED_EDGE('',*,*,#775,.F.);
#1001=ORIENTED_EDGE('',*,*,#781,.F.);
#1002=ORIENTED_EDGE('',*,*,#782,.F.);
#1003=ORIENTED_EDGE('',*,*,#783,.F.);
#1004=ORIENTED_EDGE('',*,*,#779,.F.);
#1005=ORIENTED_EDGE('',*,*,#781,.T.);
#1006=ORIENTED_EDGE('',*,*,#778,.T.);
#1007=ORIENTED_EDGE('',*,*,#774,.T.);
#1008=ORIENTED_EDGE('',*,*,#784,.F.);
#1009=ORIENTED_EDGE('',*,*,#785,.T.);
#1010=ORIENTED_EDGE('',*,*,#786,.T.);
#1011=ORIENTED_EDGE('',*,*,#787,.T.);
#1012=ORIENTED_EDGE('',*,*,#788,.F.);
#1013=ORIENTED_EDGE('',*,*,#789,.T.);
#1014=ORIENTED_EDGE('',*,*,#756,.F.);
#1015=ORIENTED_EDGE('',*,*,#790,.F.);
#1016=ORIENTED_EDGE('',*,*,#791,.F.);
#1017=ORIENTED_EDGE('',*,*,#768,.T.);
#1018=ORIENTED_EDGE('',*,*,#771,.T.);
#1019=ORIENTED_EDGE('',*,*,#777,.T.);
#1020=ORIENTED_EDGE('',*,*,#792,.T.);
#1021=ORIENTED_EDGE('',*,*,#793,.T.);
#1022=ORIENTED_EDGE('',*,*,#784,.T.);
#1023=ORIENTED_EDGE('',*,*,#787,.F.);
#1024=ORIENTED_EDGE('',*,*,#794,.T.);
#1025=ORIENTED_EDGE('',*,*,#795,.F.);
#1026=ORIENTED_EDGE('',*,*,#796,.F.);
#1027=ORIENTED_EDGE('',*,*,#786,.F.);
#1028=ORIENTED_EDGE('',*,*,#797,.T.);
#1029=ORIENTED_EDGE('',*,*,#798,.F.);
#1030=ORIENTED_EDGE('',*,*,#794,.F.);
#1031=ORIENTED_EDGE('',*,*,#785,.F.);
#1032=ORIENTED_EDGE('',*,*,#793,.F.);
#1033=ORIENTED_EDGE('',*,*,#799,.F.);
#1034=ORIENTED_EDGE('',*,*,#797,.F.);
#1035=ORIENTED_EDGE('',*,*,#783,.T.);
#1036=ORIENTED_EDGE('',*,*,#800,.F.);
#1037=ORIENTED_EDGE('',*,*,#801,.T.);
#1038=ORIENTED_EDGE('',*,*,#748,.F.);
#1039=ORIENTED_EDGE('',*,*,#802,.F.);
#1040=ORIENTED_EDGE('',*,*,#803,.F.);
#1041=ORIENTED_EDGE('',*,*,#795,.T.);
#1042=ORIENTED_EDGE('',*,*,#798,.T.);
#1043=ORIENTED_EDGE('',*,*,#799,.T.);
#1044=ORIENTED_EDGE('',*,*,#792,.F.);
#1045=ORIENTED_EDGE('',*,*,#776,.T.);
#1046=ORIENTED_EDGE('',*,*,#780,.T.);
#1047=ORIENTED_EDGE('',*,*,#782,.T.);
#1048=ORIENTED_EDGE('',*,*,#791,.T.);
#1049=ORIENTED_EDGE('',*,*,#804,.T.);
#1050=ORIENTED_EDGE('',*,*,#805,.T.);
#1051=ORIENTED_EDGE('',*,*,#806,.T.);
#1052=ORIENTED_EDGE('',*,*,#807,.T.);
#1053=ORIENTED_EDGE('',*,*,#808,.T.);
#1054=ORIENTED_EDGE('',*,*,#800,.T.);
#1055=ORIENTED_EDGE('',*,*,#796,.T.);
#1056=ORIENTED_EDGE('',*,*,#803,.T.);
#1057=ORIENTED_EDGE('',*,*,#809,.T.);
#1058=ORIENTED_EDGE('',*,*,#788,.T.);
#1059=ORIENTED_EDGE('',*,*,#767,.T.);
#1060=ORIENTED_EDGE('',*,*,#751,.F.);
#1061=ORIENTED_EDGE('',*,*,#810,.F.);
#1062=ORIENTED_EDGE('',*,*,#806,.F.);
#1063=ORIENTED_EDGE('',*,*,#811,.F.);
#1064=ORIENTED_EDGE('',*,*,#753,.F.);
#1065=ORIENTED_EDGE('',*,*,#762,.T.);
#1066=ORIENTED_EDGE('',*,*,#765,.T.);
#1067=ORIENTED_EDGE('',*,*,#810,.T.);
#1068=ORIENTED_EDGE('',*,*,#750,.F.);
#1069=ORIENTED_EDGE('',*,*,#812,.F.);
#1070=ORIENTED_EDGE('',*,*,#807,.F.);
#1071=ORIENTED_EDGE('',*,*,#812,.T.);
#1072=ORIENTED_EDGE('',*,*,#749,.F.);
#1073=ORIENTED_EDGE('',*,*,#801,.F.);
#1074=ORIENTED_EDGE('',*,*,#808,.F.);
#1075=ORIENTED_EDGE('',*,*,#763,.T.);
#1076=ORIENTED_EDGE('',*,*,#757,.F.);
#1077=ORIENTED_EDGE('',*,*,#789,.F.);
#1078=ORIENTED_EDGE('',*,*,#809,.F.);
#1079=ORIENTED_EDGE('',*,*,#802,.T.);
#1080=ORIENTED_EDGE('',*,*,#747,.F.);
#1081=ORIENTED_EDGE('',*,*,#766,.T.);
#1082=ORIENTED_EDGE('',*,*,#742,.T.);
#1083=ORIENTED_EDGE('',*,*,#790,.T.);
#1084=ORIENTED_EDGE('',*,*,#755,.F.);
#1085=ORIENTED_EDGE('',*,*,#813,.F.);
#1086=ORIENTED_EDGE('',*,*,#804,.F.);
#1087=ORIENTED_EDGE('',*,*,#813,.T.);
#1088=ORIENTED_EDGE('',*,*,#754,.F.);
#1089=ORIENTED_EDGE('',*,*,#811,.T.);
#1090=ORIENTED_EDGE('',*,*,#805,.F.);
#1091=ORIENTED_EDGE('',*,*,#814,.F.);
#1092=ORIENTED_EDGE('',*,*,#815,.T.);
#1093=ORIENTED_EDGE('',*,*,#816,.T.);
#1094=ORIENTED_EDGE('',*,*,#817,.T.);
#1095=ORIENTED_EDGE('',*,*,#815,.F.);
#1096=ORIENTED_EDGE('',*,*,#817,.F.);
#1097=ORIENTED_EDGE('',*,*,#818,.T.);
#1098=ORIENTED_EDGE('',*,*,#818,.F.);
#1099=ORIENTED_EDGE('',*,*,#816,.F.);
#1100=ORIENTED_EDGE('',*,*,#819,.F.);
#1101=ORIENTED_EDGE('',*,*,#820,.F.);
#1102=ORIENTED_EDGE('',*,*,#821,.F.);
#1103=ORIENTED_EDGE('',*,*,#822,.F.);
#1104=ORIENTED_EDGE('',*,*,#823,.F.);
#1105=ORIENTED_EDGE('',*,*,#824,.F.);
#1106=ORIENTED_EDGE('',*,*,#820,.T.);
#1107=ORIENTED_EDGE('',*,*,#825,.T.);
#1108=ORIENTED_EDGE('',*,*,#823,.T.);
#1109=ORIENTED_EDGE('',*,*,#826,.T.);
#1110=ORIENTED_EDGE('',*,*,#827,.T.);
#1111=ORIENTED_EDGE('',*,*,#828,.T.);
#1112=ORIENTED_EDGE('',*,*,#824,.T.);
#1113=ORIENTED_EDGE('',*,*,#829,.T.);
#1114=ORIENTED_EDGE('',*,*,#830,.F.);
#1115=ORIENTED_EDGE('',*,*,#831,.F.);
#1116=ORIENTED_EDGE('',*,*,#832,.F.);
#1117=ORIENTED_EDGE('',*,*,#833,.F.);
#1118=ORIENTED_EDGE('',*,*,#834,.F.);
#1119=ORIENTED_EDGE('',*,*,#835,.F.);
#1120=ORIENTED_EDGE('',*,*,#822,.T.);
#1121=ORIENTED_EDGE('',*,*,#836,.T.);
#1122=ORIENTED_EDGE('',*,*,#834,.T.);
#1123=ORIENTED_EDGE('',*,*,#837,.T.);
#1124=ORIENTED_EDGE('',*,*,#838,.T.);
#1125=ORIENTED_EDGE('',*,*,#839,.T.);
#1126=ORIENTED_EDGE('',*,*,#835,.T.);
#1127=ORIENTED_EDGE('',*,*,#840,.T.);
#1128=ORIENTED_EDGE('',*,*,#831,.T.);
#1129=ORIENTED_EDGE('',*,*,#841,.T.);
#1130=ORIENTED_EDGE('',*,*,#833,.T.);
#1131=ORIENTED_EDGE('',*,*,#842,.T.);
#1132=ORIENTED_EDGE('',*,*,#843,.T.);
#1133=ORIENTED_EDGE('',*,*,#844,.T.);
#1134=ORIENTED_EDGE('',*,*,#832,.T.);
#1135=ORIENTED_EDGE('',*,*,#845,.T.);
#1136=ORIENTED_EDGE('',*,*,#830,.T.);
#1137=ORIENTED_EDGE('',*,*,#846,.T.);
#1138=ORIENTED_EDGE('',*,*,#821,.T.);
#1139=ORIENTED_EDGE('',*,*,#847,.T.);
#1140=ORIENTED_EDGE('',*,*,#848,.T.);
#1141=ORIENTED_EDGE('',*,*,#849,.T.);
#1142=ORIENTED_EDGE('',*,*,#819,.T.);
#1143=ORIENTED_EDGE('',*,*,#850,.T.);
#1144=ORIENTED_EDGE('',*,*,#829,.F.);
#1145=ORIENTED_EDGE('',*,*,#825,.F.);
#1146=ORIENTED_EDGE('',*,*,#849,.F.);
#1147=ORIENTED_EDGE('',*,*,#851,.T.);
#1148=ORIENTED_EDGE('',*,*,#850,.F.);
#1149=ORIENTED_EDGE('',*,*,#846,.F.);
#1150=ORIENTED_EDGE('',*,*,#844,.F.);
#1151=ORIENTED_EDGE('',*,*,#852,.T.);
#1152=ORIENTED_EDGE('',*,*,#827,.F.);
#1153=ORIENTED_EDGE('',*,*,#851,.F.);
#1154=ORIENTED_EDGE('',*,*,#848,.F.);
#1155=ORIENTED_EDGE('',*,*,#852,.F.);
#1156=ORIENTED_EDGE('',*,*,#843,.F.);
#1157=ORIENTED_EDGE('',*,*,#853,.T.);
#1158=ORIENTED_EDGE('',*,*,#838,.F.);
#1159=ORIENTED_EDGE('',*,*,#854,.F.);
#1160=ORIENTED_EDGE('',*,*,#826,.F.);
#1161=ORIENTED_EDGE('',*,*,#837,.F.);
#1162=ORIENTED_EDGE('',*,*,#841,.F.);
#1163=ORIENTED_EDGE('',*,*,#847,.F.);
#1164=ORIENTED_EDGE('',*,*,#814,.T.);
#1165=ORIENTED_EDGE('',*,*,#839,.F.);
#1166=ORIENTED_EDGE('',*,*,#853,.F.);
#1167=ORIENTED_EDGE('',*,*,#845,.F.);
#1168=ORIENTED_EDGE('',*,*,#842,.F.);
#1169=ORIENTED_EDGE('',*,*,#828,.F.);
#1170=ORIENTED_EDGE('',*,*,#854,.T.);
#1171=ORIENTED_EDGE('',*,*,#840,.F.);
#1172=ORIENTED_EDGE('',*,*,#836,.F.);
#1173=ORIENTED_EDGE('',*,*,#855,.F.);
#1174=ORIENTED_EDGE('',*,*,#856,.T.);
#1175=ORIENTED_EDGE('',*,*,#857,.T.);
#1176=ORIENTED_EDGE('',*,*,#858,.T.);
#1177=ORIENTED_EDGE('',*,*,#856,.F.);
#1178=ORIENTED_EDGE('',*,*,#858,.F.);
#1179=ORIENTED_EDGE('',*,*,#859,.T.);
#1180=ORIENTED_EDGE('',*,*,#859,.F.);
#1181=ORIENTED_EDGE('',*,*,#857,.F.);
#1182=ORIENTED_EDGE('',*,*,#860,.F.);
#1183=ORIENTED_EDGE('',*,*,#861,.F.);
#1184=ORIENTED_EDGE('',*,*,#862,.F.);
#1185=ORIENTED_EDGE('',*,*,#863,.F.);
#1186=ORIENTED_EDGE('',*,*,#864,.F.);
#1187=ORIENTED_EDGE('',*,*,#865,.F.);
#1188=ORIENTED_EDGE('',*,*,#866,.F.);
#1189=ORIENTED_EDGE('',*,*,#867,.F.);
#1190=ORIENTED_EDGE('',*,*,#868,.F.);
#1191=ORIENTED_EDGE('',*,*,#869,.F.);
#1192=ORIENTED_EDGE('',*,*,#870,.F.);
#1193=ORIENTED_EDGE('',*,*,#871,.F.);
#1194=ORIENTED_EDGE('',*,*,#867,.T.);
#1195=ORIENTED_EDGE('',*,*,#872,.T.);
#1196=ORIENTED_EDGE('',*,*,#870,.T.);
#1197=ORIENTED_EDGE('',*,*,#873,.T.);
#1198=ORIENTED_EDGE('',*,*,#874,.T.);
#1199=ORIENTED_EDGE('',*,*,#875,.T.);
#1200=ORIENTED_EDGE('',*,*,#871,.T.);
#1201=ORIENTED_EDGE('',*,*,#876,.T.);
#1202=ORIENTED_EDGE('',*,*,#869,.T.);
#1203=ORIENTED_EDGE('',*,*,#877,.T.);
#1204=ORIENTED_EDGE('',*,*,#864,.T.);
#1205=ORIENTED_EDGE('',*,*,#878,.T.);
#1206=ORIENTED_EDGE('',*,*,#860,.T.);
#1207=ORIENTED_EDGE('',*,*,#879,.T.);
#1208=ORIENTED_EDGE('',*,*,#868,.T.);
#1209=ORIENTED_EDGE('',*,*,#880,.T.);
#1210=ORIENTED_EDGE('',*,*,#881,.T.);
#1211=ORIENTED_EDGE('',*,*,#882,.T.);
#1212=ORIENTED_EDGE('',*,*,#866,.T.);
#1213=ORIENTED_EDGE('',*,*,#883,.T.);
#1214=ORIENTED_EDGE('',*,*,#884,.T.);
#1215=ORIENTED_EDGE('',*,*,#885,.T.);
#1216=ORIENTED_EDGE('',*,*,#865,.T.);
#1217=ORIENTED_EDGE('',*,*,#886,.T.);
#1218=ORIENTED_EDGE('',*,*,#861,.T.);
#1219=ORIENTED_EDGE('',*,*,#887,.T.);
#1220=ORIENTED_EDGE('',*,*,#863,.T.);
#1221=ORIENTED_EDGE('',*,*,#888,.T.);
#1222=ORIENTED_EDGE('',*,*,#889,.T.);
#1223=ORIENTED_EDGE('',*,*,#890,.T.);
#1224=ORIENTED_EDGE('',*,*,#862,.T.);
#1225=ORIENTED_EDGE('',*,*,#891,.T.);
#1226=ORIENTED_EDGE('',*,*,#883,.F.);
#1227=ORIENTED_EDGE('',*,*,#879,.F.);
#1228=ORIENTED_EDGE('',*,*,#890,.F.);
#1229=ORIENTED_EDGE('',*,*,#892,.T.);
#1230=ORIENTED_EDGE('',*,*,#891,.F.);
#1231=ORIENTED_EDGE('',*,*,#888,.F.);
#1232=ORIENTED_EDGE('',*,*,#885,.F.);
#1233=ORIENTED_EDGE('',*,*,#893,.F.);
#1234=ORIENTED_EDGE('',*,*,#881,.F.);
#1235=ORIENTED_EDGE('',*,*,#892,.F.);
#1236=ORIENTED_EDGE('',*,*,#889,.F.);
#1237=ORIENTED_EDGE('',*,*,#893,.T.);
#1238=ORIENTED_EDGE('',*,*,#884,.F.);
#1239=ORIENTED_EDGE('',*,*,#894,.F.);
#1240=ORIENTED_EDGE('',*,*,#874,.F.);
#1241=ORIENTED_EDGE('',*,*,#895,.F.);
#1242=ORIENTED_EDGE('',*,*,#873,.F.);
#1243=ORIENTED_EDGE('',*,*,#878,.F.);
#1244=ORIENTED_EDGE('',*,*,#887,.F.);
#1245=ORIENTED_EDGE('',*,*,#880,.F.);
#1246=ORIENTED_EDGE('',*,*,#855,.T.);
#1247=ORIENTED_EDGE('',*,*,#875,.F.);
#1248=ORIENTED_EDGE('',*,*,#894,.T.);
#1249=ORIENTED_EDGE('',*,*,#886,.F.);
#1250=ORIENTED_EDGE('',*,*,#877,.F.);
#1251=ORIENTED_EDGE('',*,*,#882,.F.);
#1252=ORIENTED_EDGE('',*,*,#895,.T.);
#1253=ORIENTED_EDGE('',*,*,#876,.F.);
#1254=ORIENTED_EDGE('',*,*,#872,.F.);
#1255=ORIENTED_EDGE('',*,*,#896,.T.);
#1256=ORIENTED_EDGE('',*,*,#897,.T.);
#1257=ORIENTED_EDGE('',*,*,#898,.T.);
#1258=ORIENTED_EDGE('',*,*,#899,.T.);
#1259=ORIENTED_EDGE('',*,*,#900,.F.);
#1260=ORIENTED_EDGE('',*,*,#901,.T.);
#1261=ORIENTED_EDGE('',*,*,#902,.T.);
#1262=ORIENTED_EDGE('',*,*,#899,.F.);
#1263=ORIENTED_EDGE('',*,*,#903,.F.);
#1264=ORIENTED_EDGE('',*,*,#904,.F.);
#1265=ORIENTED_EDGE('',*,*,#905,.F.);
#1266=ORIENTED_EDGE('',*,*,#901,.F.);
#1267=ORIENTED_EDGE('',*,*,#905,.T.);
#1268=ORIENTED_EDGE('',*,*,#906,.T.);
#1269=ORIENTED_EDGE('',*,*,#896,.F.);
#1270=ORIENTED_EDGE('',*,*,#902,.F.);
#1271=ORIENTED_EDGE('',*,*,#907,.F.);
#1272=ORIENTED_EDGE('',*,*,#903,.T.);
#1273=ORIENTED_EDGE('',*,*,#900,.T.);
#1274=ORIENTED_EDGE('',*,*,#898,.F.);
#1275=ORIENTED_EDGE('',*,*,#907,.T.);
#1276=ORIENTED_EDGE('',*,*,#897,.F.);
#1277=ORIENTED_EDGE('',*,*,#906,.F.);
#1278=ORIENTED_EDGE('',*,*,#904,.T.);
#1279=ORIENTED_EDGE('',*,*,#908,.T.);
#1280=ORIENTED_EDGE('',*,*,#909,.T.);
#1281=ORIENTED_EDGE('',*,*,#910,.T.);
#1282=ORIENTED_EDGE('',*,*,#911,.T.);
#1283=ORIENTED_EDGE('',*,*,#912,.F.);
#1284=ORIENTED_EDGE('',*,*,#913,.T.);
#1285=ORIENTED_EDGE('',*,*,#914,.T.);
#1286=ORIENTED_EDGE('',*,*,#911,.F.);
#1287=ORIENTED_EDGE('',*,*,#915,.F.);
#1288=ORIENTED_EDGE('',*,*,#916,.F.);
#1289=ORIENTED_EDGE('',*,*,#917,.F.);
#1290=ORIENTED_EDGE('',*,*,#913,.F.);
#1291=ORIENTED_EDGE('',*,*,#917,.T.);
#1292=ORIENTED_EDGE('',*,*,#918,.T.);
#1293=ORIENTED_EDGE('',*,*,#908,.F.);
#1294=ORIENTED_EDGE('',*,*,#914,.F.);
#1295=ORIENTED_EDGE('',*,*,#919,.F.);
#1296=ORIENTED_EDGE('',*,*,#915,.T.);
#1297=ORIENTED_EDGE('',*,*,#912,.T.);
#1298=ORIENTED_EDGE('',*,*,#910,.F.);
#1299=ORIENTED_EDGE('',*,*,#919,.T.);
#1300=ORIENTED_EDGE('',*,*,#909,.F.);
#1301=ORIENTED_EDGE('',*,*,#918,.F.);
#1302=ORIENTED_EDGE('',*,*,#916,.T.);
#1303=ORIENTED_EDGE('',*,*,#920,.T.);
#1304=ORIENTED_EDGE('',*,*,#921,.T.);
#1305=ORIENTED_EDGE('',*,*,#922,.T.);
#1306=ORIENTED_EDGE('',*,*,#923,.T.);
#1307=ORIENTED_EDGE('',*,*,#924,.F.);
#1308=ORIENTED_EDGE('',*,*,#925,.T.);
#1309=ORIENTED_EDGE('',*,*,#926,.T.);
#1310=ORIENTED_EDGE('',*,*,#923,.F.);
#1311=ORIENTED_EDGE('',*,*,#927,.F.);
#1312=ORIENTED_EDGE('',*,*,#928,.F.);
#1313=ORIENTED_EDGE('',*,*,#929,.F.);
#1314=ORIENTED_EDGE('',*,*,#925,.F.);
#1315=ORIENTED_EDGE('',*,*,#929,.T.);
#1316=ORIENTED_EDGE('',*,*,#930,.T.);
#1317=ORIENTED_EDGE('',*,*,#920,.F.);
#1318=ORIENTED_EDGE('',*,*,#926,.F.);
#1319=ORIENTED_EDGE('',*,*,#931,.F.);
#1320=ORIENTED_EDGE('',*,*,#927,.T.);
#1321=ORIENTED_EDGE('',*,*,#924,.T.);
#1322=ORIENTED_EDGE('',*,*,#922,.F.);
#1323=ORIENTED_EDGE('',*,*,#931,.T.);
#1324=ORIENTED_EDGE('',*,*,#921,.F.);
#1325=ORIENTED_EDGE('',*,*,#930,.F.);
#1326=ORIENTED_EDGE('',*,*,#928,.T.);
#1327=ORIENTED_EDGE('',*,*,#932,.T.);
#1328=ORIENTED_EDGE('',*,*,#933,.T.);
#1329=ORIENTED_EDGE('',*,*,#934,.T.);
#1330=ORIENTED_EDGE('',*,*,#935,.T.);
#1331=ORIENTED_EDGE('',*,*,#934,.F.);
#1332=ORIENTED_EDGE('',*,*,#936,.F.);
#1333=ORIENTED_EDGE('',*,*,#937,.F.);
#1334=ORIENTED_EDGE('',*,*,#938,.T.);
#1335=ORIENTED_EDGE('',*,*,#939,.T.);
#1336=ORIENTED_EDGE('',*,*,#933,.F.);
#1337=ORIENTED_EDGE('',*,*,#940,.T.);
#1338=ORIENTED_EDGE('',*,*,#941,.T.);
#1339=ORIENTED_EDGE('',*,*,#936,.T.);
#1340=ORIENTED_EDGE('',*,*,#932,.F.);
#1341=ORIENTED_EDGE('',*,*,#942,.F.);
#1342=ORIENTED_EDGE('',*,*,#943,.T.);
#1343=ORIENTED_EDGE('',*,*,#944,.T.);
#1344=ORIENTED_EDGE('',*,*,#940,.F.);
#1345=ORIENTED_EDGE('',*,*,#945,.F.);
#1346=ORIENTED_EDGE('',*,*,#938,.F.);
#1347=ORIENTED_EDGE('',*,*,#946,.F.);
#1348=ORIENTED_EDGE('',*,*,#943,.F.);
#1349=ORIENTED_EDGE('',*,*,#946,.T.);
#1350=ORIENTED_EDGE('',*,*,#937,.T.);
#1351=ORIENTED_EDGE('',*,*,#941,.F.);
#1352=ORIENTED_EDGE('',*,*,#944,.F.);
#1353=ORIENTED_EDGE('',*,*,#935,.F.);
#1354=ORIENTED_EDGE('',*,*,#939,.F.);
#1355=ORIENTED_EDGE('',*,*,#945,.T.);
#1356=ORIENTED_EDGE('',*,*,#942,.T.);
#1357=PLANE('',#1530);
#1358=PLANE('',#1531);
#1359=PLANE('',#1532);
#1360=PLANE('',#1533);
#1361=PLANE('',#1534);
#1362=PLANE('',#1535);
#1363=PLANE('',#1536);
#1364=PLANE('',#1540);
#1365=PLANE('',#1544);
#1366=PLANE('',#1545);
#1367=PLANE('',#1546);
#1368=PLANE('',#1547);
#1369=PLANE('',#1548);
#1370=PLANE('',#1549);
#1371=PLANE('',#1550);
#1372=PLANE('',#1551);
#1373=PLANE('',#1552);
#1374=PLANE('',#1553);
#1375=PLANE('',#1554);
#1376=PLANE('',#1555);
#1377=PLANE('',#1556);
#1378=PLANE('',#1557);
#1379=PLANE('',#1558);
#1380=PLANE('',#1559);
#1381=PLANE('',#1560);
#1382=PLANE('',#1561);
#1383=PLANE('',#1598);
#1384=PLANE('',#1599);
#1385=PLANE('',#1600);
#1386=PLANE('',#1602);
#1387=PLANE('',#1604);
#1388=PLANE('',#1641);
#1389=PLANE('',#1644);
#1390=PLANE('',#1645);
#1391=PLANE('',#1646);
#1392=PLANE('',#1647);
#1393=PLANE('',#1648);
#1394=PLANE('',#1649);
#1395=PLANE('',#1650);
#1396=PLANE('',#1651);
#1397=PLANE('',#1652);
#1398=PLANE('',#1653);
#1399=PLANE('',#1654);
#1400=PLANE('',#1655);
#1401=PLANE('',#1656);
#1402=PLANE('',#1657);
#1403=PLANE('',#1658);
#1404=PLANE('',#1659);
#1405=PLANE('',#1660);
#1406=PLANE('',#1661);
#1407=PLANE('',#1662);
#1408=PLANE('',#1663);
#1409=PLANE('',#1664);
#1410=PLANE('',#1665);
#1411=PLANE('',#1669);
#1412=PLANE('',#1670);
#1413=PLANE('',#1671);
#1414=PLANE('',#1672);
#1415=PLANE('',#1673);
#1416=PLANE('',#1674);
#1417=ADVANCED_FACE('',(#116),#1357,.F.);
#1418=ADVANCED_FACE('',(#117),#1358,.T.);
#1419=ADVANCED_FACE('',(#118),#1359,.T.);
#1420=ADVANCED_FACE('',(#119),#1360,.T.);
#1421=ADVANCED_FACE('',(#120),#1361,.F.);
#1422=ADVANCED_FACE('',(#121),#1362,.F.);
#1423=ADVANCED_FACE('',(#122),#1363,.F.);
#1424=ADVANCED_FACE('',(#123),#95,.F.);
#1425=ADVANCED_FACE('',(#124),#1364,.T.);
#1426=ADVANCED_FACE('',(#125),#96,.F.);
#1427=ADVANCED_FACE('',(#126),#1365,.T.);
#1428=ADVANCED_FACE('',(#127),#1366,.F.);
#1429=ADVANCED_FACE('',(#128),#1367,.F.);
#1430=ADVANCED_FACE('',(#129),#1368,.F.);
#1431=ADVANCED_FACE('',(#130,#39,#40),#1369,.T.);
#1432=ADVANCED_FACE('',(#131),#1370,.T.);
#1433=ADVANCED_FACE('',(#132),#1371,.F.);
#1434=ADVANCED_FACE('',(#133),#1372,.F.);
#1435=ADVANCED_FACE('',(#134),#1373,.F.);
#1436=ADVANCED_FACE('',(#135),#1374,.T.);
#1437=ADVANCED_FACE('',(#136),#1375,.T.);
#1438=ADVANCED_FACE('',(#137),#1376,.T.);
#1439=ADVANCED_FACE('',(#138),#1377,.T.);
#1440=ADVANCED_FACE('',(#139),#1378,.T.);
#1441=ADVANCED_FACE('',(#140),#1379,.T.);
#1442=ADVANCED_FACE('',(#141),#1380,.T.);
#1443=ADVANCED_FACE('',(#142),#1381,.T.);
#1444=ADVANCED_FACE('',(#143),#1382,.T.);
#1445=ADVANCED_FACE('',(#144),#97,.T.);
#1446=ADVANCED_FACE('',(#145),#15,.T.);
#1447=ADVANCED_FACE('',(#146),#16,.T.);
#1448=ADVANCED_FACE('',(#147),#17,.T.);
#1449=ADVANCED_FACE('',(#148),#98,.T.);
#1450=ADVANCED_FACE('',(#149),#99,.T.);
#1451=ADVANCED_FACE('',(#150),#18,.T.);
#1452=ADVANCED_FACE('',(#151),#19,.T.);
#1453=ADVANCED_FACE('',(#152),#100,.T.);
#1454=ADVANCED_FACE('',(#153),#101,.T.);
#1455=ADVANCED_FACE('',(#154),#13,.T.);
#1456=ADVANCED_FACE('',(#155),#102,.T.);
#1457=ADVANCED_FACE('',(#156),#103,.T.);
#1458=ADVANCED_FACE('',(#157),#104,.T.);
#1459=ADVANCED_FACE('',(#158),#1383,.T.);
#1460=ADVANCED_FACE('',(#159),#1384,.T.);
#1461=ADVANCED_FACE('',(#160),#1385,.T.);
#1462=ADVANCED_FACE('',(#161,#41),#1386,.T.);
#1463=ADVANCED_FACE('',(#162),#105,.T.);
#1464=ADVANCED_FACE('',(#163),#1387,.T.);
#1465=ADVANCED_FACE('',(#164),#106,.T.);
#1466=ADVANCED_FACE('',(#165),#20,.T.);
#1467=ADVANCED_FACE('',(#166),#21,.T.);
#1468=ADVANCED_FACE('',(#167),#22,.T.);
#1469=ADVANCED_FACE('',(#168),#23,.T.);
#1470=ADVANCED_FACE('',(#169),#24,.T.);
#1471=ADVANCED_FACE('',(#170),#107,.T.);
#1472=ADVANCED_FACE('',(#171),#108,.T.);
#1473=ADVANCED_FACE('',(#172),#109,.T.);
#1474=ADVANCED_FACE('',(#173),#110,.T.);
#1475=ADVANCED_FACE('',(#174),#111,.T.);
#1476=ADVANCED_FACE('',(#175),#112,.T.);
#1477=ADVANCED_FACE('',(#176),#14,.T.);
#1478=ADVANCED_FACE('',(#177),#113,.T.);
#1479=ADVANCED_FACE('',(#178),#1388,.T.);
#1480=ADVANCED_FACE('',(#179),#114,.T.);
#1481=ADVANCED_FACE('',(#180),#1389,.T.);
#1482=ADVANCED_FACE('',(#181,#42),#1390,.T.);
#1483=ADVANCED_FACE('',(#182),#1391,.T.);
#1484=ADVANCED_FACE('',(#183),#1392,.T.);
#1485=ADVANCED_FACE('',(#184),#1393,.T.);
#1486=ADVANCED_FACE('',(#185),#1394,.T.);
#1487=ADVANCED_FACE('',(#186),#1395,.T.);
#1488=ADVANCED_FACE('',(#187),#1396,.T.);
#1489=ADVANCED_FACE('',(#188),#1397,.T.);
#1490=ADVANCED_FACE('',(#189),#1398,.T.);
#1491=ADVANCED_FACE('',(#190),#1399,.T.);
#1492=ADVANCED_FACE('',(#191),#1400,.T.);
#1493=ADVANCED_FACE('',(#192),#1401,.T.);
#1494=ADVANCED_FACE('',(#193),#1402,.T.);
#1495=ADVANCED_FACE('',(#194),#1403,.T.);
#1496=ADVANCED_FACE('',(#195),#1404,.T.);
#1497=ADVANCED_FACE('',(#196),#1405,.T.);
#1498=ADVANCED_FACE('',(#197),#1406,.T.);
#1499=ADVANCED_FACE('',(#198),#1407,.T.);
#1500=ADVANCED_FACE('',(#199),#1408,.T.);
#1501=ADVANCED_FACE('',(#200),#1409,.T.);
#1502=ADVANCED_FACE('',(#201),#1410,.T.);
#1503=ADVANCED_FACE('',(#202),#115,.T.);
#1504=ADVANCED_FACE('',(#203),#1411,.T.);
#1505=ADVANCED_FACE('',(#204),#1412,.T.);
#1506=ADVANCED_FACE('',(#205),#1413,.T.);
#1507=ADVANCED_FACE('',(#206),#1414,.T.);
#1508=ADVANCED_FACE('',(#207),#1415,.T.);
#1509=ADVANCED_FACE('',(#208),#1416,.T.);
#1510=CLOSED_SHELL('',(#1417,#1418,#1419,#1420,#1421,#1422,#1423,#1424,
#1425,#1426,#1427,#1428,#1429,#1430,#1431,#1432,#1433,#1434,#1435,#1436,
#1437,#1438,#1439,#1440,#1441,#1442,#1443,#1444));
#1511=CLOSED_SHELL('',(#1445,#1446,#1447,#1448,#1449,#1450,#1451,#1452,
#1453,#1454,#1455,#1456,#1457,#1458,#1459,#1460,#1461,#1462,#1463,#1464));
#1512=CLOSED_SHELL('',(#1465,#1466,#1467,#1468,#1469,#1470,#1471,#1472,
#1473,#1474,#1475,#1476,#1477,#1478,#1479,#1480,#1481,#1482,#1483,#1484));
#1513=CLOSED_SHELL('',(#1485,#1486,#1487,#1488,#1489,#1490));
#1514=CLOSED_SHELL('',(#1491,#1492,#1493,#1494,#1495,#1496));
#1515=CLOSED_SHELL('',(#1497,#1498,#1499,#1500,#1501,#1502));
#1516=CLOSED_SHELL('',(#1503,#1504,#1505,#1506,#1507,#1508,#1509));
#1517=DERIVED_UNIT_ELEMENT(#1519,1.);
#1518=DERIVED_UNIT_ELEMENT(#2554,-3.);
#1519=(
MASS_UNIT()
NAMED_UNIT(*)
SI_UNIT(.KILO.,.GRAM.)
);
#1520=DERIVED_UNIT((#1517,#1518));
#1521=MEASURE_REPRESENTATION_ITEM('density measure',
POSITIVE_RATIO_MEASURE(7850.),#1520);
#1522=PROPERTY_DEFINITION_REPRESENTATION(#1527,#1524);
#1523=PROPERTY_DEFINITION_REPRESENTATION(#1528,#1525);
#1524=REPRESENTATION('material name',(#1526),#2551);
#1525=REPRESENTATION('density',(#1521),#2551);
#1526=DESCRIPTIVE_REPRESENTATION_ITEM('Steel','Steel');
#1527=PROPERTY_DEFINITION('material property','material name',#2561);
#1528=PROPERTY_DEFINITION('material property','density of part',#2561);
#1529=AXIS2_PLACEMENT_3D('',#2120,#1675,#1676);
#1530=AXIS2_PLACEMENT_3D('',#2121,#1677,#1678);
#1531=AXIS2_PLACEMENT_3D('',#2130,#1683,#1684);
#1532=AXIS2_PLACEMENT_3D('',#2143,#1691,#1692);
#1533=AXIS2_PLACEMENT_3D('',#2156,#1699,#1700);
#1534=AXIS2_PLACEMENT_3D('',#2162,#1704,#1705);
#1535=AXIS2_PLACEMENT_3D('',#2167,#1709,#1710);
#1536=AXIS2_PLACEMENT_3D('',#2171,#1713,#1714);
#1537=AXIS2_PLACEMENT_3D('',#2174,#1717,#1718);
#1538=AXIS2_PLACEMENT_3D('',#2176,#1719,#1720);
#1539=AXIS2_PLACEMENT_3D('',#2179,#1722,#1723);
#1540=AXIS2_PLACEMENT_3D('',#2180,#1724,#1725);
#1541=AXIS2_PLACEMENT_3D('',#2181,#1726,#1727);
#1542=AXIS2_PLACEMENT_3D('',#2183,#1728,#1729);
#1543=AXIS2_PLACEMENT_3D('',#2186,#1731,#1732);
#1544=AXIS2_PLACEMENT_3D('',#2187,#1733,#1734);
#1545=AXIS2_PLACEMENT_3D('',#2188,#1735,#1736);
#1546=AXIS2_PLACEMENT_3D('',#2197,#1741,#1742);
#1547=AXIS2_PLACEMENT_3D('',#2203,#1746,#1747);
#1548=AXIS2_PLACEMENT_3D('',#2209,#1751,#1752);
#1549=AXIS2_PLACEMENT_3D('',#2224,#1761,#1762);
#1550=AXIS2_PLACEMENT_3D('',#2228,#1765,#1766);
#1551=AXIS2_PLACEMENT_3D('',#2234,#1770,#1771);
#1552=AXIS2_PLACEMENT_3D('',#2238,#1774,#1775);
#1553=AXIS2_PLACEMENT_3D('',#2240,#1777,#1778);
#1554=AXIS2_PLACEMENT_3D('',#2247,#1783,#1784);
#1555=AXIS2_PLACEMENT_3D('',#2257,#1790,#1791);
#1556=AXIS2_PLACEMENT_3D('',#2259,#1793,#1794);
#1557=AXIS2_PLACEMENT_3D('',#2262,#1797,#1798);
#1558=AXIS2_PLACEMENT_3D('',#2264,#1800,#1801);
#1559=AXIS2_PLACEMENT_3D('',#2265,#1802,#1803);
#1560=AXIS2_PLACEMENT_3D('',#2266,#1804,#1805);
#1561=AXIS2_PLACEMENT_3D('',#2268,#1807,#1808);
#1562=AXIS2_PLACEMENT_3D('',#2269,#1809,#1810);
#1563=AXIS2_PLACEMENT_3D('',#2271,#1811,#1812);
#1564=AXIS2_PLACEMENT_3D('',#2275,#1814,#1815);
#1565=AXIS2_PLACEMENT_3D('',#2276,#1816,#1817);
#1566=AXIS2_PLACEMENT_3D('',#2277,#1818,#1819);
#1567=AXIS2_PLACEMENT_3D('',#2279,#1820,#1821);
#1568=AXIS2_PLACEMENT_3D('',#2280,#1822,#1823);
#1569=AXIS2_PLACEMENT_3D('',#2283,#1824,#1825);
#1570=AXIS2_PLACEMENT_3D('',#2285,#1826,#1827);
#1571=AXIS2_PLACEMENT_3D('',#2286,#1828,#1829);
#1572=AXIS2_PLACEMENT_3D('',#2287,#1830,#1831);
#1573=AXIS2_PLACEMENT_3D('',#2290,#1832,#1833);
#1574=AXIS2_PLACEMENT_3D('',#2292,#1834,#1835);
#1575=AXIS2_PLACEMENT_3D('',#2293,#1836,#1837);
#1576=AXIS2_PLACEMENT_3D('',#2294,#1838,#1839);
#1577=AXIS2_PLACEMENT_3D('',#2297,#1842,#1843);
#1578=AXIS2_PLACEMENT_3D('',#2300,#1844,#1845);
#1579=AXIS2_PLACEMENT_3D('',#2303,#1848,#1849);
#1580=AXIS2_PLACEMENT_3D('',#2306,#1850,#1851);
#1581=AXIS2_PLACEMENT_3D('',#2308,#1852,#1853);
#1582=AXIS2_PLACEMENT_3D('',#2309,#1854,#1855);
#1583=AXIS2_PLACEMENT_3D('',#2310,#1856,#1857);
#1584=AXIS2_PLACEMENT_3D('',#2313,#1858,#1859);
#1585=AXIS2_PLACEMENT_3D('',#2315,#1860,#1861);
#1586=AXIS2_PLACEMENT_3D('',#2316,#1862,#1863);
#1587=AXIS2_PLACEMENT_3D('',#2317,#1864,#1865);
#1588=AXIS2_PLACEMENT_3D('',#2320,#1868,#1869);
#1589=AXIS2_PLACEMENT_3D('',#2323,#1870,#1871);
#1590=AXIS2_PLACEMENT_3D('',#2326,#1874,#1875);
#1591=AXIS2_PLACEMENT_3D('',#2327,#1876,#1877);
#1592=AXIS2_PLACEMENT_3D('',#2328,#1878,#1879);
#1593=AXIS2_PLACEMENT_3D('',#2329,#1880,#1881);
#1594=AXIS2_PLACEMENT_3D('',#2332,#1882,#1883);
#1595=AXIS2_PLACEMENT_3D('',#2335,#1886,#1887);
#1596=AXIS2_PLACEMENT_3D('',#2338,#1890,#1891);
#1597=AXIS2_PLACEMENT_3D('',#2341,#1892,#1893);
#1598=AXIS2_PLACEMENT_3D('',#2344,#1896,#1897);
#1599=AXIS2_PLACEMENT_3D('',#2346,#1899,#1900);
#1600=AXIS2_PLACEMENT_3D('',#2348,#1902,#1903);
#1601=AXIS2_PLACEMENT_3D('',#2349,#1904,#1905);
#1602=AXIS2_PLACEMENT_3D('',#2351,#1907,#1908);
#1603=AXIS2_PLACEMENT_3D('',#2352,#1909,#1910);
#1604=AXIS2_PLACEMENT_3D('',#2353,#1911,#1912);
#1605=AXIS2_PLACEMENT_3D('',#2354,#1913,#1914);
#1606=AXIS2_PLACEMENT_3D('',#2356,#1915,#1916);
#1607=AXIS2_PLACEMENT_3D('',#2360,#1918,#1919);
#1608=AXIS2_PLACEMENT_3D('',#2361,#1920,#1921);
#1609=AXIS2_PLACEMENT_3D('',#2362,#1922,#1923);
#1610=AXIS2_PLACEMENT_3D('',#2364,#1924,#1925);
#1611=AXIS2_PLACEMENT_3D('',#2365,#1926,#1927);
#1612=AXIS2_PLACEMENT_3D('',#2368,#1928,#1929);
#1613=AXIS2_PLACEMENT_3D('',#2370,#1930,#1931);
#1614=AXIS2_PLACEMENT_3D('',#2371,#1932,#1933);
#1615=AXIS2_PLACEMENT_3D('',#2372,#1934,#1935);
#1616=AXIS2_PLACEMENT_3D('',#2375,#1936,#1937);
#1617=AXIS2_PLACEMENT_3D('',#2377,#1938,#1939);
#1618=AXIS2_PLACEMENT_3D('',#2378,#1940,#1941);
#1619=AXIS2_PLACEMENT_3D('',#2379,#1942,#1943);
#1620=AXIS2_PLACEMENT_3D('',#2382,#1944,#1945);
#1621=AXIS2_PLACEMENT_3D('',#2384,#1946,#1947);
#1622=AXIS2_PLACEMENT_3D('',#2385,#1948,#1949);
#1623=AXIS2_PLACEMENT_3D('',#2386,#1950,#1951);
#1624=AXIS2_PLACEMENT_3D('',#2389,#1952,#1953);
#1625=AXIS2_PLACEMENT_3D('',#2391,#1954,#1955);
#1626=AXIS2_PLACEMENT_3D('',#2392,#1956,#1957);
#1627=AXIS2_PLACEMENT_3D('',#2393,#1958,#1959);
#1628=AXIS2_PLACEMENT_3D('',#2396,#1962,#1963);
#1629=AXIS2_PLACEMENT_3D('',#2399,#1964,#1965);
#1630=AXIS2_PLACEMENT_3D('',#2402,#1968,#1969);
#1631=AXIS2_PLACEMENT_3D('',#2405,#1972,#1973);
#1632=AXIS2_PLACEMENT_3D('',#2408,#1976,#1977);
#1633=AXIS2_PLACEMENT_3D('',#2411,#1978,#1979);
#1634=AXIS2_PLACEMENT_3D('',#2414,#1982,#1983);
#1635=AXIS2_PLACEMENT_3D('',#2417,#1984,#1985);
#1636=AXIS2_PLACEMENT_3D('',#2420,#1988,#1989);
#1637=AXIS2_PLACEMENT_3D('',#2421,#1990,#1991);
#1638=AXIS2_PLACEMENT_3D('',#2422,#1992,#1993);
#1639=AXIS2_PLACEMENT_3D('',#2423,#1994,#1995);
#1640=AXIS2_PLACEMENT_3D('',#2426,#1996,#1997);
#1641=AXIS2_PLACEMENT_3D('',#2429,#2000,#2001);
#1642=AXIS2_PLACEMENT_3D('',#2431,#2003,#2004);
#1643=AXIS2_PLACEMENT_3D('',#2432,#2005,#2006);
#1644=AXIS2_PLACEMENT_3D('',#2433,#2007,#2008);
#1645=AXIS2_PLACEMENT_3D('',#2436,#2011,#2012);
#1646=AXIS2_PLACEMENT_3D('',#2437,#2013,#2014);
#1647=AXIS2_PLACEMENT_3D('',#2438,#2015,#2016);
#1648=AXIS2_PLACEMENT_3D('',#2439,#2017,#2018);
#1649=AXIS2_PLACEMENT_3D('',#2448,#2023,#2024);
#1650=AXIS2_PLACEMENT_3D('',#2454,#2028,#2029);
#1651=AXIS2_PLACEMENT_3D('',#2460,#2033,#2034);
#1652=AXIS2_PLACEMENT_3D('',#2462,#2036,#2037);
#1653=AXIS2_PLACEMENT_3D('',#2464,#2039,#2040);
#1654=AXIS2_PLACEMENT_3D('',#2465,#2041,#2042);
#1655=AXIS2_PLACEMENT_3D('',#2474,#2047,#2048);
#1656=AXIS2_PLACEMENT_3D('',#2480,#2052,#2053);
#1657=AXIS2_PLACEMENT_3D('',#2486,#2057,#2058);
#1658=AXIS2_PLACEMENT_3D('',#2488,#2060,#2061);
#1659=AXIS2_PLACEMENT_3D('',#2490,#2063,#2064);
#1660=AXIS2_PLACEMENT_3D('',#2491,#2065,#2066);
#1661=AXIS2_PLACEMENT_3D('',#2500,#2071,#2072);
#1662=AXIS2_PLACEMENT_3D('',#2506,#2076,#2077);
#1663=AXIS2_PLACEMENT_3D('',#2512,#2081,#2082);
#1664=AXIS2_PLACEMENT_3D('',#2514,#2084,#2085);
#1665=AXIS2_PLACEMENT_3D('',#2516,#2087,#2088);
#1666=AXIS2_PLACEMENT_3D('',#2517,#2089,#2090);
#1667=AXIS2_PLACEMENT_3D('',#2520,#2091,#2092);
#1668=AXIS2_PLACEMENT_3D('',#2524,#2094,#2095);
#1669=AXIS2_PLACEMENT_3D('',#2526,#2097,#2098);
#1670=AXIS2_PLACEMENT_3D('',#2534,#2103,#2104);
#1671=AXIS2_PLACEMENT_3D('',#2538,#2107,#2108);
#1672=AXIS2_PLACEMENT_3D('',#2544,#2112,#2113);
#1673=AXIS2_PLACEMENT_3D('',#2547,#2116,#2117);
#1674=AXIS2_PLACEMENT_3D('',#2548,#2118,#2119);
#1675=DIRECTION('axis',(0.,0.,1.));
#1676=DIRECTION('refdir',(1.,0.,0.));
#1677=DIRECTION('center_axis',(0.,-1.,0.));
#1678=DIRECTION('ref_axis',(1.,0.,0.));
#1679=DIRECTION('',(-1.,0.,0.));
#1680=DIRECTION('',(0.,0.,1.));
#1681=DIRECTION('',(1.,0.,0.));
#1682=DIRECTION('',(0.,0.,1.));
#1683=DIRECTION('center_axis',(0.,1.,0.));
#1684=DIRECTION('ref_axis',(0.,0.,1.));
#1685=DIRECTION('',(0.,0.,1.));
#1686=DIRECTION('',(1.,0.,0.));
#1687=DIRECTION('',(0.,0.,-1.));
#1688=DIRECTION('',(-1.,0.,0.));
#1689=DIRECTION('',(-7.30409884621814E-16,0.,1.));
#1690=DIRECTION('',(-1.,0.,0.));
#1691=DIRECTION('center_axis',(0.,1.,0.));
#1692=DIRECTION('ref_axis',(0.,0.,1.));
#1693=DIRECTION('',(0.,0.,-1.));
#1694=DIRECTION('',(-1.,0.,0.));
#1695=DIRECTION('',(0.,0.,-1.));
#1696=DIRECTION('',(-1.,0.,0.));
#1697=DIRECTION('',(0.,0.,1.));
#1698=DIRECTION('',(1.,0.,0.));
#1699=DIRECTION('center_axis',(0.,0.,-1.));
#1700=DIRECTION('ref_axis',(-1.,0.,0.));
#1701=DIRECTION('',(0.,1.,0.));
#1702=DIRECTION('',(1.,0.,0.));
#1703=DIRECTION('',(0.,-1.,0.));
#1704=DIRECTION('center_axis',(-1.,0.,0.));
#1705=DIRECTION('ref_axis',(0.,-1.,0.));
#1706=DIRECTION('',(0.,0.,1.));
#1707=DIRECTION('',(0.,-1.,0.));
#1708=DIRECTION('',(0.,1.,0.));
#1709=DIRECTION('center_axis',(0.,-1.,0.));
#1710=DIRECTION('ref_axis',(1.,0.,0.));
#1711=DIRECTION('',(0.,0.,1.));
#1712=DIRECTION('',(1.,0.,0.));
#1713=DIRECTION('center_axis',(1.,0.,0.));
#1714=DIRECTION('ref_axis',(0.,1.,0.));
#1715=DIRECTION('',(0.,-1.,0.));
#1716=DIRECTION('',(0.,1.,0.));
#1717=DIRECTION('center_axis',(1.,0.,0.));
#1718=DIRECTION('ref_axis',(0.,-1.,0.));
#1719=DIRECTION('center_axis',(1.,0.,0.));
#1720=DIRECTION('ref_axis',(0.,-1.,0.));
#1721=DIRECTION('',(1.,0.,0.));
#1722=DIRECTION('center_axis',(1.,0.,0.));
#1723=DIRECTION('ref_axis',(0.,-1.,0.));
#1724=DIRECTION('center_axis',(-1.,0.,0.));
#1725=DIRECTION('ref_axis',(0.,-1.,0.));
#1726=DIRECTION('center_axis',(1.,0.,0.));
#1727=DIRECTION('ref_axis',(0.,-1.,0.));
#1728=DIRECTION('center_axis',(1.,0.,0.));
#1729=DIRECTION('ref_axis',(0.,-1.,0.));
#1730=DIRECTION('',(1.,0.,0.));
#1731=DIRECTION('center_axis',(1.,0.,0.));
#1732=DIRECTION('ref_axis',(0.,-1.,0.));
#1733=DIRECTION('center_axis',(-1.,0.,0.));
#1734=DIRECTION('ref_axis',(0.,-1.,0.));
#1735=DIRECTION('center_axis',(0.,0.,1.));
#1736=DIRECTION('ref_axis',(0.,-1.,0.));
#1737=DIRECTION('',(0.,-1.,0.));
#1738=DIRECTION('',(1.,0.,0.));
#1739=DIRECTION('',(0.,1.,0.));
#1740=DIRECTION('',(1.,0.,0.));
#1741=DIRECTION('center_axis',(0.,1.,0.));
#1742=DIRECTION('ref_axis',(0.,0.,1.));
#1743=DIRECTION('',(0.,0.,1.));
#1744=DIRECTION('',(1.,0.,0.));
#1745=DIRECTION('',(0.,0.,-1.));
#1746=DIRECTION('center_axis',(0.,0.,-1.));
#1747=DIRECTION('ref_axis',(0.,1.,0.));
#1748=DIRECTION('',(0.,1.,0.));
#1749=DIRECTION('',(-1.,0.,0.));
#1750=DIRECTION('',(0.,-1.,0.));
#1751=DIRECTION('center_axis',(-1.,0.,0.));
#1752=DIRECTION('ref_axis',(0.,0.,1.));
#1753=DIRECTION('',(0.,0.,-1.));
#1754=DIRECTION('',(0.,1.,1.99680400112438E-17));
#1755=DIRECTION('',(0.,0.,1.));
#1756=DIRECTION('',(0.,-1.,0.));
#1757=DIRECTION('',(0.,0.,-1.));
#1758=DIRECTION('',(0.,1.,0.));
#1759=DIRECTION('',(0.,1.,0.));
#1760=DIRECTION('',(0.,0.,-1.));
#1761=DIRECTION('center_axis',(0.,-1.,0.));
#1762=DIRECTION('ref_axis',(0.,0.,-1.));
#1763=DIRECTION('',(0.,0.,1.));
#1764=DIRECTION('',(-1.,0.,0.));
#1765=DIRECTION('center_axis',(0.,0.,1.));
#1766=DIRECTION('ref_axis',(0.,-1.,0.));
#1767=DIRECTION('',(1.,0.,0.));
#1768=DIRECTION('',(0.,1.,0.));
#1769=DIRECTION('',(1.,0.,0.));
#1770=DIRECTION('center_axis',(0.,1.,0.));
#1771=DIRECTION('ref_axis',(0.,0.,1.));
#1772=DIRECTION('',(1.,0.,0.));
#1773=DIRECTION('',(0.,0.,-1.));
#1774=DIRECTION('center_axis',(0.,1.99680400112438E-17,-1.));
#1775=DIRECTION('ref_axis',(0.,1.,1.99680400112438E-17));
#1776=DIRECTION('',(0.,-1.,-1.99680400112438E-17));
#1777=DIRECTION('center_axis',(1.,0.,0.));
#1778=DIRECTION('ref_axis',(0.,0.,-1.));
#1779=DIRECTION('',(0.,0.,1.));
#1780=DIRECTION('',(0.,1.,0.));
#1781=DIRECTION('',(0.,1.,0.));
#1782=DIRECTION('',(0.,0.,1.));
#1783=DIRECTION('center_axis',(0.,-1.,0.));
#1784=DIRECTION('ref_axis',(0.,0.,-1.));
#1785=DIRECTION('',(1.,0.,0.));
#1786=DIRECTION('',(0.,0.,1.));
#1787=DIRECTION('',(1.,0.,0.));
#1788=DIRECTION('',(7.30409884621814E-16,0.,-1.));
#1789=DIRECTION('',(1.,0.,0.));
#1790=DIRECTION('center_axis',(0.,-1.,0.));
#1791=DIRECTION('ref_axis',(0.,0.,-1.));
#1792=DIRECTION('',(-1.,0.,0.));
#1793=DIRECTION('center_axis',(0.,0.,-1.));
#1794=DIRECTION('ref_axis',(-1.,0.,0.));
#1795=DIRECTION('',(0.,1.,0.));
#1796=DIRECTION('',(0.,-1.,0.));
#1797=DIRECTION('center_axis',(-1.,0.,-7.30409884621814E-16));
#1798=DIRECTION('ref_axis',(-7.30409884621814E-16,0.,1.));
#1799=DIRECTION('',(0.,1.,0.));
#1800=DIRECTION('center_axis',(0.,0.,-1.));
#1801=DIRECTION('ref_axis',(-1.,0.,0.));
#1802=DIRECTION('center_axis',(0.,0.,1.));
#1803=DIRECTION('ref_axis',(1.,0.,0.));
#1804=DIRECTION('center_axis',(0.,0.,-1.));
#1805=DIRECTION('ref_axis',(-1.,0.,0.));
#1806=DIRECTION('',(0.,1.,0.));
#1807=DIRECTION('center_axis',(1.,0.,0.));
#1808=DIRECTION('ref_axis',(0.,0.,-1.));
#1809=DIRECTION('center_axis',(0.,1.,0.));
#1810=DIRECTION('ref_axis',(0.,0.,1.));
#1811=DIRECTION('center_axis',(0.,1.,0.));
#1812=DIRECTION('ref_axis',(0.,0.,1.));
#1813=DIRECTION('',(0.,-1.,0.));
#1814=DIRECTION('center_axis',(0.,1.,0.));
#1815=DIRECTION('ref_axis',(1.,0.,0.));
#1816=DIRECTION('center_axis',(0.,1.,0.));
#1817=DIRECTION('ref_axis',(1.,0.,0.));
#1818=DIRECTION('center_axis',(0.,1.,0.));
#1819=DIRECTION('ref_axis',(0.,0.,-1.));
#1820=DIRECTION('center_axis',(1.,0.,-1.22464679914735E-16));
#1821=DIRECTION('ref_axis',(1.22464679914735E-16,0.,1.));
#1822=DIRECTION('center_axis',(0.408248290463863,-0.816496580927726,0.408248290463863));
#1823=DIRECTION('ref_axis',(-0.577350269189627,-0.577350269189623,-0.577350269189627));
#1824=DIRECTION('center_axis',(0.,-1.,0.));
#1825=DIRECTION('ref_axis',(0.,0.,-1.));
#1826=DIRECTION('center_axis',(-1.,0.,0.));
#1827=DIRECTION('ref_axis',(0.,-1.,0.));
#1828=DIRECTION('center_axis',(0.,0.,-1.));
#1829=DIRECTION('ref_axis',(-1.,0.,0.));
#1830=DIRECTION('center_axis',(-0.408248290463863,-0.816496580927726,0.408248290463863));
#1831=DIRECTION('ref_axis',(0.577350269189627,-0.577350269189623,-0.577350269189627));
#1832=DIRECTION('center_axis',(0.,0.,-1.));
#1833=DIRECTION('ref_axis',(0.,-1.,0.));
#1834=DIRECTION('center_axis',(1.,0.,0.));
#1835=DIRECTION('ref_axis',(0.,0.,-1.));
#1836=DIRECTION('center_axis',(0.,-1.,0.));
#1837=DIRECTION('ref_axis',(1.,0.,0.));
#1838=DIRECTION('center_axis',(-1.,0.,0.));
#1839=DIRECTION('ref_axis',(0.,-0.707106781186548,-0.707106781186548));
#1840=DIRECTION('',(1.,0.,0.));
#1841=DIRECTION('',(-1.,0.,0.));
#1842=DIRECTION('center_axis',(0.,1.,0.));
#1843=DIRECTION('ref_axis',(0.707106781186548,0.,-0.707106781186548));
#1844=DIRECTION('center_axis',(0.,-1.,0.));
#1845=DIRECTION('ref_axis',(0.707106781186548,0.,-0.707106781186548));
#1846=DIRECTION('',(0.,-1.,0.));
#1847=DIRECTION('',(0.,1.,0.));
#1848=DIRECTION('center_axis',(0.,0.,1.));
#1849=DIRECTION('ref_axis',(1.,0.,0.));
#1850=DIRECTION('center_axis',(5.55111512312578E-15,0.,1.));
#1851=DIRECTION('ref_axis',(0.,-1.,0.));
#1852=DIRECTION('center_axis',(-0.949068935654179,4.38317693794862E-15,
-0.315068493150686));
#1853=DIRECTION('ref_axis',(-0.315068493150686,0.,0.949068935654179));
#1854=DIRECTION('center_axis',(0.,-1.,0.));
#1855=DIRECTION('ref_axis',(-1.,0.,0.));
#1856=DIRECTION('center_axis',(0.,0.,1.));
#1857=DIRECTION('ref_axis',(1.,0.,0.));
#1858=DIRECTION('center_axis',(0.949068935654182,0.,-0.315068493150678));
#1859=DIRECTION('ref_axis',(0.,-1.,0.));
#1860=DIRECTION('center_axis',(0.,-5.55111512312578E-15,1.));
#1861=DIRECTION('ref_axis',(1.,0.,0.));
#1862=DIRECTION('center_axis',(0.,-1.,0.));
#1863=DIRECTION('ref_axis',(0.315068493150684,0.,0.94906893565418));
#1864=DIRECTION('center_axis',(0.,0.,-1.));
#1865=DIRECTION('ref_axis',(0.707106781186548,-0.707106781186548,0.));
#1866=DIRECTION('',(0.,0.,1.));
#1867=DIRECTION('',(0.,0.,-1.));
#1868=DIRECTION('center_axis',(0.,-1.,0.));
#1869=DIRECTION('ref_axis',(0.810884854079383,0.,0.585205735980653));
#1870=DIRECTION('center_axis',(0.,-1.,0.));
#1871=DIRECTION('ref_axis',(0.810884854079383,0.,0.585205735980653));
#1872=DIRECTION('',(0.,-1.,0.));
#1873=DIRECTION('',(0.,1.,0.));
#1874=DIRECTION('center_axis',(0.,-1.,0.));
#1875=DIRECTION('ref_axis',(-1.22464679914735E-16,0.,1.));
#1876=DIRECTION('center_axis',(0.,1.,0.));
#1877=DIRECTION('ref_axis',(6.12323399573677E-17,0.,1.));
#1878=DIRECTION('center_axis',(0.,-1.,0.));
#1879=DIRECTION('ref_axis',(6.12323399573676E-17,0.,1.));
#1880=DIRECTION('center_axis',(0.,1.,0.));
#1881=DIRECTION('ref_axis',(-0.810884854079382,0.,0.585205735980655));
#1882=DIRECTION('center_axis',(0.,-1.,0.));
#1883=DIRECTION('ref_axis',(-0.810884854079382,0.,0.585205735980655));
#1884=DIRECTION('',(0.,-1.,0.));
#1885=DIRECTION('',(0.,1.,0.));
#1886=DIRECTION('center_axis',(0.,0.,1.));
#1887=DIRECTION('ref_axis',(-0.707106781186548,-0.707106781186548,0.));
#1888=DIRECTION('',(0.,0.,-1.));
#1889=DIRECTION('',(0.,0.,1.));
#1890=DIRECTION('center_axis',(0.,-1.,0.));
#1891=DIRECTION('ref_axis',(-0.707106781186548,0.,-0.707106781186548));
#1892=DIRECTION('center_axis',(0.,-1.,0.));
#1893=DIRECTION('ref_axis',(-0.707106781186548,0.,-0.707106781186548));
#1894=DIRECTION('',(0.,-1.,0.));
#1895=DIRECTION('',(0.,1.,0.));
#1896=DIRECTION('center_axis',(0.,0.,-1.));
#1897=DIRECTION('ref_axis',(0.,1.,0.));
#1898=DIRECTION('',(1.,0.,0.));
#1899=DIRECTION('center_axis',(-1.,0.,0.));
#1900=DIRECTION('ref_axis',(0.,0.,1.));
#1901=DIRECTION('',(0.,0.,-1.));
#1902=DIRECTION('center_axis',(0.,1.,0.));
#1903=DIRECTION('ref_axis',(0.,0.,1.));
#1904=DIRECTION('center_axis',(0.,1.,0.));
#1905=DIRECTION('ref_axis',(1.,0.,0.));
#1906=DIRECTION('',(0.,0.,1.));
#1907=DIRECTION('center_axis',(0.,-1.,0.));
#1908=DIRECTION('ref_axis',(0.,0.,-1.));
#1909=DIRECTION('center_axis',(0.,1.,0.));
#1910=DIRECTION('ref_axis',(1.,0.,0.));
#1911=DIRECTION('center_axis',(1.,0.,0.));
#1912=DIRECTION('ref_axis',(0.,0.,-1.));
#1913=DIRECTION('center_axis',(0.,1.,0.));
#1914=DIRECTION('ref_axis',(0.,0.,1.));
#1915=DIRECTION('center_axis',(0.,1.,0.));
#1916=DIRECTION('ref_axis',(0.,0.,1.));
#1917=DIRECTION('',(0.,-1.,0.));
#1918=DIRECTION('center_axis',(0.,1.,0.));
#1919=DIRECTION('ref_axis',(1.,0.,0.));
#1920=DIRECTION('center_axis',(0.,1.,0.));
#1921=DIRECTION('ref_axis',(1.,0.,0.));
#1922=DIRECTION('center_axis',(0.,1.,0.));
#1923=DIRECTION('ref_axis',(0.,0.,-1.));
#1924=DIRECTION('center_axis',(1.,0.,-1.22464679914735E-16));
#1925=DIRECTION('ref_axis',(1.22464679914735E-16,0.,1.));
#1926=DIRECTION('center_axis',(0.,0.,1.));
#1927=DIRECTION('ref_axis',(1.,0.,0.));
#1928=DIRECTION('center_axis',(5.55111512312578E-15,0.,1.));
#1929=DIRECTION('ref_axis',(0.,-1.,0.));
#1930=DIRECTION('center_axis',(-0.949068935654179,4.38317693794862E-15,
-0.315068493150686));
#1931=DIRECTION('ref_axis',(-0.315068493150686,0.,0.949068935654179));
#1932=DIRECTION('center_axis',(0.,-1.,0.));
#1933=DIRECTION('ref_axis',(-1.,0.,0.));
#1934=DIRECTION('center_axis',(0.,0.,1.));
#1935=DIRECTION('ref_axis',(1.,0.,0.));
#1936=DIRECTION('center_axis',(0.949068935654182,0.,-0.315068493150678));
#1937=DIRECTION('ref_axis',(0.,-1.,0.));
#1938=DIRECTION('center_axis',(0.,-5.55111512312578E-15,1.));
#1939=DIRECTION('ref_axis',(1.,0.,0.));
#1940=DIRECTION('center_axis',(0.,-1.,0.));
#1941=DIRECTION('ref_axis',(0.315068493150684,0.,0.94906893565418));
#1942=DIRECTION('center_axis',(0.408248290463863,-0.816496580927726,0.408248290463863));
#1943=DIRECTION('ref_axis',(-0.577350269189628,-0.577350269189623,-0.577350269189627));
#1944=DIRECTION('center_axis',(0.,-1.,0.));
#1945=DIRECTION('ref_axis',(0.,0.,-1.));
#1946=DIRECTION('center_axis',(-1.,0.,0.));
#1947=DIRECTION('ref_axis',(0.,-1.,0.));
#1948=DIRECTION('center_axis',(0.,0.,-1.));
#1949=DIRECTION('ref_axis',(-1.,0.,0.));
#1950=DIRECTION('center_axis',(-0.408248290463863,-0.816496580927726,0.408248290463863));
#1951=DIRECTION('ref_axis',(0.577350269189628,-0.577350269189623,-0.577350269189627));
#1952=DIRECTION('center_axis',(0.,0.,-1.));
#1953=DIRECTION('ref_axis',(0.,-1.,0.));
#1954=DIRECTION('center_axis',(1.,0.,0.));
#1955=DIRECTION('ref_axis',(0.,0.,-1.));
#1956=DIRECTION('center_axis',(0.,-1.,0.));
#1957=DIRECTION('ref_axis',(1.,0.,0.));
#1958=DIRECTION('center_axis',(-1.,0.,0.));
#1959=DIRECTION('ref_axis',(0.,-0.707106781186548,-0.707106781186548));
#1960=DIRECTION('',(1.,0.,0.));
#1961=DIRECTION('',(-1.,0.,0.));
#1962=DIRECTION('center_axis',(0.,1.,1.99680400112438E-17));
#1963=DIRECTION('ref_axis',(0.707106781186548,0.,-0.707106781186548));
#1964=DIRECTION('center_axis',(0.,-1.,0.));
#1965=DIRECTION('ref_axis',(0.707106781186548,0.,-0.707106781186548));
#1966=DIRECTION('',(0.,-1.,-1.99680400112438E-17));
#1967=DIRECTION('',(0.,1.,1.99680400112438E-17));
#1968=DIRECTION('center_axis',(0.,0.,-1.));
#1969=DIRECTION('ref_axis',(0.707106781186548,-0.707106781186548,0.));
#1970=DIRECTION('',(0.,0.,1.));
#1971=DIRECTION('',(0.,0.,-1.));
#1972=DIRECTION('center_axis',(0.,0.,1.));
#1973=DIRECTION('ref_axis',(-0.707106781186548,-0.707106781186548,0.));
#1974=DIRECTION('',(0.,0.,-1.));
#1975=DIRECTION('',(0.,0.,1.));
#1976=DIRECTION('center_axis',(0.,-1.,-1.99680400112438E-17));
#1977=DIRECTION('ref_axis',(-0.707106781186548,0.,-0.707106781186548));
#1978=DIRECTION('center_axis',(0.,-1.,0.));
#1979=DIRECTION('ref_axis',(-0.707106781186548,0.,-0.707106781186548));
#1980=DIRECTION('',(0.,-1.,-1.99680400112438E-17));
#1981=DIRECTION('',(0.,1.,1.99680400112438E-17));
#1982=DIRECTION('center_axis',(0.,-1.,0.));
#1983=DIRECTION('ref_axis',(0.810884854079383,0.,0.585205735980653));
#1984=DIRECTION('center_axis',(0.,-1.,0.));
#1985=DIRECTION('ref_axis',(0.810884854079383,0.,0.585205735980653));
#1986=DIRECTION('',(0.,-1.,0.));
#1987=DIRECTION('',(0.,1.,0.));
#1988=DIRECTION('center_axis',(0.,-1.,0.));
#1989=DIRECTION('ref_axis',(-1.22464679914735E-16,0.,1.));
#1990=DIRECTION('center_axis',(0.,1.,0.));
#1991=DIRECTION('ref_axis',(6.12323399573677E-17,0.,1.));
#1992=DIRECTION('center_axis',(0.,-1.,0.));
#1993=DIRECTION('ref_axis',(6.12323399573676E-17,0.,1.));
#1994=DIRECTION('center_axis',(0.,1.,0.));
#1995=DIRECTION('ref_axis',(-0.810884854079382,0.,0.585205735980655));
#1996=DIRECTION('center_axis',(0.,-1.,0.));
#1997=DIRECTION('ref_axis',(-0.810884854079382,0.,0.585205735980655));
#1998=DIRECTION('',(0.,-1.,0.));
#1999=DIRECTION('',(0.,1.,0.));
#2000=DIRECTION('center_axis',(-1.,0.,0.));
#2001=DIRECTION('ref_axis',(0.,0.,1.));
#2002=DIRECTION('',(0.,0.,-1.));
#2003=DIRECTION('center_axis',(0.,1.,0.));
#2004=DIRECTION('ref_axis',(1.,0.,0.));
#2005=DIRECTION('center_axis',(0.,1.,0.));
#2006=DIRECTION('ref_axis',(1.,0.,0.));
#2007=DIRECTION('center_axis',(0.,1.,0.));
#2008=DIRECTION('ref_axis',(0.,0.,1.));
#2009=DIRECTION('',(0.,0.,1.));
#2010=DIRECTION('',(1.,0.,0.));
#2011=DIRECTION('center_axis',(0.,-1.,0.));
#2012=DIRECTION('ref_axis',(0.,0.,-1.));
#2013=DIRECTION('center_axis',(1.,0.,0.));
#2014=DIRECTION('ref_axis',(0.,0.,-1.));
#2015=DIRECTION('center_axis',(0.,1.99680400112438E-17,-1.));
#2016=DIRECTION('ref_axis',(0.,1.,1.99680400112438E-17));
#2017=DIRECTION('center_axis',(0.,0.,1.));
#2018=DIRECTION('ref_axis',(1.,0.,0.));
#2019=DIRECTION('',(1.,0.,0.));
#2020=DIRECTION('',(0.,1.,0.));
#2021=DIRECTION('',(-1.,0.,0.));
#2022=DIRECTION('',(0.,-1.,0.));
#2023=DIRECTION('center_axis',(-1.,0.,0.));
#2024=DIRECTION('ref_axis',(0.,0.,1.));
#2025=DIRECTION('',(0.,0.,1.));
#2026=DIRECTION('',(0.,-1.,0.));
#2027=DIRECTION('',(0.,0.,1.));
#2028=DIRECTION('center_axis',(0.,0.,-1.));
#2029=DIRECTION('ref_axis',(0.,1.,0.));
#2030=DIRECTION('',(-1.,0.,0.));
#2031=DIRECTION('',(0.,1.,0.));
#2032=DIRECTION('',(1.,0.,0.));
#2033=DIRECTION('center_axis',(0.,-1.,0.));
#2034=DIRECTION('ref_axis',(0.,0.,-1.));
#2035=DIRECTION('',(0.,0.,1.));
#2036=DIRECTION('center_axis',(0.,1.,0.));
#2037=DIRECTION('ref_axis',(0.,0.,1.));
#2038=DIRECTION('',(0.,0.,1.));
#2039=DIRECTION('center_axis',(1.,0.,0.));
#2040=DIRECTION('ref_axis',(0.,0.,-1.));
#2041=DIRECTION('center_axis',(0.,0.,1.));
#2042=DIRECTION('ref_axis',(1.,0.,0.));
#2043=DIRECTION('',(1.,0.,0.));
#2044=DIRECTION('',(0.,1.,0.));
#2045=DIRECTION('',(-1.,0.,0.));
#2046=DIRECTION('',(0.,-1.,0.));
#2047=DIRECTION('center_axis',(-1.,0.,0.));
#2048=DIRECTION('ref_axis',(0.,0.,1.));
#2049=DIRECTION('',(0.,0.,1.));
#2050=DIRECTION('',(0.,-1.,0.));
#2051=DIRECTION('',(0.,0.,1.));
#2052=DIRECTION('center_axis',(0.,0.,-1.));
#2053=DIRECTION('ref_axis',(0.,1.,0.));
#2054=DIRECTION('',(-1.,0.,0.));
#2055=DIRECTION('',(0.,1.,0.));
#2056=DIRECTION('',(1.,0.,0.));
#2057=DIRECTION('center_axis',(0.,-1.,0.));
#2058=DIRECTION('ref_axis',(0.,0.,-1.));
#2059=DIRECTION('',(0.,0.,1.));
#2060=DIRECTION('center_axis',(0.,1.,0.));
#2061=DIRECTION('ref_axis',(0.,0.,1.));
#2062=DIRECTION('',(0.,0.,1.));
#2063=DIRECTION('center_axis',(1.,0.,0.));
#2064=DIRECTION('ref_axis',(0.,0.,-1.));
#2065=DIRECTION('center_axis',(0.,0.,1.));
#2066=DIRECTION('ref_axis',(1.,0.,0.));
#2067=DIRECTION('',(1.,0.,0.));
#2068=DIRECTION('',(0.,1.,0.));
#2069=DIRECTION('',(-1.,0.,0.));
#2070=DIRECTION('',(0.,-1.,0.));
#2071=DIRECTION('center_axis',(-1.,0.,0.));
#2072=DIRECTION('ref_axis',(0.,0.,1.));
#2073=DIRECTION('',(0.,0.,1.));
#2074=DIRECTION('',(0.,-1.,0.));
#2075=DIRECTION('',(0.,0.,1.));
#2076=DIRECTION('center_axis',(0.,0.,-1.));
#2077=DIRECTION('ref_axis',(0.,1.,0.));
#2078=DIRECTION('',(-1.,0.,0.));
#2079=DIRECTION('',(0.,1.,0.));
#2080=DIRECTION('',(1.,0.,0.));
#2081=DIRECTION('center_axis',(0.,-1.,0.));
#2082=DIRECTION('ref_axis',(0.,0.,-1.));
#2083=DIRECTION('',(0.,0.,1.));
#2084=DIRECTION('center_axis',(0.,1.,0.));
#2085=DIRECTION('ref_axis',(0.,0.,1.));
#2086=DIRECTION('',(0.,0.,1.));
#2087=DIRECTION('center_axis',(1.,0.,0.));
#2088=DIRECTION('ref_axis',(0.,0.,-1.));
#2089=DIRECTION('center_axis',(-1.,0.,0.));
#2090=DIRECTION('ref_axis',(0.,0.707106781186549,0.707106781186546));
#2091=DIRECTION('center_axis',(1.,0.,0.));
#2092=DIRECTION('ref_axis',(0.,0.707106781186549,0.707106781186546));
#2093=DIRECTION('',(1.,0.,0.));
#2094=DIRECTION('center_axis',(-1.,0.,0.));
#2095=DIRECTION('ref_axis',(0.,0.707106781186549,0.707106781186546));
#2096=DIRECTION('',(-1.,0.,0.));
#2097=DIRECTION('center_axis',(1.,0.,0.));
#2098=DIRECTION('ref_axis',(0.,0.,-1.));
#2099=DIRECTION('',(0.,1.,0.));
#2100=DIRECTION('',(0.,0.,1.));
#2101=DIRECTION('',(0.,1.,0.));
#2102=DIRECTION('',(0.,0.,1.));
#2103=DIRECTION('center_axis',(0.,0.,1.));
#2104=DIRECTION('ref_axis',(1.,0.,0.));
#2105=DIRECTION('',(0.,-1.,0.));
#2106=DIRECTION('',(1.,0.,0.));
#2107=DIRECTION('center_axis',(-1.,0.,0.));
#2108=DIRECTION('ref_axis',(0.,0.,1.));
#2109=DIRECTION('',(0.,0.,1.));
#2110=DIRECTION('',(0.,-1.,0.));
#2111=DIRECTION('',(0.,0.,1.));
#2112=DIRECTION('center_axis',(0.,0.,-1.));
#2113=DIRECTION('ref_axis',(0.,1.,0.));
#2114=DIRECTION('',(-1.,0.,0.));
#2115=DIRECTION('',(1.,0.,0.));
#2116=DIRECTION('center_axis',(0.,-1.,0.));
#2117=DIRECTION('ref_axis',(0.,0.,-1.));
#2118=DIRECTION('center_axis',(0.,1.,0.));
#2119=DIRECTION('ref_axis',(0.,0.,1.));
#2120=CARTESIAN_POINT('',(0.,0.,0.));
#2121=CARTESIAN_POINT('Origin',(-0.333990039769421,5.20661094116095,-2.));
#2122=CARTESIAN_POINT('',(0.333990039769421,5.20661094116095,4.3));
#2123=CARTESIAN_POINT('',(-0.333990039769421,5.20661094116095,4.3));
#2124=CARTESIAN_POINT('',(-0.78699501988471,5.20661094116095,4.3));
#2125=CARTESIAN_POINT('',(0.333990039769421,5.20661094116095,-2.));
#2126=CARTESIAN_POINT('',(0.333990039769421,5.20661094116095,-2.));
#2127=CARTESIAN_POINT('',(-0.333990039769421,5.20661094116095,-2.));
#2128=CARTESIAN_POINT('',(-0.16699501988471,5.20661094116095,-2.));
#2129=CARTESIAN_POINT('',(-0.333990039769421,5.20661094116095,-2.));
#2130=CARTESIAN_POINT('Origin',(0.,6.85,0.));
#2131=CARTESIAN_POINT('',(0.333990039769421,6.85,-3.92));
#2132=CARTESIAN_POINT('',(0.333990039769421,6.85,4.3));
#2133=CARTESIAN_POINT('',(0.333990039769421,6.85,-1.));
#2134=CARTESIAN_POINT('',(1.24,6.85,4.3));
#2135=CARTESIAN_POINT('',(1.24,6.85,4.3));
#2136=CARTESIAN_POINT('',(1.24,6.85,-4.3));
#2137=CARTESIAN_POINT('',(1.24,6.85,-4.3));
#2138=CARTESIAN_POINT('',(0.86,6.85,-4.3));
#2139=CARTESIAN_POINT('',(-1.24,6.85,-4.3));
#2140=CARTESIAN_POINT('',(0.86,6.85,-3.92));
#2141=CARTESIAN_POINT('',(0.86,6.85,-3.92));
#2142=CARTESIAN_POINT('',(-0.86,6.85,-3.92));
#2143=CARTESIAN_POINT('Origin',(0.,6.85,0.));
#2144=CARTESIAN_POINT('',(-0.333990039769421,6.85,4.3));
#2145=CARTESIAN_POINT('',(-0.333990039769421,6.85,-3.92));
#2146=CARTESIAN_POINT('',(-0.333990039769421,6.85,-1.96));
#2147=CARTESIAN_POINT('',(-0.86,6.85,-3.92));
#2148=CARTESIAN_POINT('',(-0.86,6.85,-3.92));
#2149=CARTESIAN_POINT('',(-0.86,6.85,-4.3));
#2150=CARTESIAN_POINT('',(-0.86,6.85,-3.92));
#2151=CARTESIAN_POINT('',(-1.24,6.85,-4.3));
#2152=CARTESIAN_POINT('',(-1.24,6.85,-4.3));
#2153=CARTESIAN_POINT('',(-1.24,6.85,4.3));
#2154=CARTESIAN_POINT('',(-1.24,6.85,4.3));
#2155=CARTESIAN_POINT('',(1.24,6.85,4.3));
#2156=CARTESIAN_POINT('Origin',(0.,2.23300498011529,-2.));
#2157=CARTESIAN_POINT('',(0.333990039769421,-2.38399003976942,-2.));
#2158=CARTESIAN_POINT('',(0.333990039769421,-0.0754925298270658,-2.));
#2159=CARTESIAN_POINT('',(-0.333990039769421,-2.38399003976942,-2.));
#2160=CARTESIAN_POINT('',(-0.16699501988471,-2.38399003976942,-2.));
#2161=CARTESIAN_POINT('',(-0.333990039769421,4.54150249005765,-2.));
#2162=CARTESIAN_POINT('Origin',(-0.333990039769421,6.85,-3.92));
#2163=CARTESIAN_POINT('',(-0.333990039769421,-2.38399003976942,-3.92));
#2164=CARTESIAN_POINT('',(-0.333990039769421,-2.38399003976942,-3.92));
#2165=CARTESIAN_POINT('',(-0.333990039769421,3.425,-3.92));
#2166=CARTESIAN_POINT('',(-0.333990039769421,3.425,4.3));
#2167=CARTESIAN_POINT('Origin',(-0.333990039769421,-2.38399003976942,-3.92));
#2168=CARTESIAN_POINT('',(0.333990039769421,-2.38399003976942,-3.92));
#2169=CARTESIAN_POINT('',(0.333990039769421,-2.38399003976942,-3.92));
#2170=CARTESIAN_POINT('',(0.263004980115289,-2.38399003976942,-3.92));
#2171=CARTESIAN_POINT('Origin',(0.333990039769421,-2.38399003976942,-3.92));
#2172=CARTESIAN_POINT('',(0.333990039769421,2.60330547058048,4.3));
#2173=CARTESIAN_POINT('',(0.333990039769421,-1.19199501988471,-3.92));
#2174=CARTESIAN_POINT('Origin',(-1.24,1.77,2.04));
#2175=CARTESIAN_POINT('',(-1.24,2.26993728075986,2.04));
#2176=CARTESIAN_POINT('Origin',(-1.24,1.77,2.04));
#2177=CARTESIAN_POINT('',(0.,2.26993728075986,2.04));
#2178=CARTESIAN_POINT('',(-1.24,2.26993728075986,2.04));
#2179=CARTESIAN_POINT('Origin',(0.,1.77,2.04));
#2180=CARTESIAN_POINT('Origin',(0.,1.77,2.04));
#2181=CARTESIAN_POINT('Origin',(-1.24,-3.31,-1.76));
#2182=CARTESIAN_POINT('',(-1.24,-2.81,-1.76));
#2183=CARTESIAN_POINT('Origin',(-1.24,-3.31,-1.76));
#2184=CARTESIAN_POINT('',(0.,-2.81,-1.76));
#2185=CARTESIAN_POINT('',(-1.24,-2.81,-1.76));
#2186=CARTESIAN_POINT('Origin',(0.,-3.31,-1.76));
#2187=CARTESIAN_POINT('Origin',(0.,-3.31,-1.76));
#2188=CARTESIAN_POINT('Origin',(0.,-5.48,-0.0600000000000001));
#2189=CARTESIAN_POINT('',(-1.24,-5.48,-0.0600000000000001));
#2190=CARTESIAN_POINT('',(-1.24,-6.85,-0.0600000000000001));
#2191=CARTESIAN_POINT('',(-1.24,-2.74,-0.0600000000000001));
#2192=CARTESIAN_POINT('',(1.24,-5.48,-0.0600000000000001));
#2193=CARTESIAN_POINT('',(0.,-5.48,-0.0600000000000001));
#2194=CARTESIAN_POINT('',(1.24,-6.85,-0.0600000000000001));
#2195=CARTESIAN_POINT('',(1.24,-2.74,-0.0600000000000001));
#2196=CARTESIAN_POINT('',(0.,-6.85,-0.0600000000000001));
#2197=CARTESIAN_POINT('Origin',(0.,-5.48,-3.46));
#2198=CARTESIAN_POINT('',(-1.24,-5.48,-3.46));
#2199=CARTESIAN_POINT('',(-1.24,-5.48,-3.88));
#2200=CARTESIAN_POINT('',(1.24,-5.48,-3.46));
#2201=CARTESIAN_POINT('',(0.,-5.48,-3.46));
#2202=CARTESIAN_POINT('',(1.24,-5.48,0.42));
#2203=CARTESIAN_POINT('Origin',(0.,-7.05,-3.46));
#2204=CARTESIAN_POINT('',(-1.24,-6.85,-3.46));
#2205=CARTESIAN_POINT('',(-1.24,-3.525,-3.46));
#2206=CARTESIAN_POINT('',(1.24,-6.85,-3.46));
#2207=CARTESIAN_POINT('',(0.,-6.85,-3.46));
#2208=CARTESIAN_POINT('',(1.24,-3.525,-3.46));
#2209=CARTESIAN_POINT('Origin',(-1.24,0.,-4.3));
#2210=CARTESIAN_POINT('',(-1.24,-6.85,0.349999999999999));
#2211=CARTESIAN_POINT('',(-1.24,-6.85,4.3));
#2212=CARTESIAN_POINT('',(-1.24,-5.48,0.349999999999999));
#2213=CARTESIAN_POINT('',(-1.24,-3.525,0.349999999999999));
#2214=CARTESIAN_POINT('',(-1.24,-5.48,3.75));
#2215=CARTESIAN_POINT('',(-1.24,-5.48,-1.975));
#2216=CARTESIAN_POINT('',(-1.24,-6.85,3.75));
#2217=CARTESIAN_POINT('',(-1.24,-2.74,3.75));
#2218=CARTESIAN_POINT('',(-1.24,-6.85,4.3));
#2219=CARTESIAN_POINT('',(-1.24,-6.85,4.3));
#2220=CARTESIAN_POINT('',(-1.24,0.,4.3));
#2221=CARTESIAN_POINT('',(-1.24,-6.85,-4.3));
#2222=CARTESIAN_POINT('',(-1.24,0.,-4.3));
#2223=CARTESIAN_POINT('',(-1.24,-6.85,4.3));
#2224=CARTESIAN_POINT('Origin',(0.,-6.85,0.));
#2225=CARTESIAN_POINT('',(1.24,-6.85,0.349999999999999));
#2226=CARTESIAN_POINT('',(1.24,-6.85,-4.3));
#2227=CARTESIAN_POINT('',(0.,-6.85,0.349999999999999));
#2228=CARTESIAN_POINT('Origin',(0.,-5.48,3.75));
#2229=CARTESIAN_POINT('',(1.24,-5.48,3.75));
#2230=CARTESIAN_POINT('',(0.,-5.48,3.75));
#2231=CARTESIAN_POINT('',(1.24,-6.85,3.75));
#2232=CARTESIAN_POINT('',(1.24,-2.74,3.75));
#2233=CARTESIAN_POINT('',(0.,-6.85,3.75));
#2234=CARTESIAN_POINT('Origin',(0.,-5.48,0.349999999999999));
#2235=CARTESIAN_POINT('',(1.24,-5.48,0.349999999999999));
#2236=CARTESIAN_POINT('',(0.,-5.48,0.349999999999999));
#2237=CARTESIAN_POINT('',(1.24,-5.48,2.325));
#2238=CARTESIAN_POINT('Origin',(0.,-7.05,0.349999999999999));
#2239=CARTESIAN_POINT('',(1.24,-3.525,0.349999999999999));
#2240=CARTESIAN_POINT('Origin',(1.24,0.,4.3));
#2241=CARTESIAN_POINT('',(1.24,-6.85,-4.3));
#2242=CARTESIAN_POINT('',(1.24,-6.85,-4.3));
#2243=CARTESIAN_POINT('',(1.24,0.,-4.3));
#2244=CARTESIAN_POINT('',(1.24,-6.85,4.3));
#2245=CARTESIAN_POINT('',(1.24,0.,4.3));
#2246=CARTESIAN_POINT('',(1.24,-6.85,-4.3));
#2247=CARTESIAN_POINT('Origin',(0.,-6.85,0.));
#2248=CARTESIAN_POINT('',(-0.86,-6.85,-4.3));
#2249=CARTESIAN_POINT('',(-1.24,-6.85,-4.3));
#2250=CARTESIAN_POINT('',(-0.86,-6.85,-3.92));
#2251=CARTESIAN_POINT('',(-0.86,-6.85,-3.92));
#2252=CARTESIAN_POINT('',(0.86,-6.85,-3.92));
#2253=CARTESIAN_POINT('',(-0.86,-6.85,-3.92));
#2254=CARTESIAN_POINT('',(0.86,-6.85,-4.3));
#2255=CARTESIAN_POINT('',(0.86,-6.85,-3.92));
#2256=CARTESIAN_POINT('',(-1.24,-6.85,-4.3));
#2257=CARTESIAN_POINT('Origin',(0.,-6.85,0.));
#2258=CARTESIAN_POINT('',(1.24,-6.85,4.3));
#2259=CARTESIAN_POINT('Origin',(0.86,0.,-3.92));
#2260=CARTESIAN_POINT('',(0.86,0.,-3.92));
#2261=CARTESIAN_POINT('',(-0.86,0.,-3.92));
#2262=CARTESIAN_POINT('Origin',(0.86,0.,-4.3));
#2263=CARTESIAN_POINT('',(0.86,0.,-4.3));
#2264=CARTESIAN_POINT('Origin',(1.24,0.,-4.3));
#2265=CARTESIAN_POINT('Origin',(-1.24,0.,4.3));
#2266=CARTESIAN_POINT('Origin',(-0.86,0.,-4.3));
#2267=CARTESIAN_POINT('',(-0.86,0.,-4.3));
#2268=CARTESIAN_POINT('Origin',(-0.86,0.,-3.92));
#2269=CARTESIAN_POINT('Origin',(0.,-7.26,-1.76));
#2270=CARTESIAN_POINT('',(-1.10218211923262E-16,-7.05,-2.66));
#2271=CARTESIAN_POINT('Origin',(0.,-7.05,-1.76));
#2272=CARTESIAN_POINT('',(-1.10218211923262E-16,-7.67,-2.66));
#2273=CARTESIAN_POINT('',(-1.10218211923262E-16,-7.26,-2.66));
#2274=CARTESIAN_POINT('',(0.,-7.67,-0.86));
#2275=CARTESIAN_POINT('Origin',(0.,-7.67,-1.76));
#2276=CARTESIAN_POINT('Origin',(0.,-7.67,-1.76));
#2277=CARTESIAN_POINT('Origin',(0.,-7.67,-1.76));
#2278=CARTESIAN_POINT('',(6.74891902197836E-33,-8.57,-1.76));
#2279=CARTESIAN_POINT('Origin',(0.,-7.67,-1.76));
#2280=CARTESIAN_POINT('Origin',(-1.15,-6.95,-3.36));
#2281=CARTESIAN_POINT('',(-1.15,-6.95,-3.46));
#2282=CARTESIAN_POINT('',(-1.25,-6.95,-3.36));
#2283=CARTESIAN_POINT('Origin',(-1.15,-6.95,-3.36));
#2284=CARTESIAN_POINT('',(-1.15,-7.05,-3.36));
#2285=CARTESIAN_POINT('Origin',(-1.15,-6.95,-3.36));
#2286=CARTESIAN_POINT('Origin',(-1.15,-6.95,-3.36));
#2287=CARTESIAN_POINT('Origin',(1.15,-6.95,-3.36));
#2288=CARTESIAN_POINT('',(1.15,-7.05,-3.36));
#2289=CARTESIAN_POINT('',(1.25,-6.95,-3.36));
#2290=CARTESIAN_POINT('Origin',(1.15,-6.95,-3.36));
#2291=CARTESIAN_POINT('',(1.15,-6.95,-3.46));
#2292=CARTESIAN_POINT('Origin',(1.15,-6.95,-3.36));
#2293=CARTESIAN_POINT('Origin',(1.15,-6.95,-3.36));
#2294=CARTESIAN_POINT('Origin',(0.,-6.95,-3.36));
#2295=CARTESIAN_POINT('',(0.,-6.95,-3.46));
#2296=CARTESIAN_POINT('',(0.,-7.05,-3.36));
#2297=CARTESIAN_POINT('Origin',(1.15,-6.6575,-3.36));
#2298=CARTESIAN_POINT('',(1.15,-5.48,-3.46));
#2299=CARTESIAN_POINT('',(1.25,-5.48,-3.36));
#2300=CARTESIAN_POINT('Origin',(1.15,-5.48,-3.36));
#2301=CARTESIAN_POINT('',(1.25,-6.6575,-3.36));
#2302=CARTESIAN_POINT('',(1.15,-6.6575,-3.46));
#2303=CARTESIAN_POINT('Origin',(-1.15,-6.95,-0.345898384862245));
#2304=CARTESIAN_POINT('',(-1.15,-7.05,-0.345898384862246));
#2305=CARTESIAN_POINT('',(-1.25,-6.95,-0.345898384862245));
#2306=CARTESIAN_POINT('Origin',(-1.15,-6.95,-0.345898384862246));
#2307=CARTESIAN_POINT('',(-1.18150684931507,-6.95,-0.250991491296827));
#2308=CARTESIAN_POINT('Origin',(-1.15,-6.95,-0.345898384862245));
#2309=CARTESIAN_POINT('Origin',(-1.15,-6.95,-0.345898384862245));
#2310=CARTESIAN_POINT('Origin',(1.15,-6.95,-0.345898384862245));
#2311=CARTESIAN_POINT('',(1.15,-7.05,-0.345898384862246));
#2312=CARTESIAN_POINT('',(1.18150684931507,-6.95,-0.250991491296828));
#2313=CARTESIAN_POINT('Origin',(1.15,-6.95,-0.345898384862246));
#2314=CARTESIAN_POINT('',(1.25,-6.95,-0.345898384862245));
#2315=CARTESIAN_POINT('Origin',(1.15,-6.95,-0.345898384862245));
#2316=CARTESIAN_POINT('Origin',(1.15,-6.95,-0.345898384862245));
#2317=CARTESIAN_POINT('Origin',(1.15,-6.95,-0.91));
#2318=CARTESIAN_POINT('',(1.25,-6.95,-0.91));
#2319=CARTESIAN_POINT('',(1.15,-7.05,-0.91));
#2320=CARTESIAN_POINT('Origin',(1.15,-7.05,-0.345898384862245));
#2321=CARTESIAN_POINT('',(1.25,-5.48,-0.345898384862245));
#2322=CARTESIAN_POINT('',(1.18150684931507,-5.48,-0.250991491296828));
#2323=CARTESIAN_POINT('Origin',(1.15,-5.48,-0.345898384862245));
#2324=CARTESIAN_POINT('',(1.18150684931507,-7.05,-0.250991491296827));
#2325=CARTESIAN_POINT('',(1.25,-7.05,-0.345898384862245));
#2326=CARTESIAN_POINT('Origin',(0.,-6.95,-3.81));
#2327=CARTESIAN_POINT('Origin',(0.,-7.05,-3.81));
#2328=CARTESIAN_POINT('Origin',(0.,-6.95,-3.81));
#2329=CARTESIAN_POINT('Origin',(-1.15,-7.05,-0.345898384862245));
#2330=CARTESIAN_POINT('',(-1.18150684931507,-5.48,-0.250991491296828));
#2331=CARTESIAN_POINT('',(-1.25,-5.48,-0.345898384862245));
#2332=CARTESIAN_POINT('Origin',(-1.15,-5.48,-0.345898384862245));
#2333=CARTESIAN_POINT('',(-1.25,-7.05,-0.345898384862245));
#2334=CARTESIAN_POINT('',(-1.18150684931507,-7.05,-0.250991491296827));
#2335=CARTESIAN_POINT('Origin',(-1.15,-6.95,-0.91));
#2336=CARTESIAN_POINT('',(-1.25,-6.95,-0.91));
#2337=CARTESIAN_POINT('',(-1.15,-7.05,-0.91));
#2338=CARTESIAN_POINT('Origin',(-1.15,-6.6575,-3.36));
#2339=CARTESIAN_POINT('',(-1.25,-5.48,-3.36));
#2340=CARTESIAN_POINT('',(-1.15,-5.48,-3.46));
#2341=CARTESIAN_POINT('Origin',(-1.15,-5.48,-3.36));
#2342=CARTESIAN_POINT('',(-1.15,-6.6575,-3.46));
#2343=CARTESIAN_POINT('',(-1.25,-6.6575,-3.36));
#2344=CARTESIAN_POINT('Origin',(0.,-7.05,-3.46));
#2345=CARTESIAN_POINT('',(0.,-5.48,-3.46));
#2346=CARTESIAN_POINT('Origin',(-1.25,-6.265,-1.76));
#2347=CARTESIAN_POINT('',(-1.25,-5.48,-3.46));
#2348=CARTESIAN_POINT('Origin',(0.,-5.48,-3.46));
#2349=CARTESIAN_POINT('Origin',(0.,-5.48,-3.81));
#2350=CARTESIAN_POINT('',(1.25,-5.48,-3.46));
#2351=CARTESIAN_POINT('Origin',(0.,-7.05,-0.0600000000000001));
#2352=CARTESIAN_POINT('Origin',(0.,-7.05,-3.81));
#2353=CARTESIAN_POINT('Origin',(1.25,-6.265,-1.76));
#2354=CARTESIAN_POINT('Origin',(0.,-7.21,2.05));
#2355=CARTESIAN_POINT('',(-1.22464679914735E-16,-7.05,1.05));
#2356=CARTESIAN_POINT('Origin',(0.,-7.05,2.05));
#2357=CARTESIAN_POINT('',(-1.22464679914735E-16,-7.57,1.05));
#2358=CARTESIAN_POINT('',(-1.22464679914735E-16,-7.21,1.05));
#2359=CARTESIAN_POINT('',(0.,-7.57,3.05));
#2360=CARTESIAN_POINT('Origin',(0.,-7.57,2.05));
#2361=CARTESIAN_POINT('Origin',(0.,-7.57,2.05));
#2362=CARTESIAN_POINT('Origin',(0.,-7.57,2.05));
#2363=CARTESIAN_POINT('',(7.4987989133093E-33,-8.57,2.05));
#2364=CARTESIAN_POINT('Origin',(0.,-7.57,2.05));
#2365=CARTESIAN_POINT('Origin',(-1.15,-6.95,3.46410161513775));
#2366=CARTESIAN_POINT('',(-1.15,-7.05,3.46410161513775));
#2367=CARTESIAN_POINT('',(-1.25,-6.95,3.46410161513775));
#2368=CARTESIAN_POINT('Origin',(-1.15,-6.95,3.46410161513775));
#2369=CARTESIAN_POINT('',(-1.18150684931507,-6.95,3.55900850870317));
#2370=CARTESIAN_POINT('Origin',(-1.15,-6.95,3.46410161513775));
#2371=CARTESIAN_POINT('Origin',(-1.15,-6.95,3.46410161513775));
#2372=CARTESIAN_POINT('Origin',(1.15,-6.95,3.46410161513775));
#2373=CARTESIAN_POINT('',(1.15,-7.05,3.46410161513775));
#2374=CARTESIAN_POINT('',(1.18150684931507,-6.95,3.55900850870317));
#2375=CARTESIAN_POINT('Origin',(1.15,-6.95,3.46410161513775));
#2376=CARTESIAN_POINT('',(1.25,-6.95,3.46410161513775));
#2377=CARTESIAN_POINT('Origin',(1.15,-6.95,3.46410161513775));
#2378=CARTESIAN_POINT('Origin',(1.15,-6.95,3.46410161513775));
#2379=CARTESIAN_POINT('Origin',(-1.15,-6.95,0.449999999999999));
#2380=CARTESIAN_POINT('',(-1.15,-6.95,0.349999999999999));
#2381=CARTESIAN_POINT('',(-1.25,-6.95,0.449999999999999));
#2382=CARTESIAN_POINT('Origin',(-1.15,-6.95,0.449999999999999));
#2383=CARTESIAN_POINT('',(-1.15,-7.05,0.449999999999999));
#2384=CARTESIAN_POINT('Origin',(-1.15,-6.95,0.449999999999999));
#2385=CARTESIAN_POINT('Origin',(-1.15,-6.95,0.449999999999999));
#2386=CARTESIAN_POINT('Origin',(1.15,-6.95,0.449999999999999));
#2387=CARTESIAN_POINT('',(1.15,-7.05,0.449999999999999));
#2388=CARTESIAN_POINT('',(1.25,-6.95,0.449999999999999));
#2389=CARTESIAN_POINT('Origin',(1.15,-6.95,0.449999999999999));
#2390=CARTESIAN_POINT('',(1.15,-6.95,0.349999999999999));
#2391=CARTESIAN_POINT('Origin',(1.15,-6.95,0.449999999999999));
#2392=CARTESIAN_POINT('Origin',(1.15,-6.95,0.449999999999999));
#2393=CARTESIAN_POINT('Origin',(0.,-6.95,0.449999999999999));
#2394=CARTESIAN_POINT('',(0.,-6.95,0.349999999999999));
#2395=CARTESIAN_POINT('',(0.,-7.05,0.449999999999999));
#2396=CARTESIAN_POINT('Origin',(1.15,-6.6575,0.449999999999999));
#2397=CARTESIAN_POINT('',(1.15,-5.48,0.349999999999999));
#2398=CARTESIAN_POINT('',(1.25,-5.48,0.449999999999999));
#2399=CARTESIAN_POINT('Origin',(1.15,-5.48,0.449999999999999));
#2400=CARTESIAN_POINT('',(1.25,-6.6575,0.449999999999999));
#2401=CARTESIAN_POINT('',(1.15,-6.6575,0.349999999999999));
#2402=CARTESIAN_POINT('Origin',(1.15,-6.95,2.9));
#2403=CARTESIAN_POINT('',(1.25,-6.95,2.9));
#2404=CARTESIAN_POINT('',(1.15,-7.05,2.9));
#2405=CARTESIAN_POINT('Origin',(-1.15,-6.95,2.9));
#2406=CARTESIAN_POINT('',(-1.25,-6.95,2.9));
#2407=CARTESIAN_POINT('',(-1.15,-7.05,2.9));
#2408=CARTESIAN_POINT('Origin',(-1.15,-6.6575,0.449999999999999));
#2409=CARTESIAN_POINT('',(-1.25,-5.48,0.449999999999999));
#2410=CARTESIAN_POINT('',(-1.15,-5.48,0.349999999999999));
#2411=CARTESIAN_POINT('Origin',(-1.15,-5.48,0.449999999999999));
#2412=CARTESIAN_POINT('',(-1.15,-6.6575,0.349999999999999));
#2413=CARTESIAN_POINT('',(-1.25,-6.6575,0.449999999999999));
#2414=CARTESIAN_POINT('Origin',(1.15,-7.05,3.46410161513775));
#2415=CARTESIAN_POINT('',(1.25,-5.48,3.46410161513775));
#2416=CARTESIAN_POINT('',(1.18150684931507,-5.48,3.55900850870317));
#2417=CARTESIAN_POINT('Origin',(1.15,-5.48,3.46410161513775));
#2418=CARTESIAN_POINT('',(1.18150684931507,-7.05,3.55900850870317));
#2419=CARTESIAN_POINT('',(1.25,-7.05,3.46410161513775));
#2420=CARTESIAN_POINT('Origin',(0.,-6.95,0.));
#2421=CARTESIAN_POINT('Origin',(0.,-7.05,0.));
#2422=CARTESIAN_POINT('Origin',(0.,-6.95,0.));
#2423=CARTESIAN_POINT('Origin',(-1.15,-7.05,3.46410161513775));
#2424=CARTESIAN_POINT('',(-1.18150684931507,-5.48,3.55900850870317));
#2425=CARTESIAN_POINT('',(-1.25,-5.48,3.46410161513775));
#2426=CARTESIAN_POINT('Origin',(-1.15,-5.48,3.46410161513775));
#2427=CARTESIAN_POINT('',(-1.25,-7.05,3.46410161513775));
#2428=CARTESIAN_POINT('',(-1.18150684931507,-7.05,3.55900850870317));
#2429=CARTESIAN_POINT('Origin',(-1.25,-6.265,2.05));
#2430=CARTESIAN_POINT('',(-1.25,-5.48,0.349999999999999));
#2431=CARTESIAN_POINT('Origin',(0.,-7.05,0.));
#2432=CARTESIAN_POINT('Origin',(0.,-5.48,0.));
#2433=CARTESIAN_POINT('Origin',(0.,-5.48,0.349999999999999));
#2434=CARTESIAN_POINT('',(1.25,-5.48,0.349999999999999));
#2435=CARTESIAN_POINT('',(0.,-5.48,0.349999999999999));
#2436=CARTESIAN_POINT('Origin',(0.,-7.05,3.75));
#2437=CARTESIAN_POINT('Origin',(1.25,-6.265,2.05));
#2438=CARTESIAN_POINT('Origin',(0.,-7.05,0.349999999999999));
#2439=CARTESIAN_POINT('Origin',(0.,-1.795,-5.55111512312578E-16));
#2440=CARTESIAN_POINT('',(-0.255,-2.305,-5.55111512312578E-16));
#2441=CARTESIAN_POINT('',(0.255,-2.305,-5.55111512312578E-16));
#2442=CARTESIAN_POINT('',(0.,-2.305,-5.55111512312578E-16));
#2443=CARTESIAN_POINT('',(0.255,-1.795,-5.55111512312578E-16));
#2444=CARTESIAN_POINT('',(0.255,-6.85,-5.55111512312578E-16));
#2445=CARTESIAN_POINT('',(-0.255,-1.795,-5.55111512312578E-16));
#2446=CARTESIAN_POINT('',(0.,-1.795,-5.55111512312578E-16));
#2447=CARTESIAN_POINT('',(-0.255,-6.85,-5.55111512312578E-16));
#2448=CARTESIAN_POINT('Origin',(-0.255,-2.05,-5.8));
#2449=CARTESIAN_POINT('',(-0.255,-1.795,-7.3));
#2450=CARTESIAN_POINT('',(-0.255,-1.795,-4.3));
#2451=CARTESIAN_POINT('',(-0.255,-2.305,-7.3));
#2452=CARTESIAN_POINT('',(-0.255,-6.85,-7.3));
#2453=CARTESIAN_POINT('',(-0.255,-2.305,-7.3));
#2454=CARTESIAN_POINT('Origin',(0.,-2.305,-7.3));
#2455=CARTESIAN_POINT('',(0.255,-1.795,-7.3));
#2456=CARTESIAN_POINT('',(0.,-1.795,-7.3));
#2457=CARTESIAN_POINT('',(0.255,-2.305,-7.3));
#2458=CARTESIAN_POINT('',(0.255,-6.85,-7.3));
#2459=CARTESIAN_POINT('',(0.,-2.305,-7.3));
#2460=CARTESIAN_POINT('Origin',(0.,-2.305,-4.3));
#2461=CARTESIAN_POINT('',(0.255,-2.305,-4.3));
#2462=CARTESIAN_POINT('Origin',(0.,-1.795,-7.3));
#2463=CARTESIAN_POINT('',(0.255,-1.795,-7.3));
#2464=CARTESIAN_POINT('Origin',(0.255,-2.05,-5.8));
#2465=CARTESIAN_POINT('Origin',(0.,0.704999999999999,-5.55111512312578E-16));
#2466=CARTESIAN_POINT('',(-0.255,0.194999999999999,-5.55111512312578E-16));
#2467=CARTESIAN_POINT('',(0.255,0.194999999999999,-5.55111512312578E-16));
#2468=CARTESIAN_POINT('',(0.,0.194999999999999,-5.55111512312578E-16));
#2469=CARTESIAN_POINT('',(0.255,0.704999999999999,-5.55111512312578E-16));
#2470=CARTESIAN_POINT('',(0.255,-4.35,-5.55111512312578E-16));
#2471=CARTESIAN_POINT('',(-0.255,0.704999999999999,-5.55111512312578E-16));
#2472=CARTESIAN_POINT('',(0.,0.704999999999999,-5.55111512312578E-16));
#2473=CARTESIAN_POINT('',(-0.255,-4.35,-5.55111512312578E-16));
#2474=CARTESIAN_POINT('Origin',(-0.255,0.449999999999999,-5.8));
#2475=CARTESIAN_POINT('',(-0.255,0.704999999999999,-7.3));
#2476=CARTESIAN_POINT('',(-0.255,0.704999999999999,-4.3));
#2477=CARTESIAN_POINT('',(-0.255,0.194999999999999,-7.3));
#2478=CARTESIAN_POINT('',(-0.255,-4.35,-7.3));
#2479=CARTESIAN_POINT('',(-0.255,0.194999999999999,-7.3));
#2480=CARTESIAN_POINT('Origin',(0.,0.195,-7.3));
#2481=CARTESIAN_POINT('',(0.255,0.704999999999999,-7.3));
#2482=CARTESIAN_POINT('',(0.,0.704999999999999,-7.3));
#2483=CARTESIAN_POINT('',(0.255,0.194999999999999,-7.3));
#2484=CARTESIAN_POINT('',(0.255,-4.35,-7.3));
#2485=CARTESIAN_POINT('',(0.,0.194999999999999,-7.3));
#2486=CARTESIAN_POINT('Origin',(0.,0.194999999999999,-4.3));
#2487=CARTESIAN_POINT('',(0.255,0.194999999999999,-4.3));
#2488=CARTESIAN_POINT('Origin',(0.,0.704999999999999,-7.3));
#2489=CARTESIAN_POINT('',(0.255,0.704999999999999,-7.3));
#2490=CARTESIAN_POINT('Origin',(0.255,0.449999999999999,-5.8));
#2491=CARTESIAN_POINT('Origin',(0.,3.205,-5.55111512312578E-16));
#2492=CARTESIAN_POINT('',(-0.255,2.695,-5.55111512312578E-16));
#2493=CARTESIAN_POINT('',(0.255,2.695,-5.55111512312578E-16));
#2494=CARTESIAN_POINT('',(0.,2.695,-5.55111512312578E-16));
#2495=CARTESIAN_POINT('',(0.255,3.205,-5.55111512312578E-16));
#2496=CARTESIAN_POINT('',(0.255,-1.85,-5.55111512312578E-16));
#2497=CARTESIAN_POINT('',(-0.255,3.205,-5.55111512312578E-16));
#2498=CARTESIAN_POINT('',(0.,3.205,-5.55111512312578E-16));
#2499=CARTESIAN_POINT('',(-0.255,-1.85,-5.55111512312578E-16));
#2500=CARTESIAN_POINT('Origin',(-0.255,2.95,-5.8));
#2501=CARTESIAN_POINT('',(-0.255,3.205,-7.3));
#2502=CARTESIAN_POINT('',(-0.255,3.205,-4.3));
#2503=CARTESIAN_POINT('',(-0.255,2.695,-7.3));
#2504=CARTESIAN_POINT('',(-0.255,-1.85,-7.3));
#2505=CARTESIAN_POINT('',(-0.255,2.695,-7.3));
#2506=CARTESIAN_POINT('Origin',(0.,2.695,-7.3));
#2507=CARTESIAN_POINT('',(0.255,3.205,-7.3));
#2508=CARTESIAN_POINT('',(0.,3.205,-7.3));
#2509=CARTESIAN_POINT('',(0.255,2.695,-7.3));
#2510=CARTESIAN_POINT('',(0.255,-1.85,-7.3));
#2511=CARTESIAN_POINT('',(0.,2.695,-7.3));
#2512=CARTESIAN_POINT('Origin',(0.,2.695,-4.3));
#2513=CARTESIAN_POINT('',(0.255,2.695,-4.3));
#2514=CARTESIAN_POINT('Origin',(0.,3.205,-7.3));
#2515=CARTESIAN_POINT('',(0.255,3.205,-7.3));
#2516=CARTESIAN_POINT('Origin',(0.255,2.95,-5.8));
#2517=CARTESIAN_POINT('Origin',(0.,5.355,-0.35));
#2518=CARTESIAN_POINT('',(-0.255,5.705,-0.35));
#2519=CARTESIAN_POINT('',(-0.255,5.355,-5.55111512312578E-16));
#2520=CARTESIAN_POINT('Origin',(-0.255,5.355,-0.35));
#2521=CARTESIAN_POINT('',(0.255,5.355,-5.55111512312578E-16));
#2522=CARTESIAN_POINT('',(0.,5.355,-5.55111512312578E-16));
#2523=CARTESIAN_POINT('',(0.255,5.705,-0.35));
#2524=CARTESIAN_POINT('Origin',(0.255,5.355,-0.35));
#2525=CARTESIAN_POINT('',(0.,5.705,-0.35));
#2526=CARTESIAN_POINT('Origin',(0.255,5.45,-5.8));
#2527=CARTESIAN_POINT('',(0.255,5.195,-5.55111512312578E-16));
#2528=CARTESIAN_POINT('',(0.255,0.649999999999999,-5.55111512312578E-16));
#2529=CARTESIAN_POINT('',(0.255,5.195,-7.3));
#2530=CARTESIAN_POINT('',(0.255,5.195,-4.3));
#2531=CARTESIAN_POINT('',(0.255,5.705,-7.3));
#2532=CARTESIAN_POINT('',(0.255,0.649999999999999,-7.3));
#2533=CARTESIAN_POINT('',(0.255,5.705,-7.3));
#2534=CARTESIAN_POINT('Origin',(0.,5.705,-5.55111512312578E-16));
#2535=CARTESIAN_POINT('',(-0.255,5.195,-5.55111512312578E-16));
#2536=CARTESIAN_POINT('',(-0.255,0.649999999999999,-5.55111512312578E-16));
#2537=CARTESIAN_POINT('',(0.,5.195,-5.55111512312578E-16));
#2538=CARTESIAN_POINT('Origin',(-0.255,5.45,-5.8));
#2539=CARTESIAN_POINT('',(-0.255,5.705,-7.3));
#2540=CARTESIAN_POINT('',(-0.255,5.705,-4.3));
#2541=CARTESIAN_POINT('',(-0.255,5.195,-7.3));
#2542=CARTESIAN_POINT('',(-0.255,0.649999999999999,-7.3));
#2543=CARTESIAN_POINT('',(-0.255,5.195,-7.3));
#2544=CARTESIAN_POINT('Origin',(0.,5.195,-7.3));
#2545=CARTESIAN_POINT('',(0.,5.705,-7.3));
#2546=CARTESIAN_POINT('',(0.,5.195,-7.3));
#2547=CARTESIAN_POINT('Origin',(0.,5.195,-4.3));
#2548=CARTESIAN_POINT('Origin',(0.,5.705,-7.3));
#2549=UNCERTAINTY_MEASURE_WITH_UNIT(LENGTH_MEASURE(0.01),#2553,
'DISTANCE_ACCURACY_VALUE',
'Maximum model space distance between geometric entities at asserted c
onnectivities');
#2550=UNCERTAINTY_MEASURE_WITH_UNIT(LENGTH_MEASURE(0.01),#2553,
'DISTANCE_ACCURACY_VALUE',
'Maximum model space distance between geometric entities at asserted c
onnectivities');
#2551=(
GEOMETRIC_REPRESENTATION_CONTEXT(3)
GLOBAL_UNCERTAINTY_ASSIGNED_CONTEXT((#2549))
GLOBAL_UNIT_ASSIGNED_CONTEXT((#2553,#2555,#2556))
REPRESENTATION_CONTEXT('','3D')
);
#2552=(
GEOMETRIC_REPRESENTATION_CONTEXT(3)
GLOBAL_UNCERTAINTY_ASSIGNED_CONTEXT((#2550))
GLOBAL_UNIT_ASSIGNED_CONTEXT((#2553,#2555,#2556))
REPRESENTATION_CONTEXT('','3D')
);
#2553=(
LENGTH_UNIT()
NAMED_UNIT(*)
SI_UNIT(.MILLI.,.METRE.)
);
#2554=(
LENGTH_UNIT()
NAMED_UNIT(*)
SI_UNIT($,.METRE.)
);
#2555=(
NAMED_UNIT(*)
PLANE_ANGLE_UNIT()
SI_UNIT($,.RADIAN.)
);
#2556=(
NAMED_UNIT(*)
SI_UNIT($,.STERADIAN.)
SOLID_ANGLE_UNIT()
);
#2557=SHAPE_DEFINITION_REPRESENTATION(#2558,#2559);
#2558=PRODUCT_DEFINITION_SHAPE('',$,#2561);
#2559=SHAPE_REPRESENTATION('',(#1529),#2551);
#2560=PRODUCT_DEFINITION_CONTEXT('part definition',#2565,'design');
#2561=PRODUCT_DEFINITION('5710133F','5710133F v2',#2562,#2560);
#2562=PRODUCT_DEFINITION_FORMATION('',$,#2567);
#2563=PRODUCT_RELATED_PRODUCT_CATEGORY('5710133F v2','5710133F v2',(#2567));
#2564=APPLICATION_PROTOCOL_DEFINITION('international standard',
'automotive_design',2009,#2565);
#2565=APPLICATION_CONTEXT(
'Core Data for Automotive Mechanical Design Process');
#2566=PRODUCT_CONTEXT('part definition',#2565,'mechanical');
#2567=PRODUCT('5710133F','5710133F v2',$,(#2566));
#2568=PRESENTATION_STYLE_ASSIGNMENT((#2572));
#2569=PRESENTATION_STYLE_ASSIGNMENT((#2573));
#2570=PRESENTATION_STYLE_ASSIGNMENT((#2574));
#2571=PRESENTATION_STYLE_ASSIGNMENT((#2575));
#2572=SURFACE_STYLE_USAGE(.BOTH.,#2576);
#2573=SURFACE_STYLE_USAGE(.BOTH.,#2577);
#2574=SURFACE_STYLE_USAGE(.BOTH.,#2578);
#2575=SURFACE_STYLE_USAGE(.BOTH.,#2579);
#2576=SURFACE_SIDE_STYLE('',(#2580));
#2577=SURFACE_SIDE_STYLE('',(#2581));
#2578=SURFACE_SIDE_STYLE('',(#2582));
#2579=SURFACE_SIDE_STYLE('',(#2583));
#2580=SURFACE_STYLE_FILL_AREA(#2584);
#2581=SURFACE_STYLE_FILL_AREA(#2585);
#2582=SURFACE_STYLE_FILL_AREA(#2586);
#2583=SURFACE_STYLE_FILL_AREA(#2587);
#2584=FILL_AREA_STYLE('Steel - Satin',(#2588));
#2585=FILL_AREA_STYLE('Opaque(255,255,255) (1)',(#2589));
#2586=FILL_AREA_STYLE('Opaque(255,255,255)',(#2590));
#2587=FILL_AREA_STYLE('Nickel - Polished',(#2591));
#2588=FILL_AREA_STYLE_COLOUR('Steel - Satin',#2592);
#2589=FILL_AREA_STYLE_COLOUR('Opaque(255,255,255) (1)',#2593);
#2590=FILL_AREA_STYLE_COLOUR('Opaque(255,255,255)',#2594);
#2591=FILL_AREA_STYLE_COLOUR('Nickel - Polished',#2595);
#2592=COLOUR_RGB('Steel - Satin',0.627450980392157,0.627450980392157,0.627450980392157);
#2593=COLOUR_RGB('Opaque(255,255,255) (1)',0.294117647058824,0.290196078431373,
0.290196078431373);
#2594=COLOUR_RGB('Opaque(255,255,255)',0.929411764705882,0.945098039215686,
0.0509803921568627);
#2595=COLOUR_RGB('Nickel - Polished',0.819607843137255,0.8,0.752941176470588);
ENDSEC;
END-ISO-10303-21;
