ISO-10303-21;
HEADER;
FILE_DESCRIPTION (( 'STEP AP214' ),
    '1' );
FILE_NAME ('5710112F.STEP',
    '2023-07-18T04:23:20',
    ( '' ),
    ( '' ),
    'SwSTEP 2.0',
    'SolidWorks 2022',
    '' );
FILE_SCHEMA (( 'AUTOMOTIVE_DESIGN' ));
ENDSEC;

DATA;
#1 = DIRECTION ( 'NONE',  ( 0.000000000000000000, 0.000000000000000000, -1.000000000000000000 ) ) ;
#2 = DIRECTION ( 'NONE',  ( 0.000000000000000000, 0.000000000000000000, -1.000000000000000000 ) ) ;
#3 = DIRECTION ( 'NONE',  ( 0.000000000000000000, 0.000000000000000000, -1.000000000000000000 ) ) ;
#4 = PLANE ( 'NONE',  #1255 ) ;
#5 = EDGE_CURVE ( 'NONE', #2291, #2866, #3869, .T. ) ;
#6 = VECTOR ( 'NONE', #4304, 1000.000000000000000 ) ;
#7 = DIRECTION ( 'NONE',  ( 0.000000000000000000, 0.000000000000000000, -1.000000000000000000 ) ) ;
#8 = CIRCLE ( 'NONE', #3629, 0.07499999999999998335 ) ;
#9 = SURFACE_SIDE_STYLE ('',( #4119 ) ) ;
#10 = ORIENTED_EDGE ( 'NONE', *, *, #2034, .F. ) ;
#11 =( GEOMETRIC_REPRESENTATION_CONTEXT ( 3 ) GLOBAL_UNCERTAINTY_ASSIGNED_CONTEXT ( ( #2809 ) ) GLOBAL_UNIT_ASSIGNED_CONTEXT ( ( #2535, #4337, #1838 ) ) REPRESENTATION_CONTEXT ( 'NONE', 'WORKASPACE' ) );
#12 = ORIENTED_EDGE ( 'NONE', *, *, #2102, .T. ) ;
#13 = EDGE_CURVE ( 'NONE', #2688, #775, #696, .T. ) ;
#14 = SURFACE_STYLE_FILL_AREA ( #3077 ) ;
#15 = PRESENTATION_LAYER_ASSIGNMENT (  '', '', ( #957 ) ) ;
#16 = DIRECTION ( 'NONE',  ( 0.000000000000000000, 0.000000000000000000, -1.000000000000000000 ) ) ;
#17 = CIRCLE ( 'NONE', #2979, 0.9000000000000000222 ) ;
#18 = ORIENTED_EDGE ( 'NONE', *, *, #2975, .T. ) ;
#19 = COLOUR_RGB ( '',1.000000000000000000, 0.000000000000000000, 0.000000000000000000 ) ;
#20 = DIRECTION ( 'NONE',  ( 0.000000000000000000, 0.000000000000000000, 1.000000000000000000 ) ) ;
#21 = STYLED_ITEM ( 'NONE', ( #3563 ), #4450 ) ;
#22 = FILL_AREA_STYLE ('',( #2134 ) ) ;
#23 = ORIENTED_EDGE ( 'NONE', *, *, #2224, .F. ) ;
#24 = CARTESIAN_POINT ( 'NONE',  ( -5.554999999999997051, -2.062499999999998224, 0.000000000000000000 ) ) ;
#25 = CARTESIAN_POINT ( 'NONE',  ( -5.479999999999996874, -0.2499999999999982792, -1.239999999999999991 ) ) ;
#26 = CARTESIAN_POINT ( 'NONE',  ( -6.849999999999998757, -0.2499999999999982792, -1.239999999999999991 ) ) ;
#27 =( NAMED_UNIT ( * ) SI_UNIT ( $, .STERADIAN. ) SOLID_ANGLE_UNIT ( ) );
#28 = CARTESIAN_POINT ( 'NONE',  ( -7.669999999999998153, 1.818390749886862556, 0.000000000000000000 ) ) ;
#29 =( NAMED_UNIT ( * ) PLANE_ANGLE_UNIT ( ) SI_UNIT ( $, .RADIAN. ) );
#30 = EDGE_CURVE ( 'NONE', #2073, #807, #4461, .T. ) ;
#31 = FILL_AREA_STYLE_COLOUR ( '', #2196 ) ;
#32 = ORIENTED_EDGE ( 'NONE', *, *, #2009, .F. ) ;
#33 = LINE ( 'NONE', #4166, #907 ) ;
#34 = UNCERTAINTY_MEASURE_WITH_UNIT (LENGTH_MEASURE( 1.000000000000000082E-05 ), #2793, 'distance_accuracy_value', 'NONE');
#35 = VECTOR ( 'NONE', #716, 1000.000000000000000 ) ;
#36 = DIRECTION ( 'NONE',  ( 0.000000000000000000, 0.000000000000000000, 1.000000000000000000 ) ) ;
#37 = EDGE_CURVE ( 'NONE', #1186, #1627, #4121, .T. ) ;
#38 = EDGE_CURVE ( 'NONE', #4397, #1634, #33, .T. ) ;
#39 = LINE ( 'NONE', #1415, #2048 ) ;
#40 = PRESENTATION_LAYER_ASSIGNMENT (  '', '', ( #2937 ) ) ;
#41 = AXIS2_PLACEMENT_3D ( 'NONE', #494, #2596, #1143 ) ;
#42 = ORIENTED_EDGE ( 'NONE', *, *, #653, .T. ) ;
#43 = PRESENTATION_LAYER_ASSIGNMENT (  '', '', ( #1338 ) ) ;
#44 = VECTOR ( 'NONE', #492, 1000.000000000000000 ) ;
#45 = LINE ( 'NONE', #3192, #2475 ) ;
#46 = PLANE ( 'NONE',  #1205 ) ;
#47 = SURFACE_SIDE_STYLE ('',( #1061 ) ) ;
#48 = EDGE_CURVE ( 'NONE', #619, #4271, #3842, .T. ) ;
#49 = ORIENTED_EDGE ( 'NONE', *, *, #2500, .F. ) ;
#50 = UNCERTAINTY_MEASURE_WITH_UNIT (LENGTH_MEASURE( 1.000000000000000082E-05 ), #773, 'distance_accuracy_value', 'NONE');
#51 = CIRCLE ( 'NONE', #917, 0.9000000000000000222 ) ;
#52 = CARTESIAN_POINT ( 'NONE',  ( -7.124999999999997335, -2.307774158913503015, 0.9000000000000000222 ) ) ;
#53 = FACE_OUTER_BOUND ( 'NONE', #1325, .T. ) ;
#54 =( NAMED_UNIT ( * ) PLANE_ANGLE_UNIT ( ) SI_UNIT ( $, .RADIAN. ) );
#55 = STYLED_ITEM ( 'NONE', ( #1708 ), #1362 ) ;
#56 = PRESENTATION_STYLE_ASSIGNMENT (( #1735 ) ) ;
#57 = LINE ( 'NONE', #1335, #260 ) ;
#58 =( NAMED_UNIT ( * ) PLANE_ANGLE_UNIT ( ) SI_UNIT ( $, .RADIAN. ) );
#59 =( NAMED_UNIT ( * ) SI_UNIT ( $, .STERADIAN. ) SOLID_ANGLE_UNIT ( ) );
#60 = AXIS2_PLACEMENT_3D ( 'NONE', #465, #3633, #1576 ) ;
#61 = ORIENTED_EDGE ( 'NONE', *, *, #4033, .T. ) ;
#62 = DIRECTION ( 'NONE',  ( 1.000000000000000000, 0.000000000000000000, 0.000000000000000000 ) ) ;
#63 = LINE ( 'NONE', #1791, #1062 ) ;
#64 = PLANE ( 'NONE',  #1857 ) ;
#65 = PRESENTATION_LAYER_ASSIGNMENT (  '', '', ( #1006 ) ) ;
#66 = ORIENTED_EDGE ( 'NONE', *, *, #3249, .T. ) ;
#67 = SURFACE_SIDE_STYLE ('',( #2106 ) ) ;
#68 = MECHANICAL_DESIGN_GEOMETRIC_PRESENTATION_REPRESENTATION (  '', ( #3977 ), #3181 ) ;
#69 = LINE ( 'NONE', #3123, #1237 ) ;
#70 = EDGE_LOOP ( 'NONE', ( #2574, #4211, #4127, #2709 ) ) ;
#71 =( GEOMETRIC_REPRESENTATION_CONTEXT ( 3 ) GLOBAL_UNCERTAINTY_ASSIGNED_CONTEXT ( ( #97 ) ) GLOBAL_UNIT_ASSIGNED_CONTEXT ( ( #441, #29, #759 ) ) REPRESENTATION_CONTEXT ( 'NONE', 'WORKASPACE' ) );
#72 = EDGE_CURVE ( 'NONE', #3112, #2458, #2482, .T. ) ;
#73 =( LENGTH_UNIT ( ) NAMED_UNIT ( * ) SI_UNIT ( .MILLI., .METRE. ) );
#74 =( LENGTH_UNIT ( ) NAMED_UNIT ( * ) SI_UNIT ( .MILLI., .METRE. ) );
#75 = CARTESIAN_POINT ( 'NONE',  ( -2.504999999999997673, -7.299999999999998934, 0.2050000000000001821 ) ) ;
#76 = MECHANICAL_DESIGN_GEOMETRIC_PRESENTATION_REPRESENTATION (  '', ( #2005 ), #1937 ) ;
#77 =( LENGTH_UNIT ( ) NAMED_UNIT ( * ) SI_UNIT ( .MILLI., .METRE. ) );
#78 =( LENGTH_UNIT ( ) NAMED_UNIT ( * ) SI_UNIT ( .MILLI., .METRE. ) );
#79 = FILL_AREA_STYLE ('',( #805 ) ) ;
#80 = DIRECTION ( 'NONE',  ( 0.000000000000000000, 1.000000000000000000, 0.000000000000000000 ) ) ;
#81 =( NAMED_UNIT ( * ) PLANE_ANGLE_UNIT ( ) SI_UNIT ( $, .RADIAN. ) );
#82 = ORIENTED_EDGE ( 'NONE', *, *, #3106, .F. ) ;
#83 = MECHANICAL_DESIGN_GEOMETRIC_PRESENTATION_REPRESENTATION (  '', ( #951 ), #2244 ) ;
#84 = FILL_AREA_STYLE_COLOUR ( '', #3966 ) ;
#85 = DIRECTION ( 'NONE',  ( -1.000000000000000000, 0.000000000000000000, -0.000000000000000000 ) ) ;
#86 = STYLED_ITEM ( 'NONE', ( #3741 ), #3802 ) ;
#87 = PRESENTATION_LAYER_ASSIGNMENT (  '', '', ( #1457 ) ) ;
#88 = ORIENTED_EDGE ( 'NONE', *, *, #2093, .T. ) ;
#89 = ORIENTED_EDGE ( 'NONE', *, *, #133, .T. ) ;
#90 = VECTOR ( 'NONE', #971, 1000.000000000000000 ) ;
#91 = DIRECTION ( 'NONE',  ( 1.000000000000000000, 0.000000000000000000, 0.000000000000000000 ) ) ;
#92 = PRESENTATION_STYLE_ASSIGNMENT (( #1019 ) ) ;
#93 = PLANE ( 'NONE',  #4322 ) ;
#94 = VECTOR ( 'NONE', #2038, 1000.000000000000000 ) ;
#95 = ORIENTED_EDGE ( 'NONE', *, *, #3612, .T. ) ;
#96 = EDGE_CURVE ( 'NONE', #449, #2640, #2053, .T. ) ;
#97 = UNCERTAINTY_MEASURE_WITH_UNIT (LENGTH_MEASURE( 1.000000000000000082E-05 ), #441, 'distance_accuracy_value', 'NONE');
#98 = FILL_AREA_STYLE ('',( #2766 ) ) ;
#99 = CARTESIAN_POINT ( 'NONE',  ( -5.515805212968181159, 0.2597725668027597301, -0.07922572358189938768 ) ) ;
#100 = SURFACE_SIDE_STYLE ('',( #1466 ) ) ;
#101 = SURFACE_STYLE_FILL_AREA ( #1825 ) ;
#102 = CARTESIAN_POINT ( 'NONE',  ( -5.479999999999996874, -0.7177948700131261406, -1.215287769784172633 ) ) ;
#103 = CARTESIAN_POINT ( 'NONE',  ( 3.005000000000002558, -7.299999999999998934, 0.2050000000000001821 ) ) ;
#104 = ORIENTED_EDGE ( 'NONE', *, *, #4341, .F. ) ;
#105 = DIRECTION ( 'NONE',  ( 1.000000000000000000, 0.000000000000000000, 0.000000000000000000 ) ) ;
#106 = CARTESIAN_POINT ( 'NONE',  ( -5.554999999999997051, 3.351671556616683478, -1.239999999999999991 ) ) ;
#107 = DIRECTION ( 'NONE',  ( 1.000000000000000000, -0.000000000000000000, -0.000000000000000000 ) ) ;
#108 = CARTESIAN_POINT ( 'NONE',  ( -0.004999999999997627870, -7.299999999999998934, 0.2050000000000001821 ) ) ;
#109 = ORIENTED_EDGE ( 'NONE', *, *, #607, .T. ) ;
#110 = ORIENTED_EDGE ( 'NONE', *, *, #316, .T. ) ;
#111 = STYLED_ITEM ( 'NONE', ( #445 ), #180 ) ;
#112 = DIRECTION ( 'NONE',  ( -1.000000000000000000, 0.000000000000000000, 0.000000000000000000 ) ) ;
#113 = AXIS2_PLACEMENT_3D ( 'NONE', #1544, #138, #820 ) ;
#114 = COLOUR_RGB ( '',0.8431372549019607865, 0.8431372549019607865, 0.8431372549019607865 ) ;
#115 = ORIENTED_EDGE ( 'NONE', *, *, #4026, .F. ) ;
#116 = SURFACE_SIDE_STYLE ('',( #3215 ) ) ;
#117 = PRESENTATION_LAYER_ASSIGNMENT (  '', '', ( #121 ) ) ;
#118 = CARTESIAN_POINT ( 'NONE',  ( -2.504999999999997673, -7.299999999999998934, -0.2049999999999997935 ) ) ;
#119 = LINE ( 'NONE', #1491, #595 ) ;
#120 = CIRCLE ( 'NONE', #2728, 0.07499999999999987232 ) ;
#121 = STYLED_ITEM ( 'NONE', ( #4347 ), #577 ) ;
#122 = CARTESIAN_POINT ( 'NONE',  ( 4.995000000000001883, -7.299999999999998934, 0.2050000000000001821 ) ) ;
#123 = LINE ( 'NONE', #2241, #744 ) ;
#124 = DIRECTION ( 'NONE',  ( 0.000000000000000000, 0.000000000000000000, -1.000000000000000000 ) ) ;
#125 = COLOUR_RGB ( '',0.2862745098039215508, 0.2862745098039215508, 0.2862745098039215508 ) ;
#126 = SURFACE_STYLE_FILL_AREA ( #2843 ) ;
#127 = FACE_OUTER_BOUND ( 'NONE', #4165, .T. ) ;
#128 = ORIENTED_EDGE ( 'NONE', *, *, #3228, .F. ) ;
#129 = VECTOR ( 'NONE', #1813, 1000.000000000000000 ) ;
#130 = PRESENTATION_STYLE_ASSIGNMENT (( #3230 ) ) ;
#131 = UNCERTAINTY_MEASURE_WITH_UNIT (LENGTH_MEASURE( 1.000000000000000082E-05 ), #2858, 'distance_accuracy_value', 'NONE');
#132 =( NAMED_UNIT ( * ) SI_UNIT ( $, .STERADIAN. ) SOLID_ANGLE_UNIT ( ) );
#133 = EDGE_CURVE ( 'NONE', #4011, #1701, #2098, .T. ) ;
#134 = SURFACE_STYLE_USAGE ( .BOTH. , #4214 ) ;
#135 = STYLED_ITEM ( 'NONE', ( #1915 ), #1898 ) ;
#136 = ORIENTED_EDGE ( 'NONE', *, *, #2255, .T. ) ;
#137 = SURFACE_SIDE_STYLE ('',( #1884 ) ) ;
#138 = DIRECTION ( 'NONE',  ( 4.083567615233792188E-15, -0.6705035971223017865, -0.7419062786134472676 ) ) ;
#139 = VECTOR ( 'NONE', #4008, 1000.000000000000000 ) ;
#140 = VERTEX_POINT ( 'NONE', #3503 ) ;
#141 = UNCERTAINTY_MEASURE_WITH_UNIT (LENGTH_MEASURE( 1.000000000000000082E-05 ), #2957, 'distance_accuracy_value', 'NONE');
#142 = CARTESIAN_POINT ( 'NONE',  ( -4.146494224938296114, 0.2500000000000017208, 0.000000000000000000 ) ) ;
#143 = AXIS2_PLACEMENT_3D ( 'NONE', #3982, #4118, #4163 ) ;
#144 = FACE_OUTER_BOUND ( 'NONE', #3507, .T. ) ;
#145 = AXIS2_PLACEMENT_3D ( 'NONE', #3790, #667, #1670 ) ;
#146 = FILL_AREA_STYLE_COLOUR ( '', #2969 ) ;
#147 = FACE_OUTER_BOUND ( 'NONE', #284, .T. ) ;
#148 = PRODUCT_DEFINITION_CONTEXT ( 'detailed design', #340, 'design' ) ;
#149 = SURFACE_STYLE_USAGE ( .BOTH. , #2523 ) ;
#150 = ORIENTED_EDGE ( 'NONE', *, *, #2773, .F. ) ;
#151 =( LENGTH_UNIT ( ) NAMED_UNIT ( * ) SI_UNIT ( .MILLI., .METRE. ) );
#152 = EDGE_CURVE ( 'NONE', #822, #1769, #4483, .T. ) ;
#153 = CARTESIAN_POINT ( 'NONE',  ( -6.974918791822921627, 3.409428355092355201, -1.215240934357544322 ) ) ;
#154 = SURFACE_SIDE_STYLE ('',( #4003 ) ) ;
#155 = MECHANICAL_DESIGN_GEOMETRIC_PRESENTATION_REPRESENTATION (  '', ( #159 ), #2322 ) ;
#156 = ORIENTED_EDGE ( 'NONE', *, *, #2154, .F. ) ;
#157 = VERTEX_POINT ( 'NONE', #1764 ) ;
#158 = EDGE_CURVE ( 'NONE', #2688, #3856, #4143, .T. ) ;
#159 = STYLED_ITEM ( 'NONE', ( #2223 ), #3496 ) ;
#160 = PRESENTATION_STYLE_ASSIGNMENT (( #1215 ) ) ;
#161 =( NAMED_UNIT ( * ) SI_UNIT ( $, .STERADIAN. ) SOLID_ANGLE_UNIT ( ) );
#162 = ORIENTED_EDGE ( 'NONE', *, *, #4058, .F. ) ;
#163 = AXIS2_PLACEMENT_3D ( 'NONE', #2608, #3649, #1512 ) ;
#164 =( GEOMETRIC_REPRESENTATION_CONTEXT ( 3 ) GLOBAL_UNCERTAINTY_ASSIGNED_CONTEXT ( ( #2111 ) ) GLOBAL_UNIT_ASSIGNED_CONTEXT ( ( #2923, #2234, #3645 ) ) REPRESENTATION_CONTEXT ( 'NONE', 'WORKASPACE' ) );
#165 = SURFACE_SIDE_STYLE ('',( #1197 ) ) ;
#166 =( NAMED_UNIT ( * ) PLANE_ANGLE_UNIT ( ) SI_UNIT ( $, .RADIAN. ) );
#167 = CARTESIAN_POINT ( 'NONE',  ( -8.569999999999998508, -3.919999999999999929, -0.8750000000000000000 ) ) ;
#168 =( GEOMETRIC_REPRESENTATION_CONTEXT ( 3 ) GLOBAL_UNCERTAINTY_ASSIGNED_CONTEXT ( ( #1090 ) ) GLOBAL_UNIT_ASSIGNED_CONTEXT ( ( #3667, #2672, #3758 ) ) REPRESENTATION_CONTEXT ( 'NONE', 'WORKASPACE' ) );
#169 = PLANE ( 'NONE',  #4332 ) ;
#170 = CARTESIAN_POINT ( 'NONE',  ( -6.974999999999996980, -3.799999999999998046, 1.165000000000000036 ) ) ;
#171 =( GEOMETRIC_REPRESENTATION_CONTEXT ( 3 ) GLOBAL_UNCERTAINTY_ASSIGNED_CONTEXT ( ( #1185 ) ) GLOBAL_UNIT_ASSIGNED_CONTEXT ( ( #3930, #1175, #2880 ) ) REPRESENTATION_CONTEXT ( 'NONE', 'WORKASPACE' ) );
#172 = FILL_AREA_STYLE_COLOUR ( '', #1952 ) ;
#173 = CARTESIAN_POINT ( 'NONE',  ( -0.004999999999997627870, -7.299999999999998934, 0.2050000000000001821 ) ) ;
#174 = CARTESIAN_POINT ( 'NONE',  ( -6.974999999999996980, -0.7177948700131260296, -1.215287769784172855 ) ) ;
#175 = CARTESIAN_POINT ( 'NONE',  ( -6.974999999999996980, 0.3250000000000017319, -1.165000000000000036 ) ) ;
#176 = ORIENTED_EDGE ( 'NONE', *, *, #312, .F. ) ;
#177 = DIRECTION ( 'NONE',  ( 0.000000000000000000, 0.000000000000000000, -1.000000000000000000 ) ) ;
#178 = CARTESIAN_POINT ( 'NONE',  ( 2.495000000000002327, -3.919999999999999929, -0.2049999999999997657 ) ) ;
#179 = CARTESIAN_POINT ( 'NONE',  ( -6.849999999999996980, -3.875000000000000000, 1.239999999999999991 ) ) ;
#180 = ADVANCED_FACE ( 'NONE', ( #2433 ), #3206, .T. ) ;
#181 = ORIENTED_EDGE ( 'NONE', *, *, #663, .F. ) ;
#182 = PRODUCT_DEFINITION_SHAPE ( 'NONE', 'NONE',  #2386 ) ;
#183 = ORIENTED_EDGE ( 'NONE', *, *, #30, .F. ) ;
#184 = SURFACE_STYLE_USAGE ( .BOTH. , #208 ) ;
#185 = FACE_OUTER_BOUND ( 'NONE', #3832, .T. ) ;
#186 = EDGE_CURVE ( 'NONE', #727, #4030, #3822, .T. ) ;
#187 = CARTESIAN_POINT ( 'NONE',  ( 0.000000000000000000, -7.299999999999998934, 0.000000000000000000 ) ) ;
#188 = ORIENTED_EDGE ( 'NONE', *, *, #4065, .T. ) ;
#189 = UNCERTAINTY_MEASURE_WITH_UNIT (LENGTH_MEASURE( 1.000000000000000082E-05 ), #77, 'distance_accuracy_value', 'NONE');
#190 =( GEOMETRIC_REPRESENTATION_CONTEXT ( 3 ) GLOBAL_UNCERTAINTY_ASSIGNED_CONTEXT ( ( #3480 ) ) GLOBAL_UNIT_ASSIGNED_CONTEXT ( ( #405, #2829, #2442 ) ) REPRESENTATION_CONTEXT ( 'NONE', 'WORKASPACE' ) );
#191 = EDGE_CURVE ( 'NONE', #3642, #3118, #1684, .T. ) ;
#192 = DIRECTION ( 'NONE',  ( 0.000000000000000000, 0.000000000000000000, -1.000000000000000000 ) ) ;
#193 =( NAMED_UNIT ( * ) SI_UNIT ( $, .STERADIAN. ) SOLID_ANGLE_UNIT ( ) );
#194 = DIRECTION ( 'NONE',  ( 0.000000000000000000, 0.000000000000000000, -1.000000000000000000 ) ) ;
#195 =( GEOMETRIC_REPRESENTATION_CONTEXT ( 3 ) GLOBAL_UNCERTAINTY_ASSIGNED_CONTEXT ( ( #1657 ) ) GLOBAL_UNIT_ASSIGNED_CONTEXT ( ( #2984, #3681, #3342 ) ) REPRESENTATION_CONTEXT ( 'NONE', 'WORKASPACE' ) );
#196 = CARTESIAN_POINT ( 'NONE',  ( -5.479999999999996874, 0.2500000000000017208, -1.239999999999999991 ) ) ;
#197 = STYLED_ITEM ( 'NONE', ( #593 ), #1065 ) ;
#198 = SURFACE_STYLE_FILL_AREA ( #1373 ) ;
#199 = CARTESIAN_POINT ( 'NONE',  ( -7.669999999999998153, 1.818390749886862556, 0.000000000000000000 ) ) ;
#200 = ORIENTED_EDGE ( 'NONE', *, *, #1962, .F. ) ;
#201 = LINE ( 'NONE', #2293, #401 ) ;
#202 = VECTOR ( 'NONE', #3005, 1000.000000000000000 ) ;
#203 = CARTESIAN_POINT ( 'NONE',  ( -5.604918736466204088, 3.407391003302663091, -1.215283824542548796 ) ) ;
#204 = CARTESIAN_POINT ( 'NONE',  ( -7.049999999999997158, 0.3250772004300542806, 0.07851555761995052118 ) ) ;
#205 = PRESENTATION_LAYER_ASSIGNMENT (  '', '', ( #1556 ) ) ;
#206 = ORIENTED_EDGE ( 'NONE', *, *, #2581, .T. ) ;
#207 = ORIENTED_EDGE ( 'NONE', *, *, #2581, .F. ) ;
#208 = SURFACE_SIDE_STYLE ('',( #3216 ) ) ;
#209 = DIRECTION ( 'NONE',  ( 0.000000000000000000, -1.000000000000000000, 0.000000000000000000 ) ) ;
#210 = DIRECTION ( 'NONE',  ( 1.000000000000000000, -0.000000000000000000, -0.000000000000000000 ) ) ;
#211 = PRESENTATION_LAYER_ASSIGNMENT (  '', '', ( #3239 ) ) ;
#212 = ORIENTED_EDGE ( 'NONE', *, *, #3474, .T. ) ;
#213 = ADVANCED_FACE ( 'NONE', ( #1519 ), #3599, .F. ) ;
#214 =( LENGTH_UNIT ( ) NAMED_UNIT ( * ) SI_UNIT ( .MILLI., .METRE. ) );
#215 = AXIS2_PLACEMENT_3D ( 'NONE', #3335, #3766, #935 ) ;
#216 = FILL_AREA_STYLE_COLOUR ( '', #1154 ) ;
#217 =( GEOMETRIC_REPRESENTATION_CONTEXT ( 3 ) GLOBAL_UNCERTAINTY_ASSIGNED_CONTEXT ( ( #456 ) ) GLOBAL_UNIT_ASSIGNED_CONTEXT ( ( #4252, #1613, #1970 ) ) REPRESENTATION_CONTEXT ( 'NONE', 'WORKASPACE' ) );
#218 = PRESENTATION_STYLE_ASSIGNMENT (( #1958 ) ) ;
#219 = CARTESIAN_POINT ( 'NONE',  ( -7.049999999999997158, -0.7734378409091342554, 1.165000000000000036 ) ) ;
#220 = EDGE_CURVE ( 'NONE', #1769, #1173, #2570, .T. ) ;
#221 = CARTESIAN_POINT ( 'NONE',  ( -6.028333332969734393, 3.352362337367999601, 1.239999999999999991 ) ) ;
#222 = MECHANICAL_DESIGN_GEOMETRIC_PRESENTATION_REPRESENTATION (  '', ( #866 ), #4050 ) ;
#223 = DIRECTION ( 'NONE',  ( 2.017120320903264442E-16, -1.000000000000000000, 0.000000000000000000 ) ) ;
#224 = ORIENTED_EDGE ( 'NONE', *, *, #1608, .F. ) ;
#225 = DIRECTION ( 'NONE',  ( 1.000000000000000000, -0.000000000000000000, -0.000000000000000000 ) ) ;
#226 = PRESENTATION_LAYER_ASSIGNMENT (  '', '', ( #867 ) ) ;
#227 = CARTESIAN_POINT ( 'NONE',  ( -6.974999999999996980, -0.7734378409091344775, -1.165000000000000036 ) ) ;
#228 = AXIS2_PLACEMENT_3D ( 'NONE', #75, #4203, #2 ) ;
#229 = ORIENTED_EDGE ( 'NONE', *, *, #2922, .T. ) ;
#230 = ORIENTED_EDGE ( 'NONE', *, *, #4274, .T. ) ;
#231 = PRESENTATION_STYLE_ASSIGNMENT (( #4180 ) ) ;
#232 = CARTESIAN_POINT ( 'NONE',  ( 4.995000000000001883, -7.299999999999998934, 0.2050000000000001821 ) ) ;
#233 = ORIENTED_EDGE ( 'NONE', *, *, #1196, .F. ) ;
#234 = CARTESIAN_POINT ( 'NONE',  ( 2.495000000000002327, -7.299999999999998934, -0.2049999999999997935 ) ) ;
#235 = SURFACE_STYLE_USAGE ( .BOTH. , #2189 ) ;
#236 = AXIS2_PLACEMENT_3D ( 'NONE', #2877, #1991, #3038 ) ;
#237 = SURFACE_STYLE_FILL_AREA ( #4089 ) ;
#238 = DIRECTION ( 'NONE',  ( 0.000000000000000000, 0.000000000000000000, 1.000000000000000000 ) ) ;
#239 =( NAMED_UNIT ( * ) PLANE_ANGLE_UNIT ( ) SI_UNIT ( $, .RADIAN. ) );
#240 = CIRCLE ( 'NONE', #2330, 0.9749999999999999778 ) ;
#241 = FACE_OUTER_BOUND ( 'NONE', #295, .T. ) ;
#242 = LINE ( 'NONE', #2980, #4284 ) ;
#243 = LINE ( 'NONE', #3003, #6 ) ;
#244 = EDGE_CURVE ( 'NONE', #3583, #1076, #2548, .T. ) ;
#245 = AXIS2_PLACEMENT_3D ( 'NONE', #2810, #1064, #3470 ) ;
#246 = EDGE_LOOP ( 'NONE', ( #3502, #4048, #115 ) ) ;
#247 =( NAMED_UNIT ( * ) SI_UNIT ( $, .STERADIAN. ) SOLID_ANGLE_UNIT ( ) );
#248 =( GEOMETRIC_REPRESENTATION_CONTEXT ( 3 ) GLOBAL_UNCERTAINTY_ASSIGNED_CONTEXT ( ( #740 ) ) GLOBAL_UNIT_ASSIGNED_CONTEXT ( ( #2350, #356, #3081 ) ) REPRESENTATION_CONTEXT ( 'NONE', 'WORKASPACE' ) );
#249 = EDGE_CURVE ( 'NONE', #662, #3942, #3657, .T. ) ;
#250 = CARTESIAN_POINT ( 'NONE',  ( -2.504999999999997673, -7.299999999999998934, 0.2050000000000001821 ) ) ;
#251 = ORIENTED_EDGE ( 'NONE', *, *, #3358, .T. ) ;
#252 = ORIENTED_EDGE ( 'NONE', *, *, #2060, .T. ) ;
#253 =( LENGTH_UNIT ( ) NAMED_UNIT ( * ) SI_UNIT ( .MILLI., .METRE. ) );
#254 = FILL_AREA_STYLE ('',( #936 ) ) ;
#255 = CARTESIAN_POINT ( 'NONE',  ( -6.974999999999996980, 0.3250000000000017319, -1.165000000000000036 ) ) ;
#256 = ORIENTED_EDGE ( 'NONE', *, *, #872, .T. ) ;
#257 = LINE ( 'NONE', #2720, #1885 ) ;
#258 =( GEOMETRIC_REPRESENTATION_CONTEXT ( 3 ) GLOBAL_UNCERTAINTY_ASSIGNED_CONTEXT ( ( #640 ) ) GLOBAL_UNIT_ASSIGNED_CONTEXT ( ( #675, #3501, #4210 ) ) REPRESENTATION_CONTEXT ( 'NONE', 'WORKASPACE' ) );
#259 = DIRECTION ( 'NONE',  ( 1.000000000000000000, -0.000000000000000000, -0.000000000000000000 ) ) ;
#260 = VECTOR ( 'NONE', #1690, 1000.000000000000000 ) ;
#261 = ORIENTED_EDGE ( 'NONE', *, *, #1303, .T. ) ;
#262 = MANIFOLD_SOLID_BREP ( 'Fillet3', #4015 ) ;
#263 = SURFACE_STYLE_FILL_AREA ( #986 ) ;
#264 = EDGE_CURVE ( 'NONE', #1294, #1283, #2707, .T. ) ;
#265 =( NAMED_UNIT ( * ) SI_UNIT ( $, .STERADIAN. ) SOLID_ANGLE_UNIT ( ) );
#266 = AXIS2_PLACEMENT_3D ( 'NONE', #3891, #789, #2171 ) ;
#267 = SURFACE_STYLE_USAGE ( .BOTH. , #1340 ) ;
#268 = DIRECTION ( 'NONE',  ( 0.000000000000000000, 0.000000000000000000, -1.000000000000000000 ) ) ;
#269 = VERTEX_POINT ( 'NONE', #1537 ) ;
#270 = STYLED_ITEM ( 'NONE', ( #2847 ), #1251 ) ;
#271 = ORIENTED_EDGE ( 'NONE', *, *, #249, .T. ) ;
#272 = ADVANCED_FACE ( 'NONE', ( #2617 ), #3702, .F. ) ;
#273 = CYLINDRICAL_SURFACE ( 'NONE', #1306, 0.07499999999999998335 ) ;
#274 = CARTESIAN_POINT ( 'NONE',  ( 0.5050000000000024469, -7.299999999999998934, -0.2049999999999997935 ) ) ;
#275 = AXIS2_PLACEMENT_3D ( 'NONE', #3546, #1386, #417 ) ;
#276 = LINE ( 'NONE', #1346, #3706 ) ;
#277 = EDGE_LOOP ( 'NONE', ( #3969, #104, #3317, #307 ) ) ;
#278 = DIRECTION ( 'NONE',  ( 0.000000000000000000, 0.000000000000000000, 1.000000000000000000 ) ) ;
#279 = CARTESIAN_POINT ( 'NONE',  ( -5.554999999999997051, -3.799999999999998046, 1.165000000000000036 ) ) ;
#280 =( GEOMETRIC_REPRESENTATION_CONTEXT ( 3 ) GLOBAL_UNCERTAINTY_ASSIGNED_CONTEXT ( ( #4364 ) ) GLOBAL_UNIT_ASSIGNED_CONTEXT ( ( #3859, #1424, #2084 ) ) REPRESENTATION_CONTEXT ( 'NONE', 'WORKASPACE' ) );
#281 = DIRECTION ( 'NONE',  ( 0.000000000000000000, 0.000000000000000000, -1.000000000000000000 ) ) ;
#282 = SURFACE_STYLE_FILL_AREA ( #4474 ) ;
#283 = VECTOR ( 'NONE', #1437, 1000.000000000000000 ) ;
#284 = EDGE_LOOP ( 'NONE', ( #394, #3384, #4056, #2879 ) ) ;
#285 = DIRECTION ( 'NONE',  ( -1.000000000000000000, -0.000000000000000000, 0.000000000000000000 ) ) ;
#286 = FACE_OUTER_BOUND ( 'NONE', #1235, .T. ) ;
#287 = MECHANICAL_DESIGN_GEOMETRIC_PRESENTATION_REPRESENTATION (  '', ( #4280 ), #71 ) ;
#288 = EDGE_CURVE ( 'NONE', #875, #4272, #559, .T. ) ;
#289 = ORIENTED_EDGE ( 'NONE', *, *, #3584, .T. ) ;
#290 = ORIENTED_EDGE ( 'NONE', *, *, #1357, .F. ) ;
#291 = DIRECTION ( 'NONE',  ( -0.000000000000000000, 1.000000000000000000, -0.000000000000000000 ) ) ;
#292 =( GEOMETRIC_REPRESENTATION_CONTEXT ( 3 ) GLOBAL_UNCERTAINTY_ASSIGNED_CONTEXT ( ( #1842 ) ) GLOBAL_UNIT_ASSIGNED_CONTEXT ( ( #3423, #2676, #3671 ) ) REPRESENTATION_CONTEXT ( 'NONE', 'WORKASPACE' ) );
#293 = FILL_AREA_STYLE ('',( #643 ) ) ;
#294 = CARTESIAN_POINT ( 'NONE',  ( -6.849999999999998757, 0.2500000000000017208, 1.239999999999999991 ) ) ;
#295 = EDGE_LOOP ( 'NONE', ( #1589, #206, #1461 ) ) ;
#296 = FACE_OUTER_BOUND ( 'NONE', #2238, .T. ) ;
#297 = SURFACE_SIDE_STYLE ('',( #2309 ) ) ;
#298 = CARTESIAN_POINT ( 'NONE',  ( -6.974999999999996980, -3.799999999999998046, 1.165000000000000036 ) ) ;
#299 = SURFACE_SIDE_STYLE ('',( #2742 ) ) ;
#300 = LINE ( 'NONE', #2043, #357 ) ;
#301 = DIRECTION ( 'NONE',  ( 0.000000000000000000, 0.000000000000000000, -1.000000000000000000 ) ) ;
#302 = VECTOR ( 'NONE', #2055, 1000.000000000000000 ) ;
#303 = MECHANICAL_DESIGN_GEOMETRIC_PRESENTATION_REPRESENTATION (  '', ( #1453 ), #11 ) ;
#304 = FILL_AREA_STYLE ('',( #3431 ) ) ;
#305 = CIRCLE ( 'NONE', #2623, 0.07499999999999998335 ) ;
#306 = FILL_AREA_STYLE_COLOUR ( '', #766 ) ;
#307 = ORIENTED_EDGE ( 'NONE', *, *, #1327, .T. ) ;
#308 = VERTEX_POINT ( 'NONE', #1628 ) ;
#309 = UNCERTAINTY_MEASURE_WITH_UNIT (LENGTH_MEASURE( 1.000000000000000082E-05 ), #2366, 'distance_accuracy_value', 'NONE');
#310 = COLOUR_RGB ( '',0.7921568627450980005, 0.8196078431372548767, 0.9333333333333333481 ) ;
#311 = CARTESIAN_POINT ( 'NONE',  ( -2.504999999999997673, -7.299999999999998934, -0.2049999999999997935 ) ) ;
#312 = EDGE_CURVE ( 'NONE', #4333, #1186, #201, .T. ) ;
#313 = CARTESIAN_POINT ( 'NONE',  ( -5.554999999999997051, 3.351671556616929504, 1.165000000000000036 ) ) ;
#314 = PRESENTATION_STYLE_ASSIGNMENT (( #3371 ) ) ;
#315 = ORIENTED_EDGE ( 'NONE', *, *, #1602, .T. ) ;
#316 = EDGE_CURVE ( 'NONE', #450, #3483, #584, .T. ) ;
#317 = DIRECTION ( 'NONE',  ( 0.000000000000000000, 1.000000000000000000, -0.000000000000000000 ) ) ;
#318 = CARTESIAN_POINT ( 'NONE',  ( -7.014103189947181072, 0.2581258628212572126, -0.07816702706038075599 ) ) ;
#319 = EDGE_CURVE ( 'NONE', #2298, #1590, #328, .T. ) ;
#320 =( NAMED_UNIT ( * ) PLANE_ANGLE_UNIT ( ) SI_UNIT ( $, .RADIAN. ) );
#321 = CARTESIAN_POINT ( 'NONE',  ( 3.005000000000002558, -3.919999999999999929, -0.2049999999999997935 ) ) ;
#322 = CARTESIAN_POINT ( 'NONE',  ( -6.849999999999998757, 4.299999999999999822, 1.239999999999999991 ) ) ;
#323 = CARTESIAN_POINT ( 'NONE',  ( -5.554999999999997051, -0.7177948700131260296, -1.215287769784172855 ) ) ;
#324 = AXIS2_PLACEMENT_3D ( 'NONE', #3785, #2440, #1350 ) ;
#325 = FILL_AREA_STYLE_COLOUR ( '', #3962 ) ;
#326 = ORIENTED_EDGE ( 'NONE', *, *, #3172, .T. ) ;
#327 = ORIENTED_EDGE ( 'NONE', *, *, #4296, .F. ) ;
#328 = CIRCLE ( 'NONE', #1761, 0.07499999999999998335 ) ;
#329 = CARTESIAN_POINT ( 'NONE',  ( -5.554999999999997051, 0.3250000000000017319, 1.239999999999999991 ) ) ;
#330 = CARTESIAN_POINT ( 'NONE',  ( -5.479999999999996874, 0.000000000000000000, -1.165000000000000036 ) ) ;
#331 = CONICAL_SURFACE ( 'NONE', #2649, 1.814199958836659743, 0.001082775905932042938 ) ;
#332 = ORIENTED_EDGE ( 'NONE', *, *, #3399, .T. ) ;
#333 =( GEOMETRIC_REPRESENTATION_CONTEXT ( 3 ) GLOBAL_UNCERTAINTY_ASSIGNED_CONTEXT ( ( #4445 ) ) GLOBAL_UNIT_ASSIGNED_CONTEXT ( ( #2168, #2331, #621 ) ) REPRESENTATION_CONTEXT ( 'NONE', 'WORKASPACE' ) );
#334 = SURFACE_STYLE_FILL_AREA ( #3274 ) ;
#335 = PLANE ( 'NONE',  #3195 ) ;
#336 = CIRCLE ( 'NONE', #3453, 0.07500000000000041356 ) ;
#337 = EDGE_CURVE ( 'NONE', #1301, #2157, #984, .T. ) ;
#338 = LINE ( 'NONE', #360, #2765 ) ;
#339 = MECHANICAL_DESIGN_GEOMETRIC_PRESENTATION_REPRESENTATION (  '', ( #1921 ), #4273 ) ;
#340 = APPLICATION_CONTEXT ( 'automotive_design' ) ;
#341 = SURFACE_STYLE_USAGE ( .BOTH. , #3450 ) ;
#342 = CARTESIAN_POINT ( 'NONE',  ( -6.974999999999996980, 0.3250000000000017319, 1.165000000000000036 ) ) ;
#343 = EDGE_CURVE ( 'NONE', #496, #2803, #3638, .T. ) ;
#344 = SURFACE_STYLE_USAGE ( .BOTH. , #3452 ) ;
#345 =( NAMED_UNIT ( * ) SI_UNIT ( $, .STERADIAN. ) SOLID_ANGLE_UNIT ( ) );
#346 = SURFACE_STYLE_FILL_AREA ( #304 ) ;
#347 = MECHANICAL_DESIGN_GEOMETRIC_PRESENTATION_REPRESENTATION (  '', ( #3461 ), #2734 ) ;
#348 = ORIENTED_EDGE ( 'NONE', *, *, #1113, .F. ) ;
#349 = ORIENTED_EDGE ( 'NONE', *, *, #2255, .F. ) ;
#350 = UNCERTAINTY_MEASURE_WITH_UNIT (LENGTH_MEASURE( 1.000000000000000082E-05 ), #1588, 'distance_accuracy_value', 'NONE');
#351 = VECTOR ( 'NONE', #3781, 1000.000000000000000 ) ;
#352 = CARTESIAN_POINT ( 'NONE',  ( -7.049999999999997158, -3.799999999999998046, -1.165000000000000036 ) ) ;
#353 =( NAMED_UNIT ( * ) SI_UNIT ( $, .STERADIAN. ) SOLID_ANGLE_UNIT ( ) );
#354 = CIRCLE ( 'NONE', #1790, 0.07499999999999980294 ) ;
#355 = ORIENTED_EDGE ( 'NONE', *, *, #343, .F. ) ;
#356 =( NAMED_UNIT ( * ) PLANE_ANGLE_UNIT ( ) SI_UNIT ( $, .RADIAN. ) );
#357 = VECTOR ( 'NONE', #4044, 1000.000000000000000 ) ;
#358 = B_SPLINE_CURVE_WITH_KNOTS ( 'NONE', 3,
 ( #3272, #221, #4302, #3251 ),
 .UNSPECIFIED., .F., .F.,
 ( 4, 4 ),
 ( 0.000000000000000000, 0.001420001511092358268 ),
 .UNSPECIFIED. ) ;
#359 = EDGE_LOOP ( 'NONE', ( #972, #1034 ) ) ;
#360 = CARTESIAN_POINT ( 'NONE',  ( -5.479999999999996874, 3.875000000000001332, -1.239999999999999991 ) ) ;
#361 = PLANE ( 'NONE',  #1282 ) ;
#362 = EDGE_CURVE ( 'NONE', #1076, #3942, #769, .T. ) ;
#363 =( LENGTH_UNIT ( ) NAMED_UNIT ( * ) SI_UNIT ( .MILLI., .METRE. ) );
#364 = DIRECTION ( 'NONE',  ( 0.000000000000000000, 0.000000000000000000, -1.000000000000000000 ) ) ;
#365 = CARTESIAN_POINT ( 'NONE',  ( -8.569999999999998508, 1.818390749886862556, -0.9000000000000000222 ) ) ;
#366 = CIRCLE ( 'NONE', #2756, 0.9000000000000000222 ) ;
#367 = DIRECTION ( 'NONE',  ( 0.000000000000000000, 0.000000000000000000, -1.000000000000000000 ) ) ;
#368 = SURFACE_SIDE_STYLE ('',( #3476 ) ) ;
#369 = EDGE_CURVE ( 'NONE', #2298, #1301, #4437, .T. ) ;
#370 = FACE_OUTER_BOUND ( 'NONE', #3680, .T. ) ;
#371 = ORIENTED_EDGE ( 'NONE', *, *, #463, .T. ) ;
#372 = EDGE_LOOP ( 'NONE', ( #2616, #1810, #1547 ) ) ;
#373 = VECTOR ( 'NONE', #2862, 1000.000000000000000 ) ;
#374 = EDGE_CURVE ( 'NONE', #2983, #2640, #3318, .T. ) ;
#375 = CARTESIAN_POINT ( 'NONE',  ( -7.049999999999997158, 1.818390749886862556, 0.000000000000000000 ) ) ;
#376 = STYLED_ITEM ( 'NONE', ( #3594 ), #3280 ) ;
#377 = CARTESIAN_POINT ( 'NONE',  ( -0.004999999999997627870, -7.299999999999998934, 0.2050000000000001821 ) ) ;
#378 = ORIENTED_EDGE ( 'NONE', *, *, #2892, .F. ) ;
#379 = CIRCLE ( 'NONE', #4150, 1.812499999999999778 ) ;
#380 = SURFACE_SIDE_STYLE ('',( #3100 ) ) ;
#381 = AXIS2_PLACEMENT_3D ( 'NONE', #234, #2633, #1596 ) ;
#382 = PRESENTATION_STYLE_ASSIGNMENT (( #2079 ) ) ;
#383 = SURFACE_STYLE_FILL_AREA ( #22 ) ;
#384 = FILL_AREA_STYLE_COLOUR ( '', #1095 ) ;
#385 = ORIENTED_EDGE ( 'NONE', *, *, #3446, .F. ) ;
#386 = CARTESIAN_POINT ( 'NONE',  ( -6.974959439888468893, 0.2500405879794879160, -0.07851728806463972865 ) ) ;
#387 = SURFACE_SIDE_STYLE ('',( #432 ) ) ;
#388 = LINE ( 'NONE', #2814, #3622 ) ;
#389 = DIRECTION ( 'NONE',  ( -0.000000000000000000, -0.000000000000000000, 1.000000000000000000 ) ) ;
#390 =( NAMED_UNIT ( * ) PLANE_ANGLE_UNIT ( ) SI_UNIT ( $, .RADIAN. ) );
#391 = SURFACE_STYLE_FILL_AREA ( #79 ) ;
#392 = CARTESIAN_POINT ( 'NONE',  ( -0.004999999999997627870, -7.299999999999998934, -0.2049999999999997935 ) ) ;
#393 = DIRECTION ( 'NONE',  ( -1.000000000000000000, -0.000000000000000000, -0.000000000000000000 ) ) ;
#394 = ORIENTED_EDGE ( 'NONE', *, *, #573, .F. ) ;
#395 = DIRECTION ( 'NONE',  ( -0.000000000000000000, -0.000000000000000000, -1.000000000000000000 ) ) ;
#396 = ADVANCED_FACE ( 'NONE', ( #1712 ), #4, .T. ) ;
#397 = UNCERTAINTY_MEASURE_WITH_UNIT (LENGTH_MEASURE( 1.000000000000000082E-05 ), #3997, 'distance_accuracy_value', 'NONE');
#398 =( NAMED_UNIT ( * ) PLANE_ANGLE_UNIT ( ) SI_UNIT ( $, .RADIAN. ) );
#399 = PRESENTATION_LAYER_ASSIGNMENT (  '', '', ( #4388 ) ) ;
#400 = DIRECTION ( 'NONE',  ( -0.000000000000000000, -0.000000000000000000, -1.000000000000000000 ) ) ;
#401 = VECTOR ( 'NONE', #1230, 1000.000000000000000 ) ;
#402 = EDGE_LOOP ( 'NONE', ( #944, #2940, #2248, #420 ) ) ;
#403 = EDGE_CURVE ( 'NONE', #450, #3670, #733, .T. ) ;
#404 =( GEOMETRIC_REPRESENTATION_CONTEXT ( 3 ) GLOBAL_UNCERTAINTY_ASSIGNED_CONTEXT ( ( #1434 ) ) GLOBAL_UNIT_ASSIGNED_CONTEXT ( ( #1242, #2609, #3000 ) ) REPRESENTATION_CONTEXT ( 'NONE', 'WORKASPACE' ) );
#405 =( LENGTH_UNIT ( ) NAMED_UNIT ( * ) SI_UNIT ( .MILLI., .METRE. ) );
#406 = CARTESIAN_POINT ( 'NONE',  ( 6.849999999999999645, -4.299999999999999822, 1.239999999999999991 ) ) ;
#407 = ORIENTED_EDGE ( 'NONE', *, *, #2703, .F. ) ;
#408 = UNCERTAINTY_MEASURE_WITH_UNIT (LENGTH_MEASURE( 1.000000000000000082E-05 ), #1531, 'distance_accuracy_value', 'NONE');
#409 = AXIS2_PLACEMENT_3D ( 'NONE', #3899, #3554, #1394 ) ;
#410 = LINE ( 'NONE', #3810, #4082 ) ;
#411 = LINE ( 'NONE', #3448, #4479 ) ;
#412 = PLANE ( 'NONE',  #3799 ) ;
#413 = CARTESIAN_POINT ( 'NONE',  ( -5.479999999999996874, 0.3053650459150655805, 0.07575510579859401350 ) ) ;
#414 = AXIS2_PLACEMENT_3D ( 'NONE', #392, #1758, #784 ) ;
#415 = STYLED_ITEM ( 'NONE', ( #1247 ), #1680 ) ;
#416 = DIRECTION ( 'NONE',  ( 0.000000000000000000, 1.000000000000000000, -0.000000000000000000 ) ) ;
#417 = DIRECTION ( 'NONE',  ( 0.000000000000000000, 0.7419062786134446030, -0.6705035971223046731 ) ) ;
#418 = SURFACE_STYLE_USAGE ( .BOTH. , #1469 ) ;
#419 = AXIS2_PLACEMENT_3D ( 'NONE', #2320, #4138, #3705 ) ;
#420 = ORIENTED_EDGE ( 'NONE', *, *, #2085, .F. ) ;
#421 = FILL_AREA_STYLE_COLOUR ( '', #4249 ) ;
#422 = AXIS2_PLACEMENT_3D ( 'NONE', #1685, #4389, #281 ) ;
#423 = CARTESIAN_POINT ( 'NONE',  ( -6.974999999999997868, 3.353743151311522119, 1.239999999999999991 ) ) ;
#424 = EDGE_CURVE ( 'NONE', #269, #140, #652, .T. ) ;
#425 = ORIENTED_EDGE ( 'NONE', *, *, #2804, .F. ) ;
#426 = EDGE_LOOP ( 'NONE', ( #32, #1238, #88, #1013 ) ) ;
#427 = STYLED_ITEM ( 'NONE', ( #2321 ), #2553 ) ;
#428 = ADVANCED_FACE ( 'NONE', ( #2003 ), #1403, .F. ) ;
#429 = ORIENTED_EDGE ( 'NONE', *, *, #1875, .F. ) ;
#430 =( GEOMETRIC_REPRESENTATION_CONTEXT ( 3 ) GLOBAL_UNCERTAINTY_ASSIGNED_CONTEXT ( ( #2853 ) ) GLOBAL_UNIT_ASSIGNED_CONTEXT ( ( #3634, #2637, #580 ) ) REPRESENTATION_CONTEXT ( 'NONE', 'WORKASPACE' ) );
#431 = SURFACE_STYLE_USAGE ( .BOTH. , #165 ) ;
#432 = SURFACE_STYLE_FILL_AREA ( #3540 ) ;
#433 = DIRECTION ( 'NONE',  ( 1.000000000000000000, 0.000000000000000000, 0.000000000000000000 ) ) ;
#434 = AXIS2_PLACEMENT_3D ( 'NONE', #1754, #3910, #801 ) ;
#435 = CARTESIAN_POINT ( 'NONE',  ( -5.479999999999996874, -3.799999999999998046, 1.165000000000000036 ) ) ;
#436 = FACE_OUTER_BOUND ( 'NONE', #3374, .T. ) ;
#437 = DIRECTION ( 'NONE',  ( 0.000000000000000000, 0.000000000000000000, -1.000000000000000000 ) ) ;
#438 = DIRECTION ( 'NONE',  ( -1.000000000000000000, 0.000000000000000000, 0.000000000000000000 ) ) ;
#439 =( LENGTH_UNIT ( ) NAMED_UNIT ( * ) SI_UNIT ( .MILLI., .METRE. ) );
#440 = SURFACE_STYLE_USAGE ( .BOTH. , #3520 ) ;
#441 =( LENGTH_UNIT ( ) NAMED_UNIT ( * ) SI_UNIT ( .MILLI., .METRE. ) );
#442 = PLANE ( 'NONE',  #1105 ) ;
#443 = DIRECTION ( 'NONE',  ( 1.000000000000000000, 0.000000000000000000, 0.000000000000000000 ) ) ;
#444 = EDGE_LOOP ( 'NONE', ( #261, #3927, #793, #95 ) ) ;
#445 = PRESENTATION_STYLE_ASSIGNMENT (( #2917 ) ) ;
#446 = CIRCLE ( 'NONE', #1449, 0.07499999999999998335 ) ;
#447 = CARTESIAN_POINT ( 'NONE',  ( -6.501666666303782982, 3.353052868533166642, -1.239999999999999991 ) ) ;
#448 = LINE ( 'NONE', #108, #4465 ) ;
#449 = VERTEX_POINT ( 'NONE', #3495 ) ;
#450 = VERTEX_POINT ( 'NONE', #3154 ) ;
#451 =( GEOMETRIC_REPRESENTATION_CONTEXT ( 3 ) GLOBAL_UNCERTAINTY_ASSIGNED_CONTEXT ( ( #4314 ) ) GLOBAL_UNIT_ASSIGNED_CONTEXT ( ( #569, #4383, #4032 ) ) REPRESENTATION_CONTEXT ( 'NONE', 'WORKASPACE' ) );
#452 =( NAMED_UNIT ( * ) SI_UNIT ( $, .STERADIAN. ) SOLID_ANGLE_UNIT ( ) );
#453 = SURFACE_STYLE_USAGE ( .BOTH. , #137 ) ;
#454 = PRESENTATION_LAYER_ASSIGNMENT (  '', '', ( #1526 ) ) ;
#455 = ORIENTED_EDGE ( 'NONE', *, *, #2009, .T. ) ;
#456 = UNCERTAINTY_MEASURE_WITH_UNIT (LENGTH_MEASURE( 1.000000000000000082E-05 ), #4252, 'distance_accuracy_value', 'NONE');
#457 = EDGE_CURVE ( 'NONE', #157, #662, #57, .T. ) ;
#458 =( LENGTH_UNIT ( ) NAMED_UNIT ( * ) SI_UNIT ( .MILLI., .METRE. ) );
#459 = CARTESIAN_POINT ( 'NONE',  ( -6.849999999999998757, 4.299999999999999822, -0.8750000000000001110 ) ) ;
#460 = DIRECTION ( 'NONE',  ( 1.000000000000000000, 0.000000000000000000, 0.000000000000000000 ) ) ;
#461 = LINE ( 'NONE', #118, #2459 ) ;
#462 = SURFACE_STYLE_FILL_AREA ( #2143 ) ;
#463 = EDGE_CURVE ( 'NONE', #2687, #3147, #2788, .T. ) ;
#464 = CARTESIAN_POINT ( 'NONE',  ( -7.669999999999998153, -2.307774158913503015, 0.000000000000000000 ) ) ;
#465 = CARTESIAN_POINT ( 'NONE',  ( -5.479999999999996874, -0.7734378409091344775, 1.165000000000000036 ) ) ;
#466 =( NAMED_UNIT ( * ) PLANE_ANGLE_UNIT ( ) SI_UNIT ( $, .RADIAN. ) );
#467 =( LENGTH_UNIT ( ) NAMED_UNIT ( * ) SI_UNIT ( .MILLI., .METRE. ) );
#468 = ORIENTED_EDGE ( 'NONE', *, *, #343, .T. ) ;
#469 = PRESENTATION_STYLE_ASSIGNMENT (( #791 ) ) ;
#470 = CYLINDRICAL_SURFACE ( 'NONE', #1700, 0.9000000000000000222 ) ;
#471 = VERTEX_POINT ( 'NONE', #3089 ) ;
#472 = ORIENTED_EDGE ( 'NONE', *, *, #2368, .F. ) ;
#473 =( GEOMETRIC_REPRESENTATION_CONTEXT ( 3 ) GLOBAL_UNCERTAINTY_ASSIGNED_CONTEXT ( ( #4167 ) ) GLOBAL_UNIT_ASSIGNED_CONTEXT ( ( #1473, #513, #3276 ) ) REPRESENTATION_CONTEXT ( 'NONE', 'WORKASPACE' ) );
#474 = VECTOR ( 'NONE', #395, 1000.000000000000000 ) ;
#475 = DIRECTION ( 'NONE',  ( 1.000000000000000000, 0.000000000000000000, 0.000000000000000000 ) ) ;
#476 =( GEOMETRIC_REPRESENTATION_CONTEXT ( 3 ) GLOBAL_UNCERTAINTY_ASSIGNED_CONTEXT ( ( #1476 ) ) GLOBAL_UNIT_ASSIGNED_CONTEXT ( ( #3292, #4018, #4470 ) ) REPRESENTATION_CONTEXT ( 'NONE', 'WORKASPACE' ) );
#477 = AXIS2_PLACEMENT_3D ( 'NONE', #1650, #285, #3047 ) ;
#478 = ORIENTED_EDGE ( 'NONE', *, *, #1014, .F. ) ;
#479 =( NAMED_UNIT ( * ) SI_UNIT ( $, .STERADIAN. ) SOLID_ANGLE_UNIT ( ) );
#480 = VECTOR ( 'NONE', #1525, 1000.000000000000000 ) ;
#481 = CARTESIAN_POINT ( 'NONE',  ( -0.004999999999997627870, -7.299999999999998934, 0.2050000000000001821 ) ) ;
#482 = SURFACE_STYLE_FILL_AREA ( #1199 ) ;
#483 = FILL_AREA_STYLE_COLOUR ( '', #1730 ) ;
#484 = ADVANCED_FACE ( 'NONE', ( #4476 ), #4258, .T. ) ;
#485 = MECHANICAL_DESIGN_GEOMETRIC_PRESENTATION_REPRESENTATION (  '', ( #635 ), #473 ) ;
#486 = SURFACE_SIDE_STYLE ('',( #4345 ) ) ;
#487 = LINE ( 'NONE', #1891, #2834 ) ;
#488 = STYLED_ITEM ( 'NONE', ( #1129 ), #1445 ) ;
#489 = CARTESIAN_POINT ( 'NONE',  ( -6.849999999999997868, 0.2500000000000019429, 1.239999999999999991 ) ) ;
#490 = FACE_OUTER_BOUND ( 'NONE', #3389, .T. ) ;
#491 = EDGE_CURVE ( 'NONE', #2157, #1590, #2562, .T. ) ;
#492 = DIRECTION ( 'NONE',  ( -0.000000000000000000, -0.000000000000000000, 1.000000000000000000 ) ) ;
#493 = ORIENTED_EDGE ( 'NONE', *, *, #2804, .T. ) ;
#494 = CARTESIAN_POINT ( 'NONE',  ( -6.849999999999998757, 4.299999999999999822, 1.239999999999999991 ) ) ;
#495 = FILL_AREA_STYLE_COLOUR ( '', #3310 ) ;
#496 = VERTEX_POINT ( 'NONE', #3199 ) ;
#497 = ORIENTED_EDGE ( 'NONE', *, *, #3065, .T. ) ;
#498 = STYLED_ITEM ( 'NONE', ( #231 ), #2066 ) ;
#499 = FILL_AREA_STYLE_COLOUR ( '', #2514 ) ;
#500 = EDGE_LOOP ( 'NONE', ( #1290, #2757, #3550, #89 ) ) ;
#501 = UNCERTAINTY_MEASURE_WITH_UNIT (LENGTH_MEASURE( 1.000000000000000082E-05 ), #646, 'distance_accuracy_value', 'NONE');
#502 = FACE_OUTER_BOUND ( 'NONE', #2606, .T. ) ;
#503 = DIRECTION ( 'NONE',  ( 0.000000000000000000, 1.000000000000000000, -0.000000000000000000 ) ) ;
#504 = SURFACE_STYLE_USAGE ( .BOTH. , #532 ) ;
#505 = PRESENTATION_LAYER_ASSIGNMENT (  '', '', ( #1574 ) ) ;
#506 = FILL_AREA_STYLE_COLOUR ( '', #4466 ) ;
#507 = DIRECTION ( 'NONE',  ( 0.000000000000000000, 0.6698795174310041567, 0.7424698190003449216 ) ) ;
#508 = SURFACE_STYLE_USAGE ( .BOTH. , #1555 ) ;
#509 = STYLED_ITEM ( 'NONE', ( #3568 ), #2812 ) ;
#510 = DIRECTION ( 'NONE',  ( 0.001459394400408117395, 0.9999989350834250779, 0.000000000000000000 ) ) ;
#511 = FILL_AREA_STYLE_COLOUR ( '', #3149 ) ;
#512 = DIRECTION ( 'NONE',  ( 0.000000000000000000, 0.000000000000000000, 1.000000000000000000 ) ) ;
#513 =( NAMED_UNIT ( * ) PLANE_ANGLE_UNIT ( ) SI_UNIT ( $, .RADIAN. ) );
#514 = VERTEX_POINT ( 'NONE', #122 ) ;
#515 = DIRECTION ( 'NONE',  ( 0.000000000000000000, 0.000000000000000000, 1.000000000000000000 ) ) ;
#516 = PRODUCT_RELATED_PRODUCT_CATEGORY ( 'part', '', ( #2888 ) ) ;
#517 = ADVANCED_FACE ( 'NONE', ( #3247 ), #3953, .T. ) ;
#518 = PLANE ( 'NONE',  #143 ) ;
#519 = VECTOR ( 'NONE', #223, 1000.000000000000000 ) ;
#520 = ORIENTED_EDGE ( 'NONE', *, *, #1875, .T. ) ;
#521 = ADVANCED_FACE ( 'NONE', ( #2219 ), #331, .T. ) ;
#522 = DIRECTION ( 'NONE',  ( 0.000000000000000000, 0.000000000000000000, -1.000000000000000000 ) ) ;
#523 = FACE_OUTER_BOUND ( 'NONE', #1923, .T. ) ;
#524 = SURFACE_SIDE_STYLE ('',( #1568 ) ) ;
#525 = DIRECTION ( 'NONE',  ( -0.000000000000000000, -1.000000000000000000, -0.000000000000000000 ) ) ;
#526 = ORIENTED_EDGE ( 'NONE', *, *, #1957, .T. ) ;
#527 = CIRCLE ( 'NONE', #1099, 0.07499999999999998335 ) ;
#528 = CIRCLE ( 'NONE', #1101, 0.07499999999999998335 ) ;
#529 = CARTESIAN_POINT ( 'NONE',  ( -5.554999999999997051, 0.000000000000000000, -1.165000000000000036 ) ) ;
#530 = STYLED_ITEM ( 'NONE', ( #2405 ), #4401 ) ;
#531 = FILL_AREA_STYLE_COLOUR ( '', #2076 ) ;
#532 = SURFACE_SIDE_STYLE ('',( #3990 ) ) ;
#533 = FILL_AREA_STYLE ('',( #3630 ) ) ;
#534 = SURFACE_SIDE_STYLE ('',( #3631 ) ) ;
#535 = FILL_AREA_STYLE_COLOUR ( '', #1278 ) ;
#536 = DIRECTION ( 'NONE',  ( -0.000000000000000000, -0.000000000000000000, 1.000000000000000000 ) ) ;
#537 = DIRECTION ( 'NONE',  ( 0.000000000000000000, -1.000000000000000000, 0.000000000000000000 ) ) ;
#538 = EDGE_LOOP ( 'NONE', ( #348, #4443, #2552, #1655 ) ) ;
#539 = DIRECTION ( 'NONE',  ( -0.000000000000000000, 0.000000000000000000, 1.000000000000000000 ) ) ;
#540 = CARTESIAN_POINT ( 'NONE',  ( -7.041917017770733977, 0.2858510005927555331, 0.07851904637053878921 ) ) ;
#541 = EDGE_CURVE ( 'NONE', #1865, #3175, #2792, .T. ) ;
#542 = ORIENTED_EDGE ( 'NONE', *, *, #2041, .F. ) ;
#543 = ORIENTED_EDGE ( 'NONE', *, *, #2892, .T. ) ;
#544 = SPHERICAL_SURFACE ( 'NONE', #3609, 0.9000000000000000222 ) ;
#545 =( LENGTH_UNIT ( ) NAMED_UNIT ( * ) SI_UNIT ( .MILLI., .METRE. ) );
#546 = EDGE_CURVE ( 'NONE', #2967, #619, #4323, .T. ) ;
#547 = ORIENTED_EDGE ( 'NONE', *, *, #4176, .T. ) ;
#548 = FILL_AREA_STYLE ('',( #1548 ) ) ;
#549 = DIRECTION ( 'NONE',  ( 2.017120320903264195E-16, -1.000000000000000000, 0.000000000000000000 ) ) ;
#550 = COLOUR_RGB ( '',0.8431372549019607865, 0.8431372549019607865, 0.8431372549019607865 ) ;
#551 =( LENGTH_UNIT ( ) NAMED_UNIT ( * ) SI_UNIT ( .MILLI., .METRE. ) );
#552 = VECTOR ( 'NONE', #1361, 1000.000000000000000 ) ;
#553 = PRESENTATION_STYLE_ASSIGNMENT (( #3697 ) ) ;
#554 = SURFACE_STYLE_FILL_AREA ( #1514 ) ;
#555 = PRESENTATION_LAYER_ASSIGNMENT (  '', '', ( #1056 ) ) ;
#556 = DIRECTION ( 'NONE',  ( -0.000000000000000000, -0.000000000000000000, 1.000000000000000000 ) ) ;
#557 = MECHANICAL_DESIGN_GEOMETRIC_PRESENTATION_REPRESENTATION (  '', ( #1766 ), #404 ) ;
#558 = EDGE_LOOP ( 'NONE', ( #3478, #3235, #3369, #795 ) ) ;
#559 = LINE ( 'NONE', #1895, #1482 ) ;
#560 = COLOUR_RGB ( '',0.000000000000000000, 0.7529411764705882248, 0.000000000000000000 ) ;
#561 = FILL_AREA_STYLE_COLOUR ( '', #3236 ) ;
#562 = CARTESIAN_POINT ( 'NONE',  ( 2.495000000000002327, -3.919999999999999929, 0.2050000000000001821 ) ) ;
#563 = VERTEX_POINT ( 'NONE', #1259 ) ;
#564 = ORIENTED_EDGE ( 'NONE', *, *, #625, .T. ) ;
#565 = PRESENTATION_LAYER_ASSIGNMENT (  '', '', ( #4182 ) ) ;
#566 = ADVANCED_FACE ( 'NONE', ( #3993 ), #1934, .T. ) ;
#567 = LINE ( 'NONE', #1926, #3754 ) ;
#568 = CARTESIAN_POINT ( 'NONE',  ( -5.479999999999996874, 0.3250000000000017319, 0.07851904637053880309 ) ) ;
#569 =( LENGTH_UNIT ( ) NAMED_UNIT ( * ) SI_UNIT ( .MILLI., .METRE. ) );
#570 = LINE ( 'NONE', #2878, #645 ) ;
#571 = MECHANICAL_DESIGN_GEOMETRIC_PRESENTATION_REPRESENTATION (  '', ( #2588 ), #1565 ) ;
#572 = VERTEX_POINT ( 'NONE', #1553 ) ;
#573 = EDGE_CURVE ( 'NONE', #2866, #3916, #843, .T. ) ;
#574 = DIRECTION ( 'NONE',  ( -0.000000000000000000, -1.000000000000000000, -0.000000000000000000 ) ) ;
#575 = AXIS2_PLACEMENT_3D ( 'NONE', #4059, #1132, #1566 ) ;
#576 = CARTESIAN_POINT ( 'NONE',  ( 5.505000000000001670, -7.299999999999998934, -0.2049999999999997935 ) ) ;
#577 = ADVANCED_FACE ( 'NONE', ( #4411 ), #1159, .F. ) ;
#578 =( LENGTH_UNIT ( ) NAMED_UNIT ( * ) SI_UNIT ( .MILLI., .METRE. ) );
#579 = DIRECTION ( 'NONE',  ( 0.000000000000000000, 0.000000000000000000, 1.000000000000000000 ) ) ;
#580 =( NAMED_UNIT ( * ) SI_UNIT ( $, .STERADIAN. ) SOLID_ANGLE_UNIT ( ) );
#581 = PRESENTATION_LAYER_ASSIGNMENT (  '', '', ( #3393 ) ) ;
#582 = DIRECTION ( 'NONE',  ( -0.000000000000000000, -0.000000000000000000, -1.000000000000000000 ) ) ;
#583 = ORIENTED_EDGE ( 'NONE', *, *, #369, .F. ) ;
#584 = LINE ( 'NONE', #3029, #2277 ) ;
#585 =( NAMED_UNIT ( * ) PLANE_ANGLE_UNIT ( ) SI_UNIT ( $, .RADIAN. ) );
#586 = STYLED_ITEM ( 'NONE', ( #1939 ), #2651 ) ;
#587 = DIRECTION ( 'NONE',  ( 0.000000000000000000, 0.000000000000000000, -1.000000000000000000 ) ) ;
#588 = FILL_AREA_STYLE ('',( #3411 ) ) ;
#589 = ORIENTED_EDGE ( 'NONE', *, *, #663, .T. ) ;
#590 = ORIENTED_EDGE ( 'NONE', *, *, #3032, .F. ) ;
#591 = CARTESIAN_POINT ( 'NONE',  ( -7.669999999999998153, 1.818390749886862556, 0.000000000000000000 ) ) ;
#592 = FILL_AREA_STYLE ('',( #3417 ) ) ;
#593 = PRESENTATION_STYLE_ASSIGNMENT (( #1347 ) ) ;
#594 = ORIENTED_EDGE ( 'NONE', *, *, #1144, .T. ) ;
#595 = VECTOR ( 'NONE', #3494, 1000.000000000000000 ) ;
#596 = FILL_AREA_STYLE ('',( #3693 ) ) ;
#597 = FILL_AREA_STYLE_COLOUR ( '', #3846 ) ;
#598 = PRESENTATION_LAYER_ASSIGNMENT (  '', '', ( #1591 ) ) ;
#599 = AXIS2_PLACEMENT_3D ( 'NONE', #2416, #3805, #3925 ) ;
#600 = FILL_AREA_STYLE_COLOUR ( '', #2357 ) ;
#601 = MECHANICAL_DESIGN_GEOMETRIC_PRESENTATION_REPRESENTATION (  '', ( #957 ), #1737 ) ;
#602 = PRESENTATION_LAYER_ASSIGNMENT (  '', '', ( #376 ) ) ;
#603 = CYLINDRICAL_SURFACE ( 'NONE', #2225, 0.07499999999999998335 ) ;
#604 = CARTESIAN_POINT ( 'NONE',  ( -6.849999999999996980, -4.299999999999999822, -0.8750000000000001110 ) ) ;
#605 = SURFACE_SIDE_STYLE ('',( #334 ) ) ;
#606 = STYLED_ITEM ( 'NONE', ( #553 ), #4191 ) ;
#607 = EDGE_CURVE ( 'NONE', #4405, #722, #856, .T. ) ;
#608 = ORIENTED_EDGE ( 'NONE', *, *, #3773, .F. ) ;
#609 = SURFACE_STYLE_USAGE ( .BOTH. , #1270 ) ;
#610 = CARTESIAN_POINT ( 'NONE',  ( -5.554999999999997051, 0.3250000000000017319, -1.165000000000000036 ) ) ;
#611 = STYLED_ITEM ( 'NONE', ( #3353 ), #4475 ) ;
#612 = CARTESIAN_POINT ( 'NONE',  ( -5.479999999999996874, -3.874999999999998224, 1.165000000000000036 ) ) ;
#613 = SURFACE_STYLE_FILL_AREA ( #588 ) ;
#614 = ORIENTED_EDGE ( 'NONE', *, *, #2982, .T. ) ;
#615 = ORIENTED_EDGE ( 'NONE', *, *, #158, .T. ) ;
#616 = FACE_OUTER_BOUND ( 'NONE', #1321, .T. ) ;
#617 = LINE ( 'NONE', #1971, #3855 ) ;
#618 = SURFACE_STYLE_FILL_AREA ( #3039 ) ;
#619 = VERTEX_POINT ( 'NONE', #2149 ) ;
#620 = DIRECTION ( 'NONE',  ( -1.000000000000000000, 0.000000000000000000, -0.000000000000000000 ) ) ;
#621 =( NAMED_UNIT ( * ) SI_UNIT ( $, .STERADIAN. ) SOLID_ANGLE_UNIT ( ) );
#622 = CARTESIAN_POINT ( 'NONE',  ( -0.004999999999997627870, -7.299999999999998934, 0.2050000000000001821 ) ) ;
#623 =( GEOMETRIC_REPRESENTATION_CONTEXT ( 3 ) GLOBAL_UNCERTAINTY_ASSIGNED_CONTEXT ( ( #3435 ) ) GLOBAL_UNIT_ASSIGNED_CONTEXT ( ( #1049, #2750, #3432 ) ) REPRESENTATION_CONTEXT ( 'NONE', 'WORKASPACE' ) );
#624 = PRESENTATION_LAYER_ASSIGNMENT (  '', '', ( #111 ) ) ;
#625 = EDGE_CURVE ( 'NONE', #1769, #2073, #1411, .T. ) ;
#626 = FILL_AREA_STYLE_COLOUR ( '', #3687 ) ;
#627 = CARTESIAN_POINT ( 'NONE',  ( 5.505000000000001670, -7.299999999999998934, 0.2050000000000001821 ) ) ;
#628 = PRESENTATION_LAYER_ASSIGNMENT (  '', '', ( #3221 ) ) ;
#629 = ORIENTED_EDGE ( 'NONE', *, *, #1179, .F. ) ;
#630 = DIRECTION ( 'NONE',  ( 0.000000000000000000, -1.000000000000000000, 0.000000000000000000 ) ) ;
#631 = PRESENTATION_STYLE_ASSIGNMENT (( #3769 ) ) ;
#632 = CARTESIAN_POINT ( 'NONE',  ( -5.554918791822921698, 3.407316617726024788, -1.215285391311694330 ) ) ;
#633 = PRESENTATION_STYLE_ASSIGNMENT (( #673 ) ) ;
#634 = MECHANICAL_DESIGN_GEOMETRIC_PRESENTATION_REPRESENTATION (  '', ( #2647 ), #3442 ) ;
#635 = STYLED_ITEM ( 'NONE', ( #1517 ), #681 ) ;
#636 = LINE ( 'NONE', #3752, #4399 ) ;
#637 = ORIENTED_EDGE ( 'NONE', *, *, #3727, .T. ) ;
#638 = VECTOR ( 'NONE', #268, 1000.000000000000000 ) ;
#639 = ORIENTED_EDGE ( 'NONE', *, *, #4316, .T. ) ;
#640 = UNCERTAINTY_MEASURE_WITH_UNIT (LENGTH_MEASURE( 1.000000000000000082E-05 ), #675, 'distance_accuracy_value', 'NONE');
#641 = SURFACE_STYLE_FILL_AREA ( #1636 ) ;
#642 = PRESENTATION_LAYER_ASSIGNMENT (  '', '', ( #2871 ) ) ;
#643 = FILL_AREA_STYLE_COLOUR ( '', #2840 ) ;
#644 = ORIENTED_EDGE ( 'NONE', *, *, #3418, .F. ) ;
#645 = VECTOR ( 'NONE', #3486, 1000.000000000000000 ) ;
#646 =( LENGTH_UNIT ( ) NAMED_UNIT ( * ) SI_UNIT ( .MILLI., .METRE. ) );
#647 = LINE ( 'NONE', #1243, #4442 ) ;
#648 = MECHANICAL_DESIGN_GEOMETRIC_PRESENTATION_REPRESENTATION (  '', ( #498 ), #2377 ) ;
#649 = PRESENTATION_STYLE_ASSIGNMENT (( #1263 ) ) ;
#650 = CARTESIAN_POINT ( 'NONE',  ( -5.554918791822920809, 3.407316617726019459, 1.215285391311694330 ) ) ;
#651 = PRESENTATION_LAYER_ASSIGNMENT (  '', '', ( #2963 ) ) ;
#652 = LINE ( 'NONE', #365, #2040 ) ;
#653 = EDGE_CURVE ( 'NONE', #449, #2130, #2935, .T. ) ;
#654 = CARTESIAN_POINT ( 'NONE',  ( -6.974999999999996980, -3.799999999999998046, -1.239999999999999991 ) ) ;
#655 =( GEOMETRIC_REPRESENTATION_CONTEXT ( 3 ) GLOBAL_UNCERTAINTY_ASSIGNED_CONTEXT ( ( #1219 ) ) GLOBAL_UNIT_ASSIGNED_CONTEXT ( ( #2893, #745, #1080 ) ) REPRESENTATION_CONTEXT ( 'NONE', 'WORKASPACE' ) );
#656 =( NAMED_UNIT ( * ) PLANE_ANGLE_UNIT ( ) SI_UNIT ( $, .RADIAN. ) );
#657 = ORIENTED_EDGE ( 'NONE', *, *, #4352, .F. ) ;
#658 = MECHANICAL_DESIGN_GEOMETRIC_PRESENTATION_REPRESENTATION (  '', ( #586 ), #2603 ) ;
#659 = ORIENTED_EDGE ( 'NONE', *, *, #3755, .T. ) ;
#660 =( NAMED_UNIT ( * ) PLANE_ANGLE_UNIT ( ) SI_UNIT ( $, .RADIAN. ) );
#661 = FACE_OUTER_BOUND ( 'NONE', #881, .T. ) ;
#662 = VERTEX_POINT ( 'NONE', #3597 ) ;
#663 = EDGE_CURVE ( 'NONE', #2207, #4333, #1831, .T. ) ;
#664 = FILL_AREA_STYLE ('',( #3466 ) ) ;
#665 = DIRECTION ( 'NONE',  ( 0.000000000000000000, 0.000000000000000000, -1.000000000000000000 ) ) ;
#666 = LINE ( 'NONE', #3104, #1387 ) ;
#667 = DIRECTION ( 'NONE',  ( 1.582776894139421947E-16, -1.000000000000000000, 0.000000000000000000 ) ) ;
#668 = VECTOR ( 'NONE', #3786, 1000.000000000000000 ) ;
#669 =( NAMED_UNIT ( * ) SI_UNIT ( $, .STERADIAN. ) SOLID_ANGLE_UNIT ( ) );
#670 = CIRCLE ( 'NONE', #2173, 0.07500000000000041356 ) ;
#671 = DIRECTION ( 'NONE',  ( 0.000000000000000000, 0.000000000000000000, 1.000000000000000000 ) ) ;
#672 =( NAMED_UNIT ( * ) PLANE_ANGLE_UNIT ( ) SI_UNIT ( $, .RADIAN. ) );
#673 = SURFACE_STYLE_USAGE ( .BOTH. , #3793 ) ;
#674 = FACE_OUTER_BOUND ( 'NONE', #1674, .T. ) ;
#675 =( LENGTH_UNIT ( ) NAMED_UNIT ( * ) SI_UNIT ( .MILLI., .METRE. ) );
#676 = ORIENTED_EDGE ( 'NONE', *, *, #191, .T. ) ;
#677 = CARTESIAN_POINT ( 'NONE',  ( 6.133260464790255205E-16, -3.874999999999997335, 1.239999999999999991 ) ) ;
#678 = UNCERTAINTY_MEASURE_WITH_UNIT (LENGTH_MEASURE( 1.000000000000000082E-05 ), #3862, 'distance_accuracy_value', 'NONE');
#679 = PRESENTATION_LAYER_ASSIGNMENT (  '', '', ( #4376 ) ) ;
#680 = FILL_AREA_STYLE_COLOUR ( '', #2622 ) ;
#681 = ADVANCED_FACE ( 'NONE', ( #3616 ), #1853, .T. ) ;
#682 = ORIENTED_EDGE ( 'NONE', *, *, #1608, .T. ) ;
#683 = DIRECTION ( 'NONE',  ( 0.000000000000000000, 1.000000000000000000, 0.000000000000000000 ) ) ;
#684 = EDGE_CURVE ( 'NONE', #4271, #1988, #636, .T. ) ;
#685 = CARTESIAN_POINT ( 'NONE',  ( -4.146494224938296114, 0.2500000000000017208, 0.000000000000000000 ) ) ;
#686 = DIRECTION ( 'NONE',  ( 0.000000000000000000, -1.000000000000000000, 0.000000000000000000 ) ) ;
#687 = CARTESIAN_POINT ( 'NONE',  ( -2.504999999999997673, -7.299999999999998934, 0.2050000000000001821 ) ) ;
#688 =( LENGTH_UNIT ( ) NAMED_UNIT ( * ) SI_UNIT ( .MILLI., .METRE. ) );
#689 = LINE ( 'NONE', #1289, #2014 ) ;
#690 =( LENGTH_UNIT ( ) NAMED_UNIT ( * ) SI_UNIT ( .MILLI., .METRE. ) );
#691 = DIRECTION ( 'NONE',  ( 0.000000000000000000, 1.000000000000000000, -0.000000000000000000 ) ) ;
#692 = AXIS2_PLACEMENT_3D ( 'NONE', #1171, #2184, #3283 ) ;
#693 = MECHANICAL_DESIGN_GEOMETRIC_PRESENTATION_REPRESENTATION (  '', ( #3800 ), #3012 ) ;
#694 = FILL_AREA_STYLE ('',( #31 ) ) ;
#695 = VERTEX_POINT ( 'NONE', #4027 ) ;
#696 = LINE ( 'NONE', #1102, #4318 ) ;
#697 = AXIS2_PLACEMENT_3D ( 'NONE', #3262, #1214, #926 ) ;
#698 = AXIS2_PLACEMENT_3D ( 'NONE', #2467, #3122, #112 ) ;
#699 = ORIENTED_EDGE ( 'NONE', *, *, #4058, .T. ) ;
#700 = ADVANCED_FACE ( 'NONE', ( #3659 ), #3231, .T. ) ;
#701 = PRESENTATION_LAYER_ASSIGNMENT (  '', '', ( #3378 ) ) ;
#702 = FILL_AREA_STYLE ('',( #384 ) ) ;
#703 = PRESENTATION_LAYER_ASSIGNMENT (  '', '', ( #415 ) ) ;
#704 = ORIENTED_EDGE ( 'NONE', *, *, #975, .F. ) ;
#705 = EDGE_CURVE ( 'NONE', #1195, #3160, #1610, .T. ) ;
#706 = CARTESIAN_POINT ( 'NONE',  ( -5.554999999999997051, 0.000000000000000000, 1.165000000000000036 ) ) ;
#707 = CARTESIAN_POINT ( 'NONE',  ( -7.049999999999997158, -3.799999999999998046, -1.165000000000000036 ) ) ;
#708 = PRESENTATION_LAYER_ASSIGNMENT (  '', '', ( #135 ) ) ;
#709 = FILL_AREA_STYLE ('',( #780 ) ) ;
#710 = COLOUR_RGB ( '',0.000000000000000000, 0.7529411764705882248, 0.000000000000000000 ) ;
#711 =( LENGTH_UNIT ( ) NAMED_UNIT ( * ) SI_UNIT ( .MILLI., .METRE. ) );
#712 = EDGE_CURVE ( 'NONE', #1988, #3458, #4097, .T. ) ;
#713 = PRESENTATION_STYLE_ASSIGNMENT (( #1783 ) ) ;
#714 = PLANE ( 'NONE',  #3809 ) ;
#715 = EDGE_LOOP ( 'NONE', ( #3530, #2463, #770, #3523 ) ) ;
#716 = DIRECTION ( 'NONE',  ( -1.000000000000000000, 0.000000000000000000, 0.000000000000000000 ) ) ;
#717 = UNCERTAINTY_MEASURE_WITH_UNIT (LENGTH_MEASURE( 1.000000000000000082E-05 ), #2174, 'distance_accuracy_value', 'NONE');
#718 = VECTOR ( 'NONE', #1878, 1000.000000000000000 ) ;
#719 = CARTESIAN_POINT ( 'NONE',  ( -5.479999999999996874, 0.000000000000000000, -1.239999999999999991 ) ) ;
#720 = MECHANICAL_DESIGN_GEOMETRIC_PRESENTATION_REPRESENTATION (  '', ( #867 ), #1012 ) ;
#721 = LINE ( 'NONE', #2077, #2280 ) ;
#722 = VERTEX_POINT ( 'NONE', #4053 ) ;
#723 =( GEOMETRIC_REPRESENTATION_CONTEXT ( 3 ) GLOBAL_UNCERTAINTY_ASSIGNED_CONTEXT ( ( #3585 ) ) GLOBAL_UNIT_ASSIGNED_CONTEXT ( ( #2974, #3244, #2239 ) ) REPRESENTATION_CONTEXT ( 'NONE', 'WORKASPACE' ) );
#724 = PRESENTATION_STYLE_ASSIGNMENT (( #4487 ) ) ;
#725 = CARTESIAN_POINT ( 'NONE',  ( -0.004999999999998061551, -3.919999999999999929, 0.2050000000000002098 ) ) ;
#726 = FILL_AREA_STYLE ('',( #1728 ) ) ;
#727 = VERTEX_POINT ( 'NONE', #3728 ) ;
#728 = UNCERTAINTY_MEASURE_WITH_UNIT (LENGTH_MEASURE( 1.000000000000000082E-05 ), #1326, 'distance_accuracy_value', 'NONE');
#729 = SURFACE_SIDE_STYLE ('',( #3858 ) ) ;
#730 = CARTESIAN_POINT ( 'NONE',  ( -5.479999999999996874, -2.062499999999998224, 0.000000000000000000 ) ) ;
#731 = DIRECTION ( 'NONE',  ( 0.000000000000000000, -1.000000000000000000, 0.000000000000000000 ) ) ;
#732 = PRESENTATION_LAYER_ASSIGNMENT (  '', '', ( #1945 ) ) ;
#733 = LINE ( 'NONE', #322, #2202 ) ;
#734 = CIRCLE ( 'NONE', #3268, 0.9749999999999999778 ) ;
#735 = CARTESIAN_POINT ( 'NONE',  ( -5.554999999999997051, 0.000000000000000000, -1.165000000000000036 ) ) ;
#736 = CARTESIAN_POINT ( 'NONE',  ( -5.479999999999996874, -3.799999999999998046, -1.165000000000000036 ) ) ;
#737 = SURFACE_SIDE_STYLE ('',( #3226 ) ) ;
#738 = ADVANCED_FACE ( 'NONE', ( #3073 ), #4164, .T. ) ;
#739 = AXIS2_PLACEMENT_3D ( 'NONE', #913, #1200, #3332 ) ;
#740 = UNCERTAINTY_MEASURE_WITH_UNIT (LENGTH_MEASURE( 1.000000000000000082E-05 ), #2350, 'distance_accuracy_value', 'NONE');
#741 = STYLED_ITEM ( 'NONE', ( #382 ), #2952 ) ;
#742 = DIRECTION ( 'NONE',  ( -0.000000000000000000, 1.000000000000000000, -0.000000000000000000 ) ) ;
#743 = DIRECTION ( 'NONE',  ( 0.000000000000000000, 0.000000000000000000, -1.000000000000000000 ) ) ;
#744 = VECTOR ( 'NONE', #1492, 1000.000000000000000 ) ;
#745 =( NAMED_UNIT ( * ) PLANE_ANGLE_UNIT ( ) SI_UNIT ( $, .RADIAN. ) );
#746 = CARTESIAN_POINT ( 'NONE',  ( 6.850000000000000533, -3.919999999999999929, 0.8750000000000000000 ) ) ;
#747 = ORIENTED_EDGE ( 'NONE', *, *, #3364, .F. ) ;
#748 = FILL_AREA_STYLE ('',( #1795 ) ) ;
#749 = SURFACE_STYLE_FILL_AREA ( #1726 ) ;
#750 = LINE ( 'NONE', #4223, #2166 ) ;
#751 = CARTESIAN_POINT ( 'NONE',  ( -5.479999999999996874, -3.874999999999998224, -1.239999999999999991 ) ) ;
#752 = VERTEX_POINT ( 'NONE', #992 ) ;
#753 =( NAMED_UNIT ( * ) SI_UNIT ( $, .STERADIAN. ) SOLID_ANGLE_UNIT ( ) );
#754 = LINE ( 'NONE', #3151, #1993 ) ;
#755 = SURFACE_STYLE_USAGE ( .BOTH. , #3152 ) ;
#756 = CARTESIAN_POINT ( 'NONE',  ( -6.849999999999996980, -4.299999999999999822, -1.239999999999999991 ) ) ;
#757 = ADVANCED_FACE ( 'NONE', ( #3132 ), #714, .T. ) ;
#758 = CARTESIAN_POINT ( 'NONE',  ( -6.974999999999996980, -3.874999999999998224, -1.165000000000000036 ) ) ;
#759 =( NAMED_UNIT ( * ) SI_UNIT ( $, .STERADIAN. ) SOLID_ANGLE_UNIT ( ) );
#760 = PRESENTATION_STYLE_ASSIGNMENT (( #3841 ) ) ;
#761 = VERTEX_POINT ( 'NONE', #3820 ) ;
#762 = DIRECTION ( 'NONE',  ( -0.000000000000000000, -0.000000000000000000, -1.000000000000000000 ) ) ;
#763 = UNCERTAINTY_MEASURE_WITH_UNIT (LENGTH_MEASURE( 1.000000000000000082E-05 ), #1300, 'distance_accuracy_value', 'NONE');
#764 = ADVANCED_FACE ( 'NONE', ( #370 ), #1786, .F. ) ;
#765 = FILL_AREA_STYLE ('',( #2175 ) ) ;
#766 = COLOUR_RGB ( '',1.000000000000000000, 0.000000000000000000, 0.000000000000000000 ) ;
#767 = CARTESIAN_POINT ( 'NONE',  ( -0.000000000000000000, 0.2500000000000017208, -1.239999999999999991 ) ) ;
#768 = STYLED_ITEM ( 'NONE', ( #844 ), #927 ) ;
#769 = CIRCLE ( 'NONE', #477, 0.07499999999999998335 ) ;
#770 = ORIENTED_EDGE ( 'NONE', *, *, #3085, .F. ) ;
#771 = DIRECTION ( 'NONE',  ( 0.000000000000000000, 0.000000000000000000, 1.000000000000000000 ) ) ;
#772 = VECTOR ( 'NONE', #1137, 1000.000000000000000 ) ;
#773 =( LENGTH_UNIT ( ) NAMED_UNIT ( * ) SI_UNIT ( .MILLI., .METRE. ) );
#774 = DIRECTION ( 'NONE',  ( 0.000000000000000000, 0.000000000000000000, 1.000000000000000000 ) ) ;
#775 = VERTEX_POINT ( 'NONE', #2050 ) ;
#776 = UNCERTAINTY_MEASURE_WITH_UNIT (LENGTH_MEASURE( 1.000000000000000082E-05 ), #1698, 'distance_accuracy_value', 'NONE');
#777 = CIRCLE ( 'NONE', #1127, 0.07499999999999998335 ) ;
#778 = SURFACE_SIDE_STYLE ('',( #3287 ) ) ;
#779 = DIRECTION ( 'NONE',  ( 0.000000000000000000, 0.000000000000000000, -1.000000000000000000 ) ) ;
#780 = FILL_AREA_STYLE_COLOUR ( '', #1084 ) ;
#781 =( GEOMETRIC_REPRESENTATION_CONTEXT ( 3 ) GLOBAL_UNCERTAINTY_ASSIGNED_CONTEXT ( ( #2846 ) ) GLOBAL_UNIT_ASSIGNED_CONTEXT ( ( #3863, #2771, #1807 ) ) REPRESENTATION_CONTEXT ( 'NONE', 'WORKASPACE' ) );
#782 = DIRECTION ( 'NONE',  ( -1.000000000000000000, 0.000000000000000000, 0.000000000000000000 ) ) ;
#783 = MECHANICAL_DESIGN_GEOMETRIC_PRESENTATION_REPRESENTATION (  '', ( #415 ), #1000 ) ;
#784 = DIRECTION ( 'NONE',  ( 1.000000000000000000, 0.000000000000000000, 0.000000000000000000 ) ) ;
#785 = FACE_OUTER_BOUND ( 'NONE', #1787, .T. ) ;
#786 =( NAMED_UNIT ( * ) PLANE_ANGLE_UNIT ( ) SI_UNIT ( $, .RADIAN. ) );
#787 = AXIS2_PLACEMENT_3D ( 'NONE', #1224, #2955, #2912 ) ;
#788 = ADVANCED_FACE ( 'NONE', ( #3142 ), #1727, .T. ) ;
#789 = DIRECTION ( 'NONE',  ( 1.000000000000000000, 0.000000000000000000, 0.000000000000000000 ) ) ;
#790 = EDGE_LOOP ( 'NONE', ( #1729, #969, #2645 ) ) ;
#791 = SURFACE_STYLE_USAGE ( .BOTH. , #3894 ) ;
#792 =( LENGTH_UNIT ( ) NAMED_UNIT ( * ) SI_UNIT ( .MILLI., .METRE. ) );
#793 = ORIENTED_EDGE ( 'NONE', *, *, #1297, .F. ) ;
#794 = COLOUR_RGB ( '',0.000000000000000000, 0.7529411764705882248, 0.000000000000000000 ) ;
#795 = ORIENTED_EDGE ( 'NONE', *, *, #1274, .T. ) ;
#796 = ADVANCED_FACE ( 'NONE', ( #2081 ), #93, .T. ) ;
#797 = ORIENTED_EDGE ( 'NONE', *, *, #3477, .T. ) ;
#798 = MECHANICAL_DESIGN_GEOMETRIC_PRESENTATION_REPRESENTATION (  '', ( #2069 ), #2310 ) ;
#799 =( NAMED_UNIT ( * ) PLANE_ANGLE_UNIT ( ) SI_UNIT ( $, .RADIAN. ) );
#800 = DIRECTION ( 'NONE',  ( 0.000000000000000000, 0.000000000000000000, -1.000000000000000000 ) ) ;
#801 = DIRECTION ( 'NONE',  ( 0.000000000000000000, -1.000000000000000000, 0.000000000000000000 ) ) ;
#802 = COLOUR_RGB ( '',0.000000000000000000, 0.7529411764705882248, 0.000000000000000000 ) ;
#803 = SURFACE_STYLE_FILL_AREA ( #3911 ) ;
#804 = DIRECTION ( 'NONE',  ( -0.000000000000000000, 1.000000000000000000, 0.000000000000000000 ) ) ;
#805 = FILL_AREA_STYLE_COLOUR ( '', #1001 ) ;
#806 =( NAMED_UNIT ( * ) PLANE_ANGLE_UNIT ( ) SI_UNIT ( $, .RADIAN. ) );
#807 = VERTEX_POINT ( 'NONE', #3968 ) ;
#808 = CARTESIAN_POINT ( 'NONE',  ( -6.974999999999996980, -3.799999999999998046, -1.165000000000000036 ) ) ;
#809 = UNCERTAINTY_MEASURE_WITH_UNIT (LENGTH_MEASURE( 1.000000000000000082E-05 ), #711, 'distance_accuracy_value', 'NONE');
#810 = VECTOR ( 'NONE', #2023, 1000.000000000000000 ) ;
#811 = FILL_AREA_STYLE ('',( #84 ) ) ;
#812 = FILL_AREA_STYLE ('',( #2128 ) ) ;
#813 = AXIS2_PLACEMENT_3D ( 'NONE', #1797, #1418, #2782 ) ;
#814 = LINE ( 'NONE', #377, #2941 ) ;
#815 = ORIENTED_EDGE ( 'NONE', *, *, #362, .F. ) ;
#816 = AXIS2_PLACEMENT_3D ( 'NONE', #3615, #2639, #1917 ) ;
#817 = CARTESIAN_POINT ( 'NONE',  ( -6.974959439888481327, 0.2500405880032804951, 0.07851728806360785962 ) ) ;
#818 = ADVANCED_FACE ( 'NONE', ( #523 ), #4295, .T. ) ;
#819 = PRESENTATION_STYLE_ASSIGNMENT (( #453 ) ) ;
#820 = DIRECTION ( 'NONE',  ( 0.000000000000000000, 0.7419062786134473786, -0.6705035971223017865 ) ) ;
#821 = PRESENTATION_LAYER_ASSIGNMENT (  '', '', ( #530 ) ) ;
#822 = VERTEX_POINT ( 'NONE', #837 ) ;
#823 = UNCERTAINTY_MEASURE_WITH_UNIT (LENGTH_MEASURE( 1.000000000000000082E-05 ), #2315, 'distance_accuracy_value', 'NONE');
#824 = FILL_AREA_STYLE ('',( #3606 ) ) ;
#825 = EDGE_CURVE ( 'NONE', #1748, #2431, #2498, .T. ) ;
#826 = CARTESIAN_POINT ( 'NONE',  ( -7.049999999999997158, 0.000000000000000000, 1.239999999999999991 ) ) ;
#827 = PRESENTATION_STYLE_ASSIGNMENT (( #3570 ) ) ;
#828 = DIRECTION ( 'NONE',  ( 1.000000000000000000, 2.017120320903264195E-16, -0.000000000000000000 ) ) ;
#829 = FILL_AREA_STYLE ('',( #1157 ) ) ;
#830 = PLANE ( 'NONE',  #1863 ) ;
#831 = FILL_AREA_STYLE ('',( #2798 ) ) ;
#832 = DIRECTION ( 'NONE',  ( 1.008560160451632221E-16, 1.000000000000000000, -0.000000000000000000 ) ) ;
#833 = ORIENTED_EDGE ( 'NONE', *, *, #855, .F. ) ;
#834 = CARTESIAN_POINT ( 'NONE',  ( 0.000000000000000000, 0.000000000000000000, 1.239999999999999991 ) ) ;
#835 = ORIENTED_EDGE ( 'NONE', *, *, #1762, .T. ) ;
#836 = CARTESIAN_POINT ( 'NONE',  ( -7.049999999999997158, 0.000000000000000000, -1.165000000000000036 ) ) ;
#837 = CARTESIAN_POINT ( 'NONE',  ( -6.974999999999996980, -3.874999999999998224, 1.165000000000000036 ) ) ;
#838 = COLOUR_RGB ( '',0.8431372549019607865, 0.8431372549019607865, 0.8431372549019607865 ) ;
#839 = ORIENTED_EDGE ( 'NONE', *, *, #3564, .T. ) ;
#840 = EDGE_CURVE ( 'NONE', #900, #2852, #4391, .T. ) ;
#841 = CARTESIAN_POINT ( 'NONE',  ( -5.554999999999997051, -3.799999999999998046, -1.239999999999999991 ) ) ;
#842 =( GEOMETRIC_REPRESENTATION_CONTEXT ( 3 ) GLOBAL_UNCERTAINTY_ASSIGNED_CONTEXT ( ( #309 ) ) GLOBAL_UNIT_ASSIGNED_CONTEXT ( ( #2366, #672, #2006 ) ) REPRESENTATION_CONTEXT ( 'NONE', 'WORKASPACE' ) );
#843 = CIRCLE ( 'NONE', #3595, 0.07499999999999998335 ) ;
#844 = PRESENTATION_STYLE_ASSIGNMENT (( #3514 ) ) ;
#845 = CARTESIAN_POINT ( 'NONE',  ( -7.049999999999997158, 0.000000000000000000, -1.239999999999999991 ) ) ;
#846 = PRESENTATION_STYLE_ASSIGNMENT (( #504 ) ) ;
#847 =( GEOMETRIC_REPRESENTATION_CONTEXT ( 3 ) GLOBAL_UNCERTAINTY_ASSIGNED_CONTEXT ( ( #1789 ) ) GLOBAL_UNIT_ASSIGNED_CONTEXT ( ( #4115, #585, #1651 ) ) REPRESENTATION_CONTEXT ( 'NONE', 'WORKASPACE' ) );
#848 = B_SPLINE_CURVE_WITH_KNOTS ( 'NONE', 3,
 ( #2790, #1043, #4254, #2496, #413, #3515 ),
 .UNSPECIFIED., .F., .F.,
 ( 4, 2, 4 ),
 ( 0.000000000000000000, 0.5000000000000000000, 1.000000000000000000 ),
 .UNSPECIFIED. ) ;
#849 = ADVANCED_FACE ( 'NONE', ( #3614 ), #1533, .T. ) ;
#850 = CARTESIAN_POINT ( 'NONE',  ( -5.479999999999996874, -2.062499999999998224, 0.000000000000000000 ) ) ;
#851 =( LENGTH_UNIT ( ) NAMED_UNIT ( * ) SI_UNIT ( .MILLI., .METRE. ) );
#852 = MECHANICAL_DESIGN_GEOMETRIC_PRESENTATION_REPRESENTATION (  '', ( #2871 ), #333 ) ;
#853 = FILL_AREA_STYLE_COLOUR ( '', #4354 ) ;
#854 = SURFACE_STYLE_USAGE ( .BOTH. , #2565 ) ;
#855 = EDGE_CURVE ( 'NONE', #2298, #3636, #1047, .T. ) ;
#856 = LINE ( 'NONE', #2226, #3373 ) ;
#857 = ORIENTED_EDGE ( 'NONE', *, *, #2784, .F. ) ;
#858 = CARTESIAN_POINT ( 'NONE',  ( -6.528251571725136593, 3.408764294601644540, -1.215254909038051556 ) ) ;
#859 = MECHANICAL_DESIGN_GEOMETRIC_PRESENTATION_REPRESENTATION (  '', ( #2292 ), #1212 ) ;
#860 = ORIENTED_EDGE ( 'NONE', *, *, #264, .F. ) ;
#861 = ORIENTED_EDGE ( 'NONE', *, *, #541, .F. ) ;
#862 = FILL_AREA_STYLE ('',( #1540 ) ) ;
#863 = DIRECTION ( 'NONE',  ( 1.000000000000000000, -0.000000000000000000, -0.000000000000000000 ) ) ;
#864 = ORIENTED_EDGE ( 'NONE', *, *, #3424, .T. ) ;
#865 = UNCERTAINTY_MEASURE_WITH_UNIT (LENGTH_MEASURE( 1.000000000000000082E-05 ), #467, 'distance_accuracy_value', 'NONE');
#866 = STYLED_ITEM ( 'NONE', ( #4378 ), #2480 ) ;
#867 = STYLED_ITEM ( 'NONE', ( #1183 ), #2717 ) ;
#868 = CARTESIAN_POINT ( 'NONE',  ( -7.049999999999997158, 0.000000000000000000, 1.239999999999999991 ) ) ;
#869 = DIRECTION ( 'NONE',  ( -1.000000000000000000, -0.000000000000000000, -0.000000000000000000 ) ) ;
#870 = CARTESIAN_POINT ( 'NONE',  ( -6.501626201225484181, 0.2500000000000017208, -0.07851904637053880309 ) ) ;
#871 = STYLED_ITEM ( 'NONE', ( #2560 ), #2863 ) ;
#872 = EDGE_CURVE ( 'NONE', #4334, #1507, #1254, .T. ) ;
#873 = SURFACE_STYLE_USAGE ( .BOTH. , #4326 ) ;
#874 = CARTESIAN_POINT ( 'NONE',  ( 4.995000000000001883, -7.299999999999998934, -0.2049999999999997935 ) ) ;
#875 = VERTEX_POINT ( 'NONE', #3338 ) ;
#876 = SURFACE_STYLE_USAGE ( .BOTH. , #3981 ) ;
#877 = ADVANCED_FACE ( 'NONE', ( #1038 ), #1704, .F. ) ;
#878 = CARTESIAN_POINT ( 'NONE',  ( -5.554918791823126867, 2.062500000000001332, 0.000000000000000000 ) ) ;
#879 = AXIS2_PLACEMENT_3D ( 'NONE', #4414, #1005, #3 ) ;
#880 = ORIENTED_EDGE ( 'NONE', *, *, #950, .F. ) ;
#881 = EDGE_LOOP ( 'NONE', ( #3286, #4197, #2469, #4081 ) ) ;
#882 = CIRCLE ( 'NONE', #163, 1.739118706646819668 ) ;
#883 = DIRECTION ( 'NONE',  ( 0.000000000000000000, 1.000000000000000000, 1.224646799147353207E-16 ) ) ;
#884 = CARTESIAN_POINT ( 'NONE',  ( -6.974999999999997868, 3.353743151311528337, -1.239999999999999991 ) ) ;
#885 = ORIENTED_EDGE ( 'NONE', *, *, #3056, .T. ) ;
#886 = COLOUR_RGB ( '',0.000000000000000000, 0.7529411764705882248, 0.000000000000000000 ) ;
#887 =( NAMED_UNIT ( * ) SI_UNIT ( $, .STERADIAN. ) SOLID_ANGLE_UNIT ( ) );
#888 = COLOUR_RGB ( '',1.000000000000000000, 0.000000000000000000, 0.000000000000000000 ) ;
#889 = SURFACE_SIDE_STYLE ('',( #482 ) ) ;
#890 = COLOUR_RGB ( '',0.8431372549019607865, 0.8431372549019607865, 0.8431372549019607865 ) ;
#891 = SURFACE_STYLE_FILL_AREA ( #3674 ) ;
#892 = FILL_AREA_STYLE ('',( #1203 ) ) ;
#893 = DIRECTION ( 'NONE',  ( -1.000000000000000000, 0.000000000000000000, 0.000000000000000000 ) ) ;
#894 = PRESENTATION_STYLE_ASSIGNMENT (( #3083 ) ) ;
#895 = CARTESIAN_POINT ( 'NONE',  ( 4.995000000000000995, -3.919999999999999929, -0.2049999999999997657 ) ) ;
#896 = ORIENTED_EDGE ( 'NONE', *, *, #546, .F. ) ;
#897 = DIRECTION ( 'NONE',  ( 0.000000000000000000, 0.000000000000000000, -1.000000000000000000 ) ) ;
#898 = ADVANCED_FACE ( 'NONE', ( #2036 ), #3566, .F. ) ;
#899 = DIRECTION ( 'NONE',  ( -1.000000000000000000, 0.000000000000000000, 0.000000000000000000 ) ) ;
#900 = VERTEX_POINT ( 'NONE', #4230 ) ;
#901 = VERTEX_POINT ( 'NONE', #2904 ) ;
#902 = ADVANCED_FACE ( 'NONE', ( #2187 ), #412, .F. ) ;
#903 = CARTESIAN_POINT ( 'NONE',  ( -5.554999999999997051, -3.799999999999998046, 1.239999999999999991 ) ) ;
#904 = PRESENTATION_STYLE_ASSIGNMENT (( #3059 ) ) ;
#905 = CARTESIAN_POINT ( 'NONE',  ( -6.974999999999996980, 3.353743151311522119, -1.165000000000000036 ) ) ;
#906 = CARTESIAN_POINT ( 'NONE',  ( -7.049999999999997158, -2.307774158913503015, -0.9749999999999999778 ) ) ;
#907 = VECTOR ( 'NONE', #1742, 1000.000000000000000 ) ;
#908 = ORIENTED_EDGE ( 'NONE', *, *, #4377, .F. ) ;
#909 = UNCERTAINTY_MEASURE_WITH_UNIT (LENGTH_MEASURE( 1.000000000000000082E-05 ), #990, 'distance_accuracy_value', 'NONE');
#910 = VECTOR ( 'NONE', #2353, 1000.000000000000000 ) ;
#911 = VECTOR ( 'NONE', #742, 1000.000000000000000 ) ;
#912 = FILL_AREA_STYLE ('',( #531 ) ) ;
#913 = CARTESIAN_POINT ( 'NONE',  ( -4.146494224938296114, 0.3250000000000017319, 1.165000000000000036 ) ) ;
#914 = AXIS2_PLACEMENT_3D ( 'NONE', #808, #1855, #515 ) ;
#915 =( NAMED_UNIT ( * ) SI_UNIT ( $, .STERADIAN. ) SOLID_ANGLE_UNIT ( ) );
#916 = DIRECTION ( 'NONE',  ( 1.000000000000000000, -0.000000000000000000, -0.000000000000000000 ) ) ;
#917 = AXIS2_PLACEMENT_3D ( 'NONE', #2004, #4394, #3345 ) ;
#918 = AXIS2_PLACEMENT_3D ( 'NONE', #4039, #194, #1623 ) ;
#919 = EDGE_LOOP ( 'NONE', ( #2051, #2343, #3906, #2920 ) ) ;
#920 =( LENGTH_UNIT ( ) NAMED_UNIT ( * ) SI_UNIT ( .MILLI., .METRE. ) );
#921 =( LENGTH_UNIT ( ) NAMED_UNIT ( * ) SI_UNIT ( .MILLI., .METRE. ) );
#922 = VECTOR ( 'NONE', #4331, 1000.000000000000000 ) ;
#923 = EDGE_LOOP ( 'NONE', ( #3352, #3412, #181, #229 ) ) ;
#924 = ORIENTED_EDGE ( 'NONE', *, *, #1221, .T. ) ;
#925 = COLOUR_RGB ( '',1.000000000000000000, 0.000000000000000000, 0.000000000000000000 ) ;
#926 = DIRECTION ( 'NONE',  ( 0.000000000000000000, 0.000000000000000000, 1.000000000000000000 ) ) ;
#927 = ADVANCED_FACE ( 'NONE', ( #144 ), #1845, .F. ) ;
#928 = CIRCLE ( 'NONE', #3096, 1.737499999999999822 ) ;
#929 = VERTEX_POINT ( 'NONE', #3829 ) ;
#930 = CYLINDRICAL_SURFACE ( 'NONE', #2692, 0.9000000000000000222 ) ;
#931 = EDGE_CURVE ( 'NONE', #3555, #1528, #3762, .T. ) ;
#932 = FILL_AREA_STYLE ('',( #4451 ) ) ;
#933 = FILL_AREA_STYLE ('',( #600 ) ) ;
#934 =( NAMED_UNIT ( * ) SI_UNIT ( $, .STERADIAN. ) SOLID_ANGLE_UNIT ( ) );
#935 = DIRECTION ( 'NONE',  ( 0.000000000000000000, -1.000000000000000000, 0.000000000000000000 ) ) ;
#936 = FILL_AREA_STYLE_COLOUR ( '', #3803 ) ;
#937 = DIRECTION ( 'NONE',  ( -1.000000000000000000, 0.000000000000000000, 0.000000000000000000 ) ) ;
#938 = CARTESIAN_POINT ( 'NONE',  ( -6.849999999999998757, 4.299999999999999822, -1.239999999999999991 ) ) ;
#939 = ORIENTED_EDGE ( 'NONE', *, *, #1796, .F. ) ;
#940 = DIRECTION ( 'NONE',  ( -1.000000000000000000, 0.000000000000000000, -0.000000000000000000 ) ) ;
#941 = CARTESIAN_POINT ( 'NONE',  ( -6.974999999999997868, 3.353743151311523452, 1.239999999999999991 ) ) ;
#942 = VECTOR ( 'NONE', #1784, 1000.000000000000000 ) ;
#943 = VECTOR ( 'NONE', #2215, 1000.000000000000000 ) ;
#944 = ORIENTED_EDGE ( 'NONE', *, *, #1031, .F. ) ;
#945 = ORIENTED_EDGE ( 'NONE', *, *, #2160, .T. ) ;
#946 = DIRECTION ( 'NONE',  ( 0.000000000000000000, 0.000000000000000000, 1.000000000000000000 ) ) ;
#947 = DIRECTION ( 'NONE',  ( 1.000000000000000000, -0.000000000000000000, -0.000000000000000000 ) ) ;
#948 = DIRECTION ( 'NONE',  ( 0.000000000000000000, -1.000000000000000000, 0.000000000000000000 ) ) ;
#949 = EDGE_LOOP ( 'NONE', ( #3489, #1518, #2344, #2185 ) ) ;
#950 = EDGE_CURVE ( 'NONE', #1507, #3147, #3438, .T. ) ;
#951 = STYLED_ITEM ( 'NONE', ( #56 ), #3639 ) ;
#952 =( NAMED_UNIT ( * ) PLANE_ANGLE_UNIT ( ) SI_UNIT ( $, .RADIAN. ) );
#953 = PRESENTATION_STYLE_ASSIGNMENT (( #3715 ) ) ;
#954 = MECHANICAL_DESIGN_GEOMETRIC_PRESENTATION_REPRESENTATION (  '', ( #1591 ), #3484 ) ;
#955 = ADVANCED_FACE ( 'NONE', ( #2401 ), #1124, .T. ) ;
#956 = CARTESIAN_POINT ( 'NONE',  ( -6.028293605477872852, 0.2511052428827629801, 0.07847116630589667796 ) ) ;
#957 = STYLED_ITEM ( 'NONE', ( #3222 ), #4113 ) ;
#958 = AXIS2_PLACEMENT_3D ( 'NONE', #1605, #512, #3293 ) ;
#959 = SURFACE_STYLE_USAGE ( .BOTH. , #299 ) ;
#960 =( NAMED_UNIT ( * ) PLANE_ANGLE_UNIT ( ) SI_UNIT ( $, .RADIAN. ) );
#961 = CARTESIAN_POINT ( 'NONE',  ( 0.5050000000000020028, -3.919999999999999929, 0.2050000000000002098 ) ) ;
#962 = CIRCLE ( 'NONE', #4373, 0.07499999999999998335 ) ;
#963 = ORIENTED_EDGE ( 'NONE', *, *, #3535, .T. ) ;
#964 = CARTESIAN_POINT ( 'NONE',  ( -8.569999999999998508, -3.919999999999999929, 0.8750000000000000000 ) ) ;
#965 = FACE_OUTER_BOUND ( 'NONE', #1539, .T. ) ;
#966 = CARTESIAN_POINT ( 'NONE',  ( -5.554951386085662079, 3.384982539960447845, -1.239999999999999991 ) ) ;
#967 = PRESENTATION_STYLE_ASSIGNMENT (( #3707 ) ) ;
#968 = ORIENTED_EDGE ( 'NONE', *, *, #220, .T. ) ;
#969 = ORIENTED_EDGE ( 'NONE', *, *, #2092, .T. ) ;
#970 =( LENGTH_UNIT ( ) NAMED_UNIT ( * ) SI_UNIT ( .MILLI., .METRE. ) );
#971 = DIRECTION ( 'NONE',  ( -0.000000000000000000, 1.000000000000000000, -0.000000000000000000 ) ) ;
#972 = ORIENTED_EDGE ( 'NONE', *, *, #2307, .F. ) ;
#973 = CYLINDRICAL_SURFACE ( 'NONE', #813, 0.07499999999999998335 ) ;
#974 = FACE_OUTER_BOUND ( 'NONE', #1649, .T. ) ;
#975 = EDGE_CURVE ( 'NONE', #662, #2328, #1017, .T. ) ;
#976 = CYLINDRICAL_SURFACE ( 'NONE', #1030, 0.07499999999999998335 ) ;
#977 = MECHANICAL_DESIGN_GEOMETRIC_PRESENTATION_REPRESENTATION (  '', ( #3586 ), #623 ) ;
#978 = VECTOR ( 'NONE', #2776, 1000.000000000000000 ) ;
#979 = SURFACE_STYLE_USAGE ( .BOTH. , #3046 ) ;
#980 = DIRECTION ( 'NONE',  ( -1.000000000000000000, 0.000000000000000000, 0.000000000000000000 ) ) ;
#981 = DIRECTION ( 'NONE',  ( 0.000000000000000000, 0.7419345830487468207, -0.6704722771869707776 ) ) ;
#982 =( NAMED_UNIT ( * ) SI_UNIT ( $, .STERADIAN. ) SOLID_ANGLE_UNIT ( ) );
#983 =( GEOMETRIC_REPRESENTATION_CONTEXT ( 3 ) GLOBAL_UNCERTAINTY_ASSIGNED_CONTEXT ( ( #3576 ) ) GLOBAL_UNIT_ASSIGNED_CONTEXT ( ( #2981, #2638, #3909 ) ) REPRESENTATION_CONTEXT ( 'NONE', 'WORKASPACE' ) );
#984 = CIRCLE ( 'NONE', #4025, 0.07499999999999998335 ) ;
#985 = DIRECTION ( 'NONE',  ( -0.000000000000000000, -1.000000000000000000, -0.000000000000000000 ) ) ;
#986 = FILL_AREA_STYLE ('',( #2727 ) ) ;
#987 = FILL_AREA_STYLE ('',( #4440 ) ) ;
#988 = COLOUR_RGB ( '',0.000000000000000000, 0.7529411764705882248, 0.000000000000000000 ) ;
#989 = AXIS2_PLACEMENT_3D ( 'NONE', #170, #1803, #1848 ) ;
#990 =( LENGTH_UNIT ( ) NAMED_UNIT ( * ) SI_UNIT ( .MILLI., .METRE. ) );
#991 = ADVANCED_FACE ( 'NONE', ( #2921 ), #1765, .T. ) ;
#992 = CARTESIAN_POINT ( 'NONE',  ( -5.479999999999996874, 0.2500000000000017208, -1.239999999999999991 ) ) ;
#993 = ORIENTED_EDGE ( 'NONE', *, *, #3972, .F. ) ;
#994 = ORIENTED_EDGE ( 'NONE', *, *, #288, .F. ) ;
#995 = UNCERTAINTY_MEASURE_WITH_UNIT (LENGTH_MEASURE( 1.000000000000000082E-05 ), #1942, 'distance_accuracy_value', 'NONE');
#996 = FILL_AREA_STYLE_COLOUR ( '', #4146 ) ;
#997 = PRESENTATION_STYLE_ASSIGNMENT (( #3824 ) ) ;
#998 = MECHANICAL_DESIGN_GEOMETRIC_PRESENTATION_REPRESENTATION (  '', ( #488 ), #1770 ) ;
#999 = ORIENTED_EDGE ( 'NONE', *, *, #1357, .T. ) ;
#1000 =( GEOMETRIC_REPRESENTATION_CONTEXT ( 3 ) GLOBAL_UNCERTAINTY_ASSIGNED_CONTEXT ( ( #2711 ) ) GLOBAL_UNIT_ASSIGNED_CONTEXT ( ( #920, #1211, #2569 ) ) REPRESENTATION_CONTEXT ( 'NONE', 'WORKASPACE' ) );
#1001 = COLOUR_RGB ( '',1.000000000000000000, 0.000000000000000000, 0.000000000000000000 ) ;
#1002 = CARTESIAN_POINT ( 'NONE',  ( -7.041905388825657752, 0.2858719511474083763, -0.07696504284196301060 ) ) ;
#1003 = MECHANICAL_DESIGN_GEOMETRIC_PRESENTATION_REPRESENTATION (  '', ( #1925 ), #280 ) ;
#1004 =( NAMED_UNIT ( * ) PLANE_ANGLE_UNIT ( ) SI_UNIT ( $, .RADIAN. ) );
#1005 = DIRECTION ( 'NONE',  ( -0.000000000000000000, -1.000000000000000000, 0.000000000000000000 ) ) ;
#1006 = STYLED_ITEM ( 'NONE', ( #2994 ), #2125 ) ;
#1007 = CARTESIAN_POINT ( 'NONE',  ( -6.974999999999996980, -2.062499999999998224, 0.000000000000000000 ) ) ;
#1008 = CARTESIAN_POINT ( 'NONE',  ( -5.554918791822925250, 3.407316617726038555, 1.215285391311694108 ) ) ;
#1009 = EDGE_CURVE ( 'NONE', #2130, #3440, #4311, .T. ) ;
#1010 = CARTESIAN_POINT ( 'NONE',  ( -6.028312733094083775, 3.385685329651634046, -1.239999999999846336 ) ) ;
#1011 = EDGE_LOOP ( 'NONE', ( #3184, #4449, #2252, #3753 ) ) ;
#1012 =( GEOMETRIC_REPRESENTATION_CONTEXT ( 3 ) GLOBAL_UNCERTAINTY_ASSIGNED_CONTEXT ( ( #2445 ) ) GLOBAL_UNIT_ASSIGNED_CONTEXT ( ( #1358, #960, #2336 ) ) REPRESENTATION_CONTEXT ( 'NONE', 'WORKASPACE' ) );
#1013 = ORIENTED_EDGE ( 'NONE', *, *, #2368, .T. ) ;
#1014 = EDGE_CURVE ( 'NONE', #4334, #3147, #2276, .T. ) ;
#1015 =( GEOMETRIC_REPRESENTATION_CONTEXT ( 3 ) GLOBAL_UNCERTAINTY_ASSIGNED_CONTEXT ( ( #823 ) ) GLOBAL_UNIT_ASSIGNED_CONTEXT ( ( #2315, #3359, #4453 ) ) REPRESENTATION_CONTEXT ( 'NONE', 'WORKASPACE' ) );
#1016 = ORIENTED_EDGE ( 'NONE', *, *, #72, .F. ) ;
#1017 = LINE ( 'NONE', #568, #480 ) ;
#1018 = SURFACE_STYLE_FILL_AREA ( #1642 ) ;
#1019 = SURFACE_STYLE_USAGE ( .BOTH. , #2107 ) ;
#1020 = DIRECTION ( 'NONE',  ( -1.000000000000000000, 0.000000000000000000, -0.000000000000000000 ) ) ;
#1021 = COLOUR_RGB ( '',1.000000000000000000, 0.000000000000000000, 0.000000000000000000 ) ;
#1022 = CARTESIAN_POINT ( 'NONE',  ( -6.974999999999996980, -3.799999999999998046, 1.165000000000000036 ) ) ;
#1023 = MECHANICAL_DESIGN_GEOMETRIC_PRESENTATION_REPRESENTATION (  '', ( #2470 ), #2690 ) ;
#1024 = VECTOR ( 'NONE', #1351, 1000.000000000000000 ) ;
#1025 = SURFACE_STYLE_FILL_AREA ( #4136 ) ;
#1026 = PRESENTATION_STYLE_ASSIGNMENT (( #2746 ) ) ;
#1027 = PRESENTATION_LAYER_ASSIGNMENT (  '', '', ( #2403 ) ) ;
#1028 = MECHANICAL_DESIGN_GEOMETRIC_PRESENTATION_REPRESENTATION (  '', ( #376 ), #3062 ) ;
#1029 = DIRECTION ( 'NONE',  ( -3.873519083332257373E-15, -0.6698795174518179518, 0.7424698189815662763 ) ) ;
#1030 = AXIS2_PLACEMENT_3D ( 'NONE', #706, #2112, #1707 ) ;
#1031 = EDGE_CURVE ( 'NONE', #2227, #4353, #1938, .T. ) ;
#1032 = PRESENTATION_STYLE_ASSIGNMENT (( #2122 ) ) ;
#1033 = EDGE_LOOP ( 'NONE', ( #999, #2211, #3459, #3984 ) ) ;
#1034 = ORIENTED_EDGE ( 'NONE', *, *, #3056, .F. ) ;
#1035 = UNCERTAINTY_MEASURE_WITH_UNIT (LENGTH_MEASURE( 1.000000000000000082E-05 ), #3315, 'distance_accuracy_value', 'NONE');
#1036 = ADVANCED_FACE ( 'NONE', ( #241 ), #2348, .T. ) ;
#1037 = EDGE_LOOP ( 'NONE', ( #2299, #327, #478, #1661 ) ) ;
#1038 = FACE_OUTER_BOUND ( 'NONE', #2683, .T. ) ;
#1039 = EDGE_CURVE ( 'NONE', #1186, #4011, #1992, .T. ) ;
#1040 = ORIENTED_EDGE ( 'NONE', *, *, #4296, .T. ) ;
#1041 = DIRECTION ( 'NONE',  ( 1.000000000000000000, 0.000000000000000000, 0.000000000000000000 ) ) ;
#1042 = DIRECTION ( 'NONE',  ( 0.000000000000000000, -1.000000000000000000, 0.000000000000000000 ) ) ;
#1043 = CARTESIAN_POINT ( 'NONE',  ( -5.535365045915061621, 0.2500000000000016653, 0.07796366898928365485 ) ) ;
#1044 =( GEOMETRIC_REPRESENTATION_CONTEXT ( 3 ) GLOBAL_UNCERTAINTY_ASSIGNED_CONTEXT ( ( #350 ) ) GLOBAL_UNIT_ASSIGNED_CONTEXT ( ( #1588, #3159, #4460 ) ) REPRESENTATION_CONTEXT ( 'NONE', 'WORKASPACE' ) );
#1045 = DIRECTION ( 'NONE',  ( 2.017120320903264442E-16, -1.000000000000000000, 0.000000000000000000 ) ) ;
#1046 = DIRECTION ( 'NONE',  ( 0.000000000000000000, 0.000000000000000000, -1.000000000000000000 ) ) ;
#1047 = CIRCLE ( 'NONE', #1901, 0.07499999999999980294 ) ;
#1048 = AXIS2_PLACEMENT_3D ( 'NONE', #1071, #3069, #2088 ) ;
#1049 =( LENGTH_UNIT ( ) NAMED_UNIT ( * ) SI_UNIT ( .MILLI., .METRE. ) );
#1050 = ORIENTED_EDGE ( 'NONE', *, *, #1204, .T. ) ;
#1051 = CARTESIAN_POINT ( 'NONE',  ( 5.505000000000001670, -3.919999999999999929, 0.2050000000000001821 ) ) ;
#1052 = VECTOR ( 'NONE', #3396, 1000.000000000000000 ) ;
#1053 = AXIS2_PLACEMENT_3D ( 'NONE', #850, #2499, #1450 ) ;
#1054 = FACE_OUTER_BOUND ( 'NONE', #1107, .T. ) ;
#1055 = CARTESIAN_POINT ( 'NONE',  ( -5.479999999999996874, 0.3266903756557620331, -0.07844265691183477385 ) ) ;
#1056 = STYLED_ITEM ( 'NONE', ( #3943 ), #1148 ) ;
#1057 = COLOUR_RGB ( '',1.000000000000000000, 0.000000000000000000, 0.000000000000000000 ) ;
#1058 = ORIENTED_EDGE ( 'NONE', *, *, #3451, .F. ) ;
#1059 = CIRCLE ( 'NONE', #275, 0.07499999999999992784 ) ;
#1060 = CARTESIAN_POINT ( 'NONE',  ( -7.049999999999997158, -0.7734378409091344775, 1.239999999999999991 ) ) ;
#1061 = SURFACE_STYLE_FILL_AREA ( #726 ) ;
#1062 = VECTOR ( 'NONE', #2101, 1000.000000000000000 ) ;
#1063 = VERTEX_POINT ( 'NONE', #294 ) ;
#1064 = DIRECTION ( 'NONE',  ( 0.000000000000000000, 0.000000000000000000, 1.000000000000000000 ) ) ;
#1065 = ADVANCED_FACE ( 'NONE', ( #2374 ), #1821, .T. ) ;
#1066 = CARTESIAN_POINT ( 'NONE',  ( -4.146494224938296114, -3.799999999999998046, 1.165000000000000036 ) ) ;
#1067 = MECHANICAL_DESIGN_GEOMETRIC_PRESENTATION_REPRESENTATION (  '', ( #135 ), #2662 ) ;
#1068 = FILL_AREA_STYLE ('',( #2164 ) ) ;
#1069 = DIRECTION ( 'NONE',  ( -0.000000000000000000, -1.000000000000000000, -0.000000000000000000 ) ) ;
#1070 = PRESENTATION_LAYER_ASSIGNMENT (  '', '', ( #1925 ) ) ;
#1071 = CARTESIAN_POINT ( 'NONE',  ( 3.005000000000002558, -7.299999999999998934, 0.2050000000000001821 ) ) ;
#1072 = CYLINDRICAL_SURFACE ( 'NONE', #3456, 0.07500000000000041356 ) ;
#1073 = SPHERICAL_SURFACE ( 'NONE', #4128, 0.07499999999999999722 ) ;
#1074 = CIRCLE ( 'NONE', #2229, 1.737581164259522470 ) ;
#1075 = SURFACE_STYLE_USAGE ( .BOTH. , #1140 ) ;
#1076 = VERTEX_POINT ( 'NONE', #2857 ) ;
#1077 = ORIENTED_EDGE ( 'NONE', *, *, #1419, .F. ) ;
#1078 = UNCERTAINTY_MEASURE_WITH_UNIT (LENGTH_MEASURE( 1.000000000000000082E-05 ), #2488, 'distance_accuracy_value', 'NONE');
#1079 = COLOUR_RGB ( '',0.000000000000000000, 0.7529411764705882248, 0.000000000000000000 ) ;
#1080 =( NAMED_UNIT ( * ) SI_UNIT ( $, .STERADIAN. ) SOLID_ANGLE_UNIT ( ) );
#1081 = STYLED_ITEM ( 'NONE', ( #649 ), #2754 ) ;
#1082 = CARTESIAN_POINT ( 'NONE',  ( -0.004999999999997627870, -3.919999999999999929, 0.2050000000000001821 ) ) ;
#1083 = ORIENTED_EDGE ( 'NONE', *, *, #3006, .T. ) ;
#1084 = COLOUR_RGB ( '',0.2862745098039215508, 0.2862745098039215508, 0.2862745098039215508 ) ;
#1085 =( NAMED_UNIT ( * ) SI_UNIT ( $, .STERADIAN. ) SOLID_ANGLE_UNIT ( ) );
#1086 =( NAMED_UNIT ( * ) PLANE_ANGLE_UNIT ( ) SI_UNIT ( $, .RADIAN. ) );
#1087 = CARTESIAN_POINT ( 'NONE',  ( -5.554999999999997051, -0.7734378409091342554, -1.165000000000000036 ) ) ;
#1088 = EDGE_LOOP ( 'NONE', ( #2547, #3647, #2231, #583 ) ) ;
#1089 = EDGE_CURVE ( 'NONE', #2915, #2097, #3885, .T. ) ;
#1090 = UNCERTAINTY_MEASURE_WITH_UNIT (LENGTH_MEASURE( 1.000000000000000082E-05 ), #3667, 'distance_accuracy_value', 'NONE');
#1091 = FACE_OUTER_BOUND ( 'NONE', #1388, .T. ) ;
#1092 = CARTESIAN_POINT ( 'NONE',  ( -8.569999999999998508, -2.307774158913503015, 5.510910596163088939E-17 ) ) ;
#1093 = ADVANCED_FACE ( 'NONE', ( #436 ), #1928, .T. ) ;
#1094 = SURFACE_STYLE_FILL_AREA ( #1869 ) ;
#1095 = COLOUR_RGB ( '',0.000000000000000000, 0.7529411764705882248, 0.000000000000000000 ) ;
#1096 = SURFACE_STYLE_FILL_AREA ( #2118 ) ;
#1097 = LINE ( 'NONE', #1116, #942 ) ;
#1098 = SURFACE_STYLE_USAGE ( .BOTH. , #737 ) ;
#1099 = AXIS2_PLACEMENT_3D ( 'NONE', #1826, #3313, #2335 ) ;
#1100 = ORIENTED_EDGE ( 'NONE', *, *, #4198, .F. ) ;
#1101 = AXIS2_PLACEMENT_3D ( 'NONE', #3559, #3985, #1149 ) ;
#1102 = CARTESIAN_POINT ( 'NONE',  ( -6.849999999999996980, -4.299999999999999822, 1.239999999999999991 ) ) ;
#1103 = PLANE ( 'NONE',  #3745 ) ;
#1104 = DIRECTION ( 'NONE',  ( 1.000000000000000000, -0.000000000000000000, -0.000000000000000000 ) ) ;
#1105 = AXIS2_PLACEMENT_3D ( 'NONE', #3890, #2890, #1495 ) ;
#1106 = PLANE ( 'NONE',  #409 ) ;
#1107 = EDGE_LOOP ( 'NONE', ( #2491, #2029, #1443, #590, #455, #109, #1123, #939 ) ) ;
#1108 = DIRECTION ( 'NONE',  ( -1.000000000000000000, 0.000000000000000000, 0.000000000000000000 ) ) ;
#1109 = SURFACE_STYLE_FILL_AREA ( #702 ) ;
#1110 = ORIENTED_EDGE ( 'NONE', *, *, #2558, .T. ) ;
#1111 = PRESENTATION_STYLE_ASSIGNMENT (( #431 ) ) ;
#1112 = SURFACE_SIDE_STYLE ('',( #3587 ) ) ;
#1113 = EDGE_CURVE ( 'NONE', #4005, #1269, #4104, .T. ) ;
#1114 = CARTESIAN_POINT ( 'NONE',  ( -5.479999999999996874, 0.3070645842337373366, -0.07878903866084639718 ) ) ;
#1115 = CARTESIAN_POINT ( 'NONE',  ( -7.124999999999997335, -2.307774158913503015, -0.9749999999999999778 ) ) ;
#1116 = CARTESIAN_POINT ( 'NONE',  ( 0.000000000000000000, -0.2499999999999982792, 1.239999999999999991 ) ) ;
#1117 = ORIENTED_EDGE ( 'NONE', *, *, #312, .T. ) ;
#1118 = FILL_AREA_STYLE ('',( #4239 ) ) ;
#1119 = UNCERTAINTY_MEASURE_WITH_UNIT (LENGTH_MEASURE( 1.000000000000000082E-05 ), #4339, 'distance_accuracy_value', 'NONE');
#1120 =( NAMED_UNIT ( * ) PLANE_ANGLE_UNIT ( ) SI_UNIT ( $, .RADIAN. ) );
#1121 =( GEOMETRIC_REPRESENTATION_CONTEXT ( 3 ) GLOBAL_UNCERTAINTY_ASSIGNED_CONTEXT ( ( #4265 ) ) GLOBAL_UNIT_ASSIGNED_CONTEXT ( ( #74, #166, #4279 ) ) REPRESENTATION_CONTEXT ( 'NONE', 'WORKASPACE' ) );
#1122 = ADVANCED_FACE ( 'NONE', ( #1903 ), #3014, .F. ) ;
#1123 = ORIENTED_EDGE ( 'NONE', *, *, #3013, .F. ) ;
#1124 = TOROIDAL_SURFACE ( 'NONE', #697, 1.737581164259522470, 0.07499999999999999722 ) ;
#1125 = COLOUR_RGB ( '',0.2862745098039215508, 0.2862745098039215508, 0.2862745098039215508 ) ;
#1126 = VERTEX_POINT ( 'NONE', #817 ) ;
#1127 = AXIS2_PLACEMENT_3D ( 'NONE', #610, #3723, #4094 ) ;
#1128 = LINE ( 'NONE', #2970, #1879 ) ;
#1129 = PRESENTATION_STYLE_ASSIGNMENT (( #2925 ) ) ;
#1130 = ORIENTED_EDGE ( 'NONE', *, *, #3696, .T. ) ;
#1131 = UNCERTAINTY_MEASURE_WITH_UNIT (LENGTH_MEASURE( 1.000000000000000082E-05 ), #363, 'distance_accuracy_value', 'NONE');
#1132 = DIRECTION ( 'NONE',  ( 1.000000000000000000, -0.000000000000000000, -0.000000000000000000 ) ) ;
#1133 = PRESENTATION_STYLE_ASSIGNMENT (( #1509 ) ) ;
#1134 =( NAMED_UNIT ( * ) SI_UNIT ( $, .STERADIAN. ) SOLID_ANGLE_UNIT ( ) );
#1135 = MECHANICAL_DESIGN_GEOMETRIC_PRESENTATION_REPRESENTATION (  '', ( #1139 ), #4473 ) ;
#1136 = FILL_AREA_STYLE_COLOUR ( '', #2465 ) ;
#1137 = DIRECTION ( 'NONE',  ( 0.000000000000000000, 1.000000000000000000, 0.000000000000000000 ) ) ;
#1138 = FILL_AREA_STYLE ('',( #172 ) ) ;
#1139 = STYLED_ITEM ( 'NONE', ( #2127 ), #1581 ) ;
#1140 = SURFACE_SIDE_STYLE ('',( #4464 ) ) ;
#1141 = COLOUR_RGB ( '',1.000000000000000000, 0.000000000000000000, 0.000000000000000000 ) ;
#1142 = ORIENTED_EDGE ( 'NONE', *, *, #374, .F. ) ;
#1143 = DIRECTION ( 'NONE',  ( -2.017120320903264195E-16, 1.000000000000000000, 0.000000000000000000 ) ) ;
#1144 = EDGE_CURVE ( 'NONE', #2669, #2431, #3874, .T. ) ;
#1145 = CARTESIAN_POINT ( 'NONE',  ( -6.974999999999996980, 0.3250000000000017319, 1.239999999999999991 ) ) ;
#1146 = CIRCLE ( 'NONE', #3682, 0.9000000000000000222 ) ;
#1147 = ORIENTED_EDGE ( 'NONE', *, *, #4371, .F. ) ;
#1148 = ADVANCED_FACE ( 'NONE', ( #1484 ), #3604, .F. ) ;
#1149 = DIRECTION ( 'NONE',  ( 0.000000000000000000, 0.000000000000000000, -1.000000000000000000 ) ) ;
#1150 = EDGE_LOOP ( 'NONE', ( #4186, #3922, #4381, #82 ) ) ;
#1151 = AXIS2_PLACEMENT_3D ( 'NONE', #1557, #916, #3677 ) ;
#1152 = CARTESIAN_POINT ( 'NONE',  ( 6.849999999999999645, -4.299999999999999822, -1.239999999999999991 ) ) ;
#1153 = CARTESIAN_POINT ( 'NONE',  ( 6.850000000000000533, -4.299999999999999822, 0.8750000000000000000 ) ) ;
#1154 = COLOUR_RGB ( '',0.2862745098039215508, 0.2862745098039215508, 0.2862745098039215508 ) ;
#1155 = DIRECTION ( 'NONE',  ( 0.000000000000000000, 0.000000000000000000, 1.000000000000000000 ) ) ;
#1156 = DIRECTION ( 'NONE',  ( 0.000000000000000000, 0.000000000000000000, 1.000000000000000000 ) ) ;
#1157 = FILL_AREA_STYLE_COLOUR ( '', #710 ) ;
#1158 = DIRECTION ( 'NONE',  ( -0.000000000000000000, 1.000000000000000000, -0.000000000000000000 ) ) ;
#1159 = PLANE ( 'NONE',  #266 ) ;
#1160 = ORIENTED_EDGE ( 'NONE', *, *, #48, .T. ) ;
#1161 = CARTESIAN_POINT ( 'NONE',  ( -5.554999999999997051, 3.351671556616683034, -1.165000000000000036 ) ) ;
#1162 = CIRCLE ( 'NONE', #3408, 1.812581120294389558 ) ;
#1163 = CARTESIAN_POINT ( 'NONE',  ( -6.104918183057297831, 3.408134752793182898, -1.215268161975809669 ) ) ;
#1164 = ADVANCED_FACE ( 'NONE', ( #3532 ), #3835, .T. ) ;
#1165 = COLOUR_RGB ( '',1.000000000000000000, 0.000000000000000000, 0.000000000000000000 ) ;
#1166 = B_SPLINE_CURVE_WITH_KNOTS ( 'NONE', 3,
 ( #3976, #1871, #870, #3937 ),
 .UNSPECIFIED., .F., .F.,
 ( 4, 4 ),
 ( 0.04774510310659983020, 0.9522034368786950198 ),
 .UNSPECIFIED. ) ;
#1167 = ORIENTED_EDGE ( 'NONE', *, *, #1550, .F. ) ;
#1168 = STYLED_ITEM ( 'NONE', ( #2456 ), #3266 ) ;
#1169 = FILL_AREA_STYLE_COLOUR ( '', #1201 ) ;
#1170 = CARTESIAN_POINT ( 'NONE',  ( -2.504999999999997673, -3.919999999999999929, 0.2050000000000002098 ) ) ;
#1171 = CARTESIAN_POINT ( 'NONE',  ( -5.479999999999996874, 0.000000000000000000, 0.000000000000000000 ) ) ;
#1172 = COLOUR_RGB ( '',0.000000000000000000, 0.7529411764705882248, 0.000000000000000000 ) ;
#1173 = VERTEX_POINT ( 'NONE', #654 ) ;
#1174 = UNCERTAINTY_MEASURE_WITH_UNIT (LENGTH_MEASURE( 1.000000000000000082E-05 ), #3763, 'distance_accuracy_value', 'NONE');
#1175 =( NAMED_UNIT ( * ) PLANE_ANGLE_UNIT ( ) SI_UNIT ( $, .RADIAN. ) );
#1176 = PRODUCT_DEFINITION_FORMATION_WITH_SPECIFIED_SOURCE ( 'ANY', '', #2888, .NOT_KNOWN. ) ;
#1177 = FILL_AREA_STYLE ('',( #1867 ) ) ;
#1178 =( LENGTH_UNIT ( ) NAMED_UNIT ( * ) SI_UNIT ( .MILLI., .METRE. ) );
#1179 = EDGE_CURVE ( 'NONE', #2291, #1832, #777, .T. ) ;
#1180 =( NAMED_UNIT ( * ) SI_UNIT ( $, .STERADIAN. ) SOLID_ANGLE_UNIT ( ) );
#1181 = DIRECTION ( 'NONE',  ( 1.000000000000000000, -0.000000000000000000, -0.000000000000000000 ) ) ;
#1182 = FACE_OUTER_BOUND ( 'NONE', #1037, .T. ) ;
#1183 = PRESENTATION_STYLE_ASSIGNMENT (( #4303 ) ) ;
#1184 = SURFACE_STYLE_FILL_AREA ( #2914 ) ;
#1185 = UNCERTAINTY_MEASURE_WITH_UNIT (LENGTH_MEASURE( 1.000000000000000082E-05 ), #3930, 'distance_accuracy_value', 'NONE');
#1186 = VERTEX_POINT ( 'NONE', #2025 ) ;
#1187 = CARTESIAN_POINT ( 'NONE',  ( -5.479999999999996874, 0.000000000000000000, -1.239999999999999991 ) ) ;
#1188 = FILL_AREA_STYLE ('',( #3320 ) ) ;
#1189 = ORIENTED_EDGE ( 'NONE', *, *, #13, .T. ) ;
#1190 = MECHANICAL_DESIGN_GEOMETRIC_PRESENTATION_REPRESENTATION (  '', ( #2577 ), #190 ) ;
#1191 = CLOSED_SHELL ( 'NONE', ( #2832, #2869, #213, #927, #2313, #764, #1581, #1739, #4002, #1451, #2717, #877, #1683, #3115, #2725, #396, #4406, #1680, #3280, #3219, #2812, #3926, #1251, #2015, #3811, #902, #1362, #3802, #428, #4450, #577, #4475, #757, #2398, #272, #1122, #898, #796 ) ) ;
#1192 = FILL_AREA_STYLE ('',( #2604 ) ) ;
#1193 = LINE ( 'NONE', #836, #3632 ) ;
#1194 = AXIS2_PLACEMENT_3D ( 'NONE', #2495, #4253, #460 ) ;
#1195 = VERTEX_POINT ( 'NONE', #4023 ) ;
#1196 = EDGE_CURVE ( 'NONE', #875, #3684, #51, .T. ) ;
#1197 = SURFACE_STYLE_FILL_AREA ( #2540 ) ;
#1198 = AXIS2_PLACEMENT_3D ( 'NONE', #2978, #980, #579 ) ;
#1199 = FILL_AREA_STYLE ('',( #216 ) ) ;
#1200 = DIRECTION ( 'NONE',  ( 1.000000000000000000, 0.000000000000000000, 0.000000000000000000 ) ) ;
#1201 = COLOUR_RGB ( '',1.000000000000000000, 0.000000000000000000, 0.000000000000000000 ) ;
#1202 = DIRECTION ( 'NONE',  ( -1.000000000000000000, 0.000000000000000000, -0.000000000000000000 ) ) ;
#1203 = FILL_AREA_STYLE_COLOUR ( '', #2049 ) ;
#1204 = EDGE_CURVE ( 'NONE', #807, #1507, #1336, .T. ) ;
#1205 = AXIS2_PLACEMENT_3D ( 'NONE', #685, #3193, #4338 ) ;
#1206 = SURFACE_STYLE_FILL_AREA ( #3337 ) ;
#1207 = DIRECTION ( 'NONE',  ( -1.000000000000000000, 0.000000000000000000, 0.000000000000000000 ) ) ;
#1208 = DIRECTION ( 'NONE',  ( -1.000000000000000000, 0.000000000000000000, 0.000000000000000000 ) ) ;
#1209 = EDGE_LOOP ( 'NONE', ( #676, #3027, #1496, #3626 ) ) ;
#1210 = CIRCLE ( 'NONE', #1919, 0.07499999999999998335 ) ;
#1211 =( NAMED_UNIT ( * ) PLANE_ANGLE_UNIT ( ) SI_UNIT ( $, .RADIAN. ) );
#1212 =( GEOMETRIC_REPRESENTATION_CONTEXT ( 3 ) GLOBAL_UNCERTAINTY_ASSIGNED_CONTEXT ( ( #678 ) ) GLOBAL_UNIT_ASSIGNED_CONTEXT ( ( #3862, #58, #2817 ) ) REPRESENTATION_CONTEXT ( 'NONE', 'WORKASPACE' ) );
#1213 = ORIENTED_EDGE ( 'NONE', *, *, #1390, .F. ) ;
#1214 = DIRECTION ( 'NONE',  ( -1.000000000000000000, 0.000000000000000000, 0.000000000000000000 ) ) ;
#1215 = SURFACE_STYLE_USAGE ( .BOTH. , #2942 ) ;
#1216 =( GEOMETRIC_REPRESENTATION_CONTEXT ( 3 ) GLOBAL_UNCERTAINTY_ASSIGNED_CONTEXT ( ( #2632 ) ) GLOBAL_UNIT_ASSIGNED_CONTEXT ( ( #970, #2412, #353 ) ) REPRESENTATION_CONTEXT ( 'NONE', 'WORKASPACE' ) );
#1217 = SPHERICAL_SURFACE ( 'NONE', #3166, 0.07499999999999999722 ) ;
#1218 = ORIENTED_EDGE ( 'NONE', *, *, #541, .T. ) ;
#1219 = UNCERTAINTY_MEASURE_WITH_UNIT (LENGTH_MEASURE( 1.000000000000000082E-05 ), #2893, 'distance_accuracy_value', 'NONE');
#1220 = DIRECTION ( 'NONE',  ( -0.000000000000000000, 0.000000000000000000, 1.000000000000000000 ) ) ;
#1221 = EDGE_CURVE ( 'NONE', #1076, #2233, #4456, .T. ) ;
#1222 = AXIS2_PLACEMENT_3D ( 'NONE', #2245, #2288, #1873 ) ;
#1223 = PRESENTATION_STYLE_ASSIGNMENT (( #3246 ) ) ;
#1224 = CARTESIAN_POINT ( 'NONE',  ( -5.554999999999997051, -3.799999999999998046, 1.165000000000000036 ) ) ;
#1225 = DIRECTION ( 'NONE',  ( 0.9999989350834249668, -0.001459394400412605342, -6.938886514564098091E-14 ) ) ;
#1226 = SURFACE_STYLE_USAGE ( .BOTH. , #2418 ) ;
#1227 = DIRECTION ( 'NONE',  ( 0.000000000000000000, 0.000000000000000000, -1.000000000000000000 ) ) ;
#1228 = ADVANCED_FACE ( 'NONE', ( #965, #2341 ), #2387, .F. ) ;
#1229 = ORIENTED_EDGE ( 'NONE', *, *, #491, .T. ) ;
#1230 = DIRECTION ( 'NONE',  ( -1.000000000000000000, -0.000000000000000000, -0.000000000000000000 ) ) ;
#1231 = DIRECTION ( 'NONE',  ( 0.000000000000000000, 0.000000000000000000, -1.000000000000000000 ) ) ;
#1232 = LINE ( 'NONE', #179, #718 ) ;
#1233 = MECHANICAL_DESIGN_GEOMETRIC_PRESENTATION_REPRESENTATION (  '', ( #4069 ), #1376 ) ;
#1234 = DIRECTION ( 'NONE',  ( 0.000000000000000000, 0.000000000000000000, -1.000000000000000000 ) ) ;
#1235 = EDGE_LOOP ( 'NONE', ( #18, #4363, #1982, #3821 ) ) ;
#1236 = VERTEX_POINT ( 'NONE', #1943 ) ;
#1237 = VECTOR ( 'NONE', #1773, 1000.000000000000000 ) ;
#1238 = ORIENTED_EDGE ( 'NONE', *, *, #1031, .T. ) ;
#1239 = AXIS2_PLACEMENT_3D ( 'NONE', #464, #1804, #3592 ) ;
#1240 = DIRECTION ( 'NONE',  ( 0.000000000000000000, -0.000000000000000000, 1.000000000000000000 ) ) ;
#1241 = DIRECTION ( 'NONE',  ( -1.000000000000000000, -0.000000000000000000, -0.000000000000000000 ) ) ;
#1242 =( LENGTH_UNIT ( ) NAMED_UNIT ( * ) SI_UNIT ( .MILLI., .METRE. ) );
#1243 = CARTESIAN_POINT ( 'NONE',  ( -5.479999999999996874, -3.874999999999998224, -1.165000000000000036 ) ) ;
#1244 = LINE ( 'NONE', #1534, #3996 ) ;
#1245 = ORIENTED_EDGE ( 'NONE', *, *, #3063, .F. ) ;
#1246 = FILL_AREA_STYLE ('',( #2987 ) ) ;
#1247 = PRESENTATION_STYLE_ASSIGNMENT (( #2228 ) ) ;
#1248 = CARTESIAN_POINT ( 'NONE',  ( -7.014148999407241902, 0.2580829822292657338, 0.07851904637053876146 ) ) ;
#1249 = ORIENTED_EDGE ( 'NONE', *, *, #1710, .F. ) ;
#1250 = EDGE_LOOP ( 'NONE', ( #3398, #2318, #3960 ) ) ;
#1251 = ADVANCED_FACE ( 'NONE', ( #3070 ), #1106, .T. ) ;
#1252 = LINE ( 'NONE', #1592, #3973 ) ;
#1253 = ORIENTED_EDGE ( 'NONE', *, *, #2558, .F. ) ;
#1254 = CIRCLE ( 'NONE', #1405, 0.07499999999999998335 ) ;
#1255 = AXIS2_PLACEMENT_3D ( 'NONE', #2363, #2726, #4455 ) ;
#1256 = DIRECTION ( 'NONE',  ( -0.000000000000000000, 1.000000000000000000, -0.000000000000000000 ) ) ;
#1257 = DIRECTION ( 'NONE',  ( 0.000000000000000000, -1.000000000000000000, 0.000000000000000000 ) ) ;
#1258 =( GEOMETRIC_REPRESENTATION_CONTEXT ( 3 ) GLOBAL_UNCERTAINTY_ASSIGNED_CONTEXT ( ( #3392 ) ) GLOBAL_UNIT_ASSIGNED_CONTEXT ( ( #545, #4360, #2287 ) ) REPRESENTATION_CONTEXT ( 'NONE', 'WORKASPACE' ) );
#1259 = CARTESIAN_POINT ( 'NONE',  ( -5.479999999999996874, -0.2499999999999982792, -1.239999999999999991 ) ) ;
#1260 = MECHANICAL_DESIGN_GEOMETRIC_PRESENTATION_REPRESENTATION (  '', ( #121 ), #2206 ) ;
#1261 = SURFACE_STYLE_FILL_AREA ( #3334 ) ;
#1262 = CARTESIAN_POINT ( 'NONE',  ( -6.849999999999996980, -4.299999999999999822, 0.8750000000000000000 ) ) ;
#1263 = SURFACE_STYLE_USAGE ( .BOTH. , #3719 ) ;
#1264 =( GEOMETRIC_REPRESENTATION_CONTEXT ( 3 ) GLOBAL_UNCERTAINTY_ASSIGNED_CONTEXT ( ( #1697 ) ) GLOBAL_UNIT_ASSIGNED_CONTEXT ( ( #4219, #3904, #452 ) ) REPRESENTATION_CONTEXT ( 'NONE', 'WORKASPACE' ) );
#1265 = CARTESIAN_POINT ( 'NONE',  ( -6.974999999999996980, -0.7734378409091342554, 1.165000000000000036 ) ) ;
#1266 = CARTESIAN_POINT ( 'NONE',  ( -6.974999999999996980, -3.799999999999998046, 1.165000000000000036 ) ) ;
#1267 = VECTOR ( 'NONE', #3388, 1000.000000000000000 ) ;
#1268 = B_SPLINE_CURVE_WITH_KNOTS ( 'NONE', 3,
 ( #2360, #4160, #99, #1734, #1114, #1801 ),
 .UNSPECIFIED., .F., .F.,
 ( 4, 2, 4 ),
 ( 0.000000000000000000, 0.5000000000000000000, 1.000000000000000000 ),
 .UNSPECIFIED. ) ;
#1269 = VERTEX_POINT ( 'NONE', #2156 ) ;
#1270 = SURFACE_SIDE_STYLE ('',( #4049 ) ) ;
#1271 = COLOUR_RGB ( '',0.000000000000000000, 0.7529411764705882248, 0.000000000000000000 ) ;
#1272 =( NAMED_UNIT ( * ) PLANE_ANGLE_UNIT ( ) SI_UNIT ( $, .RADIAN. ) );
#1273 = DIRECTION ( 'NONE',  ( -0.000000000000000000, 0.000000000000000000, 1.000000000000000000 ) ) ;
#1274 = EDGE_CURVE ( 'NONE', #1894, #2983, #448, .T. ) ;
#1275 =( LENGTH_UNIT ( ) NAMED_UNIT ( * ) SI_UNIT ( .MILLI., .METRE. ) );
#1276 = EDGE_LOOP ( 'NONE', ( #3188, #2826, #3729 ) ) ;
#1277 = ORIENTED_EDGE ( 'NONE', *, *, #3477, .F. ) ;
#1278 = COLOUR_RGB ( '',0.000000000000000000, 0.7529411764705882248, 0.000000000000000000 ) ;
#1279 = SURFACE_SIDE_STYLE ('',( #4425 ) ) ;
#1280 =( NAMED_UNIT ( * ) PLANE_ANGLE_UNIT ( ) SI_UNIT ( $, .RADIAN. ) );
#1281 = EDGE_CURVE ( 'NONE', #1063, #496, #721, .T. ) ;
#1282 = AXIS2_PLACEMENT_3D ( 'NONE', #3105, #3881, #1732 ) ;
#1283 = VERTEX_POINT ( 'NONE', #746 ) ;
#1284 =( GEOMETRIC_REPRESENTATION_CONTEXT ( 3 ) GLOBAL_UNCERTAINTY_ASSIGNED_CONTEXT ( ( #3214 ) ) GLOBAL_UNIT_ASSIGNED_CONTEXT ( ( #1479, #4241, #2825 ) ) REPRESENTATION_CONTEXT ( 'NONE', 'WORKASPACE' ) );
#1285 = LINE ( 'NONE', #4245, #3673 ) ;
#1286 = FILL_AREA_STYLE ('',( #3403 ) ) ;
#1287 = PRESENTATION_STYLE_ASSIGNMENT (( #959 ) ) ;
#1288 = CARTESIAN_POINT ( 'NONE',  ( 0.000000000000000000, 3.875000000000001332, -1.239999999999999991 ) ) ;
#1289 = CARTESIAN_POINT ( 'NONE',  ( -5.554999999999997051, -0.7405483178270076960, 1.239999999999999991 ) ) ;
#1290 = ORIENTED_EDGE ( 'NONE', *, *, #2924, .T. ) ;
#1291 = DIRECTION ( 'NONE',  ( -0.000000000000000000, -0.000000000000000000, -1.000000000000000000 ) ) ;
#1292 = STYLED_ITEM ( 'NONE', ( #2905 ), #2869 ) ;
#1293 = DIRECTION ( 'NONE',  ( 0.000000000000000000, 0.000000000000000000, 1.000000000000000000 ) ) ;
#1294 = VERTEX_POINT ( 'NONE', #1722 ) ;
#1295 = ORIENTED_EDGE ( 'NONE', *, *, #3782, .F. ) ;
#1296 = SURFACE_SIDE_STYLE ('',( #2031 ) ) ;
#1297 = EDGE_CURVE ( 'NONE', #3440, #1894, #814, .T. ) ;
#1298 = CARTESIAN_POINT ( 'NONE',  ( -1.994999999999997664, -7.299999999999998934, 0.2050000000000001821 ) ) ;
#1299 = AXIS2_PLACEMENT_3D ( 'NONE', #2142, #2114, #1155 ) ;
#1300 =( LENGTH_UNIT ( ) NAMED_UNIT ( * ) SI_UNIT ( .MILLI., .METRE. ) );
#1301 = VERTEX_POINT ( 'NONE', #1145 ) ;
#1302 = MECHANICAL_DESIGN_GEOMETRIC_PRESENTATION_REPRESENTATION (  '', ( #3052 ), #3561 ) ;
#1303 = EDGE_CURVE ( 'NONE', #3556, #2983, #2531, .T. ) ;
#1304 = EDGE_CURVE ( 'NONE', #2669, #2267, #1552, .T. ) ;
#1305 =( NAMED_UNIT ( * ) SI_UNIT ( $, .STERADIAN. ) SOLID_ANGLE_UNIT ( ) );
#1306 = AXIS2_PLACEMENT_3D ( 'NONE', #352, #4462, #1344 ) ;
#1307 = VECTOR ( 'NONE', #1442, 1000.000000000000000 ) ;
#1308 = CARTESIAN_POINT ( 'NONE',  ( -7.049999999999997158, -2.307774158913503015, 0.9749999999999999778 ) ) ;
#1309 = FACE_OUTER_BOUND ( 'NONE', #3323, .T. ) ;
#1310 = CIRCLE ( 'NONE', #3780, 1.814118662681686533 ) ;
#1311 = EDGE_CURVE ( 'NONE', #2233, #1126, #2104, .T. ) ;
#1312 = MECHANICAL_DESIGN_GEOMETRIC_PRESENTATION_REPRESENTATION (  '', ( #2404 ), #168 ) ;
#1313 = DIRECTION ( 'NONE',  ( 1.000000000000000000, 0.000000000000000000, 0.000000000000000000 ) ) ;
#1314 = FACE_OUTER_BOUND ( 'NONE', #246, .T. ) ;
#1315 = CARTESIAN_POINT ( 'NONE',  ( -6.974918791822919850, 3.409428355092355201, 1.215240934357544322 ) ) ;
#1316 = MECHANICAL_DESIGN_GEOMETRIC_PRESENTATION_REPRESENTATION (  '', ( #4446 ), #2176 ) ;
#1317 = DIRECTION ( 'NONE',  ( 1.000000000000000000, 0.000000000000000000, -0.000000000000000000 ) ) ;
#1318 = DIRECTION ( 'NONE',  ( -1.000000000000000000, -2.891205793294662451E-15, 0.000000000000000000 ) ) ;
#1319 = DIRECTION ( 'NONE',  ( 0.000000000000000000, 1.000000000000000000, 1.224646799147353207E-16 ) ) ;
#1320 =( NAMED_UNIT ( * ) PLANE_ANGLE_UNIT ( ) SI_UNIT ( $, .RADIAN. ) );
#1321 = EDGE_LOOP ( 'NONE', ( #3361, #4226, #968, #2259 ) ) ;
#1322 = ORIENTED_EDGE ( 'NONE', *, *, #1390, .T. ) ;
#1323 = SURFACE_SIDE_STYLE ('',( #2395 ) ) ;
#1324 = SURFACE_STYLE_USAGE ( .BOTH. , #1660 ) ;
#1325 = EDGE_LOOP ( 'NONE', ( #2158, #4243, #233 ) ) ;
#1326 =( LENGTH_UNIT ( ) NAMED_UNIT ( * ) SI_UNIT ( .MILLI., .METRE. ) );
#1327 = EDGE_CURVE ( 'NONE', #514, #1988, #4172, .T. ) ;
#1328 = CARTESIAN_POINT ( 'NONE',  ( -5.479999999999996874, 0.3250000000000017319, 1.239999999999999991 ) ) ;
#1329 = VECTOR ( 'NONE', #1365, 1000.000000000000000 ) ;
#1330 = DIRECTION ( 'NONE',  ( 3.032225525031849661E-11, 0.6704722771869696674, 0.7419345830487478199 ) ) ;
#1331 = PRESENTATION_STYLE_ASSIGNMENT (( #4454 ) ) ;
#1332 = AXIS2_PLACEMENT_3D ( 'NONE', #3582, #475, #2194 ) ;
#1333 =( GEOMETRIC_REPRESENTATION_CONTEXT ( 3 ) GLOBAL_UNCERTAINTY_ASSIGNED_CONTEXT ( ( #34 ) ) GLOBAL_UNIT_ASSIGNED_CONTEXT ( ( #2793, #1427, #1736 ) ) REPRESENTATION_CONTEXT ( 'NONE', 'WORKASPACE' ) );
#1334 = EDGE_CURVE ( 'NONE', #1886, #3277, #39, .T. ) ;
#1335 = CARTESIAN_POINT ( 'NONE',  ( -5.479999999999996874, 0.000000000000000000, 1.165000000000000036 ) ) ;
#1336 = LINE ( 'NONE', #3407, #202 ) ;
#1337 =( NAMED_UNIT ( * ) PLANE_ANGLE_UNIT ( ) SI_UNIT ( $, .RADIAN. ) );
#1338 = STYLED_ITEM ( 'NONE', ( #4362 ), #1093 ) ;
#1339 = STYLED_ITEM ( 'NONE', ( #2838 ), #517 ) ;
#1340 = SURFACE_SIDE_STYLE ('',( #4457 ) ) ;
#1341 = COLOUR_RGB ( '',1.000000000000000000, 0.000000000000000000, 0.000000000000000000 ) ;
#1342 = ORIENTED_EDGE ( 'NONE', *, *, #4344, .F. ) ;
#1343 = UNCERTAINTY_MEASURE_WITH_UNIT (LENGTH_MEASURE( 1.000000000000000082E-05 ), #690, 'distance_accuracy_value', 'NONE');
#1344 = DIRECTION ( 'NONE',  ( 0.000000000000000000, 0.000000000000000000, -1.000000000000000000 ) ) ;
#1345 = CYLINDRICAL_SURFACE ( 'NONE', #2147, 0.9000000000000000222 ) ;
#1346 = CARTESIAN_POINT ( 'NONE',  ( -1.994999999999997664, -7.299999999999998934, 0.2050000000000001821 ) ) ;
#1347 = SURFACE_STYLE_USAGE ( .BOTH. , #1678 ) ;
#1348 = EDGE_LOOP ( 'NONE', ( #908, #3686, #1835, #3368 ) ) ;
#1349 =( GEOMETRIC_REPRESENTATION_CONTEXT ( 3 ) GLOBAL_UNCERTAINTY_ASSIGNED_CONTEXT ( ( #4484 ) ) GLOBAL_UNIT_ASSIGNED_CONTEXT ( ( #1877, #3346, #2250 ) ) REPRESENTATION_CONTEXT ( 'NONE', 'WORKASPACE' ) );
#1350 = DIRECTION ( 'NONE',  ( -2.017120320903264195E-16, 1.000000000000000000, 0.000000000000000000 ) ) ;
#1351 = DIRECTION ( 'NONE',  ( -0.000000000000000000, 1.000000000000000000, -0.000000000000000000 ) ) ;
#1352 = CARTESIAN_POINT ( 'NONE',  ( -6.974999999999997868, 3.353743151311522119, 1.165000000000000036 ) ) ;
#1353 = SURFACE_SIDE_STYLE ('',( #3445 ) ) ;
#1354 = CARTESIAN_POINT ( 'NONE',  ( 5.505000000000000782, -3.919999999999999929, 0.2050000000000002098 ) ) ;
#1355 = COLOUR_RGB ( '',0.000000000000000000, 0.7529411764705882248, 0.000000000000000000 ) ;
#1356 = CARTESIAN_POINT ( 'NONE',  ( -7.669999999999998153, 1.818390749886862556, 0.000000000000000000 ) ) ;
#1357 = EDGE_CURVE ( 'NONE', #308, #3305, #120, .T. ) ;
#1358 =( LENGTH_UNIT ( ) NAMED_UNIT ( * ) SI_UNIT ( .MILLI., .METRE. ) );
#1359 = DIRECTION ( 'NONE',  ( 0.000000000000000000, 0.000000000000000000, 1.000000000000000000 ) ) ;
#1360 = AXIS2_PLACEMENT_3D ( 'NONE', #4485, #1720, #16 ) ;
#1361 = DIRECTION ( 'NONE',  ( 0.000000000000000000, 0.000000000000000000, -1.000000000000000000 ) ) ;
#1362 = ADVANCED_FACE ( 'NONE', ( #2722 ), #3156, .F. ) ;
#1363 = CARTESIAN_POINT ( 'NONE',  ( -7.049999999999997158, 0.3250000000000017319, -0.07851904637053880309 ) ) ;
#1364 = ORIENTED_EDGE ( 'NONE', *, *, #3285, .F. ) ;
#1365 = DIRECTION ( 'NONE',  ( 1.000000000000000000, 1.582776894139421947E-16, 0.000000000000000000 ) ) ;
#1366 = LINE ( 'NONE', #2325, #302 ) ;
#1367 = CARTESIAN_POINT ( 'NONE',  ( -5.479999999999996874, 0.000000000000000000, 1.239999999999999991 ) ) ;
#1368 = PRESENTATION_LAYER_ASSIGNMENT (  '', '', ( #2005 ) ) ;
#1369 = EDGE_LOOP ( 'NONE', ( #3901, #493, #885, #1750 ) ) ;
#1370 = APPLICATION_PROTOCOL_DEFINITION ( 'draft international standard', 'automotive_design', 1998, #340 ) ;
#1371 =( NAMED_UNIT ( * ) PLANE_ANGLE_UNIT ( ) SI_UNIT ( $, .RADIAN. ) );
#1372 = DIRECTION ( 'NONE',  ( 0.000000000000000000, 0.000000000000000000, -1.000000000000000000 ) ) ;
#1373 = FILL_AREA_STYLE ('',( #1916 ) ) ;
#1374 = CARTESIAN_POINT ( 'NONE',  ( -6.974999999999996980, 0.000000000000000000, 1.165000000000000036 ) ) ;
#1375 = ORIENTED_EDGE ( 'NONE', *, *, #2413, .T. ) ;
#1376 =( GEOMETRIC_REPRESENTATION_CONTEXT ( 3 ) GLOBAL_UNCERTAINTY_ASSIGNED_CONTEXT ( ( #189 ) ) GLOBAL_UNIT_ASSIGNED_CONTEXT ( ( #77, #3218, #3815 ) ) REPRESENTATION_CONTEXT ( 'NONE', 'WORKASPACE' ) );
#1377 = CARTESIAN_POINT ( 'NONE',  ( 0.000000000000000000, -0.2499999999999982792, -1.239999999999999991 ) ) ;
#1378 = CARTESIAN_POINT ( 'NONE',  ( -5.479999999999996874, 0.000000000000000000, 1.239999999999999991 ) ) ;
#1379 = VECTOR ( 'NONE', #4343, 1000.000000000000000 ) ;
#1380 = FACE_BOUND ( 'NONE', #2437, .T. ) ;
#1381 = CARTESIAN_POINT ( 'NONE',  ( -6.624919178771587980, 3.408908024404123438, 1.215251883964668878 ) ) ;
#1382 = B_SPLINE_CURVE_WITH_KNOTS ( 'NONE', 3,
 ( #3655, #203, #1562, #4289, #3963, #1163, #2597, #858, #2549, #153 ),
 .UNSPECIFIED., .F., .F.,
 ( 4, 3, 3, 4 ),
 ( 0.000000000000000000, 0.0001500000000000001224, 0.0007500000000000342764, 0.001420001570918643903 ),
 .UNSPECIFIED. ) ;
#1383 = DIRECTION ( 'NONE',  ( 2.017120320903264442E-16, -1.000000000000000000, 0.000000000000000000 ) ) ;
#1384 = CIRCLE ( 'NONE', #816, 0.9000000000000000222 ) ;
#1385 = SURFACE_STYLE_FILL_AREA ( #4235 ) ;
#1386 = DIRECTION ( 'NONE',  ( -0.000000000000000000, -0.6705035971223047842, -0.7419062786134446030 ) ) ;
#1387 = VECTOR ( 'NONE', #4110, 1000.000000000000000 ) ;
#1388 = EDGE_LOOP ( 'NONE', ( #2180, #3168, #860, #1147 ) ) ;
#1389 = ORIENTED_EDGE ( 'NONE', *, *, #249, .F. ) ;
#1390 = EDGE_CURVE ( 'NONE', #1865, #2687, #1059, .T. ) ;
#1391 = UNCERTAINTY_MEASURE_WITH_UNIT (LENGTH_MEASURE( 1.000000000000000082E-05 ), #151, 'distance_accuracy_value', 'NONE');
#1392 = SURFACE_STYLE_USAGE ( .BOTH. , #4423 ) ;
#1393 = CARTESIAN_POINT ( 'NONE',  ( -6.974999999999996980, 0.2500000000000017208, 1.165000000000000036 ) ) ;
#1394 = DIRECTION ( 'NONE',  ( 0.000000000000000000, -0.000000000000000000, -1.000000000000000000 ) ) ;
#1395 = ORIENTED_EDGE ( 'NONE', *, *, #3196, .T. ) ;
#1396 = ADVANCED_FACE ( 'NONE', ( #1428 ), #2213, .T. ) ;
#1397 =( LENGTH_UNIT ( ) NAMED_UNIT ( * ) SI_UNIT ( .MILLI., .METRE. ) );
#1398 = FACE_OUTER_BOUND ( 'NONE', #1909, .T. ) ;
#1399 = ORIENTED_EDGE ( 'NONE', *, *, #1957, .F. ) ;
#1400 = UNCERTAINTY_MEASURE_WITH_UNIT (LENGTH_MEASURE( 1.000000000000000082E-05 ), #3915, 'distance_accuracy_value', 'NONE');
#1401 =( NAMED_UNIT ( * ) SI_UNIT ( $, .STERADIAN. ) SOLID_ANGLE_UNIT ( ) );
#1402 = SURFACE_STYLE_USAGE ( .BOTH. , #3493 ) ;
#1403 = PLANE ( 'NONE',  #1048 ) ;
#1404 = DIRECTION ( 'NONE',  ( 0.000000000000000000, 0.000000000000000000, -1.000000000000000000 ) ) ;
#1405 = AXIS2_PLACEMENT_3D ( 'NONE', #1265, #1579, #3700 ) ;
#1406 = MECHANICAL_DESIGN_GEOMETRIC_PRESENTATION_REPRESENTATION (  '', ( #3082 ), #195 ) ;
#1407 = SURFACE_STYLE_FILL_AREA ( #694 ) ;
#1408 = ORIENTED_EDGE ( 'NONE', *, *, #1089, .T. ) ;
#1409 = VERTEX_POINT ( 'NONE', #3454 ) ;
#1410 = AXIS2_PLACEMENT_3D ( 'NONE', #2956, #2611, #2658 ) ;
#1411 = CIRCLE ( 'NONE', #3959, 0.07500000000000041356 ) ;
#1412 = SURFACE_STYLE_USAGE ( .BOTH. , #3136 ) ;
#1413 = LINE ( 'NONE', #767, #2448 ) ;
#1414 = ADVANCED_FACE ( 'NONE', ( #2428 ), #2699, .F. ) ;
#1415 = CARTESIAN_POINT ( 'NONE',  ( -0.000000000000000000, 3.875000000000001332, -1.239999999999999991 ) ) ;
#1416 = ORIENTED_EDGE ( 'NONE', *, *, #2929, .F. ) ;
#1417 = AXIS2_PLACEMENT_3D ( 'NONE', #4052, #4195, #2080 ) ;
#1418 = DIRECTION ( 'NONE',  ( 0.000000000000000000, -1.000000000000000000, 0.000000000000000000 ) ) ;
#1419 = EDGE_CURVE ( 'NONE', #4149, #3636, #2132, .T. ) ;
#1420 = SURFACE_STYLE_FILL_AREA ( #1463 ) ;
#1421 = DIRECTION ( 'NONE',  ( -0.000000000000000000, -1.000000000000000000, 2.891205793294679017E-15 ) ) ;
#1422 = ORIENTED_EDGE ( 'NONE', *, *, #1710, .T. ) ;
#1423 = DIRECTION ( 'NONE',  ( -1.000000000000000000, 0.000000000000000000, 0.000000000000000000 ) ) ;
#1424 =( NAMED_UNIT ( * ) PLANE_ANGLE_UNIT ( ) SI_UNIT ( $, .RADIAN. ) );
#1425 = COLOUR_RGB ( '',0.000000000000000000, 0.7529411764705882248, 0.000000000000000000 ) ;
#1426 = LINE ( 'NONE', #2450, #1511 ) ;
#1427 =( NAMED_UNIT ( * ) PLANE_ANGLE_UNIT ( ) SI_UNIT ( $, .RADIAN. ) );
#1428 = FACE_OUTER_BOUND ( 'NONE', #1150, .T. ) ;
#1429 = CARTESIAN_POINT ( 'NONE',  ( -6.849999999999998757, 0.2500000000000017208, -1.239999999999999991 ) ) ;
#1430 = CIRCLE ( 'NONE', #2598, 0.07499999999999985845 ) ;
#1431 = DIRECTION ( 'NONE',  ( 0.000000000000000000, -0.000000000000000000, -1.000000000000000000 ) ) ;
#1432 = VERTEX_POINT ( 'NONE', #4131 ) ;
#1433 = FILL_AREA_STYLE_COLOUR ( '', #4459 ) ;
#1434 = UNCERTAINTY_MEASURE_WITH_UNIT (LENGTH_MEASURE( 1.000000000000000082E-05 ), #1242, 'distance_accuracy_value', 'NONE');
#1435 = CIRCLE ( 'NONE', #3685, 0.07500000000000003886 ) ;
#1436 = SURFACE_STYLE_USAGE ( .BOTH. , #2435 ) ;
#1437 = DIRECTION ( 'NONE',  ( 1.000000000000000000, 0.000000000000000000, 0.000000000000000000 ) ) ;
#1438 = VECTOR ( 'NONE', #393, 1000.000000000000000 ) ;
#1439 = ORIENTED_EDGE ( 'NONE', *, *, #1659, .F. ) ;
#1440 = ADVANCED_FACE ( 'NONE', ( #4221 ), #46, .T. ) ;
#1441 = PRESENTATION_STYLE_ASSIGNMENT (( #3190 ) ) ;
#1442 = DIRECTION ( 'NONE',  ( -1.000000000000000000, -0.000000000000000000, -0.000000000000000000 ) ) ;
#1443 = ORIENTED_EDGE ( 'NONE', *, *, #1664, .F. ) ;
#1444 = UNCERTAINTY_MEASURE_WITH_UNIT (LENGTH_MEASURE( 1.000000000000000082E-05 ), #3831, 'distance_accuracy_value', 'NONE');
#1445 = ADVANCED_FACE ( 'NONE', ( #1820 ), #169, .F. ) ;
#1446 = DIRECTION ( 'NONE',  ( 0.000000000000000000, 0.000000000000000000, -1.000000000000000000 ) ) ;
#1447 =( NAMED_UNIT ( * ) PLANE_ANGLE_UNIT ( ) SI_UNIT ( $, .RADIAN. ) );
#1448 = FACE_BOUND ( 'NONE', #2323, .T. ) ;
#1449 = AXIS2_PLACEMENT_3D ( 'NONE', #1115, #1069, #364 ) ;
#1450 = DIRECTION ( 'NONE',  ( 0.000000000000000000, 0.000000000000000000, -1.000000000000000000 ) ) ;
#1451 = ADVANCED_FACE ( 'NONE', ( #4321 ), #2950, .F. ) ;
#1452 = COLOUR_RGB ( '',1.000000000000000000, 0.000000000000000000, 0.000000000000000000 ) ;
#1453 = STYLED_ITEM ( 'NONE', ( #819 ), #3115 ) ;
#1454 = CARTESIAN_POINT ( 'NONE',  ( 4.995000000000001883, -7.299999999999998934, 0.2050000000000001821 ) ) ;
#1455 = UNCERTAINTY_MEASURE_WITH_UNIT (LENGTH_MEASURE( 1.000000000000000082E-05 ), #214, 'distance_accuracy_value', 'NONE');
#1456 = VERTEX_POINT ( 'NONE', #1308 ) ;
#1457 = STYLED_ITEM ( 'NONE', ( #160 ), #3167 ) ;
#1458 = CARTESIAN_POINT ( 'NONE',  ( -5.554999999999997051, 0.2500000000000017208, 1.239999999999999991 ) ) ;
#1459 = PRESENTATION_LAYER_ASSIGNMENT (  '', '', ( #3420 ) ) ;
#1460 = FACE_OUTER_BOUND ( 'NONE', #2850, .T. ) ;
#1461 = ORIENTED_EDGE ( 'NONE', *, *, #319, .F. ) ;
#1462 = MECHANICAL_DESIGN_GEOMETRIC_PRESENTATION_REPRESENTATION (  '', ( #611 ), #2334 ) ;
#1463 = FILL_AREA_STYLE ('',( #4247 ) ) ;
#1464 = VERTEX_POINT ( 'NONE', #2701 ) ;
#1465 = PLANE ( 'NONE',  #2839 ) ;
#1466 = SURFACE_STYLE_FILL_AREA ( #4255 ) ;
#1467 = ADVANCED_FACE ( 'NONE', ( #2285 ), #1217, .T. ) ;
#1468 = CARTESIAN_POINT ( 'NONE',  ( -5.554999999999997051, 0.3250000000000017319, 1.165000000000000036 ) ) ;
#1469 = SURFACE_SIDE_STYLE ('',( #2887 ) ) ;
#1470 = CARTESIAN_POINT ( 'NONE',  ( -5.479999999999996874, 3.875000000000001332, -1.239999999999999991 ) ) ;
#1471 = EDGE_CURVE ( 'NONE', #1236, #2866, #2584, .T. ) ;
#1472 = PRESENTATION_LAYER_ASSIGNMENT (  '', '', ( #3436 ) ) ;
#1473 =( LENGTH_UNIT ( ) NAMED_UNIT ( * ) SI_UNIT ( .MILLI., .METRE. ) );
#1474 = ORIENTED_EDGE ( 'NONE', *, *, #1830, .T. ) ;
#1475 =( NAMED_UNIT ( * ) PLANE_ANGLE_UNIT ( ) SI_UNIT ( $, .RADIAN. ) );
#1476 = UNCERTAINTY_MEASURE_WITH_UNIT (LENGTH_MEASURE( 1.000000000000000082E-05 ), #3292, 'distance_accuracy_value', 'NONE');
#1477 = MECHANICAL_DESIGN_GEOMETRIC_PRESENTATION_REPRESENTATION (  '', ( #2859 ), #3512 ) ;
#1478 = MECHANICAL_DESIGN_GEOMETRIC_PRESENTATION_REPRESENTATION (  '', ( #2715 ), #1333 ) ;
#1479 =( LENGTH_UNIT ( ) NAMED_UNIT ( * ) SI_UNIT ( .MILLI., .METRE. ) );
#1480 = DIRECTION ( 'NONE',  ( -0.000000000000000000, 1.000000000000000000, -0.000000000000000000 ) ) ;
#1481 = ORIENTED_EDGE ( 'NONE', *, *, #3285, .T. ) ;
#1482 = VECTOR ( 'NONE', #225, 1000.000000000000000 ) ;
#1483 = EDGE_LOOP ( 'NONE', ( #2675, #4291, #2513, #289 ) ) ;
#1484 = FACE_OUTER_BOUND ( 'NONE', #3605, .T. ) ;
#1485 = PRESENTATION_LAYER_ASSIGNMENT (  '', '', ( #3517 ) ) ;
#1486 = PRESENTATION_STYLE_ASSIGNMENT (( #2536 ) ) ;
#1487 = VERTEX_POINT ( 'NONE', #906 ) ;
#1488 = UNCERTAINTY_MEASURE_WITH_UNIT (LENGTH_MEASURE( 1.000000000000000082E-05 ), #921, 'distance_accuracy_value', 'NONE');
#1489 = DIRECTION ( 'NONE',  ( 1.000000000000000000, 0.000000000000000000, 0.000000000000000000 ) ) ;
#1490 = COLOUR_RGB ( '',1.000000000000000000, 0.000000000000000000, 0.000000000000000000 ) ;
#1491 = CARTESIAN_POINT ( 'NONE',  ( 0.5050000000000024469, -7.299999999999998934, 0.2050000000000001821 ) ) ;
#1492 = DIRECTION ( 'NONE',  ( 1.000000000000000000, 0.000000000000000000, 0.000000000000000000 ) ) ;
#1493 = MECHANICAL_DESIGN_GEOMETRIC_PRESENTATION_REPRESENTATION (  '', ( #3239 ), #3169 ) ;
#1494 = SURFACE_SIDE_STYLE ('',( #3957 ) ) ;
#1495 = DIRECTION ( 'NONE',  ( -0.000000000000000000, 0.000000000000000000, 1.000000000000000000 ) ) ;
#1496 = ORIENTED_EDGE ( 'NONE', *, *, #1304, .F. ) ;
#1497 = SURFACE_SIDE_STYLE ('',( #4212 ) ) ;
#1498 = EDGE_CURVE ( 'NONE', #3642, #2669, #570, .T. ) ;
#1499 = AXIS2_PLACEMENT_3D ( 'NONE', #313, #1699, #2075 ) ;
#1500 = DIRECTION ( 'NONE',  ( -0.000000000000000000, 0.000000000000000000, 1.000000000000000000 ) ) ;
#1501 = EDGE_LOOP ( 'NONE', ( #3298, #1399, #332 ) ) ;
#1502 = VECTOR ( 'NONE', #2094, 1000.000000000000000 ) ;
#1503 = VERTEX_POINT ( 'NONE', #3146 ) ;
#1504 = EDGE_CURVE ( 'NONE', #3414, #2458, #3853, .T. ) ;
#1505 = AXIS2_PLACEMENT_3D ( 'NONE', #3165, #85, #1273 ) ;
#1506 = DIRECTION ( 'NONE',  ( 1.000000000000000000, 0.000000000000000000, 0.000000000000000000 ) ) ;
#1507 = VERTEX_POINT ( 'NONE', #219 ) ;
#1508 = FILL_AREA_STYLE_COLOUR ( '', #3573 ) ;
#1509 = SURFACE_STYLE_USAGE ( .BOTH. , #1112 ) ;
#1510 = DIRECTION ( 'NONE',  ( 0.000000000000000000, 1.000000000000000000, 0.000000000000000000 ) ) ;
#1511 = VECTOR ( 'NONE', #3472, 1000.000000000000000 ) ;
#1512 = DIRECTION ( 'NONE',  ( 0.000000000000000000, 1.745577269312827955E-15, -1.000000000000000000 ) ) ;
#1513 =( NAMED_UNIT ( * ) SI_UNIT ( $, .STERADIAN. ) SOLID_ANGLE_UNIT ( ) );
#1514 = FILL_AREA_STYLE ('',( #2564 ) ) ;
#1515 = SURFACE_STYLE_FILL_AREA ( #3252 ) ;
#1516 = FILL_AREA_STYLE_COLOUR ( '', #1021 ) ;
#1517 = PRESENTATION_STYLE_ASSIGNMENT (( #149 ) ) ;
#1518 = ORIENTED_EDGE ( 'NONE', *, *, #1550, .T. ) ;
#1519 = FACE_OUTER_BOUND ( 'NONE', #2033, .T. ) ;
#1520 = AXIS2_PLACEMENT_3D ( 'NONE', #2655, #1257, #2739 ) ;
#1521 = AXIS2_PLACEMENT_3D ( 'NONE', #3830, #4246, #91 ) ;
#1522 = ORIENTED_EDGE ( 'NONE', *, *, #1311, .F. ) ;
#1523 =( GEOMETRIC_REPRESENTATION_CONTEXT ( 3 ) GLOBAL_UNCERTAINTY_ASSIGNED_CONTEXT ( ( #776 ) ) GLOBAL_UNIT_ASSIGNED_CONTEXT ( ( #1698, #4145, #4447 ) ) REPRESENTATION_CONTEXT ( 'NONE', 'WORKASPACE' ) );
#1524 = VECTOR ( 'NONE', #2958, 1000.000000000000000 ) ;
#1525 = DIRECTION ( 'NONE',  ( -0.000000000000000000, 0.000000000000000000, -1.000000000000000000 ) ) ;
#1526 = STYLED_ITEM ( 'NONE', ( #1111 ), #4406 ) ;
#1527 = EDGE_CURVE ( 'NONE', #761, #2157, #4234, .T. ) ;
#1528 = VERTEX_POINT ( 'NONE', #4043 ) ;
#1529 = PRESENTATION_STYLE_ASSIGNMENT (( #2137 ) ) ;
#1530 = PLANE ( 'NONE',  #3185 ) ;
#1531 =( LENGTH_UNIT ( ) NAMED_UNIT ( * ) SI_UNIT ( .MILLI., .METRE. ) );
#1532 = SURFACE_STYLE_FILL_AREA ( #1138 ) ;
#1533 = CYLINDRICAL_SURFACE ( 'NONE', #3011, 0.07500000000000041356 ) ;
#1534 = CARTESIAN_POINT ( 'NONE',  ( -1.994999999999997664, -3.919999999999999929, 0.2050000000000001821 ) ) ;
#1535 =( NAMED_UNIT ( * ) SI_UNIT ( $, .STERADIAN. ) SOLID_ANGLE_UNIT ( ) );
#1536 = EDGE_LOOP ( 'NONE', ( #1422, #3321, #3801, #4238 ) ) ;
#1537 = CARTESIAN_POINT ( 'NONE',  ( -7.669999999999998153, 1.818390749886862556, -0.9000000000000000222 ) ) ;
#1538 = FILL_AREA_STYLE_COLOUR ( '', #2152 ) ;
#1539 = EDGE_LOOP ( 'NONE', ( #1822, #1229, #659, #3035, #1110, #1973 ) ) ;
#1540 = FILL_AREA_STYLE_COLOUR ( '', #550 ) ;
#1541 = EDGE_CURVE ( 'NONE', #2339, #3827, #1285, .T. ) ;
#1542 = LINE ( 'NONE', #4336, #2736 ) ;
#1543 = CYLINDRICAL_SURFACE ( 'NONE', #236, 0.07500000000000041356 ) ;
#1544 = CARTESIAN_POINT ( 'NONE',  ( -5.554999999999997051, -0.7734378409091344775, -1.165000000000000258 ) ) ;
#1545 = COLOUR_RGB ( '',0.2862745098039215508, 0.2862745098039215508, 0.2862745098039215508 ) ;
#1546 = PRESENTATION_LAYER_ASSIGNMENT (  '', '', ( #2715 ) ) ;
#1547 = ORIENTED_EDGE ( 'NONE', *, *, #1196, .T. ) ;
#1548 = FILL_AREA_STYLE_COLOUR ( '', #2484 ) ;
#1549 = AXIS2_PLACEMENT_3D ( 'NONE', #4232, #3327, #1780 ) ;
#1550 = EDGE_CURVE ( 'NONE', #1456, #4272, #1210, .T. ) ;
#1551 = FACE_OUTER_BOUND ( 'NONE', #3209, .T. ) ;
#1552 = CIRCLE ( 'NONE', #1691, 0.07500000000000041356 ) ;
#1553 = CARTESIAN_POINT ( 'NONE',  ( -5.479999999999996874, 0.2500000000000017208, 1.239999999999999991 ) ) ;
#1554 = LINE ( 'NONE', #2165, #2473 ) ;
#1555 = SURFACE_SIDE_STYLE ('',( #554 ) ) ;
#1556 = STYLED_ITEM ( 'NONE', ( #1223 ), #1451 ) ;
#1557 = CARTESIAN_POINT ( 'NONE',  ( -7.124999999999997335, -2.307774158913503015, 0.000000000000000000 ) ) ;
#1558 = SURFACE_STYLE_USAGE ( .BOTH. , #1960 ) ;
#1559 = DIRECTION ( 'NONE',  ( 0.000000000000000000, 1.000000000000000000, 0.000000000000000000 ) ) ;
#1560 = ORIENTED_EDGE ( 'NONE', *, *, #369, .T. ) ;
#1561 = AXIS2_PLACEMENT_3D ( 'NONE', #4024, #1231, #2962 ) ;
#1562 = CARTESIAN_POINT ( 'NONE',  ( -5.654918681114009971, 3.407465385841744521, -1.215282257919852782 ) ) ;
#1563 = ORIENTED_EDGE ( 'NONE', *, *, #152, .F. ) ;
#1564 = ORIENTED_EDGE ( 'NONE', *, *, #872, .F. ) ;
#1565 =( GEOMETRIC_REPRESENTATION_CONTEXT ( 3 ) GLOBAL_UNCERTAINTY_ASSIGNED_CONTEXT ( ( #397 ) ) GLOBAL_UNIT_ASSIGNED_CONTEXT ( ( #3997, #2222, #2977 ) ) REPRESENTATION_CONTEXT ( 'NONE', 'WORKASPACE' ) );
#1566 = DIRECTION ( 'NONE',  ( 0.000000000000000000, 0.000000000000000000, -1.000000000000000000 ) ) ;
#1567 = CARTESIAN_POINT ( 'NONE',  ( -7.049999999999997158, 2.062500000000001332, 0.000000000000000000 ) ) ;
#1568 = SURFACE_STYLE_FILL_AREA ( #3625 ) ;
#1569 = ORIENTED_EDGE ( 'NONE', *, *, #48, .F. ) ;
#1570 = EDGE_CURVE ( 'NONE', #1503, #4272, #1986, .T. ) ;
#1571 = UNCERTAINTY_MEASURE_WITH_UNIT (LENGTH_MEASURE( 1.000000000000000082E-05 ), #4452, 'distance_accuracy_value', 'NONE');
#1572 = MECHANICAL_DESIGN_GEOMETRIC_PRESENTATION_REPRESENTATION (  '', ( #3393 ), #655 ) ;
#1573 = SURFACE_SIDE_STYLE ('',( #1889 ) ) ;
#1574 = STYLED_ITEM ( 'NONE', ( #2819 ), #2641 ) ;
#1575 = EDGE_CURVE ( 'NONE', #4005, #901, #2849, .T. ) ;
#1576 = DIRECTION ( 'NONE',  ( 0.000000000000000000, 0.000000000000000000, -1.000000000000000000 ) ) ;
#1577 = MECHANICAL_DESIGN_GEOMETRIC_PRESENTATION_REPRESENTATION (  '', ( #2388 ), #4063 ) ;
#1578 = CARTESIAN_POINT ( 'NONE',  ( 0.5050000000000024469, -7.299999999999998934, 0.2050000000000001821 ) ) ;
#1579 = DIRECTION ( 'NONE',  ( -0.000000000000000000, -1.000000000000000000, -2.891205793294679017E-15 ) ) ;
#1580 = CARTESIAN_POINT ( 'NONE',  ( -5.554918791823126867, 2.062500000000001332, 0.000000000000000000 ) ) ;
#1581 = ADVANCED_FACE ( 'NONE', ( #1054 ), #1103, .F. ) ;
#1582 = ORIENTED_EDGE ( 'NONE', *, *, #3584, .F. ) ;
#1583 = PRESENTATION_STYLE_ASSIGNMENT (( #609 ) ) ;
#1584 = LINE ( 'NONE', #3601, #922 ) ;
#1585 =( NAMED_UNIT ( * ) PLANE_ANGLE_UNIT ( ) SI_UNIT ( $, .RADIAN. ) );
#1586 = DIRECTION ( 'NONE',  ( 1.000000000000000000, 0.000000000000000000, 0.000000000000000000 ) ) ;
#1587 = PRESENTATION_LAYER_ASSIGNMENT (  '', '', ( #4069 ) ) ;
#1588 =( LENGTH_UNIT ( ) NAMED_UNIT ( * ) SI_UNIT ( .MILLI., .METRE. ) );
#1589 = ORIENTED_EDGE ( 'NONE', *, *, #855, .T. ) ;
#1590 = VERTEX_POINT ( 'NONE', #4267 ) ;
#1591 = STYLED_ITEM ( 'NONE', ( #1665 ), #3837 ) ;
#1592 = CARTESIAN_POINT ( 'NONE',  ( -0.004999999999997627870, -7.299999999999998934, 0.2050000000000001821 ) ) ;
#1593 = EDGE_LOOP ( 'NONE', ( #1167, #1723, #1994, #644 ) ) ;
#1594 = PRESENTATION_LAYER_ASSIGNMENT (  '', '', ( #1808 ) ) ;
#1595 = AXIS2_PLACEMENT_3D ( 'NONE', #175, #1559, #1893 ) ;
#1596 = DIRECTION ( 'NONE',  ( 1.000000000000000000, 0.000000000000000000, 0.000000000000000000 ) ) ;
#1597 = AXIS2_PLACEMENT_3D ( 'NONE', #1022, #1752, #4200 ) ;
#1598 = CARTESIAN_POINT ( 'NONE',  ( -8.569999999999998508, -2.307774158913503015, 0.000000000000000000 ) ) ;
#1599 = SURFACE_SIDE_STYLE ('',( #237 ) ) ;
#1600 =( NAMED_UNIT ( * ) SI_UNIT ( $, .STERADIAN. ) SOLID_ANGLE_UNIT ( ) );
#1601 = MECHANICAL_DESIGN_GEOMETRIC_PRESENTATION_REPRESENTATION (  '', ( #4376 ), #248 ) ;
#1602 = EDGE_CURVE ( 'NONE', #1283, #2897, #3919, .T. ) ;
#1603 = DIRECTION ( 'NONE',  ( -0.000000000000000000, -0.000000000000000000, -1.000000000000000000 ) ) ;
#1604 =( NAMED_UNIT ( * ) PLANE_ANGLE_UNIT ( ) SI_UNIT ( $, .RADIAN. ) );
#1605 = CARTESIAN_POINT ( 'NONE',  ( -6.974999999999996980, 0.3250000000000017319, 1.165000000000000036 ) ) ;
#1606 = ORIENTED_EDGE ( 'NONE', *, *, #1541, .T. ) ;
#1607 = CARTESIAN_POINT ( 'NONE',  ( -6.028333332969546099, 3.352362337354569011, 1.239999999999999991 ) ) ;
#1608 = EDGE_CURVE ( 'NONE', #3938, #3556, #63, .T. ) ;
#1609 = SURFACE_SIDE_STYLE ('',( #2269 ) ) ;
#1610 = LINE ( 'NONE', #250, #1267 ) ;
#1611 = EDGE_LOOP ( 'NONE', ( #2873, #4157, #2848, #1253 ) ) ;
#1612 = ORIENTED_EDGE ( 'NONE', *, *, #4007, .F. ) ;
#1613 =( NAMED_UNIT ( * ) PLANE_ANGLE_UNIT ( ) SI_UNIT ( $, .RADIAN. ) );
#1614 = DIRECTION ( 'NONE',  ( 0.000000000000000000, 0.000000000000000000, 1.000000000000000000 ) ) ;
#1615 = AXIS2_PLACEMENT_3D ( 'NONE', #2594, #3979, #3008 ) ;
#1616 = VECTOR ( 'NONE', #62, 1000.000000000000000 ) ;
#1617 = ORIENTED_EDGE ( 'NONE', *, *, #3228, .T. ) ;
#1618 = MECHANICAL_DESIGN_GEOMETRIC_PRESENTATION_REPRESENTATION (  '', ( #2937 ), #2352 ) ;
#1619 = VECTOR ( 'NONE', #985, 1000.000000000000000 ) ;
#1620 = SURFACE_STYLE_FILL_AREA ( #3354 ) ;
#1621 = FACE_OUTER_BOUND ( 'NONE', #444, .T. ) ;
#1622 = PRESENTATION_LAYER_ASSIGNMENT (  '', '', ( #197 ) ) ;
#1623 = DIRECTION ( 'NONE',  ( -1.000000000000000000, 0.000000000000000000, 0.000000000000000000 ) ) ;
#1624 = DIRECTION ( 'NONE',  ( 0.001459394400431247114, 0.9999989350834250779, 0.000000000000000000 ) ) ;
#1625 = FILL_AREA_STYLE ('',( #1645 ) ) ;
#1626 = MECHANICAL_DESIGN_GEOMETRIC_PRESENTATION_REPRESENTATION (  '', ( #3157 ), #3370 ) ;
#1627 = VERTEX_POINT ( 'NONE', #3208 ) ;
#1628 = CARTESIAN_POINT ( 'NONE',  ( -5.479999999999996874, 3.351671556616683034, -1.165000000000000036 ) ) ;
#1629 = EDGE_CURVE ( 'NONE', #3737, #3916, #2485, .T. ) ;
#1630 = CARTESIAN_POINT ( 'NONE',  ( -6.028312733094028708, 3.385685329642717178, 1.239999999999640723 ) ) ;
#1631 = FILL_AREA_STYLE ('',( #4441 ) ) ;
#1632 = MECHANICAL_DESIGN_GEOMETRIC_PRESENTATION_REPRESENTATION (  '', ( #2516 ), #1349 ) ;
#1633 = ORIENTED_EDGE ( 'NONE', *, *, #3309, .T. ) ;
#1634 = VERTEX_POINT ( 'NONE', #3481 ) ;
#1635 = ADVANCED_FACE ( 'NONE', ( #4168 ), #470, .T. ) ;
#1636 = FILL_AREA_STYLE ('',( #3482 ) ) ;
#1637 = DIRECTION ( 'NONE',  ( 0.000000000000000000, 0.000000000000000000, -1.000000000000000000 ) ) ;
#1638 = PRESENTATION_LAYER_ASSIGNMENT (  '', '', ( #3461 ) ) ;
#1639 = EDGE_LOOP ( 'NONE', ( #1560, #4120, #1969, #520 ) ) ;
#1640 = EDGE_CURVE ( 'NONE', #471, #1503, #3505, .T. ) ;
#1641 =( NAMED_UNIT ( * ) SI_UNIT ( $, .STERADIAN. ) SOLID_ANGLE_UNIT ( ) );
#1642 = FILL_AREA_STYLE ('',( #1681 ) ) ;
#1643 = CARTESIAN_POINT ( 'NONE',  ( -6.849999999999996980, -4.299999999999999822, 1.239999999999999991 ) ) ;
#1644 = VECTOR ( 'NONE', #587, 1000.000000000000000 ) ;
#1645 = FILL_AREA_STYLE_COLOUR ( '', #1355 ) ;
#1646 = SURFACE_STYLE_USAGE ( .BOTH. , #2407 ) ;
#1647 = MECHANICAL_DESIGN_GEOMETRIC_PRESENTATION_REPRESENTATION (  '', ( #1081 ), #1015 ) ;
#1648 = CARTESIAN_POINT ( 'NONE',  ( -6.974999999999996980, 0.000000000000000000, -1.239999999999999991 ) ) ;
#1649 = EDGE_LOOP ( 'NONE', ( #3054, #2199, #12, #42 ) ) ;
#1650 = CARTESIAN_POINT ( 'NONE',  ( -5.554999999999997051, 0.3250000000000017319, 1.165000000000000036 ) ) ;
#1651 =( NAMED_UNIT ( * ) SI_UNIT ( $, .STERADIAN. ) SOLID_ANGLE_UNIT ( ) );
#1652 = STYLED_ITEM ( 'NONE', ( #3331 ), #2898 ) ;
#1653 = SURFACE_STYLE_FILL_AREA ( #2367 ) ;
#1654 = DIRECTION ( 'NONE',  ( -0.9999989366182355788, 0.001458342346034142154, -1.156481087535664491E-14 ) ) ;
#1655 = ORIENTED_EDGE ( 'NONE', *, *, #3088, .F. ) ;
#1656 = EDGE_LOOP ( 'NONE', ( #2444, #1633, #2919 ) ) ;
#1657 = UNCERTAINTY_MEASURE_WITH_UNIT (LENGTH_MEASURE( 1.000000000000000082E-05 ), #2984, 'distance_accuracy_value', 'NONE');
#1658 = SURFACE_SIDE_STYLE ('',( #4361 ) ) ;
#1659 = EDGE_CURVE ( 'NONE', #3305, #4149, #1382, .T. ) ;
#1660 = SURFACE_SIDE_STYLE ('',( #4404 ) ) ;
#1661 = ORIENTED_EDGE ( 'NONE', *, *, #2982, .F. ) ;
#1662 = STYLED_ITEM ( 'NONE', ( #3534 ), #3902 ) ;
#1663 = SURFACE_SIDE_STYLE ('',( #1018 ) ) ;
#1664 = EDGE_CURVE ( 'NONE', #4030, #1283, #1584, .T. ) ;
#1665 = PRESENTATION_STYLE_ASSIGNMENT (( #1706 ) ) ;
#1666 = VECTOR ( 'NONE', #291, 1000.000000000000000 ) ;
#1667 = VECTOR ( 'NONE', #2332, 1000.000000000000000 ) ;
#1668 = SURFACE_STYLE_USAGE ( .BOTH. , #4068 ) ;
#1669 =( GEOMETRIC_REPRESENTATION_CONTEXT ( 3 ) GLOBAL_UNCERTAINTY_ASSIGNED_CONTEXT ( ( #2028 ) ) GLOBAL_UNIT_ASSIGNED_CONTEXT ( ( #1731, #4471, #753 ) ) REPRESENTATION_CONTEXT ( 'NONE', 'WORKASPACE' ) );
#1670 = DIRECTION ( 'NONE',  ( 1.000000000000000000, 1.582776894139421947E-16, 0.000000000000000000 ) ) ;
#1671 = CARTESIAN_POINT ( 'NONE',  ( -6.924918847094234664, 3.409354026888319122, 1.215242498357578471 ) ) ;
#1672 = CARTESIAN_POINT ( 'NONE',  ( -7.049999999999997158, 0.000000000000000000, 0.000000000000000000 ) ) ;
#1673 =( NAMED_UNIT ( * ) SI_UNIT ( $, .STERADIAN. ) SOLID_ANGLE_UNIT ( ) );
#1674 = EDGE_LOOP ( 'NONE', ( #256, #2105, #1342, #2710 ) ) ;
#1675 = PRESENTATION_STYLE_ASSIGNMENT (( #1392 ) ) ;
#1676 = FACE_OUTER_BOUND ( 'NONE', #1369, .T. ) ;
#1677 = DIRECTION ( 'NONE',  ( -1.000000000000000000, 0.000000000000000000, -0.000000000000000000 ) ) ;
#1678 = SURFACE_SIDE_STYLE ('',( #618 ) ) ;
#1679 = ORIENTED_EDGE ( 'NONE', *, *, #2041, .T. ) ;
#1680 = ADVANCED_FACE ( 'NONE', ( #2268 ), #2295, .F. ) ;
#1681 = FILL_AREA_STYLE_COLOUR ( '', #802 ) ;
#1682 =( NAMED_UNIT ( * ) SI_UNIT ( $, .STERADIAN. ) SOLID_ANGLE_UNIT ( ) );
#1683 = ADVANCED_FACE ( 'NONE', ( #4355 ), #4307, .T. ) ;
#1684 = CIRCLE ( 'NONE', #3726, 0.07500000000000041356 ) ;
#1685 = CARTESIAN_POINT ( 'NONE',  ( -8.569999999999998508, 1.818390749886862556, 0.000000000000000000 ) ) ;
#1686 = FACE_OUTER_BOUND ( 'NONE', #2162, .T. ) ;
#1687 = SURFACE_STYLE_FILL_AREA ( #2383 ) ;
#1688 = DIRECTION ( 'NONE',  ( 1.000000000000000000, -0.000000000000000000, -0.000000000000000000 ) ) ;
#1689 = STYLED_ITEM ( 'NONE', ( #4382 ), #991 ) ;
#1690 = DIRECTION ( 'NONE',  ( -0.000000000000000000, -1.000000000000000000, -0.000000000000000000 ) ) ;
#1691 = AXIS2_PLACEMENT_3D ( 'NONE', #3579, #3117, #2780 ) ;
#1692 =( NAMED_UNIT ( * ) PLANE_ANGLE_UNIT ( ) SI_UNIT ( $, .RADIAN. ) );
#1693 = FACE_OUTER_BOUND ( 'NONE', #372, .T. ) ;
#1694 = DIRECTION ( 'NONE',  ( -0.000000000000000000, 0.000000000000000000, 1.000000000000000000 ) ) ;
#1695 = ORIENTED_EDGE ( 'NONE', *, *, #705, .T. ) ;
#1696 = DIRECTION ( 'NONE',  ( -0.000000000000000000, -0.000000000000000000, 1.000000000000000000 ) ) ;
#1697 = UNCERTAINTY_MEASURE_WITH_UNIT (LENGTH_MEASURE( 1.000000000000000082E-05 ), #4219, 'distance_accuracy_value', 'NONE');
#1698 =( LENGTH_UNIT ( ) NAMED_UNIT ( * ) SI_UNIT ( .MILLI., .METRE. ) );
#1699 = DIRECTION ( 'NONE',  ( -3.290192192769326082E-12, -1.000000000000000000, 0.000000000000000000 ) ) ;
#1700 = AXIS2_PLACEMENT_3D ( 'NONE', #2461, #3845, #743 ) ;
#1701 = VERTEX_POINT ( 'NONE', #178 ) ;
#1702 = AXIS2_PLACEMENT_3D ( 'NONE', #28, #416, #3182 ) ;
#1703 = FILL_AREA_STYLE ('',( #2441 ) ) ;
#1704 = PLANE ( 'NONE',  #3952 ) ;
#1705 =( GEOMETRIC_REPRESENTATION_CONTEXT ( 3 ) GLOBAL_UNCERTAINTY_ASSIGNED_CONTEXT ( ( #1343 ) ) GLOBAL_UNIT_ASSIGNED_CONTEXT ( ( #690, #1337, #265 ) ) REPRESENTATION_CONTEXT ( 'NONE', 'WORKASPACE' ) );
#1706 = SURFACE_STYLE_USAGE ( .BOTH. , #297 ) ;
#1707 = DIRECTION ( 'NONE',  ( 0.000000000000000000, 0.000000000000000000, 1.000000000000000000 ) ) ;
#1708 = PRESENTATION_STYLE_ASSIGNMENT (( #341 ) ) ;
#1709 = CARTESIAN_POINT ( 'NONE',  ( -5.554960688272568170, 0.2508086381604333059, 0.07848401547552269486 ) ) ;
#1710 = EDGE_CURVE ( 'NONE', #1464, #2852, #336, .T. ) ;
#1711 = VECTOR ( 'NONE', #3644, 1000.000000000000000 ) ;
#1712 = FACE_OUTER_BOUND ( 'NONE', #2123, .T. ) ;
#1713 = DIRECTION ( 'NONE',  ( 1.000000000000000000, 0.000000000000000000, 0.000000000000000000 ) ) ;
#1714 = VECTOR ( 'NONE', #3521, 1000.000000000000000 ) ;
#1715 = CARTESIAN_POINT ( 'NONE',  ( -6.974999999999996980, 2.062500000000001332, 0.000000000000000000 ) ) ;
#1716 = ADVANCED_FACE ( 'NONE', ( #4095 ), #3028, .T. ) ;
#1717 = ORIENTED_EDGE ( 'NONE', *, *, #2929, .T. ) ;
#1718 = ORIENTED_EDGE ( 'NONE', *, *, #3895, .F. ) ;
#1719 = DIRECTION ( 'NONE',  ( -0.000000000000000000, 0.000000000000000000, 1.000000000000000000 ) ) ;
#1720 = DIRECTION ( 'NONE',  ( 1.000000000000000000, -0.000000000000000000, -0.000000000000000000 ) ) ;
#1721 = AXIS2_PLACEMENT_3D ( 'NONE', #4366, #1510, #1240 ) ;
#1722 = CARTESIAN_POINT ( 'NONE',  ( -6.849999999999996980, -3.919999999999999929, 0.8750000000000000000 ) ) ;
#1723 = ORIENTED_EDGE ( 'NONE', *, *, #3864, .F. ) ;
#1724 = CARTESIAN_POINT ( 'NONE',  ( 0.000000000000000000, 0.000000000000000000, 0.000000000000000000 ) ) ;
#1725 = DIRECTION ( 'NONE',  ( -0.000000000000000000, -0.000000000000000000, -1.000000000000000000 ) ) ;
#1726 = FILL_AREA_STYLE ('',( #3787 ) ) ;
#1727 = CYLINDRICAL_SURFACE ( 'NONE', #698, 0.07500000000000041356 ) ;
#1728 = FILL_AREA_STYLE_COLOUR ( '', #2989 ) ;
#1729 = ORIENTED_EDGE ( 'NONE', *, *, #3390, .F. ) ;
#1730 = COLOUR_RGB ( '',1.000000000000000000, 0.000000000000000000, 0.000000000000000000 ) ;
#1731 =( LENGTH_UNIT ( ) NAMED_UNIT ( * ) SI_UNIT ( .MILLI., .METRE. ) );
#1732 = DIRECTION ( 'NONE',  ( -0.000000000000000000, 0.000000000000000000, 1.000000000000000000 ) ) ;
#1733 =( GEOMETRIC_REPRESENTATION_CONTEXT ( 3 ) GLOBAL_UNCERTAINTY_ASSIGNED_CONTEXT ( ( #2945 ) ) GLOBAL_UNIT_ASSIGNED_CONTEXT ( ( #4013, #2999, #2283 ) ) REPRESENTATION_CONTEXT ( 'NONE', 'WORKASPACE' ) );
#1734 = CARTESIAN_POINT ( 'NONE',  ( -5.488071362534488351, 0.2875585176007841581, -0.07910998809587302394 ) ) ;
#1735 = SURFACE_STYLE_USAGE ( .BOTH. , #100 ) ;
#1736 =( NAMED_UNIT ( * ) SI_UNIT ( $, .STERADIAN. ) SOLID_ANGLE_UNIT ( ) );
#1737 =( GEOMETRIC_REPRESENTATION_CONTEXT ( 3 ) GLOBAL_UNCERTAINTY_ASSIGNED_CONTEXT ( ( #3907 ) ) GLOBAL_UNIT_ASSIGNED_CONTEXT ( ( #851, #3975, #1513 ) ) REPRESENTATION_CONTEXT ( 'NONE', 'WORKASPACE' ) );
#1738 = AXIS2_PLACEMENT_3D ( 'NONE', #4083, #2713, #1927 ) ;
#1739 = ADVANCED_FACE ( 'NONE', ( #286 ), #2007, .F. ) ;
#1740 = CARTESIAN_POINT ( 'NONE',  ( -5.479999999999996874, 0.3250000000000017319, -1.165000000000000036 ) ) ;
#1741 = FILL_AREA_STYLE_COLOUR ( '', #560 ) ;
#1742 = DIRECTION ( 'NONE',  ( -0.000000000000000000, 1.000000000000000000, -0.000000000000000000 ) ) ;
#1743 = UNCERTAINTY_MEASURE_WITH_UNIT (LENGTH_MEASURE( 1.000000000000000082E-05 ), #2926, 'distance_accuracy_value', 'NONE');
#1744 = ADVANCED_FACE ( 'NONE', ( #3724 ), #3497, .T. ) ;
#1745 = PRESENTATION_STYLE_ASSIGNMENT (( #1412 ) ) ;
#1746 = DIRECTION ( 'NONE',  ( 1.000000000000000000, 0.000000000000000000, 0.000000000000000000 ) ) ;
#1747 = DIRECTION ( 'NONE',  ( -0.000000000000000000, 1.000000000000000000, -0.000000000000000000 ) ) ;
#1748 = VERTEX_POINT ( 'NONE', #323 ) ;
#1749 = LINE ( 'NONE', #2805, #4438 ) ;
#1750 = ORIENTED_EDGE ( 'NONE', *, *, #424, .F. ) ;
#1751 = UNCERTAINTY_MEASURE_WITH_UNIT (LENGTH_MEASURE( 1.000000000000000082E-05 ), #1178, 'distance_accuracy_value', 'NONE');
#1752 = DIRECTION ( 'NONE',  ( 0.000000000000000000, -1.000000000000000000, 0.000000000000000000 ) ) ;
#1753 = DIRECTION ( 'NONE',  ( -0.000000000000000000, -1.000000000000000000, -0.000000000000000000 ) ) ;
#1754 = CARTESIAN_POINT ( 'NONE',  ( -6.974999999999996980, 3.353743151311522119, -1.165000000000000036 ) ) ;
#1755 = CARTESIAN_POINT ( 'NONE',  ( -6.849999999999998757, 3.875000000000001332, 1.239999999999999991 ) ) ;
#1756 = PRESENTATION_LAYER_ASSIGNMENT (  '', '', ( #2577 ) ) ;
#1757 = CARTESIAN_POINT ( 'NONE',  ( -0.004999999999997627870, -3.919999999999999929, 0.2050000000000001821 ) ) ;
#1758 = DIRECTION ( 'NONE',  ( -0.000000000000000000, 0.000000000000000000, 1.000000000000000000 ) ) ;
#1759 = FILL_AREA_STYLE_COLOUR ( '', #2600 ) ;
#1760 = PRESENTATION_LAYER_ASSIGNMENT (  '', '', ( #2859 ) ) ;
#1761 = AXIS2_PLACEMENT_3D ( 'NONE', #2684, #4072, #2340 ) ;
#1762 = EDGE_CURVE ( 'NONE', #2339, #2291, #2954, .T. ) ;
#1763 = ORIENTED_EDGE ( 'NONE', *, *, #712, .F. ) ;
#1764 = CARTESIAN_POINT ( 'NONE',  ( -5.479999999999996874, 3.351671556616683034, 1.165000000000000036 ) ) ;
#1765 = TOROIDAL_SURFACE ( 'NONE', #1198, 1.737581164259522470, 0.07499999999999999722 ) ;
#1766 = STYLED_ITEM ( 'NONE', ( #218 ), #566 ) ;
#1767 = DIRECTION ( 'NONE',  ( -1.000000000000000000, 1.008560160451632098E-16, 0.000000000000000000 ) ) ;
#1768 = PLANE ( 'NONE',  #1505 ) ;
#1769 = VERTEX_POINT ( 'NONE', #758 ) ;
#1770 =( GEOMETRIC_REPRESENTATION_CONTEXT ( 3 ) GLOBAL_UNCERTAINTY_ASSIGNED_CONTEXT ( ( #2393 ) ) GLOBAL_UNIT_ASSIGNED_CONTEXT ( ( #2605, #3934, #193 ) ) REPRESENTATION_CONTEXT ( 'NONE', 'WORKASPACE' ) );
#1771 =( LENGTH_UNIT ( ) NAMED_UNIT ( * ) SI_UNIT ( .MILLI., .METRE. ) );
#1772 = SURFACE_STYLE_FILL_AREA ( #1703 ) ;
#1773 = DIRECTION ( 'NONE',  ( 2.017120320903264442E-16, -1.000000000000000000, 0.000000000000000000 ) ) ;
#1774 = EDGE_CURVE ( 'NONE', #3112, #2688, #3518, .T. ) ;
#1775 = COLOUR_RGB ( '',0.000000000000000000, 0.7529411764705882248, 0.000000000000000000 ) ;
#1776 = EDGE_LOOP ( 'NONE', ( #924, #3205, #1794, #2972 ) ) ;
#1777 = LINE ( 'NONE', #687, #3127 ) ;
#1778 = SURFACE_STYLE_FILL_AREA ( #1068 ) ;
#1779 = FACE_OUTER_BOUND ( 'NONE', #2487, .T. ) ;
#1780 = DIRECTION ( 'NONE',  ( 0.000000000000000000, 0.000000000000000000, 1.000000000000000000 ) ) ;
#1781 = MECHANICAL_DESIGN_GEOMETRIC_PRESENTATION_REPRESENTATION (  '', ( #2375 ), #4188 ) ;
#1782 = PRESENTATION_STYLE_ASSIGNMENT (( #2116 ) ) ;
#1783 = SURFACE_STYLE_USAGE ( .BOTH. , #3839 ) ;
#1784 = DIRECTION ( 'NONE',  ( 1.000000000000000000, 0.000000000000000000, 0.000000000000000000 ) ) ;
#1785 = VECTOR ( 'NONE', #4424, 1000.000000000000000 ) ;
#1786 = PLANE ( 'NONE',  #3020 ) ;
#1787 = EDGE_LOOP ( 'NONE', ( #835, #3900, #2011 ) ) ;
#1788 = FILL_AREA_STYLE ('',( #421 ) ) ;
#1789 = UNCERTAINTY_MEASURE_WITH_UNIT (LENGTH_MEASURE( 1.000000000000000082E-05 ), #4115, 'distance_accuracy_value', 'NONE');
#1790 = AXIS2_PLACEMENT_3D ( 'NONE', #1985, #1654, #3751 ) ;
#1791 = CARTESIAN_POINT ( 'NONE',  ( 0.5050000000000024469, -3.919999999999999929, 0.2050000000000001821 ) ) ;
#1792 = CARTESIAN_POINT ( 'NONE',  ( -5.554999999999997051, 0.3250000000000017319, -1.239999999999999991 ) ) ;
#1793 = ORIENTED_EDGE ( 'NONE', *, *, #4274, .F. ) ;
#1794 = ORIENTED_EDGE ( 'NONE', *, *, #4151, .F. ) ;
#1795 = FILL_AREA_STYLE_COLOUR ( '', #2129 ) ;
#1796 = EDGE_CURVE ( 'NONE', #3856, #695, #2453, .T. ) ;
#1797 = CARTESIAN_POINT ( 'NONE',  ( -6.974999999999996980, 0.000000000000000000, -1.165000000000000036 ) ) ;
#1798 = ORIENTED_EDGE ( 'NONE', *, *, #4144, .F. ) ;
#1799 = ADVANCED_FACE ( 'NONE', ( #1806 ), #1072, .T. ) ;
#1800 = LINE ( 'NONE', #25, #4413 ) ;
#1801 = CARTESIAN_POINT ( 'NONE',  ( -5.479999999999996874, 0.3266903756557620331, -0.07844265691183477385 ) ) ;
#1802 = LINE ( 'NONE', #2541, #3049 ) ;
#1803 = DIRECTION ( 'NONE',  ( 0.000000000000000000, 1.000000000000000000, 0.000000000000000000 ) ) ;
#1804 = DIRECTION ( 'NONE',  ( 1.000000000000000000, -0.000000000000000000, -0.000000000000000000 ) ) ;
#1805 = VECTOR ( 'NONE', #2308, 1000.000000000000000 ) ;
#1806 = FACE_OUTER_BOUND ( 'NONE', #1611, .T. ) ;
#1807 =( NAMED_UNIT ( * ) SI_UNIT ( $, .STERADIAN. ) SOLID_ANGLE_UNIT ( ) );
#1808 = STYLED_ITEM ( 'NONE', ( #2689 ), #4002 ) ;
#1809 = FILL_AREA_STYLE_COLOUR ( '', #2573 ) ;
#1810 = ORIENTED_EDGE ( 'NONE', *, *, #3441, .F. ) ;
#1811 = VECTOR ( 'NONE', #2301, 1000.000000000000000 ) ;
#1812 = SURFACE_STYLE_FILL_AREA ( #1118 ) ;
#1813 = DIRECTION ( 'NONE',  ( -0.000000000000000000, -1.000000000000000000, -0.000000000000000000 ) ) ;
#1814 = CARTESIAN_POINT ( 'NONE',  ( -8.569999999999998508, 1.818390749886862556, 0.000000000000000000 ) ) ;
#1815 =( NAMED_UNIT ( * ) PLANE_ANGLE_UNIT ( ) SI_UNIT ( $, .RADIAN. ) );
#1816 = ORIENTED_EDGE ( 'NONE', *, *, #3418, .T. ) ;
#1817 = EDGE_LOOP ( 'NONE', ( #2808, #4054, #2279, #2533 ) ) ;
#1818 = MECHANICAL_DESIGN_GEOMETRIC_PRESENTATION_REPRESENTATION (  '', ( #21 ), #2100 ) ;
#1819 = CARTESIAN_POINT ( 'NONE',  ( -6.974999999999996980, -0.7177948700131260296, 1.215287769784172855 ) ) ;
#1820 = FACE_OUTER_BOUND ( 'NONE', #3641, .T. ) ;
#1821 =( BOUNDED_SURFACE ( )  B_SPLINE_SURFACE ( 3, 2, ( 
 ( #3050, #966, #632 ),
 ( #4439, #1010, #2894 ),
 ( #2870, #3668, #2115 ),
 ( #884, #2648, #1906 ) ),
 .UNSPECIFIED., .F., .F., .F. ) 
 B_SPLINE_SURFACE_WITH_KNOTS ( ( 4, 4 ),
 ( 3, 3 ),
 ( 0.002762890260234375766, 0.004182891771326029302 ),
 ( 0.000000000000000000, 1.000000000000000000 ),
 .UNSPECIFIED. ) 
 GEOMETRIC_REPRESENTATION_ITEM ( )  RATIONAL_B_SPLINE_SURFACE ( (
 ( 1.000000000000000000, 0.9139124367673103766, 1.000000000000000000),
 ( 1.000000000000000000, 0.9138583393247904363, 1.000000000000000000),
 ( 1.000000000000000000, 0.9138042849483722918, 1.000000000000000000),
 ( 1.000000000000000000, 0.9137502735340916615, 1.000000000000000000) ) ) 
 REPRESENTATION_ITEM ( '' )  SURFACE ( )  );
#1822 = ORIENTED_EDGE ( 'NONE', *, *, #1527, .T. ) ;
#1823 = FILL_AREA_STYLE ('',( #2855 ) ) ;
#1824 = ADVANCED_FACE ( 'NONE', ( #2479 ), #3817, .T. ) ;
#1825 = FILL_AREA_STYLE ('',( #3935 ) ) ;
#1826 = CARTESIAN_POINT ( 'NONE',  ( -5.554999999999997051, -3.799999999999998046, 1.165000000000000036 ) ) ;
#1827 = CARTESIAN_POINT ( 'NONE',  ( -6.974999999999996980, 0.000000000000000000, -1.165000000000000036 ) ) ;
#1828 =( NAMED_UNIT ( * ) SI_UNIT ( $, .STERADIAN. ) SOLID_ANGLE_UNIT ( ) );
#1829 =( NAMED_UNIT ( * ) SI_UNIT ( $, .STERADIAN. ) SOLID_ANGLE_UNIT ( ) );
#1830 = EDGE_CURVE ( 'NONE', #3827, #3737, #1166, .T. ) ;
#1831 = LINE ( 'NONE', #103, #44 ) ;
#1832 = VERTEX_POINT ( 'NONE', #1740 ) ;
#1833 = UNCERTAINTY_MEASURE_WITH_UNIT (LENGTH_MEASURE( 1.000000000000000082E-05 ), #792, 'distance_accuracy_value', 'NONE');
#1834 = PRESENTATION_LAYER_ASSIGNMENT (  '', '', ( #1977 ) ) ;
#1835 = ORIENTED_EDGE ( 'NONE', *, *, #4117, .T. ) ;
#1836 =( NAMED_UNIT ( * ) SI_UNIT ( $, .STERADIAN. ) SOLID_ANGLE_UNIT ( ) );
#1837 = STYLED_ITEM ( 'NONE', ( #1441 ), #1164 ) ;
#1838 =( NAMED_UNIT ( * ) SI_UNIT ( $, .STERADIAN. ) SOLID_ANGLE_UNIT ( ) );
#1839 = SURFACE_STYLE_FILL_AREA ( #2235 ) ;
#1840 =( NAMED_UNIT ( * ) SI_UNIT ( $, .STERADIAN. ) SOLID_ANGLE_UNIT ( ) );
#1841 = ORIENTED_EDGE ( 'NONE', *, *, #403, .F. ) ;
#1842 = UNCERTAINTY_MEASURE_WITH_UNIT (LENGTH_MEASURE( 1.000000000000000082E-05 ), #3423, 'distance_accuracy_value', 'NONE');
#1843 = COLOUR_RGB ( '',1.000000000000000000, 0.000000000000000000, 0.000000000000000000 ) ;
#1844 = DIRECTION ( 'NONE',  ( 0.000000000000000000, 0.000000000000000000, 1.000000000000000000 ) ) ;
#1845 = PLANE ( 'NONE',  #324 ) ;
#1846 = MECHANICAL_DESIGN_GEOMETRIC_PRESENTATION_REPRESENTATION (  '', ( #4035 ), #3748 ) ;
#1847 = FACE_OUTER_BOUND ( 'NONE', #1639, .T. ) ;
#1848 = DIRECTION ( 'NONE',  ( 1.000000000000000000, 0.000000000000000000, 0.000000000000000000 ) ) ;
#1849 = SURFACE_STYLE_USAGE ( .BOTH. , #1494 ) ;
#1850 = CARTESIAN_POINT ( 'NONE',  ( -5.555000000000002380, 3.351671556616683478, 1.165000000000000036 ) ) ;
#1851 = LINE ( 'NONE', #4019, #1524 ) ;
#1852 = CIRCLE ( 'NONE', #3823, 0.07499999999999998335 ) ;
#1853 = CYLINDRICAL_SURFACE ( 'NONE', #1615, 0.07500000000000041356 ) ;
#1854 = ORIENTED_EDGE ( 'NONE', *, *, #1504, .F. ) ;
#1855 = DIRECTION ( 'NONE',  ( 1.000000000000000000, 0.000000000000000000, 0.000000000000000000 ) ) ;
#1856 = PRESENTATION_STYLE_ASSIGNMENT (( #876 ) ) ;
#1857 = AXIS2_PLACEMENT_3D ( 'NONE', #834, #1500, #2486 ) ;
#1858 = EDGE_CURVE ( 'NONE', #3642, #2097, #2057, .T. ) ;
#1859 = PRESENTATION_STYLE_ASSIGNMENT (( #1897 ) ) ;
#1860 = ORIENTED_EDGE ( 'NONE', *, *, #950, .T. ) ;
#1861 = AXIS2_PLACEMENT_3D ( 'NONE', #878, #899, #3297 ) ;
#1862 = ORIENTED_EDGE ( 'NONE', *, *, #2417, .F. ) ;
#1863 = AXIS2_PLACEMENT_3D ( 'NONE', #1288, #3382, #2022 ) ;
#1864 = PLANE ( 'NONE',  #2911 ) ;
#1865 = VERTEX_POINT ( 'NONE', #2243 ) ;
#1866 = PRESENTATION_LAYER_ASSIGNMENT (  '', '', ( #1292 ) ) ;
#1867 = FILL_AREA_STYLE_COLOUR ( '', #1545 ) ;
#1868 = DIRECTION ( 'NONE',  ( 0.000000000000000000, 0.000000000000000000, 1.000000000000000000 ) ) ;
#1869 = FILL_AREA_STYLE ('',( #506 ) ) ;
#1870 = CARTESIAN_POINT ( 'NONE',  ( 2.495000000000002327, -7.299999999999998934, -0.2049999999999997935 ) ) ;
#1871 = CARTESIAN_POINT ( 'NONE',  ( -6.028293006551421307, 0.2500000000000017208, -0.07851904637053880309 ) ) ;
#1872 = AXIS2_PLACEMENT_3D ( 'NONE', #3405, #3360, #301 ) ;
#1873 = DIRECTION ( 'NONE',  ( 0.000000000000000000, 1.000000000000000000, 0.000000000000000000 ) ) ;
#1874 = ORIENTED_EDGE ( 'NONE', *, *, #2417, .T. ) ;
#1875 = EDGE_CURVE ( 'NONE', #4263, #2298, #358, .T. ) ;
#1876 = COLOUR_RGB ( '',0.8431372549019607865, 0.8431372549019607865, 0.8431372549019607865 ) ;
#1877 =( LENGTH_UNIT ( ) NAMED_UNIT ( * ) SI_UNIT ( .MILLI., .METRE. ) );
#1878 = DIRECTION ( 'NONE',  ( 0.000000000000000000, 0.000000000000000000, -1.000000000000000000 ) ) ;
#1879 = VECTOR ( 'NONE', #1506, 1000.000000000000000 ) ;
#1880 = EDGE_LOOP ( 'NONE', ( #252, #1416, #3529, #3009 ) ) ;
#1881 = ORIENTED_EDGE ( 'NONE', *, *, #152, .T. ) ;
#1882 = AXIS2_PLACEMENT_3D ( 'NONE', #279, #4433, #2286 ) ;
#1883 = STYLED_ITEM ( 'NONE', ( #904 ), #3250 ) ;
#1884 = SURFACE_STYLE_FILL_AREA ( #2209 ) ;
#1885 = VECTOR ( 'NONE', #4090, 1000.000000000000000 ) ;
#1886 = VERTEX_POINT ( 'NONE', #3611 ) ;
#1887 = UNCERTAINTY_MEASURE_WITH_UNIT (LENGTH_MEASURE( 1.000000000000000082E-05 ), #2815, 'distance_accuracy_value', 'NONE');
#1888 = DIRECTION ( 'NONE',  ( 0.000000000000000000, -0.000000000000000000, -1.000000000000000000 ) ) ;
#1889 = SURFACE_STYLE_FILL_AREA ( #912 ) ;
#1890 = CYLINDRICAL_SURFACE ( 'NONE', #739, 0.07499999999999998335 ) ;
#1891 = CARTESIAN_POINT ( 'NONE',  ( 5.505000000000001670, -7.299999999999998934, 0.2050000000000001821 ) ) ;
#1892 = SURFACE_STYLE_FILL_AREA ( #2614 ) ;
#1893 = DIRECTION ( 'NONE',  ( -1.000000000000000000, 0.000000000000000000, 0.000000000000000000 ) ) ;
#1894 = VERTEX_POINT ( 'NONE', #173 ) ;
#1895 = CARTESIAN_POINT ( 'NONE',  ( -8.569999999999998508, -2.307774158913503015, 0.9000000000000000222 ) ) ;
#1896 = CARTESIAN_POINT ( 'NONE',  ( -5.554999999999997051, -0.7734378409091344775, 1.165000000000000036 ) ) ;
#1897 = SURFACE_STYLE_USAGE ( .BOTH. , #1609 ) ;
#1898 = ADVANCED_FACE ( 'NONE', ( #1182 ), #2589, .T. ) ;
#1899 = ORIENTED_EDGE ( 'NONE', *, *, #3782, .T. ) ;
#1900 = EDGE_LOOP ( 'NONE', ( #1899, #3229, #176, #3560 ) ) ;
#1901 = AXIS2_PLACEMENT_3D ( 'NONE', #1352, #2289, #2265 ) ;
#1902 = VECTOR ( 'NONE', #3094, 1000.000000000000000 ) ;
#1903 = FACE_OUTER_BOUND ( 'NONE', #277, .T. ) ;
#1904 = CARTESIAN_POINT ( 'NONE',  ( -5.554999999999997051, -3.874999999999998224, 1.165000000000000036 ) ) ;
#1905 = ADVANCED_FACE ( 'NONE', ( #2545 ), #4016, .T. ) ;
#1906 = CARTESIAN_POINT ( 'NONE',  ( -6.974918791822920738, 3.409428355092361418, -1.215240934357544100 ) ) ;
#1907 = COLOUR_RGB ( '',1.000000000000000000, 0.000000000000000000, 0.000000000000000000 ) ;
#1908 = COLOUR_RGB ( '',0.7921568627450980005, 0.8196078431372548767, 0.9333333333333333481 ) ;
#1909 = EDGE_LOOP ( 'NONE', ( #2532, #2460, #3892 ) ) ;
#1910 = SURFACE_STYLE_FILL_AREA ( #548 ) ;
#1911 = MECHANICAL_DESIGN_GEOMETRIC_PRESENTATION_REPRESENTATION (  '', ( #2718 ), #4179 ) ;
#1912 = PRESENTATION_LAYER_ASSIGNMENT (  '', '', ( #1766 ) ) ;
#1913 = ADVANCED_FACE ( 'NONE', ( #2886 ), #3066, .T. ) ;
#1914 =( LENGTH_UNIT ( ) NAMED_UNIT ( * ) SI_UNIT ( .MILLI., .METRE. ) );
#1915 = PRESENTATION_STYLE_ASSIGNMENT (( #508 ) ) ;
#1916 = FILL_AREA_STYLE_COLOUR ( '', #2120 ) ;
#1917 = DIRECTION ( 'NONE',  ( 0.000000000000000000, 0.000000000000000000, -1.000000000000000000 ) ) ;
#1918 = VERTEX_POINT ( 'NONE', #4283 ) ;
#1919 = AXIS2_PLACEMENT_3D ( 'NONE', #2743, #3818, #2183 ) ;
#1920 = FILL_AREA_STYLE ('',( #561 ) ) ;
#1921 = STYLED_ITEM ( 'NONE', ( #633 ), #1744 ) ;
#1922 = DIRECTION ( 'NONE',  ( -1.000000000000000000, -0.000000000000000000, -0.000000000000000000 ) ) ;
#1923 = EDGE_LOOP ( 'NONE', ( #3761, #594, #4177, #1924 ) ) ;
#1924 = ORIENTED_EDGE ( 'NONE', *, *, #2510, .T. ) ;
#1925 = STYLED_ITEM ( 'NONE', ( #4434 ), #1967 ) ;
#1926 = CARTESIAN_POINT ( 'NONE',  ( -2.504999999999997673, -7.299999999999998934, 0.2050000000000001821 ) ) ;
#1927 = DIRECTION ( 'NONE',  ( 0.000000000000000000, -0.7419062786134446030, -0.6705035971223046731 ) ) ;
#1928 = SPHERICAL_SURFACE ( 'NONE', #1549, 0.07499999999999999722 ) ;
#1929 = EDGE_LOOP ( 'NONE', ( #1860, #3690, #1213, #1245 ) ) ;
#1930 = ADVANCED_FACE ( 'NONE', ( #2000 ), #3002, .T. ) ;
#1931 = FACE_OUTER_BOUND ( 'NONE', #500, .T. ) ;
#1932 = PRESENTATION_STYLE_ASSIGNMENT (( #235 ) ) ;
#1933 = DIRECTION ( 'NONE',  ( 0.000000000000000000, 0.000000000000000000, 1.000000000000000000 ) ) ;
#1934 = CYLINDRICAL_SURFACE ( 'NONE', #918, 0.07500000000000041356 ) ;
#1935 = EDGE_CURVE ( 'NONE', #775, #2897, #2021, .T. ) ;
#1936 = CARTESIAN_POINT ( 'NONE',  ( -6.974959439888481327, 0.2500405880032804951, 0.07851728806360785962 ) ) ;
#1937 =( GEOMETRIC_REPRESENTATION_CONTEXT ( 3 ) GLOBAL_UNCERTAINTY_ASSIGNED_CONTEXT ( ( #728 ) ) GLOBAL_UNIT_ASSIGNED_CONTEXT ( ( #1326, #4107, #1997 ) ) REPRESENTATION_CONTEXT ( 'NONE', 'WORKASPACE' ) );
#1938 = LINE ( 'NONE', #604, #3299 ) ;
#1939 = PRESENTATION_STYLE_ASSIGNMENT (( #873 ) ) ;
#1940 = SPHERICAL_SURFACE ( 'NONE', #1595, 0.07499999999999999722 ) ;
#1941 = ORIENTED_EDGE ( 'NONE', *, *, #2085, .T. ) ;
#1942 =( LENGTH_UNIT ( ) NAMED_UNIT ( * ) SI_UNIT ( .MILLI., .METRE. ) );
#1943 = CARTESIAN_POINT ( 'NONE',  ( -7.049999999999997158, 0.3250000000000017319, -1.165000000000000036 ) ) ;
#1944 =( NAMED_UNIT ( * ) SI_UNIT ( $, .STERADIAN. ) SOLID_ANGLE_UNIT ( ) );
#1945 = STYLED_ITEM ( 'NONE', ( #1331 ), #3522 ) ;
#1946 =( NAMED_UNIT ( * ) SI_UNIT ( $, .STERADIAN. ) SOLID_ANGLE_UNIT ( ) );
#1947 = ORIENTED_EDGE ( 'NONE', *, *, #38, .T. ) ;
#1948 = EDGE_LOOP ( 'NONE', ( #1218, #3080, #10, #4098 ) ) ;
#1949 = MECHANICAL_DESIGN_GEOMETRIC_PRESENTATION_REPRESENTATION (  '', ( #741 ), #3058 ) ;
#1950 = CARTESIAN_POINT ( 'NONE',  ( -6.974999999999996980, -0.7734378409091344775, -1.239999999999999991 ) ) ;
#1951 = EDGE_LOOP ( 'NONE', ( #629, #156, #1364, #349 ) ) ;
#1952 = COLOUR_RGB ( '',1.000000000000000000, 0.000000000000000000, 0.000000000000000000 ) ;
#1953 = AXIS2_PLACEMENT_3D ( 'NONE', #199, #537, #2317 ) ;
#1954 = FILL_AREA_STYLE_COLOUR ( '', #310 ) ;
#1955 = VECTOR ( 'NONE', #1041, 1000.000000000000000 ) ;
#1956 =( LENGTH_UNIT ( ) NAMED_UNIT ( * ) SI_UNIT ( .MILLI., .METRE. ) );
#1957 = EDGE_CURVE ( 'NONE', #2960, #269, #3031, .T. ) ;
#1958 = SURFACE_STYLE_USAGE ( .BOTH. , #3974 ) ;
#1959 = SURFACE_STYLE_FILL_AREA ( #1625 ) ;
#1960 = SURFACE_SIDE_STYLE ('',( #198 ) ) ;
#1961 = LINE ( 'NONE', #1648, #810 ) ;
#1962 = EDGE_CURVE ( 'NONE', #1918, #1748, #2518, .T. ) ;
#1963 = VERTEX_POINT ( 'NONE', #2314 ) ;
#1964 =( NAMED_UNIT ( * ) PLANE_ANGLE_UNIT ( ) SI_UNIT ( $, .RADIAN. ) );
#1965 = SURFACE_STYLE_FILL_AREA ( #987 ) ;
#1966 = PRESENTATION_STYLE_ASSIGNMENT (( #4139 ) ) ;
#1967 = ADVANCED_FACE ( 'NONE', ( #3698 ), #603, .T. ) ;
#1968 = EDGE_LOOP ( 'NONE', ( #1564, #3660, #880 ) ) ;
#1969 = ORIENTED_EDGE ( 'NONE', *, *, #3972, .T. ) ;
#1970 =( NAMED_UNIT ( * ) SI_UNIT ( $, .STERADIAN. ) SOLID_ANGLE_UNIT ( ) );
#1971 = CARTESIAN_POINT ( 'NONE',  ( -5.479999999999996874, 0.3250000000000017319, -1.239999999999999991 ) ) ;
#1972 = AXIS2_PLACEMENT_3D ( 'NONE', #4379, #2624, #1234 ) ;
#1973 = ORIENTED_EDGE ( 'NONE', *, *, #3106, .T. ) ;
#1974 = PRESENTATION_STYLE_ASSIGNMENT (( #2698 ) ) ;
#1975 = COLOUR_RGB ( '',0.8431372549019607865, 0.8431372549019607865, 0.8431372549019607865 ) ;
#1976 = FILL_AREA_STYLE_COLOUR ( '', #2017 ) ;
#1977 = STYLED_ITEM ( 'NONE', ( #4103 ), #1036 ) ;
#1978 = VECTOR ( 'NONE', #443, 1000.000000000000000 ) ;
#1979 = PRESENTATION_LAYER_ASSIGNMENT (  '', '', ( #3888 ) ) ;
#1980 = DIRECTION ( 'NONE',  ( -0.000000000000000000, 1.000000000000000000, -0.000000000000000000 ) ) ;
#1981 = AXIS2_PLACEMENT_3D ( 'NONE', #2821, #3457, #2774 ) ;
#1982 = ORIENTED_EDGE ( 'NONE', *, *, #3474, .F. ) ;
#1983 = CARTESIAN_POINT ( 'NONE',  ( -6.849999999999997868, -0.2499999999999985012, 1.239999999999999991 ) ) ;
#1984 = EDGE_CURVE ( 'NONE', #1963, #2458, #4201, .T. ) ;
#1985 = CARTESIAN_POINT ( 'NONE',  ( -6.974999999999998757, 3.353743151311522119, -1.165000000000000036 ) ) ;
#1986 = CIRCLE ( 'NONE', #2216, 0.9000000000000000222 ) ;
#1987 = ORIENTED_EDGE ( 'NONE', *, *, #3643, .F. ) ;
#1988 = VERTEX_POINT ( 'NONE', #2042 ) ;
#1989 = EDGE_CURVE ( 'NONE', #2431, #1464, #928, .T. ) ;
#1990 =( NAMED_UNIT ( * ) SI_UNIT ( $, .STERADIAN. ) SOLID_ANGLE_UNIT ( ) );
#1991 = DIRECTION ( 'NONE',  ( 0.000000000000000000, 0.000000000000000000, -1.000000000000000000 ) ) ;
#1992 = LINE ( 'NONE', #3689, #1052 ) ;
#1993 = VECTOR ( 'NONE', #3812, 1000.000000000000000 ) ;
#1994 = ORIENTED_EDGE ( 'NONE', *, *, #3620, .T. ) ;
#1995 =( NAMED_UNIT ( * ) SI_UNIT ( $, .STERADIAN. ) SOLID_ANGLE_UNIT ( ) );
#1996 = CIRCLE ( 'NONE', #4415, 0.9000000000000000222 ) ;
#1997 =( NAMED_UNIT ( * ) SI_UNIT ( $, .STERADIAN. ) SOLID_ANGLE_UNIT ( ) );
#1998 = VECTOR ( 'NONE', #3410, 1000.000000000000000 ) ;
#1999 = CARTESIAN_POINT ( 'NONE',  ( -5.554999999999997051, 3.351671556616683478, -1.165000000000000036 ) ) ;
#2000 = FACE_OUTER_BOUND ( 'NONE', #2799, .T. ) ;
#2001 = PRESENTATION_STYLE_ASSIGNMENT (( #1646 ) ) ;
#2002 = AXIS2_PLACEMENT_3D ( 'NONE', #1850, #1225, #510 ) ;
#2003 = FACE_OUTER_BOUND ( 'NONE', #923, .T. ) ;
#2004 = CARTESIAN_POINT ( 'NONE',  ( -7.669999999999998153, -2.307774158913503015, 0.000000000000000000 ) ) ;
#2005 = STYLED_ITEM ( 'NONE', ( #953 ), #2918 ) ;
#2006 =( NAMED_UNIT ( * ) SI_UNIT ( $, .STERADIAN. ) SOLID_ANGLE_UNIT ( ) );
#2007 = PLANE ( 'NONE',  #419 ) ;
#2008 =( NAMED_UNIT ( * ) SI_UNIT ( $, .STERADIAN. ) SOLID_ANGLE_UNIT ( ) );
#2009 = EDGE_CURVE ( 'NONE', #2227, #4405, #411, .T. ) ;
#2010 = PRESENTATION_STYLE_ASSIGNMENT (( #3033 ) ) ;
#2011 = ORIENTED_EDGE ( 'NONE', *, *, #3589, .F. ) ;
#2012 = CARTESIAN_POINT ( 'NONE',  ( -7.049999999999997158, -3.799999999999998046, -1.239999999999999991 ) ) ;
#2013 = CARTESIAN_POINT ( 'NONE',  ( -0.000000000000000000, 3.875000000000001332, 1.239999999999999991 ) ) ;
#2014 = VECTOR ( 'NONE', #2045, 1000.000000000000000 ) ;
#2015 = ADVANCED_FACE ( 'NONE', ( #2789 ), #361, .F. ) ;
#2016 = VERTEX_POINT ( 'NONE', #2063 ) ;
#2017 = COLOUR_RGB ( '',1.000000000000000000, 0.000000000000000000, 0.000000000000000000 ) ;
#2018 = SURFACE_SIDE_STYLE ('',( #1620 ) ) ;
#2019 = MECHANICAL_DESIGN_GEOMETRIC_PRESENTATION_REPRESENTATION (  '', ( #1883 ), #451 ) ;
#2020 = FILL_AREA_STYLE_COLOUR ( '', #1172 ) ;
#2021 = LINE ( 'NONE', #1262, #4041 ) ;
#2022 = DIRECTION ( 'NONE',  ( 0.000000000000000000, -0.000000000000000000, -1.000000000000000000 ) ) ;
#2023 = DIRECTION ( 'NONE',  ( -0.000000000000000000, 1.000000000000000000, -0.000000000000000000 ) ) ;
#2024 = DIRECTION ( 'NONE',  ( 0.000000000000000000, 0.000000000000000000, -1.000000000000000000 ) ) ;
#2025 = CARTESIAN_POINT ( 'NONE',  ( 2.495000000000002327, -7.299999999999998934, 0.2050000000000001821 ) ) ;
#2026 = PRESENTATION_STYLE_ASSIGNMENT (( #2408 ) ) ;
#2027 = CARTESIAN_POINT ( 'NONE',  ( -7.669999999999998153, -2.307774158913503015, 0.000000000000000000 ) ) ;
#2028 = UNCERTAINTY_MEASURE_WITH_UNIT (LENGTH_MEASURE( 1.000000000000000082E-05 ), #1731, 'distance_accuracy_value', 'NONE');
#2029 = ORIENTED_EDGE ( 'NONE', *, *, #1602, .F. ) ;
#2030 = CARTESIAN_POINT ( 'NONE',  ( 2.495000000000002327, -7.299999999999998934, -0.2049999999999997935 ) ) ;
#2031 = SURFACE_STYLE_FILL_AREA ( #3037 ) ;
#2032 = LINE ( 'NONE', #719, #351 ) ;
#2033 = EDGE_LOOP ( 'NONE', ( #355, #4290, #3701, #3419 ) ) ;
#2034 = EDGE_CURVE ( 'NONE', #2073, #1173, #1852, .T. ) ;
#2035 = CARTESIAN_POINT ( 'NONE',  ( -7.049999999999997158, 1.818390749886862556, 0.000000000000000000 ) ) ;
#2036 = FACE_OUTER_BOUND ( 'NONE', #4244, .T. ) ;
#2037 = VECTOR ( 'NONE', #3796, 1000.000000000000000 ) ;
#2038 = DIRECTION ( 'NONE',  ( 1.000000000000000000, -0.000000000000000000, -0.000000000000000000 ) ) ;
#2039 = COLOUR_RGB ( '',1.000000000000000000, 0.000000000000000000, 0.000000000000000000 ) ;
#2040 = VECTOR ( 'NONE', #3749, 1000.000000000000000 ) ;
#2041 = EDGE_CURVE ( 'NONE', #563, #1963, #1800, .T. ) ;
#2042 = CARTESIAN_POINT ( 'NONE',  ( 4.995000000000002771, -3.919999999999999929, 0.2050000000000002098 ) ) ;
#2043 = CARTESIAN_POINT ( 'NONE',  ( -5.554999999999997051, -3.874999999999998224, 0.000000000000000000 ) ) ;
#2044 = FILL_AREA_STYLE_COLOUR ( '', #3087 ) ;
#2045 = DIRECTION ( 'NONE',  ( -0.000000000000000000, 1.000000000000000000, 0.000000000000000000 ) ) ;
#2046 = MECHANICAL_DESIGN_GEOMETRIC_PRESENTATION_REPRESENTATION (  '', ( #1339 ), #3017 ) ;
#2047 = FILL_AREA_STYLE ('',( #2427 ) ) ;
#2048 = VECTOR ( 'NONE', #3847, 1000.000000000000000 ) ;
#2049 = COLOUR_RGB ( '',0.8431372549019607865, 0.8431372549019607865, 0.8431372549019607865 ) ;
#2050 = CARTESIAN_POINT ( 'NONE',  ( -6.849999999999996980, -4.299999999999999822, 0.8750000000000000000 ) ) ;
#2051 = ORIENTED_EDGE ( 'NONE', *, *, #3528, .T. ) ;
#2052 = PRESENTATION_LAYER_ASSIGNMENT (  '', '', ( #488 ) ) ;
#2053 = LINE ( 'NONE', #4187, #911 ) ;
#2054 = UNCERTAINTY_MEASURE_WITH_UNIT (LENGTH_MEASURE( 1.000000000000000082E-05 ), #2415, 'distance_accuracy_value', 'NONE');
#2055 = DIRECTION ( 'NONE',  ( 0.000000000000000000, 1.000000000000000000, 0.000000000000000000 ) ) ;
#2056 = ORIENTED_EDGE ( 'NONE', *, *, #840, .T. ) ;
#2057 = CIRCLE ( 'NONE', #787, 0.07499999999999998335 ) ;
#2058 =( NAMED_UNIT ( * ) SI_UNIT ( $, .STERADIAN. ) SOLID_ANGLE_UNIT ( ) );
#2059 = VERTEX_POINT ( 'NONE', #2422 ) ;
#2060 = EDGE_CURVE ( 'NONE', #2640, #3938, #754, .T. ) ;
#2061 = DIRECTION ( 'NONE',  ( -1.000000000000000000, -0.000000000000000000, -0.000000000000000000 ) ) ;
#2062 = PRESENTATION_LAYER_ASSIGNMENT (  '', '', ( #4278 ) ) ;
#2063 = CARTESIAN_POINT ( 'NONE',  ( 5.505000000000001670, -7.299999999999998934, 0.2050000000000001821 ) ) ;
#2064 = PRESENTATION_STYLE_ASSIGNMENT (( #1402 ) ) ;
#2065 = COLOUR_RGB ( '',0.000000000000000000, 0.7529411764705882248, 0.000000000000000000 ) ;
#2066 = ADVANCED_FACE ( 'NONE', ( #53 ), #544, .T. ) ;
#2067 = SURFACE_STYLE_FILL_AREA ( #3406 ) ;
#2068 = DIRECTION ( 'NONE',  ( 0.000000000000000000, -1.000000000000000000, 0.000000000000000000 ) ) ;
#2069 = STYLED_ITEM ( 'NONE', ( #2001 ), #2725 ) ;
#2070 = FILL_AREA_STYLE ('',( #1741 ) ) ;
#2071 = PRESENTATION_STYLE_ASSIGNMENT (( #3547 ) ) ;
#2072 = ORIENTED_EDGE ( 'NONE', *, *, #2034, .T. ) ;
#2073 = VERTEX_POINT ( 'NONE', #707 ) ;
#2074 = DIRECTION ( 'NONE',  ( -1.008560160451632098E-16, -1.000000000000000000, 0.000000000000000000 ) ) ;
#2075 = DIRECTION ( 'NONE',  ( -1.000000000000000000, 3.290192192769326082E-12, 0.000000000000000000 ) ) ;
#2076 = COLOUR_RGB ( '',1.000000000000000000, 0.000000000000000000, 0.000000000000000000 ) ;
#2077 = CARTESIAN_POINT ( 'NONE',  ( -6.849999999999998757, 4.299999999999999822, 1.239999999999999991 ) ) ;
#2078 = ORIENTED_EDGE ( 'NONE', *, *, #4371, .T. ) ;
#2079 = SURFACE_STYLE_USAGE ( .BOTH. , #3740 ) ;
#2080 = DIRECTION ( 'NONE',  ( 0.000000000000000000, 0.000000000000000000, -1.000000000000000000 ) ) ;
#2081 = FACE_OUTER_BOUND ( 'NONE', #2831, .T. ) ;
#2082 = DIRECTION ( 'NONE',  ( 1.000000000000000000, -0.000000000000000000, -0.000000000000000000 ) ) ;
#2083 = ORIENTED_EDGE ( 'NONE', *, *, #975, .T. ) ;
#2084 =( NAMED_UNIT ( * ) SI_UNIT ( $, .STERADIAN. ) SOLID_ANGLE_UNIT ( ) );
#2085 = EDGE_CURVE ( 'NONE', #4353, #727, #3015, .T. ) ;
#2086 = AXIS2_PLACEMENT_3D ( 'NONE', #1374, #4489, #774 ) ;
#2087 = CARTESIAN_POINT ( 'NONE',  ( -6.974918791822919850, 3.409428355092355201, 1.215240934357544322 ) ) ;
#2088 = DIRECTION ( 'NONE',  ( -0.000000000000000000, 0.000000000000000000, 1.000000000000000000 ) ) ;
#2089 =( GEOMETRIC_REPRESENTATION_CONTEXT ( 3 ) GLOBAL_UNCERTAINTY_ASSIGNED_CONTEXT ( ( #4227 ) ) GLOBAL_UNIT_ASSIGNED_CONTEXT ( ( #2731, #660, #3055 ) ) REPRESENTATION_CONTEXT ( 'NONE', 'WORKASPACE' ) );
#2090 = CIRCLE ( 'NONE', #1738, 0.07499999999999992784 ) ;
#2091 = SURFACE_SIDE_STYLE ('',( #1385 ) ) ;
#2092 = EDGE_CURVE ( 'NONE', #269, #3941, #1996, .T. ) ;
#2093 = EDGE_CURVE ( 'NONE', #4353, #3623, #2257, .T. ) ;
#2094 = DIRECTION ( 'NONE',  ( 1.000000000000000000, 0.000000000000000000, 0.000000000000000000 ) ) ;
#2095 = PRESENTATION_STYLE_ASSIGNMENT (( #1075 ) ) ;
#2096 = CIRCLE ( 'NONE', #1597, 0.07499999999999998335 ) ;
#2097 = VERTEX_POINT ( 'NONE', #903 ) ;
#2098 = LINE ( 'NONE', #2030, #1902 ) ;
#2099 = UNCERTAINTY_MEASURE_WITH_UNIT (LENGTH_MEASURE( 1.000000000000000082E-05 ), #2761, 'distance_accuracy_value', 'NONE');
#2100 =( GEOMETRIC_REPRESENTATION_CONTEXT ( 3 ) GLOBAL_UNCERTAINTY_ASSIGNED_CONTEXT ( ( #3596 ) ) GLOBAL_UNIT_ASSIGNED_CONTEXT ( ( #458, #4427, #887 ) ) REPRESENTATION_CONTEXT ( 'NONE', 'WORKASPACE' ) );
#2101 = DIRECTION ( 'NONE',  ( -0.000000000000000000, -0.000000000000000000, 1.000000000000000000 ) ) ;
#2102 = EDGE_CURVE ( 'NONE', #1894, #449, #1252, .T. ) ;
#2103 = DIRECTION ( 'NONE',  ( -1.000000000000000000, 0.000000000000000000, 0.000000000000000000 ) ) ;
#2104 = LINE ( 'NONE', #3825, #4256 ) ;
#2105 = ORIENTED_EDGE ( 'NONE', *, *, #1204, .F. ) ;
#2106 = SURFACE_STYLE_FILL_AREA ( #748 ) ;
#2107 = SURFACE_SIDE_STYLE ('',( #749 ) ) ;
#2108 = DIRECTION ( 'NONE',  ( 0.000000000000000000, 0.000000000000000000, -1.000000000000000000 ) ) ;
#2109 = DIRECTION ( 'NONE',  ( -0.000000000000000000, -0.000000000000000000, 1.000000000000000000 ) ) ;
#2110 = ORIENTED_EDGE ( 'NONE', *, *, #825, .T. ) ;
#2111 = UNCERTAINTY_MEASURE_WITH_UNIT (LENGTH_MEASURE( 1.000000000000000082E-05 ), #2923, 'distance_accuracy_value', 'NONE');
#2112 = DIRECTION ( 'NONE',  ( 0.000000000000000000, 1.000000000000000000, 0.000000000000000000 ) ) ;
#2113 = SURFACE_SIDE_STYLE ('',( #3178 ) ) ;
#2114 = DIRECTION ( 'NONE',  ( 0.000000000000000000, 1.000000000000000000, -0.000000000000000000 ) ) ;
#2115 = CARTESIAN_POINT ( 'NONE',  ( -6.501585458126840855, 3.408724713980507026, -1.215255740243074145 ) ) ;
#2116 = SURFACE_STYLE_USAGE ( .BOTH. , #2477 ) ;
#2117 = CARTESIAN_POINT ( 'NONE',  ( -5.554999999999997051, 0.3250000000000017319, -1.165000000000000036 ) ) ;
#2118 = FILL_AREA_STYLE ('',( #2818 ) ) ;
#2119 = FILL_AREA_STYLE ('',( #2522 ) ) ;
#2120 = COLOUR_RGB ( '',0.2862745098039215508, 0.2862745098039215508, 0.2862745098039215508 ) ;
#2121 =( LENGTH_UNIT ( ) NAMED_UNIT ( * ) SI_UNIT ( .MILLI., .METRE. ) );
#2122 = SURFACE_STYLE_USAGE ( .BOTH. , #9 ) ;
#2123 = EDGE_LOOP ( 'NONE', ( #542, #3075, #3004, #4297 ) ) ;
#2124 = ORIENTED_EDGE ( 'NONE', *, *, #30, .T. ) ;
#2125 = ADVANCED_FACE ( 'NONE', ( #2300 ), #2275, .T. ) ;
#2126 = AXIS2_PLACEMENT_3D ( 'NONE', #905, #3180, #2836 ) ;
#2127 = PRESENTATION_STYLE_ASSIGNMENT (( #1436 ) ) ;
#2128 = FILL_AREA_STYLE_COLOUR ( '', #2811 ) ;
#2129 = COLOUR_RGB ( '',1.000000000000000000, 0.000000000000000000, 0.000000000000000000 ) ;
#2130 = VERTEX_POINT ( 'NONE', #274 ) ;
#2131 = EDGE_CURVE ( 'NONE', #157, #929, #1430, .T. ) ;
#2132 = CIRCLE ( 'NONE', #1417, 1.814118662681686533 ) ;
#2133 =( NAMED_UNIT ( * ) SI_UNIT ( $, .STERADIAN. ) SOLID_ANGLE_UNIT ( ) );
#2134 = FILL_AREA_STYLE_COLOUR ( '', #3600 ) ;
#2135 = CARTESIAN_POINT ( 'NONE',  ( -7.049999999999997158, -2.307774158913503015, 0.000000000000000000 ) ) ;
#2136 = EDGE_LOOP ( 'NONE', ( #2966, #4071, #2538 ) ) ;
#2137 = SURFACE_STYLE_USAGE ( .BOTH. , #116 ) ;
#2138 = DIRECTION ( 'NONE',  ( -0.000000000000000000, -0.000000000000000000, 1.000000000000000000 ) ) ;
#2139 = VECTOR ( 'NONE', #2501, 1000.000000000000000 ) ;
#2140 =( NAMED_UNIT ( * ) PLANE_ANGLE_UNIT ( ) SI_UNIT ( $, .RADIAN. ) );
#2141 =( NAMED_UNIT ( * ) PLANE_ANGLE_UNIT ( ) SI_UNIT ( $, .RADIAN. ) );
#2142 = CARTESIAN_POINT ( 'NONE',  ( -7.669999999999998153, 1.818390749886862556, 0.000000000000000000 ) ) ;
#2143 = FILL_AREA_STYLE ('',( #3269 ) ) ;
#2144 = PLANE ( 'NONE',  #3931 ) ;
#2145 = FILL_AREA_STYLE_COLOUR ( '', #925 ) ;
#2146 = FACE_OUTER_BOUND ( 'NONE', #949, .T. ) ;
#2147 = AXIS2_PLACEMENT_3D ( 'NONE', #1814, #107, #3233 ) ;
#2148 = SURFACE_STYLE_FILL_AREA ( #4236 ) ;
#2149 = CARTESIAN_POINT ( 'NONE',  ( 5.505000000000001670, -3.919999999999999929, -0.2049999999999997935 ) ) ;
#2150 = ORIENTED_EDGE ( 'NONE', *, *, #220, .F. ) ;
#2151 = UNCERTAINTY_MEASURE_WITH_UNIT (LENGTH_MEASURE( 1.000000000000000082E-05 ), #4240, 'distance_accuracy_value', 'NONE');
#2152 = COLOUR_RGB ( '',0.000000000000000000, 0.7529411764705882248, 0.000000000000000000 ) ;
#2153 = CARTESIAN_POINT ( 'NONE',  ( -5.479999999999996874, 0.3250000000000017319, 0.07520296500092159275 ) ) ;
#2154 = EDGE_CURVE ( 'NONE', #901, #2291, #1542, .T. ) ;
#2155 = TOROIDAL_SURFACE ( 'NONE', #1151, 0.9749999999999999778, 0.07499999999999999722 ) ;
#2156 = CARTESIAN_POINT ( 'NONE',  ( -7.049999999999997158, 3.353743151311522563, -1.165000000000000036 ) ) ;
#2157 = VERTEX_POINT ( 'NONE', #4359 ) ;
#2158 = ORIENTED_EDGE ( 'NONE', *, *, #4033, .F. ) ;
#2159 =( GEOMETRIC_REPRESENTATION_CONTEXT ( 3 ) GLOBAL_UNCERTAINTY_ASSIGNED_CONTEXT ( ( #4178 ) ) GLOBAL_UNIT_ASSIGNED_CONTEXT ( ( #3813, #54, #1134 ) ) REPRESENTATION_CONTEXT ( 'NONE', 'WORKASPACE' ) );
#2160 = EDGE_CURVE ( 'NONE', #1195, #4397, #567, .T. ) ;
#2161 = SURFACE_SIDE_STYLE ('',( #1420 ) ) ;
#2162 = EDGE_LOOP ( 'NONE', ( #4141, #1854, #3265, #1862 ) ) ;
#2163 = CARTESIAN_POINT ( 'NONE',  ( -5.554999999999997051, 3.351671556616683034, 1.165000000000000036 ) ) ;
#2164 = FILL_AREA_STYLE_COLOUR ( '', #3551 ) ;
#2165 = CARTESIAN_POINT ( 'NONE',  ( -1.994999999999997664, -7.299999999999998934, 0.2050000000000001821 ) ) ;
#2166 = VECTOR ( 'NONE', #2783, 1000.000000000000000 ) ;
#2167 = CIRCLE ( 'NONE', #1521, 0.07500000000000041356 ) ;
#2168 =( LENGTH_UNIT ( ) NAMED_UNIT ( * ) SI_UNIT ( .MILLI., .METRE. ) );
#2169 = MECHANICAL_DESIGN_GEOMETRIC_PRESENTATION_REPRESENTATION (  '', ( #1808 ), #3849 ) ;
#2170 = UNCERTAINTY_MEASURE_WITH_UNIT (LENGTH_MEASURE( 1.000000000000000082E-05 ), #1914, 'distance_accuracy_value', 'NONE');
#2171 = DIRECTION ( 'NONE',  ( 0.000000000000000000, 0.000000000000000000, -1.000000000000000000 ) ) ;
#2172 = ORIENTED_EDGE ( 'NONE', *, *, #1575, .F. ) ;
#2173 = AXIS2_PLACEMENT_3D ( 'NONE', #1266, #582, #2660 ) ;
#2174 =( LENGTH_UNIT ( ) NAMED_UNIT ( * ) SI_UNIT ( .MILLI., .METRE. ) );
#2175 = FILL_AREA_STYLE_COLOUR ( '', #1775 ) ;
#2176 =( GEOMETRIC_REPRESENTATION_CONTEXT ( 3 ) GLOBAL_UNCERTAINTY_ASSIGNED_CONTEXT ( ( #2170 ) ) GLOBAL_UNIT_ASSIGNED_CONTEXT ( ( #1914, #2976, #915 ) ) REPRESENTATION_CONTEXT ( 'NONE', 'WORKASPACE' ) );
#2177 = SURFACE_STYLE_USAGE ( .BOTH. , #2203 ) ;
#2178 = DIRECTION ( 'NONE',  ( -1.000000000000000000, -0.000000000000000000, -0.000000000000000000 ) ) ;
#2179 = EDGE_LOOP ( 'NONE', ( #2078, #4309, #4106, #3878, #1874, #2844, #2781, #1941 ) ) ;
#2180 = ORIENTED_EDGE ( 'NONE', *, *, #186, .T. ) ;
#2181 = PRESENTATION_LAYER_ASSIGNMENT (  '', '', ( #611 ) ) ;
#2182 = SURFACE_STYLE_FILL_AREA ( #2876 ) ;
#2183 = DIRECTION ( 'NONE',  ( 0.000000000000000000, 0.000000000000000000, 1.000000000000000000 ) ) ;
#2184 = DIRECTION ( 'NONE',  ( 1.000000000000000000, 0.000000000000000000, -0.000000000000000000 ) ) ;
#2185 = ORIENTED_EDGE ( 'NONE', *, *, #3620, .F. ) ;
#2186 =( LENGTH_UNIT ( ) NAMED_UNIT ( * ) SI_UNIT ( .MILLI., .METRE. ) );
#2187 = FACE_OUTER_BOUND ( 'NONE', #558, .T. ) ;
#2188 = CARTESIAN_POINT ( 'NONE',  ( -6.974999999999996980, -3.799999999999998046, 1.239999999999999991 ) ) ;
#2189 = SURFACE_SIDE_STYLE ('',( #891 ) ) ;
#2190 =( NAMED_UNIT ( * ) PLANE_ANGLE_UNIT ( ) SI_UNIT ( $, .RADIAN. ) );
#2191 = ADVANCED_FACE ( 'NONE', ( #661 ), #2883, .T. ) ;
#2192 = FACE_OUTER_BOUND ( 'NONE', #3111, .T. ) ;
#2193 =( NAMED_UNIT ( * ) PLANE_ANGLE_UNIT ( ) SI_UNIT ( $, .RADIAN. ) );
#2194 = DIRECTION ( 'NONE',  ( 0.000000000000000000, 0.000000000000000000, -1.000000000000000000 ) ) ;
#2195 = SURFACE_SIDE_STYLE ('',( #2148 ) ) ;
#2196 = COLOUR_RGB ( '',0.2862745098039215508, 0.2862745098039215508, 0.2862745098039215508 ) ;
#2197 = MECHANICAL_DESIGN_GEOMETRIC_PRESENTATION_REPRESENTATION (  '', ( #111 ), #3439 ) ;
#2198 = DIRECTION ( 'NONE',  ( -0.000000000000000000, -0.000000000000000000, -1.000000000000000000 ) ) ;
#2199 = ORIENTED_EDGE ( 'NONE', *, *, #1297, .T. ) ;
#2200 = DIRECTION ( 'NONE',  ( -0.000000000000000000, 1.000000000000000000, 0.000000000000000000 ) ) ;
#2201 = SURFACE_STYLE_FILL_AREA ( #3619 ) ;
#2202 = VECTOR ( 'NONE', #1383, 1000.000000000000000 ) ;
#2203 = SURFACE_SIDE_STYLE ('',( #3506 ) ) ;
#2204 = ORIENTED_EDGE ( 'NONE', *, *, #1629, .T. ) ;
#2205 =( GEOMETRIC_REPRESENTATION_CONTEXT ( 3 ) GLOBAL_UNCERTAINTY_ASSIGNED_CONTEXT ( ( #763 ) ) GLOBAL_UNIT_ASSIGNED_CONTEXT ( ( #1300, #1280, #2674 ) ) REPRESENTATION_CONTEXT ( 'NONE', 'WORKASPACE' ) );
#2206 =( GEOMETRIC_REPRESENTATION_CONTEXT ( 3 ) GLOBAL_UNCERTAINTY_ASSIGNED_CONTEXT ( ( #3896 ) ) GLOBAL_UNIT_ASSIGNED_CONTEXT ( ( #551, #2247, #1535 ) ) REPRESENTATION_CONTEXT ( 'NONE', 'WORKASPACE' ) );
#2207 = VERTEX_POINT ( 'NONE', #2712 ) ;
#2208 = AXIS2_PLACEMENT_3D ( 'NONE', #1672, #1317, #2708 ) ;
#2209 = FILL_AREA_STYLE ('',( #3944 ) ) ;
#2210 = PRESENTATION_STYLE_ASSIGNMENT (( #4386 ) ) ;
#2211 = ORIENTED_EDGE ( 'NONE', *, *, #2413, .F. ) ;
#2212 = UNCERTAINTY_MEASURE_WITH_UNIT (LENGTH_MEASURE( 1.000000000000000082E-05 ), #253, 'distance_accuracy_value', 'NONE');
#2213 = TOROIDAL_SURFACE ( 'NONE', #2432, 1.739118706646819668, 0.07499999999999999722 ) ;
#2214 = FACE_OUTER_BOUND ( 'NONE', #3778, .T. ) ;
#2215 = DIRECTION ( 'NONE',  ( -1.000000000000000000, 0.000000000000000000, 0.000000000000000000 ) ) ;
#2216 = AXIS2_PLACEMENT_3D ( 'NONE', #4045, #4308, #2868 ) ;
#2217 = LINE ( 'NONE', #4367, #2758 ) ;
#2218 = EDGE_CURVE ( 'NONE', #2729, #572, #3437, .T. ) ;
#2219 = FACE_OUTER_BOUND ( 'NONE', #3281, .T. ) ;
#2220 = DIRECTION ( 'NONE',  ( -2.017120320903264195E-16, 1.000000000000000000, 0.000000000000000000 ) ) ;
#2221 = AXIS2_PLACEMENT_3D ( 'NONE', #735, #2068, #367 ) ;
#2222 =( NAMED_UNIT ( * ) PLANE_ANGLE_UNIT ( ) SI_UNIT ( $, .RADIAN. ) );
#2223 = PRESENTATION_STYLE_ASSIGNMENT (( #854 ) ) ;
#2224 = EDGE_CURVE ( 'NONE', #563, #3414, #2032, .T. ) ;
#2225 = AXIS2_PLACEMENT_3D ( 'NONE', #1066, #4135, #1 ) ;
#2226 = CARTESIAN_POINT ( 'NONE',  ( 6.850000000000000533, 4.299999999999999822, -1.239999999999999991 ) ) ;
#2227 = VERTEX_POINT ( 'NONE', #4463 ) ;
#2228 = SURFACE_STYLE_USAGE ( .BOTH. , #3939 ) ;
#2229 = AXIS2_PLACEMENT_3D ( 'NONE', #2528, #1104, #36 ) ;
#2230 = DIRECTION ( 'NONE',  ( 0.000000000000000000, -1.000000000000000000, 0.000000000000000000 ) ) ;
#2231 = ORIENTED_EDGE ( 'NONE', *, *, #337, .F. ) ;
#2232 = AXIS2_PLACEMENT_3D ( 'NONE', #227, #2621, #2230 ) ;
#2233 = VERTEX_POINT ( 'NONE', #1393 ) ;
#2234 =( NAMED_UNIT ( * ) PLANE_ANGLE_UNIT ( ) SI_UNIT ( $, .RADIAN. ) );
#2235 = FILL_AREA_STYLE ('',( #499 ) ) ;
#2236 = CARTESIAN_POINT ( 'NONE',  ( -5.479999999999996874, -3.799999999999998046, 1.239999999999999991 ) ) ;
#2237 =( NAMED_UNIT ( * ) PLANE_ANGLE_UNIT ( ) SI_UNIT ( $, .RADIAN. ) );
#2238 = EDGE_LOOP ( 'NONE', ( #61, #3479, #1816, #2631 ) ) ;
#2239 =( NAMED_UNIT ( * ) SI_UNIT ( $, .STERADIAN. ) SOLID_ANGLE_UNIT ( ) );
#2240 = DIRECTION ( 'NONE',  ( -1.000000000000000000, 2.891205793294662451E-15, 0.000000000000000000 ) ) ;
#2241 = CARTESIAN_POINT ( 'NONE',  ( 4.995000000000001883, -3.919999999999999929, -0.2049999999999997935 ) ) ;
#2242 = EDGE_CURVE ( 'NONE', #1865, #2073, #4102, .T. ) ;
#2243 = CARTESIAN_POINT ( 'NONE',  ( -7.049999999999997158, -0.7734378409091342554, -1.165000000000000036 ) ) ;
#2244 =( GEOMETRIC_REPRESENTATION_CONTEXT ( 3 ) GLOBAL_UNCERTAINTY_ASSIGNED_CONTEXT ( ( #1887 ) ) GLOBAL_UNIT_ASSIGNED_CONTEXT ( ( #2815, #3198, #2882 ) ) REPRESENTATION_CONTEXT ( 'NONE', 'WORKASPACE' ) );
#2245 = CARTESIAN_POINT ( 'NONE',  ( -5.554999999999997051, -0.7734378409091344775, -1.165000000000000036 ) ) ;
#2246 = DIRECTION ( 'NONE',  ( 1.000000000000000000, 0.000000000000000000, 0.000000000000000000 ) ) ;
#2247 =( NAMED_UNIT ( * ) PLANE_ANGLE_UNIT ( ) SI_UNIT ( $, .RADIAN. ) );
#2248 = ORIENTED_EDGE ( 'NONE', *, *, #186, .F. ) ;
#2249 =( NAMED_UNIT ( * ) PLANE_ANGLE_UNIT ( ) SI_UNIT ( $, .RADIAN. ) );
#2250 =( NAMED_UNIT ( * ) SI_UNIT ( $, .STERADIAN. ) SOLID_ANGLE_UNIT ( ) );
#2251 = AXIS2_PLACEMENT_3D ( 'NONE', #1999, #3001, #1624 ) ;
#2252 = ORIENTED_EDGE ( 'NONE', *, *, #3978, .T. ) ;
#2253 = VERTEX_POINT ( 'NONE', #1055 ) ;
#2254 = MECHANICAL_DESIGN_GEOMETRIC_PRESENTATION_REPRESENTATION (  '', ( #1526 ), #171 ) ;
#2255 = EDGE_CURVE ( 'NONE', #1832, #308, #3733, .T. ) ;
#2256 = CIRCLE ( 'NONE', #958, 0.07500000000000041356 ) ;
#2257 = LINE ( 'NONE', #2671, #1711 ) ;
#2258 = FILL_AREA_STYLE_COLOUR ( '', #3416 ) ;
#2259 = ORIENTED_EDGE ( 'NONE', *, *, #3955, .F. ) ;
#2260 = UNCERTAINTY_MEASURE_WITH_UNIT (LENGTH_MEASURE( 1.000000000000000082E-05 ), #3635, 'distance_accuracy_value', 'NONE');
#2261 = DIRECTION ( 'NONE',  ( 0.000000000000000000, 0.000000000000000000, -1.000000000000000000 ) ) ;
#2262 = SURFACE_STYLE_USAGE ( .BOTH. , #889 ) ;
#2263 =( NAMED_UNIT ( * ) SI_UNIT ( $, .STERADIAN. ) SOLID_ANGLE_UNIT ( ) );
#2264 =( NAMED_UNIT ( * ) SI_UNIT ( $, .STERADIAN. ) SOLID_ANGLE_UNIT ( ) );
#2265 = DIRECTION ( 'NONE',  ( -0.001458342345980749317, -0.9999989366182354678, 0.000000000000000000 ) ) ;
#2266 = DIRECTION ( 'NONE',  ( 1.000000000000000000, -0.000000000000000000, -0.000000000000000000 ) ) ;
#2267 = VERTEX_POINT ( 'NONE', #3757 ) ;
#2268 = FACE_OUTER_BOUND ( 'NONE', #402, .T. ) ;
#2269 = SURFACE_STYLE_FILL_AREA ( #1188 ) ;
#2270 = EDGE_CURVE ( 'NONE', #157, #4263, #3908, .T. ) ;
#2271 = ORIENTED_EDGE ( 'NONE', *, *, #1471, .T. ) ;
#2272 = ORIENTED_EDGE ( 'NONE', *, *, #4207, .T. ) ;
#2273 = MECHANICAL_DESIGN_GEOMETRIC_PRESENTATION_REPRESENTATION (  '', ( #4248 ), #983 ) ;
#2274 = AXIS2_PLACEMENT_3D ( 'NONE', #1161, #2200, #2507 ) ;
#2275 = CYLINDRICAL_SURFACE ( 'NONE', #575, 0.07499999999999998335 ) ;
#2276 = CIRCLE ( 'NONE', #1410, 0.07499999999999998335 ) ;
#2277 = VECTOR ( 'NONE', #1291, 1000.000000000000000 ) ;
#2278 = ADVANCED_FACE ( 'NONE', ( #1676 ), #1345, .T. ) ;
#2279 = ORIENTED_EDGE ( 'NONE', *, *, #1039, .F. ) ;
#2280 = VECTOR ( 'NONE', #2872, 1000.000000000000000 ) ;
#2281 = COLOUR_RGB ( '',0.000000000000000000, 0.7529411764705882248, 0.000000000000000000 ) ;
#2282 = CARTESIAN_POINT ( 'NONE',  ( -5.554999999999997051, -0.7734378409091344775, 1.239999999999999991 ) ) ;
#2283 =( NAMED_UNIT ( * ) SI_UNIT ( $, .STERADIAN. ) SOLID_ANGLE_UNIT ( ) );
#2284 = COLOUR_RGB ( '',1.000000000000000000, 0.000000000000000000, 0.000000000000000000 ) ;
#2285 = FACE_OUTER_BOUND ( 'NONE', #3946, .T. ) ;
#2286 = DIRECTION ( 'NONE',  ( 1.000000000000000000, 0.000000000000000000, 0.000000000000000000 ) ) ;
#2287 =( NAMED_UNIT ( * ) SI_UNIT ( $, .STERADIAN. ) SOLID_ANGLE_UNIT ( ) );
#2288 = DIRECTION ( 'NONE',  ( 0.000000000000000000, 0.000000000000000000, 1.000000000000000000 ) ) ;
#2289 = DIRECTION ( 'NONE',  ( -0.9999989366182355788, 0.001458342345982271970, 0.000000000000000000 ) ) ;
#2290 = CARTESIAN_POINT ( 'NONE',  ( -7.669999999999998153, -2.307774158913503015, 0.000000000000000000 ) ) ;
#2291 = VERTEX_POINT ( 'NONE', #1792 ) ;
#2292 = STYLED_ITEM ( 'NONE', ( #713 ), #1799 ) ;
#2293 = CARTESIAN_POINT ( 'NONE',  ( 2.495000000000002327, -7.299999999999998934, 0.2050000000000001821 ) ) ;
#2294 = CARTESIAN_POINT ( 'NONE',  ( -5.554951386085667409, 3.384982539960460723, 1.240000000000000213 ) ) ;
#2295 = PLANE ( 'NONE',  #1561 ) ;
#2296 =( NAMED_UNIT ( * ) PLANE_ANGLE_UNIT ( ) SI_UNIT ( $, .RADIAN. ) );
#2297 = COLOUR_RGB ( '',0.8431372549019607865, 0.8431372549019607865, 0.8431372549019607865 ) ;
#2298 = VERTEX_POINT ( 'NONE', #423 ) ;
#2299 = ORIENTED_EDGE ( 'NONE', *, *, #840, .F. ) ;
#2300 = FACE_OUTER_BOUND ( 'NONE', #3126, .T. ) ;
#2301 = DIRECTION ( 'NONE',  ( 1.000000000000000000, 0.000000000000000000, 0.000000000000000000 ) ) ;
#2302 = CARTESIAN_POINT ( 'NONE',  ( -6.974999999999996980, 3.353743151311522119, 1.165000000000000036 ) ) ;
#2303 = MECHANICAL_DESIGN_GEOMETRIC_PRESENTATION_REPRESENTATION (  '', ( #2963 ), #1216 ) ;
#2304 = ORIENTED_EDGE ( 'NONE', *, *, #2779, .F. ) ;
#2305 = APPLICATION_PROTOCOL_DEFINITION ( 'draft international standard', 'automotive_design', 1998, #4202 ) ;
#2306 = PRESENTATION_LAYER_ASSIGNMENT (  '', '', ( #4280 ) ) ;
#2307 = EDGE_CURVE ( 'NONE', #140, #1409, #1146, .T. ) ;
#2308 = DIRECTION ( 'NONE',  ( 0.000000000000000000, 0.000000000000000000, -1.000000000000000000 ) ) ;
#2309 = SURFACE_STYLE_FILL_AREA ( #3377 ) ;
#2310 =( GEOMETRIC_REPRESENTATION_CONTEXT ( 3 ) GLOBAL_UNCERTAINTY_ASSIGNED_CONTEXT ( ( #2539 ) ) GLOBAL_UNIT_ASSIGNED_CONTEXT ( ( #688, #320, #3025 ) ) REPRESENTATION_CONTEXT ( 'NONE', 'WORKASPACE' ) );
#2311 = CARTESIAN_POINT ( 'NONE',  ( -6.974999999999996980, 0.3250000000000017319, -1.165000000000000036 ) ) ;
#2312 = CARTESIAN_POINT ( 'NONE',  ( -6.501626522683176646, 0.2505932094446610692, 0.07849334803128681093 ) ) ;
#2313 = ADVANCED_FACE ( 'NONE', ( #1460 ), #64, .T. ) ;
#2314 = CARTESIAN_POINT ( 'NONE',  ( -5.479999999999996874, -0.2499999999999982792, 1.239999999999999991 ) ) ;
#2315 =( LENGTH_UNIT ( ) NAMED_UNIT ( * ) SI_UNIT ( .MILLI., .METRE. ) );
#2316 = CARTESIAN_POINT ( 'NONE',  ( -6.974999999999996980, 0.3250000000000017319, 0.000000000000000000 ) ) ;
#2317 = DIRECTION ( 'NONE',  ( 0.000000000000000000, 0.000000000000000000, -1.000000000000000000 ) ) ;
#2318 = ORIENTED_EDGE ( 'NONE', *, *, #4171, .T. ) ;
#2319 = CARTESIAN_POINT ( 'NONE',  ( -5.555000000000002380, 3.351671556616702130, 1.239999999999999991 ) ) ;
#2320 = CARTESIAN_POINT ( 'NONE',  ( -6.849999999999998757, 4.299999999999999822, 1.239999999999999991 ) ) ;
#2321 = PRESENTATION_STYLE_ASSIGNMENT (( #267 ) ) ;
#2322 =( GEOMETRIC_REPRESENTATION_CONTEXT ( 3 ) GLOBAL_UNCERTAINTY_ASSIGNED_CONTEXT ( ( #2260 ) ) GLOBAL_UNIT_ASSIGNED_CONTEXT ( ( #3635, #2706, #982 ) ) REPRESENTATION_CONTEXT ( 'NONE', 'WORKASPACE' ) );
#2323 = EDGE_LOOP ( 'NONE', ( #3730, #4006, #4490, #2372 ) ) ;
#2324 = EDGE_LOOP ( 'NONE', ( #2901, #3433, #4384, #1695 ) ) ;
#2325 = CARTESIAN_POINT ( 'NONE',  ( -5.554999999999997051, 0.000000000000000000, 1.239999999999999991 ) ) ;
#2326 = COLOUR_RGB ( '',0.2862745098039215508, 0.2862745098039215508, 0.2862745098039215508 ) ;
#2327 = CARTESIAN_POINT ( 'NONE',  ( -1.994999999999997664, -7.299999999999998934, -0.2049999999999997935 ) ) ;
#2328 = VERTEX_POINT ( 'NONE', #2153 ) ;
#2329 = CIRCLE ( 'NONE', #3275, 0.07500000000000017764 ) ;
#2330 = AXIS2_PLACEMENT_3D ( 'NONE', #2628, #947, #3688 ) ;
#2331 =( NAMED_UNIT ( * ) PLANE_ANGLE_UNIT ( ) SI_UNIT ( $, .RADIAN. ) );
#2332 = DIRECTION ( 'NONE',  ( 1.000000000000000000, 0.000000000000000000, 0.000000000000000000 ) ) ;
#2333 = DIRECTION ( 'NONE',  ( -1.000000000000000000, -0.000000000000000000, -0.000000000000000000 ) ) ;
#2334 =( GEOMETRIC_REPRESENTATION_CONTEXT ( 3 ) GLOBAL_UNCERTAINTY_ASSIGNED_CONTEXT ( ( #3500 ) ) GLOBAL_UNIT_ASSIGNED_CONTEXT ( ( #4342, #952, #1641 ) ) REPRESENTATION_CONTEXT ( 'NONE', 'WORKASPACE' ) );
#2335 = DIRECTION ( 'NONE',  ( 0.000000000000000000, 0.000000000000000000, -1.000000000000000000 ) ) ;
#2336 =( NAMED_UNIT ( * ) SI_UNIT ( $, .STERADIAN. ) SOLID_ANGLE_UNIT ( ) );
#2337 = LINE ( 'NONE', #627, #3336 ) ;
#2338 = EDGE_CURVE ( 'NONE', #2626, #752, #1413, .T. ) ;
#2339 = VERTEX_POINT ( 'NONE', #2511 ) ;
#2340 = DIRECTION ( 'NONE',  ( -1.156482317317871607E-14, 3.995646406333246751E-12, 1.000000000000000000 ) ) ;
#2341 = FACE_BOUND ( 'NONE', #359, .T. ) ;
#2342 = DIRECTION ( 'NONE',  ( 0.000000000000000000, 1.000000000000000000, 0.000000000000000000 ) ) ;
#2343 = ORIENTED_EDGE ( 'NONE', *, *, #1575, .T. ) ;
#2344 = ORIENTED_EDGE ( 'NONE', *, *, #1570, .F. ) ;
#2345 =( LENGTH_UNIT ( ) NAMED_UNIT ( * ) SI_UNIT ( .MILLI., .METRE. ) );
#2346 = SURFACE_STYLE_USAGE ( .BOTH. , #2732 ) ;
#2347 = DIRECTION ( 'NONE',  ( -0.000000000000000000, 0.000000000000000000, -1.000000000000000000 ) ) ;
#2348 = SPHERICAL_SURFACE ( 'NONE', #2425, 0.07499999999999999722 ) ;
#2349 = ORIENTED_EDGE ( 'NONE', *, *, #3189, .F. ) ;
#2350 =( LENGTH_UNIT ( ) NAMED_UNIT ( * ) SI_UNIT ( .MILLI., .METRE. ) );
#2351 = DIRECTION ( 'NONE',  ( -0.000000000000000000, 0.000000000000000000, 1.000000000000000000 ) ) ;
#2352 =( GEOMETRIC_REPRESENTATION_CONTEXT ( 3 ) GLOBAL_UNCERTAINTY_ASSIGNED_CONTEXT ( ( #2099 ) ) GLOBAL_UNIT_ASSIGNED_CONTEXT ( ( #2761, #1604, #1682 ) ) REPRESENTATION_CONTEXT ( 'NONE', 'WORKASPACE' ) );
#2353 = DIRECTION ( 'NONE',  ( -0.000000000000000000, -0.000000000000000000, 1.000000000000000000 ) ) ;
#2354 = MECHANICAL_DESIGN_GEOMETRIC_PRESENTATION_REPRESENTATION (  '', ( #3436 ), #4324 ) ;
#2355 = SURFACE_STYLE_USAGE ( .BOTH. , #2018 ) ;
#2356 = SURFACE_STYLE_FILL_AREA ( #4088 ) ;
#2357 = COLOUR_RGB ( '',1.000000000000000000, 0.000000000000000000, 0.000000000000000000 ) ;
#2358 = SPHERICAL_SURFACE ( 'NONE', #1882, 0.07499999999999999722 ) ;
#2359 = EDGE_CURVE ( 'NONE', #2328, #2253, #1074, .T. ) ;
#2360 = CARTESIAN_POINT ( 'NONE',  ( -5.554960688272311486, 0.2508086376864081535, -0.07848401549605900362 ) ) ;
#2361 = AXIS2_PLACEMENT_3D ( 'NONE', #2464, #1108, #771 ) ;
#2362 = CARTESIAN_POINT ( 'NONE',  ( -6.224919621230269762, 3.408313205119084977, 1.215264405317811658 ) ) ;
#2363 = CARTESIAN_POINT ( 'NONE',  ( -5.479999999999996874, 0.000000000000000000, -1.239999999999999991 ) ) ;
#2364 = CARTESIAN_POINT ( 'NONE',  ( -6.501646017772568342, 3.386387815279529701, 1.239999999999794600 ) ) ;
#2365 = PRESENTATION_LAYER_ASSIGNMENT (  '', '', ( #3307 ) ) ;
#2366 =( LENGTH_UNIT ( ) NAMED_UNIT ( * ) SI_UNIT ( .MILLI., .METRE. ) );
#2367 = FILL_AREA_STYLE ('',( #3071 ) ) ;
#2368 = EDGE_CURVE ( 'NONE', #3623, #4405, #3553, .T. ) ;
#2369 =( NAMED_UNIT ( * ) SI_UNIT ( $, .STERADIAN. ) SOLID_ANGLE_UNIT ( ) );
#2370 =( GEOMETRIC_REPRESENTATION_CONTEXT ( 3 ) GLOBAL_UNCERTAINTY_ASSIGNED_CONTEXT ( ( #2525 ) ) GLOBAL_UNIT_ASSIGNED_CONTEXT ( ( #2802, #1120, #132 ) ) REPRESENTATION_CONTEXT ( 'NONE', 'WORKASPACE' ) );
#2371 = FILL_AREA_STYLE ('',( #306 ) ) ;
#2372 = ORIENTED_EDGE ( 'NONE', *, *, #3535, .F. ) ;
#2373 = ORIENTED_EDGE ( 'NONE', *, *, #2270, .T. ) ;
#2374 = FACE_OUTER_BOUND ( 'NONE', #2891, .T. ) ;
#2375 = STYLED_ITEM ( 'NONE', ( #1287 ), #1930 ) ;
#2376 = ORIENTED_EDGE ( 'NONE', *, *, #3200, .T. ) ;
#2377 =( GEOMETRIC_REPRESENTATION_CONTEXT ( 3 ) GLOBAL_UNCERTAINTY_ASSIGNED_CONTEXT ( ( #2212 ) ) GLOBAL_UNIT_ASSIGNED_CONTEXT ( ( #253, #799, #3325 ) ) REPRESENTATION_CONTEXT ( 'NONE', 'WORKASPACE' ) );
#2378 = DIRECTION ( 'NONE',  ( 1.000000000000000000, -0.000000000000000000, -0.000000000000000000 ) ) ;
#2379 = CARTESIAN_POINT ( 'NONE',  ( -5.554960688272311486, 0.2508086376864081535, -0.07848401549605900362 ) ) ;
#2380 = AXIS2_PLACEMENT_3D ( 'NONE', #2027, #691, #1293 ) ;
#2381 = CARTESIAN_POINT ( 'NONE',  ( -6.849999999999996980, -4.299999999999999822, -0.8750000000000001110 ) ) ;
#2382 = FILL_AREA_STYLE_COLOUR ( '', #2666 ) ;
#2383 = FILL_AREA_STYLE ('',( #2044 ) ) ;
#2384 = MECHANICAL_DESIGN_GEOMETRIC_PRESENTATION_REPRESENTATION (  '', ( #4055 ), #430 ) ;
#2385 = DIRECTION ( 'NONE',  ( 1.000000000000000000, -0.000000000000000000, -0.000000000000000000 ) ) ;
#2386 = PRODUCT_DEFINITION ( 'UNKNOWN', '', #1176, #148 ) ;
#2387 = PLANE ( 'NONE',  #2208 ) ;
#2388 = STYLED_ITEM ( 'NONE', ( #2064 ), #2832 ) ;
#2389 = CARTESIAN_POINT ( 'NONE',  ( -7.049999999999997158, 2.062500000000001332, 0.000000000000000000 ) ) ;
#2390 = CARTESIAN_POINT ( 'NONE',  ( 0.000000000000000000, 0.000000000000000000, -1.239999999999999991 ) ) ;
#2391 = EDGE_LOOP ( 'NONE', ( #468, #230, #1679, #3010 ) ) ;
#2392 = ORIENTED_EDGE ( 'NONE', *, *, #4266, .T. ) ;
#2393 = UNCERTAINTY_MEASURE_WITH_UNIT (LENGTH_MEASURE( 1.000000000000000082E-05 ), #2605, 'distance_accuracy_value', 'NONE');
#2394 = LINE ( 'NONE', #2012, #3415 ) ;
#2395 = SURFACE_STYLE_FILL_AREA ( #2436 ) ;
#2396 = COLOUR_RGB ( '',0.000000000000000000, 0.7529411764705882248, 0.000000000000000000 ) ;
#2397 = ORIENTED_EDGE ( 'NONE', *, *, #3864, .T. ) ;
#2398 = ADVANCED_FACE ( 'NONE', ( #3137 ), #1768, .F. ) ;
#2399 = MECHANICAL_DESIGN_GEOMETRIC_PRESENTATION_REPRESENTATION (  '', ( #86 ), #3119 ) ;
#2400 = CIRCLE ( 'NONE', #3120, 1.737581164259522470 ) ;
#2401 = FACE_OUTER_BOUND ( 'NONE', #1033, .T. ) ;
#2402 =( NAMED_UNIT ( * ) PLANE_ANGLE_UNIT ( ) SI_UNIT ( $, .RADIAN. ) );
#2403 = STYLED_ITEM ( 'NONE', ( #1675 ), #3994 ) ;
#2404 = STYLED_ITEM ( 'NONE', ( #314 ), #3219 ) ;
#2405 = PRESENTATION_STYLE_ASSIGNMENT (( #4158 ) ) ;
#2406 = AXIS2_PLACEMENT_3D ( 'NONE', #529, #2903, #1844 ) ;
#2407 = SURFACE_SIDE_STYLE ('',( #282 ) ) ;
#2408 = SURFACE_STYLE_USAGE ( .BOTH. , #3750 ) ;
#2409 = DIRECTION ( 'NONE',  ( 0.000000000000000000, 0.000000000000000000, 1.000000000000000000 ) ) ;
#2410 = ORIENTED_EDGE ( 'NONE', *, *, #2779, .T. ) ;
#2411 = CARTESIAN_POINT ( 'NONE',  ( -7.049999999999997158, 0.3250000000000017319, -1.239999999999999991 ) ) ;
#2412 =( NAMED_UNIT ( * ) PLANE_ANGLE_UNIT ( ) SI_UNIT ( $, .RADIAN. ) );
#2413 = EDGE_CURVE ( 'NONE', #929, #3305, #3828, .T. ) ;
#2414 = ORIENTED_EDGE ( 'NONE', *, *, #1541, .F. ) ;
#2415 =( LENGTH_UNIT ( ) NAMED_UNIT ( * ) SI_UNIT ( .MILLI., .METRE. ) );
#2416 = CARTESIAN_POINT ( 'NONE',  ( -7.049999999999997158, -2.062499999999998224, 0.000000000000000000 ) ) ;
#2417 = EDGE_CURVE ( 'NONE', #3112, #3034, #1232, .T. ) ;
#2418 = SURFACE_SIDE_STYLE ('',( #4155 ) ) ;
#2419 = DIRECTION ( 'NONE',  ( -0.000000000000000000, 1.000000000000000000, 0.000000000000000000 ) ) ;
#2420 = VECTOR ( 'NONE', #1696, 1000.000000000000000 ) ;
#2421 = ORIENTED_EDGE ( 'NONE', *, *, #1419, .T. ) ;
#2422 = CARTESIAN_POINT ( 'NONE',  ( -1.994999999999997664, -3.919999999999999929, -0.2049999999999997935 ) ) ;
#2423 = DIRECTION ( 'NONE',  ( 0.000000000000000000, 0.000000000000000000, -1.000000000000000000 ) ) ;
#2424 = FILL_AREA_STYLE_COLOUR ( '', #2396 ) ;
#2425 = AXIS2_PLACEMENT_3D ( 'NONE', #2302, #3735, #948 ) ;
#2426 = COLOUR_RGB ( '',0.000000000000000000, 0.7529411764705882248, 0.000000000000000000 ) ;
#2427 = FILL_AREA_STYLE_COLOUR ( '', #1125 ) ;
#2428 = FACE_OUTER_BOUND ( 'NONE', #1011, .T. ) ;
#2429 = PRESENTATION_LAYER_ASSIGNMENT (  '', '', ( #3143 ) ) ;
#2430 = CARTESIAN_POINT ( 'NONE',  ( -2.504999999999997673, -3.919999999999999929, -0.2049999999999997935 ) ) ;
#2431 = VERTEX_POINT ( 'NONE', #3683 ) ;
#2432 = AXIS2_PLACEMENT_3D ( 'NONE', #1715, #3109, #1046 ) ;
#2433 = FACE_OUTER_BOUND ( 'NONE', #4099, .T. ) ;
#2434 = UNCERTAINTY_MEASURE_WITH_UNIT (LENGTH_MEASURE( 1.000000000000000082E-05 ), #1771, 'distance_accuracy_value', 'NONE');
#2435 = SURFACE_SIDE_STYLE ('',( #2824 ) ) ;
#2436 = FILL_AREA_STYLE ('',( #3798 ) ) ;
#2437 = EDGE_LOOP ( 'NONE', ( #3098, #3042, #3598, #1295 ) ) ;
#2438 = EDGE_CURVE ( 'NONE', #1627, #1701, #3658, .T. ) ;
#2439 = PRODUCT_CONTEXT ( 'NONE', #4202, 'mechanical' ) ;
#2440 = DIRECTION ( 'NONE',  ( 1.000000000000000000, 2.017120320903264195E-16, -0.000000000000000000 ) ) ;
#2441 = FILL_AREA_STYLE_COLOUR ( '', #2544 ) ;
#2442 =( NAMED_UNIT ( * ) SI_UNIT ( $, .STERADIAN. ) SOLID_ANGLE_UNIT ( ) );
#2443 = COLOUR_RGB ( '',0.000000000000000000, 0.7529411764705882248, 0.000000000000000000 ) ;
#2444 = ORIENTED_EDGE ( 'NONE', *, *, #337, .T. ) ;
#2445 = UNCERTAINTY_MEASURE_WITH_UNIT (LENGTH_MEASURE( 1.000000000000000082E-05 ), #1358, 'distance_accuracy_value', 'NONE');
#2446 = EDGE_CURVE ( 'NONE', #761, #1126, #3940, .T. ) ;
#2447 = CARTESIAN_POINT ( 'NONE',  ( -2.504999999999997673, -7.299999999999998934, -0.2049999999999997935 ) ) ;
#2448 = VECTOR ( 'NONE', #1746, 1000.000000000000000 ) ;
#2449 = DIRECTION ( 'NONE',  ( -0.000000000000000000, -0.000000000000000000, -1.000000000000000000 ) ) ;
#2450 = CARTESIAN_POINT ( 'NONE',  ( -8.569999999999998508, 1.818390749886862778, 0.9000000000000000222 ) ) ;
#2451 = PRESENTATION_LAYER_ASSIGNMENT (  '', '', ( #2740 ) ) ;
#2452 = ADVANCED_FACE ( 'NONE', ( #4051 ), #3259, .T. ) ;
#2453 = LINE ( 'NONE', #2770, #2139 ) ;
#2454 = CIRCLE ( 'NONE', #2002, 0.07499999999999996947 ) ;
#2455 = DIRECTION ( 'NONE',  ( -1.000000000000000000, 0.000000000000000000, 0.000000000000000000 ) ) ;
#2456 = PRESENTATION_STYLE_ASSIGNMENT (( #1098 ) ) ;
#2457 = CARTESIAN_POINT ( 'NONE',  ( 0.000000000000000000, -7.299999999999998934, 0.000000000000000000 ) ) ;
#2458 = VERTEX_POINT ( 'NONE', #2643 ) ;
#2459 = VECTOR ( 'NONE', #1489, 1000.000000000000000 ) ;
#2460 = ORIENTED_EDGE ( 'NONE', *, *, #1304, .T. ) ;
#2461 = CARTESIAN_POINT ( 'NONE',  ( -8.569999999999998508, -2.307774158913503015, 0.000000000000000000 ) ) ;
#2462 = CARTESIAN_POINT ( 'NONE',  ( 4.995000000000001883, -7.299999999999998934, 0.2050000000000001821 ) ) ;
#2463 = ORIENTED_EDGE ( 'NONE', *, *, #1144, .F. ) ;
#2464 = CARTESIAN_POINT ( 'NONE',  ( -5.479999999999996874, 0.000000000000000000, 0.000000000000000000 ) ) ;
#2465 = COLOUR_RGB ( '',0.000000000000000000, 0.7529411764705882248, 0.000000000000000000 ) ;
#2466 = FACE_OUTER_BOUND ( 'NONE', #1929, .T. ) ;
#2467 = CARTESIAN_POINT ( 'NONE',  ( -5.554999999999997051, 0.3250000000000017319, 0.000000000000000000 ) ) ;
#2468 = SPHERICAL_SURFACE ( 'NONE', #3124, 0.07499999999999999722 ) ;
#2469 = ORIENTED_EDGE ( 'NONE', *, *, #825, .F. ) ;
#2470 = STYLED_ITEM ( 'NONE', ( #3716 ), #3811 ) ;
#2471 = FILL_AREA_STYLE ('',( #2020 ) ) ;
#2472 = FILL_AREA_STYLE ('',( #3949 ) ) ;
#2473 = VECTOR ( 'NONE', #2543, 1000.000000000000000 ) ;
#2474 = FACE_BOUND ( 'NONE', #4467, .T. ) ;
#2475 = VECTOR ( 'NONE', #683, 1000.000000000000000 ) ;
#2476 = PRESENTATION_STYLE_ASSIGNMENT (( #3129 ) ) ;
#2477 = SURFACE_SIDE_STYLE ('',( #1094 ) ) ;
#2478 = COLOUR_RGB ( '',0.7921568627450980005, 0.8196078431372548767, 0.9333333333333333481 ) ;
#2479 = FACE_OUTER_BOUND ( 'NONE', #1951, .T. ) ;
#2480 = ADVANCED_FACE ( 'NONE', ( #3621, #2964 ), #518, .F. ) ;
#2481 = ORIENTED_EDGE ( 'NONE', *, *, #1796, .T. ) ;
#2482 = LINE ( 'NONE', #677, #1329 ) ;
#2483 = UNCERTAINTY_MEASURE_WITH_UNIT (LENGTH_MEASURE( 1.000000000000000082E-05 ), #1275, 'distance_accuracy_value', 'NONE');
#2484 = COLOUR_RGB ( '',0.8431372549019607865, 0.8431372549019607865, 0.8431372549019607865 ) ;
#2485 = LINE ( 'NONE', #3870, #2875 ) ;
#2486 = DIRECTION ( 'NONE',  ( 1.000000000000000000, 0.000000000000000000, 0.000000000000000000 ) ) ;
#2487 = EDGE_LOOP ( 'NONE', ( #1881, #4329, #2730, #2927 ) ) ;
#2488 =( LENGTH_UNIT ( ) NAMED_UNIT ( * ) SI_UNIT ( .MILLI., .METRE. ) );
#2489 = CARTESIAN_POINT ( 'NONE',  ( -7.669999999999998153, 1.818390749886862778, 0.9000000000000000222 ) ) ;
#2490 = DIRECTION ( 'NONE',  ( 0.000000000000000000, 2.891205793294679017E-15, 1.000000000000000000 ) ) ;
#2491 = ORIENTED_EDGE ( 'NONE', *, *, #2703, .T. ) ;
#2492 = UNCERTAINTY_MEASURE_WITH_UNIT (LENGTH_MEASURE( 1.000000000000000082E-05 ), #4147, 'distance_accuracy_value', 'NONE');
#2493 = DIRECTION ( 'NONE',  ( 0.000000000000000000, -1.000000000000000000, 0.000000000000000000 ) ) ;
#2494 = DIRECTION ( 'NONE',  ( 1.000000000000000000, -0.000000000000000000, -0.000000000000000000 ) ) ;
#2495 = CARTESIAN_POINT ( 'NONE',  ( 4.995000000000001883, -7.299999999999998934, -0.2049999999999997935 ) ) ;
#2496 = CARTESIAN_POINT ( 'NONE',  ( -5.488082982229262718, 0.2858510005927555886, 0.07630724659626642037 ) ) ;
#2497 = CARTESIAN_POINT ( 'NONE',  ( -0.000000000000000000, 0.2500000000000017208, 1.239999999999999991 ) ) ;
#2498 = CIRCLE ( 'NONE', #113, 0.07499999999999994171 ) ;
#2499 = DIRECTION ( 'NONE',  ( 1.000000000000000000, -0.000000000000000000, -0.000000000000000000 ) ) ;
#2500 = EDGE_CURVE ( 'NONE', #4149, #4005, #354, .T. ) ;
#2501 = DIRECTION ( 'NONE',  ( 1.008560160451632221E-16, 1.000000000000000000, -0.000000000000000000 ) ) ;
#2502 = CARTESIAN_POINT ( 'NONE',  ( -0.004999999999998061551, -3.919999999999999929, -0.2049999999999997657 ) ) ;
#2503 = MECHANICAL_DESIGN_GEOMETRIC_PRESENTATION_REPRESENTATION (  '', ( #1977 ), #2205 ) ;
#2504 = VECTOR ( 'NONE', #2845, 1000.000000000000000 ) ;
#2505 = UNCERTAINTY_MEASURE_WITH_UNIT (LENGTH_MEASURE( 1.000000000000000082E-05 ), #2186, 'distance_accuracy_value', 'NONE');
#2506 = EDGE_LOOP ( 'NONE', ( #2580, #2392, #945, #543 ) ) ;
#2507 = DIRECTION ( 'NONE',  ( 0.000000000000000000, 0.000000000000000000, -1.000000000000000000 ) ) ;
#2508 =( GEOMETRIC_REPRESENTATION_CONTEXT ( 3 ) GLOBAL_UNCERTAINTY_ASSIGNED_CONTEXT ( ( #1833 ) ) GLOBAL_UNIT_ASSIGNED_CONTEXT ( ( #792, #1815, #4242 ) ) REPRESENTATION_CONTEXT ( 'NONE', 'WORKASPACE' ) );
#2509 = VECTOR ( 'NONE', #3312, 1000.000000000000000 ) ;
#2510 = EDGE_CURVE ( 'NONE', #1464, #3642, #4419, .T. ) ;
#2511 = CARTESIAN_POINT ( 'NONE',  ( -5.554999999999997051, 0.2500000000000017208, -1.165000000000000036 ) ) ;
#2512 = VECTOR ( 'NONE', #3923, 1000.000000000000000 ) ;
#2513 = ORIENTED_EDGE ( 'NONE', *, *, #2646, .F. ) ;
#2514 = COLOUR_RGB ( '',0.000000000000000000, 0.7529411764705882248, 0.000000000000000000 ) ;
#2515 = SURFACE_STYLE_USAGE ( .BOTH. , #3173 ) ;
#2516 = STYLED_ITEM ( 'NONE', ( #1856 ), #1683 ) ;
#2517 = ORIENTED_EDGE ( 'NONE', *, *, #3643, .T. ) ;
#2518 = CIRCLE ( 'NONE', #2959, 0.07499999999999998335 ) ;
#2519 = CARTESIAN_POINT ( 'NONE',  ( -7.049999999999997158, 0.000000000000000000, 1.165000000000000036 ) ) ;
#2520 = DIRECTION ( 'NONE',  ( 0.000000000000000000, 0.000000000000000000, -1.000000000000000000 ) ) ;
#2521 =( NAMED_UNIT ( * ) PLANE_ANGLE_UNIT ( ) SI_UNIT ( $, .RADIAN. ) );
#2522 = FILL_AREA_STYLE_COLOUR ( '', #4421 ) ;
#2523 = SURFACE_SIDE_STYLE ('',( #3204 ) ) ;
#2524 = ORIENTED_EDGE ( 'NONE', *, *, #1009, .F. ) ;
#2525 = UNCERTAINTY_MEASURE_WITH_UNIT (LENGTH_MEASURE( 1.000000000000000082E-05 ), #2802, 'distance_accuracy_value', 'NONE');
#2526 = AXIS2_PLACEMENT_3D ( 'NONE', #2772, #1319, #3072 ) ;
#2527 = CARTESIAN_POINT ( 'NONE',  ( -6.974999999999996980, 3.353743151311522119, -1.239999999999999991 ) ) ;
#2528 = CARTESIAN_POINT ( 'NONE',  ( -5.479999999999996874, 2.062500000000001332, 0.000000000000000000 ) ) ;
#2529 = VECTOR ( 'NONE', #4017, 1000.000000000000000 ) ;
#2530 = ADVANCED_FACE ( 'NONE', ( #1693 ), #3772, .T. ) ;
#2531 = LINE ( 'NONE', #1082, #3519 ) ;
#2532 = ORIENTED_EDGE ( 'NONE', *, *, #3085, .T. ) ;
#2533 = ORIENTED_EDGE ( 'NONE', *, *, #37, .T. ) ;
#2534 = DIRECTION ( 'NONE',  ( 1.000000000000000000, 0.000000000000000000, 0.000000000000000000 ) ) ;
#2535 =( LENGTH_UNIT ( ) NAMED_UNIT ( * ) SI_UNIT ( .MILLI., .METRE. ) );
#2536 = SURFACE_STYLE_USAGE ( .BOTH. , #2161 ) ;
#2537 = EDGE_CURVE ( 'NONE', #471, #3684, #3469, .T. ) ;
#2538 = ORIENTED_EDGE ( 'NONE', *, *, #3358, .F. ) ;
#2539 = UNCERTAINTY_MEASURE_WITH_UNIT (LENGTH_MEASURE( 1.000000000000000082E-05 ), #688, 'distance_accuracy_value', 'NONE');
#2540 = FILL_AREA_STYLE ('',( #2557 ) ) ;
#2541 = CARTESIAN_POINT ( 'NONE',  ( 3.005000000000002558, -7.299999999999998934, 0.2050000000000001821 ) ) ;
#2542 = SURFACE_SIDE_STYLE ('',( #462 ) ) ;
#2543 = DIRECTION ( 'NONE',  ( -0.000000000000000000, -0.000000000000000000, 1.000000000000000000 ) ) ;
#2544 = COLOUR_RGB ( '',0.000000000000000000, 0.7529411764705882248, 0.000000000000000000 ) ;
#2545 = FACE_OUTER_BOUND ( 'NONE', #1948, .T. ) ;
#2546 =( NAMED_UNIT ( * ) PLANE_ANGLE_UNIT ( ) SI_UNIT ( $, .RADIAN. ) );
#2547 = ORIENTED_EDGE ( 'NONE', *, *, #319, .T. ) ;
#2548 = LINE ( 'NONE', #1458, #2504 ) ;
#2549 = CARTESIAN_POINT ( 'NONE',  ( -6.751585181729159224, 3.409096355002576129, -1.215247920240743351 ) ) ;
#2550 = PRESENTATION_LAYER_ASSIGNMENT (  '', '', ( #4446 ) ) ;
#2551 = FILL_AREA_STYLE ('',( #3897 ) ) ;
#2552 = ORIENTED_EDGE ( 'NONE', *, *, #1471, .F. ) ;
#2553 = ADVANCED_FACE ( 'NONE', ( #674 ), #3365, .T. ) ;
#2554 = DIRECTION ( 'NONE',  ( 0.000000000000000000, -1.000000000000000000, 0.000000000000000000 ) ) ;
#2555 =( NAMED_UNIT ( * ) PLANE_ANGLE_UNIT ( ) SI_UNIT ( $, .RADIAN. ) );
#2556 = ORIENTED_EDGE ( 'NONE', *, *, #3612, .F. ) ;
#2557 = FILL_AREA_STYLE_COLOUR ( '', #4224 ) ;
#2558 = EDGE_CURVE ( 'NONE', #1236, #3213, #3725, .T. ) ;
#2559 = SURFACE_SIDE_STYLE ('',( #3541 ) ) ;
#2560 = PRESENTATION_STYLE_ASSIGNMENT (( #3217 ) ) ;
#2561 = LINE ( 'NONE', #3588, #1379 ) ;
#2562 = LINE ( 'NONE', #2519, #772 ) ;
#2563 = SPHERICAL_SURFACE ( 'NONE', #3057, 0.07499999999999999722 ) ;
#2564 = FILL_AREA_STYLE_COLOUR ( '', #1425 ) ;
#2565 = SURFACE_SIDE_STYLE ('',( #1184 ) ) ;
#2566 = CARTESIAN_POINT ( 'NONE',  ( -0.004999999999997627870, -7.299999999999998934, -0.2049999999999997935 ) ) ;
#2567 = ORIENTED_EDGE ( 'NONE', *, *, #3063, .T. ) ;
#2568 = SURFACE_STYLE_FILL_AREA ( #1788 ) ;
#2569 =( NAMED_UNIT ( * ) SI_UNIT ( $, .STERADIAN. ) SOLID_ANGLE_UNIT ( ) );
#2570 = CIRCLE ( 'NONE', #914, 0.07499999999999998335 ) ;
#2571 =( LENGTH_UNIT ( ) NAMED_UNIT ( * ) SI_UNIT ( .MILLI., .METRE. ) );
#2572 = MECHANICAL_DESIGN_GEOMETRIC_PRESENTATION_REPRESENTATION (  '', ( #1338 ), #2939 ) ;
#2573 = COLOUR_RGB ( '',0.000000000000000000, 0.7529411764705882248, 0.000000000000000000 ) ;
#2574 = ORIENTED_EDGE ( 'NONE', *, *, #2784, .T. ) ;
#2575 = MECHANICAL_DESIGN_GEOMETRIC_PRESENTATION_REPRESENTATION (  '', ( #270 ), #2508 ) ;
#2576 = SURFACE_SIDE_STYLE ('',( #2627 ) ) ;
#2577 = STYLED_ITEM ( 'NONE', ( #1486 ), #788 ) ;
#2578 = FACE_OUTER_BOUND ( 'NONE', #2391, .T. ) ;
#2579 = DIRECTION ( 'NONE',  ( 0.000000000000000000, -0.000000000000000000, -1.000000000000000000 ) ) ;
#2580 = ORIENTED_EDGE ( 'NONE', *, *, #4144, .T. ) ;
#2581 = EDGE_CURVE ( 'NONE', #3636, #1590, #1435, .T. ) ;
#2582 = UNCERTAINTY_MEASURE_WITH_UNIT (LENGTH_MEASURE( 1.000000000000000082E-05 ), #4184, 'distance_accuracy_value', 'NONE');
#2583 =( NAMED_UNIT ( * ) PLANE_ANGLE_UNIT ( ) SI_UNIT ( $, .RADIAN. ) );
#2584 = CIRCLE ( 'NONE', #3381, 0.07499999999999998335 ) ;
#2585 = FILL_AREA_STYLE ('',( #483 ) ) ;
#2586 = EDGE_CURVE ( 'NONE', #1634, #2059, #4183, .T. ) ;
#2587 = CARTESIAN_POINT ( 'NONE',  ( -6.974999999999996980, -0.7734378409091344775, -1.165000000000000036 ) ) ;
#2588 = STYLED_ITEM ( 'NONE', ( #3572 ), #1905 ) ;
#2589 = CYLINDRICAL_SURFACE ( 'NONE', #60, 0.07499999999999998335 ) ;
#2590 = SURFACE_STYLE_USAGE ( .BOTH. , #4350 ) ;
#2591 = CARTESIAN_POINT ( 'NONE',  ( -6.849999999999998757, 4.299999999999999822, -1.239999999999999991 ) ) ;
#2592 = MECHANICAL_DESIGN_GEOMETRIC_PRESENTATION_REPRESENTATION (  '', ( #3387 ), #3607 ) ;
#2593 = EDGE_CURVE ( 'NONE', #1748, #2687, #3202, .T. ) ;
#2594 = CARTESIAN_POINT ( 'NONE',  ( -5.554999999999997051, -3.799999999999998046, 0.000000000000000000 ) ) ;
#2595 = ORIENTED_EDGE ( 'NONE', *, *, #3340, .T. ) ;
#2596 = DIRECTION ( 'NONE',  ( 1.000000000000000000, 2.017120320903264195E-16, -0.000000000000000000 ) ) ;
#2597 = CARTESIAN_POINT ( 'NONE',  ( -6.304917961811106863, 3.408432173752122374, -1.215261900753117574 ) ) ;
#2598 = AXIS2_PLACEMENT_3D ( 'NONE', #2163, #3565, #3303 ) ;
#2599 = ORIENTED_EDGE ( 'NONE', *, *, #1570, .T. ) ;
#2600 = COLOUR_RGB ( '',0.000000000000000000, 0.7529411764705882248, 0.000000000000000000 ) ;
#2601 = EDGE_LOOP ( 'NONE', ( #4357, #4028, #150, #2414 ) ) ;
#2602 = PRESENTATION_STYLE_ASSIGNMENT (( #3324 ) ) ;
#2603 =( GEOMETRIC_REPRESENTATION_CONTEXT ( 3 ) GLOBAL_UNCERTAINTY_ASSIGNED_CONTEXT ( ( #141 ) ) GLOBAL_UNIT_ASSIGNED_CONTEXT ( ( #2957, #2546, #2264 ) ) REPRESENTATION_CONTEXT ( 'NONE', 'WORKASPACE' ) );
#2604 = FILL_AREA_STYLE_COLOUR ( '', #1907 ) ;
#2605 =( LENGTH_UNIT ( ) NAMED_UNIT ( * ) SI_UNIT ( .MILLI., .METRE. ) );
#2606 = EDGE_LOOP ( 'NONE', ( #3714, #315, #3783, #608 ) ) ;
#2607 = FACE_OUTER_BOUND ( 'NONE', #3709, .T. ) ;
#2608 = CARTESIAN_POINT ( 'NONE',  ( -7.049999999999997158, 2.062500000000001332, 0.000000000000000000 ) ) ;
#2609 =( NAMED_UNIT ( * ) PLANE_ANGLE_UNIT ( ) SI_UNIT ( $, .RADIAN. ) );
#2610 =( NAMED_UNIT ( * ) PLANE_ANGLE_UNIT ( ) SI_UNIT ( $, .RADIAN. ) );
#2611 = DIRECTION ( 'NONE',  ( -1.000000000000000000, 0.000000000000000000, 0.000000000000000000 ) ) ;
#2612 = ADVANCED_FACE ( 'NONE', ( #2146 ), #3914, .F. ) ;
#2613 = VECTOR ( 'NONE', #3428, 1000.000000000000000 ) ;
#2614 = FILL_AREA_STYLE ('',( #3498 ) ) ;
#2615 = CARTESIAN_POINT ( 'NONE',  ( -6.849999999999998757, 4.299999999999999822, -1.239999999999999991 ) ) ;
#2616 = ORIENTED_EDGE ( 'NONE', *, *, #2537, .F. ) ;
#2617 = FACE_OUTER_BOUND ( 'NONE', #1483, .T. ) ;
#2618 =( GEOMETRIC_REPRESENTATION_CONTEXT ( 3 ) GLOBAL_UNCERTAINTY_ASSIGNED_CONTEXT ( ( #50 ) ) GLOBAL_UNIT_ASSIGNED_CONTEXT ( ( #773, #3171, #2828 ) ) REPRESENTATION_CONTEXT ( 'NONE', 'WORKASPACE' ) );
#2619 = DIRECTION ( 'NONE',  ( 2.891205793294662451E-15, -1.000000000000000000, -0.000000000000000000 ) ) ;
#2620 = EDGE_CURVE ( 'NONE', #496, #1963, #1097, .T. ) ;
#2621 = DIRECTION ( 'NONE',  ( 0.000000000000000000, 0.000000000000000000, 1.000000000000000000 ) ) ;
#2622 = COLOUR_RGB ( '',0.2862745098039215508, 0.2862745098039215508, 0.2862745098039215508 ) ;
#2623 = AXIS2_PLACEMENT_3D ( 'NONE', #3548, #4286, #4262 ) ;
#2624 = DIRECTION ( 'NONE',  ( 1.000000000000000000, -0.000000000000000000, -0.000000000000000000 ) ) ;
#2625 = ORIENTED_EDGE ( 'NONE', *, *, #625, .F. ) ;
#2626 = VERTEX_POINT ( 'NONE', #1429 ) ;
#2627 = SURFACE_STYLE_FILL_AREA ( #1192 ) ;
#2628 = CARTESIAN_POINT ( 'NONE',  ( -7.049999999999997158, -2.307774158913503015, 0.000000000000000000 ) ) ;
#2629 =( NAMED_UNIT ( * ) SI_UNIT ( $, .STERADIAN. ) SOLID_ANGLE_UNIT ( ) );
#2630 = AXIS2_PLACEMENT_3D ( 'NONE', #2947, #2261, #620 ) ;
#2631 = ORIENTED_EDGE ( 'NONE', *, *, #1640, .F. ) ;
#2632 = UNCERTAINTY_MEASURE_WITH_UNIT (LENGTH_MEASURE( 1.000000000000000082E-05 ), #970, 'distance_accuracy_value', 'NONE');
#2633 = DIRECTION ( 'NONE',  ( -0.000000000000000000, 0.000000000000000000, 1.000000000000000000 ) ) ;
#2634 = CARTESIAN_POINT ( 'NONE',  ( -6.974999999999996980, 0.000000000000000000, 1.239999999999999991 ) ) ;
#2635 = DIRECTION ( 'NONE',  ( -1.000000000000000000, 0.000000000000000000, 0.000000000000000000 ) ) ;
#2636 =( LENGTH_UNIT ( ) NAMED_UNIT ( * ) SI_UNIT ( .MILLI., .METRE. ) );
#2637 =( NAMED_UNIT ( * ) PLANE_ANGLE_UNIT ( ) SI_UNIT ( $, .RADIAN. ) );
#2638 =( NAMED_UNIT ( * ) PLANE_ANGLE_UNIT ( ) SI_UNIT ( $, .RADIAN. ) );
#2639 = DIRECTION ( 'NONE',  ( 1.000000000000000000, -0.000000000000000000, -0.000000000000000000 ) ) ;
#2640 = VERTEX_POINT ( 'NONE', #2502 ) ;
#2641 = ADVANCED_FACE ( 'NONE', ( #785 ), #1073, .T. ) ;
#2642 = CARTESIAN_POINT ( 'NONE',  ( -6.974918791822920738, 3.409428355092356533, 1.215240934357544322 ) ) ;
#2643 = CARTESIAN_POINT ( 'NONE',  ( -5.479999999999996874, -3.874999999999998224, 1.239999999999999991 ) ) ;
#2644 = ORIENTED_EDGE ( 'NONE', *, *, #1935, .T. ) ;
#2645 = ORIENTED_EDGE ( 'NONE', *, *, #3399, .F. ) ;
#2646 = EDGE_CURVE ( 'NONE', #2016, #514, #4209, .T. ) ;
#2647 = STYLED_ITEM ( 'NONE', ( #724 ), #955 ) ;
#2648 = CARTESIAN_POINT ( 'NONE',  ( -6.974951368829110265, 3.387089998370650168, -1.239999999999999991 ) ) ;
#2649 = AXIS2_PLACEMENT_3D ( 'NONE', #3610, #2635, #238 ) ;
#2650 = ORIENTED_EDGE ( 'NONE', *, *, #1962, .T. ) ;
#2651 = ADVANCED_FACE ( 'NONE', ( #3840 ), #3593, .T. ) ;
#2652 = PLANE ( 'NONE',  #381 ) ;
#2653 = PRESENTATION_LAYER_ASSIGNMENT (  '', '', ( #3157 ) ) ;
#2654 = LINE ( 'NONE', #4087, #1805 ) ;
#2655 = CARTESIAN_POINT ( 'NONE',  ( 0.000000000000000000, -7.299999999999998934, 0.000000000000000000 ) ) ;
#2656 = DIRECTION ( 'NONE',  ( 0.000000000000000000, 0.000000000000000000, 1.000000000000000000 ) ) ;
#2657 = SURFACE_STYLE_USAGE ( .BOTH. , #4472 ) ;
#2658 = DIRECTION ( 'NONE',  ( 0.000000000000000000, 0.000000000000000000, 1.000000000000000000 ) ) ;
#2659 = DIRECTION ( 'NONE',  ( 0.000000000000000000, -0.000000000000000000, -1.000000000000000000 ) ) ;
#2660 = DIRECTION ( 'NONE',  ( 1.000000000000000000, 0.000000000000000000, 0.000000000000000000 ) ) ;
#2661 = ORIENTED_EDGE ( 'NONE', *, *, #2593, .T. ) ;
#2662 =( GEOMETRIC_REPRESENTATION_CONTEXT ( 3 ) GLOBAL_UNCERTAINTY_ASSIGNED_CONTEXT ( ( #1035 ) ) GLOBAL_UNIT_ASSIGNED_CONTEXT ( ( #3315, #2193, #4325 ) ) REPRESENTATION_CONTEXT ( 'NONE', 'WORKASPACE' ) );
#2663 = CARTESIAN_POINT ( 'NONE',  ( 4.995000000000001883, -7.299999999999998934, 0.2050000000000001821 ) ) ;
#2664 = CARTESIAN_POINT ( 'NONE',  ( -6.974951368829109377, 3.387089998370644395, 1.240000000000000213 ) ) ;
#2665 = CARTESIAN_POINT ( 'NONE',  ( -6.974959439888481327, 0.2500405880032804951, 0.07851728806360785962 ) ) ;
#2666 = COLOUR_RGB ( '',1.000000000000000000, 0.000000000000000000, 0.000000000000000000 ) ;
#2667 = CARTESIAN_POINT ( 'NONE',  ( 4.995000000000001883, -3.919999999999999929, 0.2050000000000001821 ) ) ;
#2668 = ORIENTED_EDGE ( 'NONE', *, *, #3504, .T. ) ;
#2669 = VERTEX_POINT ( 'NONE', #736 ) ;
#2670 = MECHANICAL_DESIGN_GEOMETRIC_PRESENTATION_REPRESENTATION (  '', ( #4278 ), #1284 ) ;
#2671 = CARTESIAN_POINT ( 'NONE',  ( -6.849999999999996980, -4.299999999999999822, 1.239999999999999991 ) ) ;
#2672 =( NAMED_UNIT ( * ) PLANE_ANGLE_UNIT ( ) SI_UNIT ( $, .RADIAN. ) );
#2673 = EDGE_CURVE ( 'NONE', #1063, #2626, #3273, .T. ) ;
#2674 =( NAMED_UNIT ( * ) SI_UNIT ( $, .STERADIAN. ) SOLID_ANGLE_UNIT ( ) );
#2675 = ORIENTED_EDGE ( 'NONE', *, *, #684, .T. ) ;
#2676 =( NAMED_UNIT ( * ) PLANE_ANGLE_UNIT ( ) SI_UNIT ( $, .RADIAN. ) );
#2677 = EDGE_CURVE ( 'NONE', #929, #4263, #2454, .T. ) ;
#2678 = DIRECTION ( 'NONE',  ( 0.000000000000000000, 0.000000000000000000, -1.000000000000000000 ) ) ;
#2679 = MECHANICAL_DESIGN_GEOMETRIC_PRESENTATION_REPRESENTATION (  '', ( #871 ), #723 ) ;
#2680 = SURFACE_STYLE_FILL_AREA ( #1286 ) ;
#2681 = DIRECTION ( 'NONE',  ( 0.000000000000000000, 0.000000000000000000, -1.000000000000000000 ) ) ;
#2682 = CYLINDRICAL_SURFACE ( 'NONE', #879, 0.07499999999999998335 ) ;
#2683 = EDGE_LOOP ( 'NONE', ( #2517, #3848, #2800, #2775 ) ) ;
#2684 = CARTESIAN_POINT ( 'NONE',  ( -6.974999999999996980, 3.353743151311522563, 1.165000000000000036 ) ) ;
#2685 = AXIS2_PLACEMENT_3D ( 'NONE', #3383, #389, #782 ) ;
#2686 = FILL_AREA_STYLE_COLOUR ( '', #1490 ) ;
#2687 = VERTEX_POINT ( 'NONE', #174 ) ;
#2688 = VERTEX_POINT ( 'NONE', #2932 ) ;
#2689 = PRESENTATION_STYLE_ASSIGNMENT (( #4101 ) ) ;
#2690 =( GEOMETRIC_REPRESENTATION_CONTEXT ( 3 ) GLOBAL_UNCERTAINTY_ASSIGNED_CONTEXT ( ( #501 ) ) GLOBAL_UNIT_ASSIGNED_CONTEXT ( ( #646, #4108, #4430 ) ) REPRESENTATION_CONTEXT ( 'NONE', 'WORKASPACE' ) );
#2691 =( NAMED_UNIT ( * ) PLANE_ANGLE_UNIT ( ) SI_UNIT ( $, .RADIAN. ) );
#2692 = AXIS2_PLACEMENT_3D ( 'NONE', #1598, #2378, #2998 ) ;
#2693 = CARTESIAN_POINT ( 'NONE',  ( -2.504999999999997673, -7.299999999999998934, 0.2050000000000001821 ) ) ;
#2694 = EDGE_LOOP ( 'NONE', ( #2421, #2668, #1375, #3060 ) ) ;
#2695 = AXIS2_PLACEMENT_3D ( 'NONE', #311, #1719, #4124 ) ;
#2696 = AXIS2_PLACEMENT_3D ( 'NONE', #2693, #4061, #1677 ) ;
#2697 = ADVANCED_FACE ( 'NONE', ( #3651 ), #2155, .F. ) ;
#2698 = SURFACE_STYLE_USAGE ( .BOTH. , #4407 ) ;
#2699 = PLANE ( 'NONE',  #3893 ) ;
#2700 = SPHERICAL_SURFACE ( 'NONE', #3983, 0.07499999999999999722 ) ;
#2701 = CARTESIAN_POINT ( 'NONE',  ( -5.479999999999996874, -0.7734378409091342554, 1.165000000000000036 ) ) ;
#2702 = VECTOR ( 'NONE', #3375, 1000.000000000000000 ) ;
#2703 = EDGE_CURVE ( 'NONE', #3856, #2897, #242, .T. ) ;
#2704 = LINE ( 'NONE', #1328, #4301 ) ;
#2705 = SURFACE_STYLE_FILL_AREA ( #829 ) ;
#2706 =( NAMED_UNIT ( * ) PLANE_ANGLE_UNIT ( ) SI_UNIT ( $, .RADIAN. ) );
#2707 = LINE ( 'NONE', #964, #3954 ) ;
#2708 = DIRECTION ( 'NONE',  ( -0.000000000000000000, 0.000000000000000000, -1.000000000000000000 ) ) ;
#2709 = ORIENTED_EDGE ( 'NONE', *, *, #3200, .F. ) ;
#2710 = ORIENTED_EDGE ( 'NONE', *, *, #3696, .F. ) ;
#2711 = UNCERTAINTY_MEASURE_WITH_UNIT (LENGTH_MEASURE( 1.000000000000000082E-05 ), #920, 'distance_accuracy_value', 'NONE');
#2712 = CARTESIAN_POINT ( 'NONE',  ( 3.005000000000002558, -7.299999999999998934, -0.2049999999999997935 ) ) ;
#2713 = DIRECTION ( 'NONE',  ( -0.000000000000000000, 0.6705035971223047842, -0.7419062786134446030 ) ) ;
#2714 = ORIENTED_EDGE ( 'NONE', *, *, #1221, .F. ) ;
#2715 = STYLED_ITEM ( 'NONE', ( #4206 ), #396 ) ;
#2716 =( NAMED_UNIT ( * ) PLANE_ANGLE_UNIT ( ) SI_UNIT ( $, .RADIAN. ) );
#2717 = ADVANCED_FACE ( 'NONE', ( #4285 ), #830, .T. ) ;
#2718 = STYLED_ITEM ( 'NONE', ( #2602 ), #1122 ) ;
#2719 =( GEOMETRIC_REPRESENTATION_CONTEXT ( 3 ) GLOBAL_UNCERTAINTY_ASSIGNED_CONTEXT ( ( #4213 ) ) GLOBAL_UNIT_ASSIGNED_CONTEXT ( ( #2860, #2908, #3543 ) ) REPRESENTATION_CONTEXT ( 'NONE', 'WORKASPACE' ) );
#2720 = CARTESIAN_POINT ( 'NONE',  ( 6.133260464790255205E-16, -3.874999999999997335, -1.239999999999999991 ) ) ;
#2721 =( NAMED_UNIT ( * ) PLANE_ANGLE_UNIT ( ) SI_UNIT ( $, .RADIAN. ) );
#2722 = FACE_OUTER_BOUND ( 'NONE', #1880, .T. ) ;
#2723 = MECHANICAL_DESIGN_GEOMETRIC_PRESENTATION_REPRESENTATION (  '', ( #1056 ), #3086 ) ;
#2724 =( LENGTH_UNIT ( ) NAMED_UNIT ( * ) SI_UNIT ( .MILLI., .METRE. ) );
#2725 = ADVANCED_FACE ( 'NONE', ( #1686 ), #4435, .F. ) ;
#2726 = DIRECTION ( 'NONE',  ( -1.000000000000000000, 0.000000000000000000, -0.000000000000000000 ) ) ;
#2727 = FILL_AREA_STYLE_COLOUR ( '', #1341 ) ;
#2728 = AXIS2_PLACEMENT_3D ( 'NONE', #3067, #1330, #981 ) ;
#2729 = VERTEX_POINT ( 'NONE', #3767 ) ;
#2730 = ORIENTED_EDGE ( 'NONE', *, *, #2747, .T. ) ;
#2731 =( LENGTH_UNIT ( ) NAMED_UNIT ( * ) SI_UNIT ( .MILLI., .METRE. ) );
#2732 = SURFACE_SIDE_STYLE ('',( #641 ) ) ;
#2733 = B_SPLINE_CURVE_WITH_KNOTS ( 'NONE', 3,
 ( #1315, #1671, #2745, #4436, #1381, #4091, #2362, #3747, #4161, #650 ),
 .UNSPECIFIED., .F., .F.,
 ( 4, 3, 3, 4 ),
 ( 4.336808689942017736E-18, 0.0001500000000000005561, 0.0007500000000000338427, 0.001420001570918648674 ),
 .UNSPECIFIED. ) ;
#2734 =( GEOMETRIC_REPRESENTATION_CONTEXT ( 3 ) GLOBAL_UNCERTAINTY_ASSIGNED_CONTEXT ( ( #3113 ) ) GLOBAL_UNIT_ASSIGNED_CONTEXT ( ( #578, #1004, #3426 ) ) REPRESENTATION_CONTEXT ( 'NONE', 'WORKASPACE' ) );
#2735 = EDGE_LOOP ( 'NONE', ( #682, #2556, #2524, #1717 ) ) ;
#2736 = VECTOR ( 'NONE', #2968, 1000.000000000000000 ) ;
#2737 = CARTESIAN_POINT ( 'NONE',  ( 3.005000000000002558, -3.919999999999999929, 0.2050000000000001821 ) ) ;
#2738 = LINE ( 'NONE', #4428, #1667 ) ;
#2739 = DIRECTION ( 'NONE',  ( 0.000000000000000000, -0.000000000000000000, -1.000000000000000000 ) ) ;
#2740 = STYLED_ITEM ( 'NONE', ( #1966 ), #2530 ) ;
#2741 = CYLINDRICAL_SURFACE ( 'NONE', #2406, 0.07499999999999998335 ) ;
#2742 = SURFACE_STYLE_FILL_AREA ( #3718 ) ;
#2743 = CARTESIAN_POINT ( 'NONE',  ( -7.124999999999997335, -2.307774158913503015, 0.9749999999999999778 ) ) ;
#2744 = PRESENTATION_LAYER_ASSIGNMENT (  '', '', ( #2069 ) ) ;
#2745 = CARTESIAN_POINT ( 'NONE',  ( -6.874918902370042773, 3.409279695661348697, 1.215244062503674671 ) ) ;
#2746 = SURFACE_STYLE_USAGE ( .BOTH. , #4162 ) ;
#2747 = EDGE_CURVE ( 'NONE', #2267, #3118, #300, .T. ) ;
#2748 =( LENGTH_UNIT ( ) NAMED_UNIT ( * ) SI_UNIT ( .MILLI., .METRE. ) );
#2749 = CARTESIAN_POINT ( 'NONE',  ( -6.974999999999996980, 3.353743151311522119, 1.165000000000000036 ) ) ;
#2750 =( NAMED_UNIT ( * ) PLANE_ANGLE_UNIT ( ) SI_UNIT ( $, .RADIAN. ) );
#2751 = ORIENTED_EDGE ( 'NONE', *, *, #2593, .F. ) ;
#2752 = CARTESIAN_POINT ( 'NONE',  ( -6.974999999999996980, -3.874999999999998224, -1.239999999999999991 ) ) ;
#2753 = UNCERTAINTY_MEASURE_WITH_UNIT (LENGTH_MEASURE( 1.000000000000000082E-05 ), #439, 'distance_accuracy_value', 'NONE');
#2754 = ADVANCED_FACE ( 'NONE', ( #1314 ), #4114, .T. ) ;
#2755 = DIRECTION ( 'NONE',  ( 0.000000000000000000, -1.000000000000000000, 0.000000000000000000 ) ) ;
#2756 = AXIS2_PLACEMENT_3D ( 'NONE', #2290, #2266, #3678 ) ;
#2757 = ORIENTED_EDGE ( 'NONE', *, *, #2922, .F. ) ;
#2758 = VECTOR ( 'NONE', #1241, 1000.000000000000000 ) ;
#2759 = CIRCLE ( 'NONE', #4142, 0.9000000000000000222 ) ;
#2760 = DIRECTION ( 'NONE',  ( -1.000000000000000000, 0.000000000000000000, 0.000000000000000000 ) ) ;
#2761 =( LENGTH_UNIT ( ) NAMED_UNIT ( * ) SI_UNIT ( .MILLI., .METRE. ) );
#2762 = AXIS2_PLACEMENT_3D ( 'NONE', #4348, #438, #1156 ) ;
#2763 = ORIENTED_EDGE ( 'NONE', *, *, #684, .F. ) ;
#2764 = CARTESIAN_POINT ( 'NONE',  ( -6.974999999999996980, -0.7734378409091344775, 1.239999999999999991 ) ) ;
#2765 = VECTOR ( 'NONE', #3834, 1000.000000000000000 ) ;
#2766 = FILL_AREA_STYLE_COLOUR ( '', #2297 ) ;
#2767 = PLANE ( 'NONE',  #2899 ) ;
#2768 = AXIS2_PLACEMENT_3D ( 'NONE', #1724, #20, #3139 ) ;
#2769 = FILL_AREA_STYLE_COLOUR ( '', #838 ) ;
#2770 = CARTESIAN_POINT ( 'NONE',  ( 6.850000000000000533, 4.299999999999999822, 1.239999999999999991 ) ) ;
#2771 =( NAMED_UNIT ( * ) PLANE_ANGLE_UNIT ( ) SI_UNIT ( $, .RADIAN. ) );
#2772 = CARTESIAN_POINT ( 'NONE',  ( -7.669999999999998153, -2.307774158913503015, 0.000000000000000000 ) ) ;
#2773 = EDGE_CURVE ( 'NONE', #3827, #2253, #1268, .T. ) ;
#2774 = DIRECTION ( 'NONE',  ( 0.000000000000000000, 1.000000000000000000, 0.000000000000000000 ) ) ;
#2775 = ORIENTED_EDGE ( 'NONE', *, *, #2673, .F. ) ;
#2776 = DIRECTION ( 'NONE',  ( 0.000000000000000000, 0.000000000000000000, 1.000000000000000000 ) ) ;
#2777 = CARTESIAN_POINT ( 'NONE',  ( 6.850000000000000533, -4.679999999999999716, 0.8750000000000000000 ) ) ;
#2778 = CARTESIAN_POINT ( 'NONE',  ( -7.049999999999997158, 0.000000000000000000, -1.165000000000000036 ) ) ;
#2779 = EDGE_CURVE ( 'NONE', #3583, #2328, #848, .T. ) ;
#2780 = DIRECTION ( 'NONE',  ( -1.000000000000000000, 0.000000000000000000, 0.000000000000000000 ) ) ;
#2781 = ORIENTED_EDGE ( 'NONE', *, *, #2093, .F. ) ;
#2782 = DIRECTION ( 'NONE',  ( 0.000000000000000000, 0.000000000000000000, -1.000000000000000000 ) ) ;
#2783 = DIRECTION ( 'NONE',  ( 0.000000000000000000, -1.000000000000000000, 0.000000000000000000 ) ) ;
#2784 = EDGE_CURVE ( 'NONE', #3670, #1886, #388, .T. ) ;
#2785 = ORIENTED_EDGE ( 'NONE', *, *, #158, .F. ) ;
#2786 = LINE ( 'NONE', #3765, #94 ) ;
#2787 = STYLED_ITEM ( 'NONE', ( #894 ), #849 ) ;
#2788 = CIRCLE ( 'NONE', #3804, 1.812499999999999778 ) ;
#2789 = FACE_OUTER_BOUND ( 'NONE', #2735, .T. ) ;
#2790 = CARTESIAN_POINT ( 'NONE',  ( -5.554960688272568170, 0.2508086381604333059, 0.07848401547552269486 ) ) ;
#2791 = LINE ( 'NONE', #2497, #3558 ) ;
#2792 = CIRCLE ( 'NONE', #4105, 0.07500000000000041356 ) ;
#2793 =( LENGTH_UNIT ( ) NAMED_UNIT ( * ) SI_UNIT ( .MILLI., .METRE. ) );
#2794 = SURFACE_STYLE_FILL_AREA ( #1246 ) ;
#2795 = AXIS2_PLACEMENT_3D ( 'NONE', #2900, #2534, #3211 ) ;
#2796 = MECHANICAL_DESIGN_GEOMETRIC_PRESENTATION_REPRESENTATION (  '', ( #3739 ), #1044 ) ;
#2797 = SURFACE_SIDE_STYLE ('',( #126 ) ) ;
#2798 = FILL_AREA_STYLE_COLOUR ( '', #2478 ) ;
#2799 = EDGE_LOOP ( 'NONE', ( #425, #526, #3776, #3580 ) ) ;
#2800 = ORIENTED_EDGE ( 'NONE', *, *, #2338, .F. ) ;
#2801 = UNCERTAINTY_MEASURE_WITH_UNIT (LENGTH_MEASURE( 1.000000000000000082E-05 ), #3243, 'distance_accuracy_value', 'NONE');
#2802 =( LENGTH_UNIT ( ) NAMED_UNIT ( * ) SI_UNIT ( .MILLI., .METRE. ) );
#2803 = VERTEX_POINT ( 'NONE', #26 ) ;
#2804 = EDGE_CURVE ( 'NONE', #2960, #1409, #1426, .T. ) ;
#2805 = CARTESIAN_POINT ( 'NONE',  ( 6.850000000000000533, 4.299999999999999822, 1.239999999999999991 ) ) ;
#2806 = VECTOR ( 'NONE', #1042, 1000.000000000000000 ) ;
#2807 = PLANE ( 'NONE',  #2695 ) ;
#2808 = ORIENTED_EDGE ( 'NONE', *, *, #2438, .T. ) ;
#2809 = UNCERTAINTY_MEASURE_WITH_UNIT (LENGTH_MEASURE( 1.000000000000000082E-05 ), #2535, 'distance_accuracy_value', 'NONE');
#2810 = CARTESIAN_POINT ( 'NONE',  ( -6.974999999999996980, 0.3250000000000017319, -1.165000000000000036 ) ) ;
#2811 = COLOUR_RGB ( '',0.8431372549019607865, 0.8431372549019607865, 0.8431372549019607865 ) ;
#2812 = ADVANCED_FACE ( 'NONE', ( #3179 ), #3883, .F. ) ;
#2813 = SURFACE_STYLE_USAGE ( .BOTH. , #2113 ) ;
#2814 = CARTESIAN_POINT ( 'NONE',  ( -6.849999999999998757, 3.875000000000001332, 1.239999999999999991 ) ) ;
#2815 =( LENGTH_UNIT ( ) NAMED_UNIT ( * ) SI_UNIT ( .MILLI., .METRE. ) );
#2816 = PRESENTATION_LAYER_ASSIGNMENT (  '', '', ( #427 ) ) ;
#2817 =( NAMED_UNIT ( * ) SI_UNIT ( $, .STERADIAN. ) SOLID_ANGLE_UNIT ( ) );
#2818 = FILL_AREA_STYLE_COLOUR ( '', #2284 ) ;
#2819 = PRESENTATION_STYLE_ASSIGNMENT (( #418 ) ) ;
#2820 = FILL_AREA_STYLE_COLOUR ( '', #4000 ) ;
#2821 = CARTESIAN_POINT ( 'NONE',  ( -5.554999999999997051, 3.351671556616683478, 1.165000000000000036 ) ) ;
#2822 = ORIENTED_EDGE ( 'NONE', *, *, #457, .F. ) ;
#2823 = FILL_AREA_STYLE ('',( #1433 ) ) ;
#2824 = SURFACE_STYLE_FILL_AREA ( #811 ) ;
#2825 =( NAMED_UNIT ( * ) SI_UNIT ( $, .STERADIAN. ) SOLID_ANGLE_UNIT ( ) );
#2826 = ORIENTED_EDGE ( 'NONE', *, *, #2677, .T. ) ;
#2827 = VECTOR ( 'NONE', #2246, 1000.000000000000000 ) ;
#2828 =( NAMED_UNIT ( * ) SI_UNIT ( $, .STERADIAN. ) SOLID_ANGLE_UNIT ( ) );
#2829 =( NAMED_UNIT ( * ) PLANE_ANGLE_UNIT ( ) SI_UNIT ( $, .RADIAN. ) );
#2830 = SURFACE_STYLE_USAGE ( .BOTH. , #3877 ) ;
#2831 = EDGE_LOOP ( 'NONE', ( #699, #4400, #326, #4250 ) ) ;
#2832 = ADVANCED_FACE ( 'NONE', ( #1380, #1448, #1091, #2474, #2835 ), #2767, .F. ) ;
#2833 = DIRECTION ( 'NONE',  ( 0.000000000000000000, -0.000000000000000000, 1.000000000000000000 ) ) ;
#2834 = VECTOR ( 'NONE', #3544, 1000.000000000000000 ) ;
#2835 = FACE_BOUND ( 'NONE', #3654, .T. ) ;
#2836 = DIRECTION ( 'NONE',  ( -1.000000000000000000, 5.782411586589324901E-15, 0.000000000000000000 ) ) ;
#2837 = EDGE_CURVE ( 'NONE', #3118, #822, #4299, .T. ) ;
#2838 = PRESENTATION_STYLE_ASSIGNMENT (( #2930 ) ) ;
#2839 = AXIS2_PLACEMENT_3D ( 'NONE', #4228, #2833, #4315 ) ;
#2840 = COLOUR_RGB ( '',0.7921568627450980005, 0.8196078431372548767, 0.9333333333333333481 ) ;
#2841 = PRESENTATION_STYLE_ASSIGNMENT (( #3201 ) ) ;
#2842 =( NAMED_UNIT ( * ) SI_UNIT ( $, .STERADIAN. ) SOLID_ANGLE_UNIT ( ) );
#2843 = FILL_AREA_STYLE ('',( #1759 ) ) ;
#2844 = ORIENTED_EDGE ( 'NONE', *, *, #3446, .T. ) ;
#2845 = DIRECTION ( 'NONE',  ( 0.000000000000000000, 0.000000000000000000, 1.000000000000000000 ) ) ;
#2846 = UNCERTAINTY_MEASURE_WITH_UNIT (LENGTH_MEASURE( 1.000000000000000082E-05 ), #3863, 'distance_accuracy_value', 'NONE');
#2847 = PRESENTATION_STYLE_ASSIGNMENT (( #344 ) ) ;
#2848 = ORIENTED_EDGE ( 'NONE', *, *, #4310, .F. ) ;
#2849 = B_SPLINE_CURVE_WITH_KNOTS ( 'NONE', 3,
 ( #2527, #447, #3186, #106 ),
 .UNSPECIFIED., .F., .F.,
 ( 4, 4 ),
 ( 8.673617379884035472E-19, 0.001420001511092357617 ),
 .UNSPECIFIED. ) ;
#2850 = EDGE_LOOP ( 'NONE', ( #2874, #3999, #3349, #1016, #3018, #615, #2481, #212, #3133, #2376, #3921, #1987 ) ) ;
#2851 = CARTESIAN_POINT ( 'NONE',  ( -6.849999999999998757, 4.299999999999999822, -1.239999999999999991 ) ) ;
#2852 = VERTEX_POINT ( 'NONE', #2282 ) ;
#2853 = UNCERTAINTY_MEASURE_WITH_UNIT (LENGTH_MEASURE( 1.000000000000000082E-05 ), #3634, 'distance_accuracy_value', 'NONE');
#2854 = FILL_AREA_STYLE ('',( #1508 ) ) ;
#2855 = FILL_AREA_STYLE_COLOUR ( '', #2889 ) ;
#2856 = FILL_AREA_STYLE_COLOUR ( '', #4431 ) ;
#2857 = CARTESIAN_POINT ( 'NONE',  ( -5.554999999999997051, 0.2500000000000017208, 1.165000000000000036 ) ) ;
#2858 =( LENGTH_UNIT ( ) NAMED_UNIT ( * ) SI_UNIT ( .MILLI., .METRE. ) );
#2859 = STYLED_ITEM ( 'NONE', ( #1133 ), #902 ) ;
#2860 =( LENGTH_UNIT ( ) NAMED_UNIT ( * ) SI_UNIT ( .MILLI., .METRE. ) );
#2861 = CLOSED_SHELL ( 'NONE', ( #2612, #2066, #2918, #517, #818, #2480, #1414, #1445, #3672, #1635, #2530, #1898, #1467, #1913, #3522, #2191, #2125, #3041, #2553, #1967, #4191, #2651, #2452, #484, #681, #4401, #1905, #3167, #3902, #1093, #3994, #2697 ) ) ;
#2862 = DIRECTION ( 'NONE',  ( -0.000000000000000000, -0.000000000000000000, 1.000000000000000000 ) ) ;
#2863 = ADVANCED_FACE ( 'NONE', ( #3950 ), #1530, .F. ) ;
#2864 = DIRECTION ( 'NONE',  ( 0.000000000000000000, 0.000000000000000000, -1.000000000000000000 ) ) ;
#2865 = FILL_AREA_STYLE_COLOUR ( '', #890 ) ;
#2866 = VERTEX_POINT ( 'NONE', #4319 ) ;
#2867 =( NAMED_UNIT ( * ) SI_UNIT ( $, .STERADIAN. ) SOLID_ANGLE_UNIT ( ) );
#2868 = DIRECTION ( 'NONE',  ( 0.000000000000000000, 0.000000000000000000, -1.000000000000000000 ) ) ;
#2869 = ADVANCED_FACE ( 'NONE', ( #2607 ), #3989, .F. ) ;
#2870 = CARTESIAN_POINT ( 'NONE',  ( -6.501666666303939301, 3.353052868528791475, -1.239999999999999991 ) ) ;
#2871 = STYLED_ITEM ( 'NONE', ( #3224 ), #1414 ) ;
#2872 = DIRECTION ( 'NONE',  ( 2.017120320903264442E-16, -1.000000000000000000, 0.000000000000000000 ) ) ;
#2873 = ORIENTED_EDGE ( 'NONE', *, *, #4352, .T. ) ;
#2874 = ORIENTED_EDGE ( 'NONE', *, *, #1281, .T. ) ;
#2875 = VECTOR ( 'NONE', #3552, 1000.000000000000000 ) ;
#2876 = FILL_AREA_STYLE ('',( #1169 ) ) ;
#2877 = CARTESIAN_POINT ( 'NONE',  ( -6.974999999999996980, -3.799999999999998046, 0.000000000000000000 ) ) ;
#2878 = CARTESIAN_POINT ( 'NONE',  ( -5.479999999999996874, -3.799999999999998046, 0.000000000000000000 ) ) ;
#2879 = ORIENTED_EDGE ( 'NONE', *, *, #3727, .F. ) ;
#2880 =( NAMED_UNIT ( * ) SI_UNIT ( $, .STERADIAN. ) SOLID_ANGLE_UNIT ( ) );
#2881 = AXIS2_PLACEMENT_3D ( 'NONE', #1827, #3223, #124 ) ;
#2882 =( NAMED_UNIT ( * ) SI_UNIT ( $, .STERADIAN. ) SOLID_ANGLE_UNIT ( ) );
#2883 = TOROIDAL_SURFACE ( 'NONE', #1360, 1.737499999999999822, 0.07499999999999999722 ) ;
#2884 = SURFACE_SIDE_STYLE ('',( #101 ) ) ;
#2885 = LINE ( 'NONE', #196, #373 ) ;
#2886 = FACE_OUTER_BOUND ( 'NONE', #1968, .T. ) ;
#2887 = SURFACE_STYLE_FILL_AREA ( #2119 ) ;
#2888 = PRODUCT ( '5710112F', '5710112F', '', ( #2439 ) ) ;
#2889 = COLOUR_RGB ( '',0.000000000000000000, 0.7529411764705882248, 0.000000000000000000 ) ;
#2890 = DIRECTION ( 'NONE',  ( -1.000000000000000000, 0.000000000000000000, -0.000000000000000000 ) ) ;
#2891 = EDGE_LOOP ( 'NONE', ( #4426, #2172, #49, #1439 ) ) ;
#2892 = EDGE_CURVE ( 'NONE', #4397, #4190, #461, .T. ) ;
#2893 =( LENGTH_UNIT ( ) NAMED_UNIT ( * ) SI_UNIT ( .MILLI., .METRE. ) );
#2894 = CARTESIAN_POINT ( 'NONE',  ( -6.028252124792526701, 3.408020801961934243, -1.215270559216331758 ) ) ;
#2895 = COLOUR_RGB ( '',1.000000000000000000, 0.000000000000000000, 0.000000000000000000 ) ;
#2896 = EDGE_LOOP ( 'NONE', ( #4392, #3980, #2304, #3134 ) ) ;
#2897 = VERTEX_POINT ( 'NONE', #1153 ) ;
#2898 = ADVANCED_FACE ( 'NONE', ( #3932 ), #2700, .T. ) ;
#2899 = AXIS2_PLACEMENT_3D ( 'NONE', #167, #503, #1868 ) ;
#2900 = CARTESIAN_POINT ( 'NONE',  ( 4.995000000000001883, -7.299999999999998934, 0.2050000000000001821 ) ) ;
#2901 = ORIENTED_EDGE ( 'NONE', *, *, #2946, .T. ) ;
#2902 = UNCERTAINTY_MEASURE_WITH_UNIT (LENGTH_MEASURE( 1.000000000000000082E-05 ), #2571, 'distance_accuracy_value', 'NONE');
#2903 = DIRECTION ( 'NONE',  ( 0.000000000000000000, 1.000000000000000000, 0.000000000000000000 ) ) ;
#2904 = CARTESIAN_POINT ( 'NONE',  ( -5.554999999999997051, 3.351671556616683478, -1.239999999999999991 ) ) ;
#2905 = PRESENTATION_STYLE_ASSIGNMENT (( #2262 ) ) ;
#2906 = CARTESIAN_POINT ( 'NONE',  ( -6.849999999999998757, 4.299999999999999822, 0.8750000000000000000 ) ) ;
#2907 = PRESENTATION_LAYER_ASSIGNMENT (  '', '', ( #159 ) ) ;
#2908 =( NAMED_UNIT ( * ) PLANE_ANGLE_UNIT ( ) SI_UNIT ( $, .RADIAN. ) );
#2909 = CARTESIAN_POINT ( 'NONE',  ( -6.974999999999996980, 3.353743151311522119, -1.239999999999999991 ) ) ;
#2910 = PRESENTATION_LAYER_ASSIGNMENT (  '', '', ( #86 ) ) ;
#2911 = AXIS2_PLACEMENT_3D ( 'NONE', #3967, #209, #3282 ) ;
#2912 = DIRECTION ( 'NONE',  ( 0.000000000000000000, 0.000000000000000000, -1.000000000000000000 ) ) ;
#2913 = SURFACE_SIDE_STYLE ('',( #1515 ) ) ;
#2914 = FILL_AREA_STYLE ('',( #1516 ) ) ;
#2915 = VERTEX_POINT ( 'NONE', #2188 ) ;
#2916 = MECHANICAL_DESIGN_GEOMETRIC_PRESENTATION_REPRESENTATION (  '', ( #3637 ), #4148 ) ;
#2917 = SURFACE_STYLE_USAGE ( .BOTH. , #1497 ) ;
#2918 = ADVANCED_FACE ( 'NONE', ( #296 ), #930, .T. ) ;
#2919 = ORIENTED_EDGE ( 'NONE', *, *, #3557, .F. ) ;
#2920 = ORIENTED_EDGE ( 'NONE', *, *, #5, .T. ) ;
#2921 = FACE_OUTER_BOUND ( 'NONE', #2896, .T. ) ;
#2922 = EDGE_CURVE ( 'NONE', #2207, #3555, #3021, .T. ) ;
#2923 =( LENGTH_UNIT ( ) NAMED_UNIT ( * ) SI_UNIT ( .MILLI., .METRE. ) );
#2924 = EDGE_CURVE ( 'NONE', #1701, #3555, #2738, .T. ) ;
#2925 = SURFACE_STYLE_USAGE ( .BOTH. , #3238 ) ;
#2926 =( LENGTH_UNIT ( ) NAMED_UNIT ( * ) SI_UNIT ( .MILLI., .METRE. ) );
#2927 = ORIENTED_EDGE ( 'NONE', *, *, #2837, .T. ) ;
#2928 = DIRECTION ( 'NONE',  ( 1.000000000000000000, 0.000000000000000000, 0.000000000000000000 ) ) ;
#2929 = EDGE_CURVE ( 'NONE', #2130, #3938, #4130, .T. ) ;
#2930 = SURFACE_STYLE_USAGE ( .BOTH. , #2884 ) ;
#2931 = SURFACE_SIDE_STYLE ('',( #1532 ) ) ;
#2932 = CARTESIAN_POINT ( 'NONE',  ( -6.849999999999996980, -4.299999999999999822, 1.239999999999999991 ) ) ;
#2933 = CARTESIAN_POINT ( 'NONE',  ( -5.479999999999996874, -3.874999999999998224, -1.239999999999999991 ) ) ;
#2934 = COLOUR_RGB ( '',1.000000000000000000, 0.000000000000000000, 0.000000000000000000 ) ;
#2935 = LINE ( 'NONE', #2566, #1978 ) ;
#2936 = EDGE_LOOP ( 'NONE', ( #1322, #188, #861 ) ) ;
#2937 = STYLED_ITEM ( 'NONE', ( #4132 ), #877 ) ;
#2938 =( NAMED_UNIT ( * ) SI_UNIT ( $, .STERADIAN. ) SOLID_ANGLE_UNIT ( ) );
#2939 =( GEOMETRIC_REPRESENTATION_CONTEXT ( 3 ) GLOBAL_UNCERTAINTY_ASSIGNED_CONTEXT ( ( #1119 ) ) GLOBAL_UNIT_ASSIGNED_CONTEXT ( ( #4339, #2943, #2629 ) ) REPRESENTATION_CONTEXT ( 'NONE', 'WORKASPACE' ) );
#2940 = ORIENTED_EDGE ( 'NONE', *, *, #3032, .T. ) ;
#2941 = VECTOR ( 'NONE', #4270, 1000.000000000000000 ) ;
#2942 = SURFACE_SIDE_STYLE ('',( #3581 ) ) ;
#2943 =( NAMED_UNIT ( * ) PLANE_ANGLE_UNIT ( ) SI_UNIT ( $, .RADIAN. ) );
#2944 = ORIENTED_EDGE ( 'NONE', *, *, #4480, .F. ) ;
#2945 = UNCERTAINTY_MEASURE_WITH_UNIT (LENGTH_MEASURE( 1.000000000000000082E-05 ), #4013, 'distance_accuracy_value', 'NONE');
#2946 = EDGE_CURVE ( 'NONE', #3160, #1634, #2654, .T. ) ;
#2947 = CARTESIAN_POINT ( 'NONE',  ( 2.495000000000002327, -7.299999999999998934, 0.2050000000000001821 ) ) ;
#2948 = VECTOR ( 'NONE', #2109, 1000.000000000000000 ) ;
#2949 = CARTESIAN_POINT ( 'NONE',  ( -6.974959439888468893, 0.2500405879794879160, -0.07851728806463972865 ) ) ;
#2950 = PLANE ( 'NONE',  #3234 ) ;
#2951 = SURFACE_STYLE_USAGE ( .BOTH. , #534 ) ;
#2952 = ADVANCED_FACE ( 'NONE', ( #4037 ), #973, .T. ) ;
#2953 = DIRECTION ( 'NONE',  ( 0.000000000000000000, 0.7424698190003451437, -0.6698795174310038236 ) ) ;
#2954 = CIRCLE ( 'NONE', #4269, 0.07499999999999998335 ) ;
#2955 = DIRECTION ( 'NONE',  ( 0.000000000000000000, -1.000000000000000000, 0.000000000000000000 ) ) ;
#2956 = CARTESIAN_POINT ( 'NONE',  ( -6.974999999999996980, -0.7734378409091344775, 1.165000000000000036 ) ) ;
#2957 =( LENGTH_UNIT ( ) NAMED_UNIT ( * ) SI_UNIT ( .MILLI., .METRE. ) );
#2958 = DIRECTION ( 'NONE',  ( 1.000000000000000000, -0.000000000000000000, -0.000000000000000000 ) ) ;
#2959 = AXIS2_PLACEMENT_3D ( 'NONE', #4111, #1313, #4042 ) ;
#2960 = VERTEX_POINT ( 'NONE', #2489 ) ;
#2961 = FILL_AREA_STYLE_COLOUR ( '', #114 ) ;
#2962 = DIRECTION ( 'NONE',  ( -1.000000000000000000, 0.000000000000000000, -0.000000000000000000 ) ) ;
#2963 = STYLED_ITEM ( 'NONE', ( #997 ), #2191 ) ;
#2964 = FACE_BOUND ( 'NONE', #2991, .T. ) ;
#2965 = CARTESIAN_POINT ( 'NONE',  ( -7.049999999999997158, 0.3250000000000017319, 1.239999999999999991 ) ) ;
#2966 = ORIENTED_EDGE ( 'NONE', *, *, #4198, .T. ) ;
#2967 = VERTEX_POINT ( 'NONE', #3485 ) ;
#2968 = DIRECTION ( 'NONE',  ( 0.000000000000000000, -1.000000000000000000, 0.000000000000000000 ) ) ;
#2969 = COLOUR_RGB ( '',0.2862745098039215508, 0.2862745098039215508, 0.2862745098039215508 ) ;
#2970 = CARTESIAN_POINT ( 'NONE',  ( 2.495000000000002327, -7.299999999999998934, -0.2049999999999997935 ) ) ;
#2971 = FILL_AREA_STYLE_COLOUR ( '', #988 ) ;
#2972 = ORIENTED_EDGE ( 'NONE', *, *, #244, .T. ) ;
#2973 = PRESENTATION_LAYER_ASSIGNMENT (  '', '', ( #871 ) ) ;
#2974 =( LENGTH_UNIT ( ) NAMED_UNIT ( * ) SI_UNIT ( .MILLI., .METRE. ) );
#2975 = EDGE_CURVE ( 'NONE', #722, #3483, #4220, .T. ) ;
#2976 =( NAMED_UNIT ( * ) PLANE_ANGLE_UNIT ( ) SI_UNIT ( $, .RADIAN. ) );
#2977 =( NAMED_UNIT ( * ) SI_UNIT ( $, .STERADIAN. ) SOLID_ANGLE_UNIT ( ) );
#2978 = CARTESIAN_POINT ( 'NONE',  ( -5.554999999999997051, 2.062500000000001332, 0.000000000000000000 ) ) ;
#2979 = AXIS2_PLACEMENT_3D ( 'NONE', #4328, #1207, #4351 ) ;
#2980 = CARTESIAN_POINT ( 'NONE',  ( 6.849999999999999645, -4.299999999999999822, 1.239999999999999991 ) ) ;
#2981 =( LENGTH_UNIT ( ) NAMED_UNIT ( * ) SI_UNIT ( .MILLI., .METRE. ) );
#2982 = EDGE_CURVE ( 'NONE', #2852, #4334, #3533, .T. ) ;
#2983 = VERTEX_POINT ( 'NONE', #725 ) ;
#2984 =( LENGTH_UNIT ( ) NAMED_UNIT ( * ) SI_UNIT ( .MILLI., .METRE. ) );
#2985 = PRESENTATION_LAYER_ASSIGNMENT (  '', '', ( #2470 ) ) ;
#2986 = MECHANICAL_DESIGN_GEOMETRIC_PRESENTATION_REPRESENTATION (  '', ( #3413 ), #2618 ) ;
#2987 = FILL_AREA_STYLE_COLOUR ( '', #3661 ) ;
#2988 = SURFACE_STYLE_USAGE ( .BOTH. , #154 ) ;
#2989 = COLOUR_RGB ( '',0.8431372549019607865, 0.8431372549019607865, 0.8431372549019607865 ) ;
#2990 = EDGE_LOOP ( 'NONE', ( #639, #2661, #371, #1040 ) ) ;
#2991 = EDGE_LOOP ( 'NONE', ( #2397, #1395 ) ) ;
#2992 = PRESENTATION_LAYER_ASSIGNMENT (  '', '', ( #606 ) ) ;
#2993 = SURFACE_SIDE_STYLE ('',( #3664 ) ) ;
#2994 = PRESENTATION_STYLE_ASSIGNMENT (( #184 ) ) ;
#2995 = SURFACE_STYLE_USAGE ( .BOTH. , #2576 ) ;
#2996 = ORIENTED_EDGE ( 'NONE', *, *, #607, .F. ) ;
#2997 =( NAMED_UNIT ( * ) PLANE_ANGLE_UNIT ( ) SI_UNIT ( $, .RADIAN. ) );
#2998 = DIRECTION ( 'NONE',  ( 0.000000000000000000, 0.000000000000000000, -1.000000000000000000 ) ) ;
#2999 =( NAMED_UNIT ( * ) PLANE_ANGLE_UNIT ( ) SI_UNIT ( $, .RADIAN. ) );
#3000 =( NAMED_UNIT ( * ) SI_UNIT ( $, .STERADIAN. ) SOLID_ANGLE_UNIT ( ) );
#3001 = DIRECTION ( 'NONE',  ( 0.9999989350834249668, -0.001459394400428560244, 0.000000000000000000 ) ) ;
#3002 = CYLINDRICAL_SURFACE ( 'NONE', #422, 0.9000000000000000222 ) ;
#3003 = CARTESIAN_POINT ( 'NONE',  ( -6.849999999999998757, 4.299999999999999822, 1.239999999999999991 ) ) ;
#3004 = ORIENTED_EDGE ( 'NONE', *, *, #1504, .T. ) ;
#3005 = DIRECTION ( 'NONE',  ( 0.000000000000000000, 1.000000000000000000, 0.000000000000000000 ) ) ;
#3006 = EDGE_CURVE ( 'NONE', #1076, #662, #2167, .T. ) ;
#3007 = FILL_AREA_STYLE ('',( #1538 ) ) ;
#3008 = DIRECTION ( 'NONE',  ( 1.000000000000000000, 0.000000000000000000, 0.000000000000000000 ) ) ;
#3009 = ORIENTED_EDGE ( 'NONE', *, *, #96, .T. ) ;
#3010 = ORIENTED_EDGE ( 'NONE', *, *, #2620, .F. ) ;
#3011 = AXIS2_PLACEMENT_3D ( 'NONE', #2316, #3652, #937 ) ;
#3012 =( GEOMETRIC_REPRESENTATION_CONTEXT ( 3 ) GLOBAL_UNCERTAINTY_ASSIGNED_CONTEXT ( ( #809 ) ) GLOBAL_UNIT_ASSIGNED_CONTEXT ( ( #711, #390, #27 ) ) REPRESENTATION_CONTEXT ( 'NONE', 'WORKASPACE' ) );
#3013 = EDGE_CURVE ( 'NONE', #695, #722, #1749, .T. ) ;
#3014 = PLANE ( 'NONE',  #2795 ) ;
#3015 = LINE ( 'NONE', #459, #139 ) ;
#3016 = LINE ( 'NONE', #2327, #90 ) ;
#3017 =( GEOMETRIC_REPRESENTATION_CONTEXT ( 3 ) GLOBAL_UNCERTAINTY_ASSIGNED_CONTEXT ( ( #3207 ) ) GLOBAL_UNIT_ASSIGNED_CONTEXT ( ( #4281, #2190, #3861 ) ) REPRESENTATION_CONTEXT ( 'NONE', 'WORKASPACE' ) );
#3018 = ORIENTED_EDGE ( 'NONE', *, *, #1774, .T. ) ;
#3019 = SURFACE_STYLE_FILL_AREA ( #4085 ) ;
#3020 = AXIS2_PLACEMENT_3D ( 'NONE', #2390, #1694, #4481 ) ;
#3021 = LINE ( 'NONE', #4469, #1024 ) ;
#3022 = STYLED_ITEM ( 'NONE', ( #2210 ), #1467 ) ;
#3023 = DIRECTION ( 'NONE',  ( 0.000000000000000000, 0.000000000000000000, 1.000000000000000000 ) ) ;
#3024 =( GEOMETRIC_REPRESENTATION_CONTEXT ( 3 ) GLOBAL_UNCERTAINTY_ASSIGNED_CONTEXT ( ( #3797 ) ) GLOBAL_UNIT_ASSIGNED_CONTEXT ( ( #3284, #2237, #161 ) ) REPRESENTATION_CONTEXT ( 'NONE', 'WORKASPACE' ) );
#3025 =( NAMED_UNIT ( * ) SI_UNIT ( $, .STERADIAN. ) SOLID_ANGLE_UNIT ( ) );
#3026 = LINE ( 'NONE', #3791, #2613 ) ;
#3027 = ORIENTED_EDGE ( 'NONE', *, *, #2747, .F. ) ;
#3028 = CONICAL_SURFACE ( 'NONE', #3903, 1.814199958836659743, 0.001082775905932042938 ) ;
#3029 = CARTESIAN_POINT ( 'NONE',  ( -6.849999999999998757, 4.299999999999999822, 1.239999999999999991 ) ) ;
#3030 = DIRECTION ( 'NONE',  ( -1.000000000000000000, 0.000000000000000000, 0.000000000000000000 ) ) ;
#3031 = CIRCLE ( 'NONE', #3905, 0.9000000000000000222 ) ;
#3032 = EDGE_CURVE ( 'NONE', #2227, #4030, #45, .T. ) ;
#3033 = SURFACE_STYLE_USAGE ( .BOTH. , #3367 ) ;
#3034 = VERTEX_POINT ( 'NONE', #3509 ) ;
#3035 = ORIENTED_EDGE ( 'NONE', *, *, #3088, .T. ) ;
#3036 = COLOUR_RGB ( '',1.000000000000000000, 0.000000000000000000, 0.000000000000000000 ) ;
#3037 = FILL_AREA_STYLE ('',( #680 ) ) ;
#3038 = DIRECTION ( 'NONE',  ( -1.000000000000000000, 0.000000000000000000, 0.000000000000000000 ) ) ;
#3039 = FILL_AREA_STYLE ('',( #3759 ) ) ;
#3040 =( GEOMETRIC_REPRESENTATION_CONTEXT ( 3 ) GLOBAL_UNCERTAINTY_ASSIGNED_CONTEXT ( ( #909 ) ) GLOBAL_UNIT_ASSIGNED_CONTEXT ( ( #990, #4077, #2369 ) ) REPRESENTATION_CONTEXT ( 'NONE', 'WORKASPACE' ) );
#3041 = ADVANCED_FACE ( 'NONE', ( #2466 ), #3850, .T. ) ;
#3042 = ORIENTED_EDGE ( 'NONE', *, *, #2924, .F. ) ;
#3043 = PRESENTATION_LAYER_ASSIGNMENT (  '', '', ( #4055 ) ) ;
#3044 = COLOUR_RGB ( '',1.000000000000000000, 0.000000000000000000, 0.000000000000000000 ) ;
#3045 = DIRECTION ( 'NONE',  ( 1.000000000000000000, -0.000000000000000000, -0.000000000000000000 ) ) ;
#3046 = SURFACE_SIDE_STYLE ('',( #1959 ) ) ;
#3047 = DIRECTION ( 'NONE',  ( 0.000000000000000000, 0.000000000000000000, -1.000000000000000000 ) ) ;
#3048 = CARTESIAN_POINT ( 'NONE',  ( -6.028252124792468081, 3.408020801957626578, 1.215270559221113489 ) ) ;
#3049 = VECTOR ( 'NONE', #4320, 1000.000000000000000 ) ;
#3050 = CARTESIAN_POINT ( 'NONE',  ( -5.554999999999997939, 3.351671556616688807, -1.239999999999999991 ) ) ;
#3051 = SURFACE_SIDE_STYLE ('',( #346 ) ) ;
#3052 = STYLED_ITEM ( 'NONE', ( #1932 ), #3720 ) ;
#3053 = ORIENTED_EDGE ( 'NONE', *, *, #1303, .F. ) ;
#3054 = ORIENTED_EDGE ( 'NONE', *, *, #1009, .T. ) ;
#3055 =( NAMED_UNIT ( * ) SI_UNIT ( $, .STERADIAN. ) SOLID_ANGLE_UNIT ( ) );
#3056 = EDGE_CURVE ( 'NONE', #1409, #140, #2759, .T. ) ;
#3057 = AXIS2_PLACEMENT_3D ( 'NONE', #1468, #804, #4259 ) ;
#3058 =( GEOMETRIC_REPRESENTATION_CONTEXT ( 3 ) GLOBAL_UNCERTAINTY_ASSIGNED_CONTEXT ( ( #3490 ) ) GLOBAL_UNIT_ASSIGNED_CONTEXT ( ( #1397, #1086, #3140 ) ) REPRESENTATION_CONTEXT ( 'NONE', 'WORKASPACE' ) );
#3059 = SURFACE_STYLE_USAGE ( .BOTH. , #1658 ) ;
#3060 = ORIENTED_EDGE ( 'NONE', *, *, #1659, .T. ) ;
#3061 = MECHANICAL_DESIGN_GEOMETRIC_PRESENTATION_REPRESENTATION (  '', ( #530 ), #1669 ) ;
#3062 =( GEOMETRIC_REPRESENTATION_CONTEXT ( 3 ) GLOBAL_UNCERTAINTY_ASSIGNED_CONTEXT ( ( #865 ) ) GLOBAL_UNIT_ASSIGNED_CONTEXT ( ( #467, #806, #1829 ) ) REPRESENTATION_CONTEXT ( 'NONE', 'WORKASPACE' ) );
#3063 = EDGE_CURVE ( 'NONE', #1507, #1865, #4218, .T. ) ;
#3064 = FILL_AREA_STYLE_COLOUR ( '', #3044 ) ;
#3065 = EDGE_CURVE ( 'NONE', #4011, #2207, #1128, .T. ) ;
#3066 = SPHERICAL_SURFACE ( 'NONE', #215, 0.07499999999999999722 ) ;
#3067 = CARTESIAN_POINT ( 'NONE',  ( -5.554999999999997051, 3.351671556618207592, -1.164999999998312719 ) ) ;
#3068 = SURFACE_SIDE_STYLE ('',( #1025 ) ) ;
#3069 = DIRECTION ( 'NONE',  ( -1.000000000000000000, 0.000000000000000000, -0.000000000000000000 ) ) ;
#3070 = FACE_OUTER_BOUND ( 'NONE', #2506, .T. ) ;
#3071 = FILL_AREA_STYLE_COLOUR ( '', #3385 ) ;
#3072 = DIRECTION ( 'NONE',  ( 0.000000000000000000, 0.000000000000000000, 1.000000000000000000 ) ) ;
#3073 = FACE_OUTER_BOUND ( 'NONE', #1276, .T. ) ;
#3074 = ORIENTED_EDGE ( 'NONE', *, *, #4151, .T. ) ;
#3075 = ORIENTED_EDGE ( 'NONE', *, *, #2224, .T. ) ;
#3076 = UNCERTAINTY_MEASURE_WITH_UNIT (LENGTH_MEASURE( 1.000000000000000082E-05 ), #2748, 'distance_accuracy_value', 'NONE');
#3077 = FILL_AREA_STYLE ('',( #996 ) ) ;
#3078 = DIRECTION ( 'NONE',  ( 0.000000000000000000, 0.000000000000000000, -1.000000000000000000 ) ) ;
#3079 = FILL_AREA_STYLE ('',( #2820 ) ) ;
#3080 = ORIENTED_EDGE ( 'NONE', *, *, #3978, .F. ) ;
#3081 =( NAMED_UNIT ( * ) SI_UNIT ( $, .STERADIAN. ) SOLID_ANGLE_UNIT ( ) );
#3082 = STYLED_ITEM ( 'NONE', ( #469 ), #262 ) ;
#3083 = SURFACE_STYLE_USAGE ( .BOTH. , #605 ) ;
#3084 = FACE_OUTER_BOUND ( 'NONE', #1088, .T. ) ;
#3085 = EDGE_CURVE ( 'NONE', #4420, #2669, #528, .T. ) ;
#3086 =( GEOMETRIC_REPRESENTATION_CONTEXT ( 3 ) GLOBAL_UNCERTAINTY_ASSIGNED_CONTEXT ( ( #2434 ) ) GLOBAL_UNIT_ASSIGNED_CONTEXT ( ( #1771, #4192, #1085 ) ) REPRESENTATION_CONTEXT ( 'NONE', 'WORKASPACE' ) );
#3087 = COLOUR_RGB ( '',0.8431372549019607865, 0.8431372549019607865, 0.8431372549019607865 ) ;
#3088 = EDGE_CURVE ( 'NONE', #1269, #1236, #1193, .T. ) ;
#3089 = CARTESIAN_POINT ( 'NONE',  ( -7.669999999999998153, -2.307774158913503015, -0.9000000000000000222 ) ) ;
#3090 =( NAMED_UNIT ( * ) PLANE_ANGLE_UNIT ( ) SI_UNIT ( $, .RADIAN. ) );
#3091 = AXIS2_PLACEMENT_3D ( 'NONE', #1187, #3279, #539 ) ;
#3092 = FILL_AREA_STYLE ('',( #325 ) ) ;
#3093 = ORIENTED_EDGE ( 'NONE', *, *, #4199, .F. ) ;
#3094 = DIRECTION ( 'NONE',  ( -0.000000000000000000, 1.000000000000000000, -0.000000000000000000 ) ) ;
#3095 = MECHANICAL_DESIGN_GEOMETRIC_PRESENTATION_REPRESENTATION (  '', ( #3676 ), #1705 ) ;
#3096 = AXIS2_PLACEMENT_3D ( 'NONE', #730, #2494, #3128 ) ;
#3097 = ADVANCED_BREP_SHAPE_REPRESENTATION ( '5710112F', ( #3250, #262, #3266, #2768 ), #3130 ) ;
#3098 = ORIENTED_EDGE ( 'NONE', *, *, #931, .F. ) ;
#3099 = MECHANICAL_DESIGN_GEOMETRIC_PRESENTATION_REPRESENTATION (  '', ( #4346 ), #4123 ) ;
#3100 = SURFACE_STYLE_FILL_AREA ( #664 ) ;
#3101 = CARTESIAN_POINT ( 'NONE',  ( -6.974999999999996980, -2.062499999999998224, 0.000000000000000000 ) ) ;
#3102 = FILL_AREA_STYLE ('',( #3444 ) ) ;
#3103 = ORIENTED_EDGE ( 'NONE', *, *, #244, .F. ) ;
#3104 = CARTESIAN_POINT ( 'NONE',  ( -6.849999999999996980, -3.919999999999999929, 1.239999999999999991 ) ) ;
#3105 = CARTESIAN_POINT ( 'NONE',  ( 0.5050000000000024469, -7.299999999999998934, 0.2050000000000001821 ) ) ;
#3106 = EDGE_CURVE ( 'NONE', #3213, #761, #3929, .T. ) ;
#3107 =( GEOMETRIC_REPRESENTATION_CONTEXT ( 3 ) GLOBAL_UNCERTAINTY_ASSIGNED_CONTEXT ( ( #1751 ) ) GLOBAL_UNIT_ASSIGNED_CONTEXT ( ( #1178, #3971, #3288 ) ) REPRESENTATION_CONTEXT ( 'NONE', 'WORKASPACE' ) );
#3108 = CARTESIAN_POINT ( 'NONE',  ( -6.849999999999998757, 4.299999999999999822, 1.239999999999999991 ) ) ;
#3109 = DIRECTION ( 'NONE',  ( 1.000000000000000000, -0.000000000000000000, -0.000000000000000000 ) ) ;
#3110 =( LENGTH_UNIT ( ) NAMED_UNIT ( * ) SI_UNIT ( .MILLI., .METRE. ) );
#3111 = EDGE_LOOP ( 'NONE', ( #1083, #271, #815 ) ) ;
#3112 = VERTEX_POINT ( 'NONE', #4294 ) ;
#3113 = UNCERTAINTY_MEASURE_WITH_UNIT (LENGTH_MEASURE( 1.000000000000000082E-05 ), #578, 'distance_accuracy_value', 'NONE');
#3114 = CARTESIAN_POINT ( 'NONE',  ( -6.974999999999996980, 0.000000000000000000, -1.239999999999999991 ) ) ;
#3115 = ADVANCED_FACE ( 'NONE', ( #2578 ), #1864, .T. ) ;
#3116 = VECTOR ( 'NONE', #574, 1000.000000000000000 ) ;
#3117 = DIRECTION ( 'NONE',  ( 0.000000000000000000, 0.000000000000000000, -1.000000000000000000 ) ) ;
#3118 = VERTEX_POINT ( 'NONE', #1904 ) ;
#3119 =( GEOMETRIC_REPRESENTATION_CONTEXT ( 3 ) GLOBAL_UNCERTAINTY_ASSIGNED_CONTEXT ( ( #3176 ) ) GLOBAL_UNIT_ASSIGNED_CONTEXT ( ( #1956, #2716, #1305 ) ) REPRESENTATION_CONTEXT ( 'NONE', 'WORKASPACE' ) );
#3120 = AXIS2_PLACEMENT_3D ( 'NONE', #3212, #863, #3237 ) ;
#3121 = CARTESIAN_POINT ( 'NONE',  ( -6.974999999999996980, -0.7734378409091344775, 1.165000000000000258 ) ) ;
#3122 = DIRECTION ( 'NONE',  ( 0.000000000000000000, 0.000000000000000000, -1.000000000000000000 ) ) ;
#3123 = CARTESIAN_POINT ( 'NONE',  ( -6.849999999999998757, 4.299999999999999822, -1.239999999999999991 ) ) ;
#3124 = AXIS2_PLACEMENT_3D ( 'NONE', #3807, #2419, #3852 ) ;
#3125 = PRESENTATION_LAYER_ASSIGNMENT (  '', '', ( #1883 ) ) ;
#3126 = EDGE_LOOP ( 'NONE', ( #4216, #2751, #200, #747 ) ) ;
#3127 = VECTOR ( 'NONE', #2061, 1000.000000000000000 ) ;
#3128 = DIRECTION ( 'NONE',  ( 0.000000000000000000, 0.000000000000000000, -1.000000000000000000 ) ) ;
#3129 = SURFACE_STYLE_USAGE ( .BOTH. , #3569 ) ;
#3130 =( GEOMETRIC_REPRESENTATION_CONTEXT ( 3 ) GLOBAL_UNCERTAINTY_ASSIGNED_CONTEXT ( ( #1455 ) ) GLOBAL_UNIT_ASSIGNED_CONTEXT ( ( #214, #2997, #1995 ) ) REPRESENTATION_CONTEXT ( 'NONE', 'WORKASPACE' ) );
#3131 = SURFACE_STYLE_USAGE ( .BOTH. , #368 ) ;
#3132 = FACE_OUTER_BOUND ( 'NONE', #3328, .T. ) ;
#3133 = ORIENTED_EDGE ( 'NONE', *, *, #403, .T. ) ;
#3134 = ORIENTED_EDGE ( 'NONE', *, *, #3424, .F. ) ;
#3135 = EDGE_CURVE ( 'NONE', #308, #157, #2400, .T. ) ;
#3136 = SURFACE_SIDE_STYLE ('',( #3577 ) ) ;
#3137 = FACE_OUTER_BOUND ( 'NONE', #3873, .T. ) ;
#3138 = ORIENTED_EDGE ( 'NONE', *, *, #4266, .F. ) ;
#3139 = DIRECTION ( 'NONE',  ( 1.000000000000000000, 0.000000000000000000, 0.000000000000000000 ) ) ;
#3140 =( NAMED_UNIT ( * ) SI_UNIT ( $, .STERADIAN. ) SOLID_ANGLE_UNIT ( ) );
#3141 =( LENGTH_UNIT ( ) NAMED_UNIT ( * ) SI_UNIT ( .MILLI., .METRE. ) );
#3142 = FACE_OUTER_BOUND ( 'NONE', #3294, .T. ) ;
#3143 = STYLED_ITEM ( 'NONE', ( #760 ), #764 ) ;
#3144 =( NAMED_UNIT ( * ) PLANE_ANGLE_UNIT ( ) SI_UNIT ( $, .RADIAN. ) );
#3145 = VECTOR ( 'NONE', #3278, 1000.000000000000000 ) ;
#3146 = CARTESIAN_POINT ( 'NONE',  ( -7.124999999999997335, -2.307774158913503015, -0.9000000000000000222 ) ) ;
#3147 = VERTEX_POINT ( 'NONE', #1819 ) ;
#3148 = CARTESIAN_POINT ( 'NONE',  ( -6.994567269088701522, 0.2500599650072092839, -0.07851644863526695273 ) ) ;
#3149 = COLOUR_RGB ( '',1.000000000000000000, 0.000000000000000000, 0.000000000000000000 ) ;
#3150 = MECHANICAL_DESIGN_GEOMETRIC_PRESENTATION_REPRESENTATION (  '', ( #3221 ), #3591 ) ;
#3151 = CARTESIAN_POINT ( 'NONE',  ( -0.004999999999997627870, -3.919999999999999929, -0.2049999999999997935 ) ) ;
#3152 = SURFACE_SIDE_STYLE ('',( #1778 ) ) ;
#3153 = PRESENTATION_LAYER_ASSIGNMENT (  '', '', ( #635 ) ) ;
#3154 = CARTESIAN_POINT ( 'NONE',  ( -6.849999999999998757, 4.299999999999999822, 1.239999999999999991 ) ) ;
#3155 = CARTESIAN_POINT ( 'NONE',  ( -6.974999999999996980, 0.3250000000000017319, 0.000000000000000000 ) ) ;
#3156 = PLANE ( 'NONE',  #414 ) ;
#3157 = STYLED_ITEM ( 'NONE', ( #4222 ), #796 ) ;
#3158 = CARTESIAN_POINT ( 'NONE',  ( -7.124999999999997335, -2.307774158913503015, 0.000000000000000000 ) ) ;
#3159 =( NAMED_UNIT ( * ) PLANE_ANGLE_UNIT ( ) SI_UNIT ( $, .RADIAN. ) );
#3160 = VERTEX_POINT ( 'NONE', #1170 ) ;
#3161 =( GEOMETRIC_REPRESENTATION_CONTEXT ( 3 ) GLOBAL_UNCERTAINTY_ASSIGNED_CONTEXT ( ( #3525 ) ) GLOBAL_UNIT_ASSIGNED_CONTEXT ( ( #3771, #1692, #2842 ) ) REPRESENTATION_CONTEXT ( 'NONE', 'WORKASPACE' ) );
#3162 = CARTESIAN_POINT ( 'NONE',  ( -6.849999999999996980, -4.299999999999999822, 1.239999999999999991 ) ) ;
#3163 = UNCERTAINTY_MEASURE_WITH_UNIT (LENGTH_MEASURE( 1.000000000000000082E-05 ), #78, 'distance_accuracy_value', 'NONE');
#3164 =( NAMED_UNIT ( * ) SI_UNIT ( $, .STERADIAN. ) SOLID_ANGLE_UNIT ( ) );
#3165 = CARTESIAN_POINT ( 'NONE',  ( 5.505000000000001670, -7.299999999999998934, 0.2050000000000001821 ) ) ;
#3166 = AXIS2_PLACEMENT_3D ( 'NONE', #3264, #1614, #4010 ) ;
#3167 = ADVANCED_FACE ( 'NONE', ( #185 ), #1543, .T. ) ;
#3168 = ORIENTED_EDGE ( 'NONE', *, *, #1664, .T. ) ;
#3169 =( GEOMETRIC_REPRESENTATION_CONTEXT ( 3 ) GLOBAL_UNCERTAINTY_ASSIGNED_CONTEXT ( ( #2753 ) ) GLOBAL_UNIT_ASSIGNED_CONTEXT ( ( #439, #2521, #345 ) ) REPRESENTATION_CONTEXT ( 'NONE', 'WORKASPACE' ) );
#3170 =( NAMED_UNIT ( * ) PLANE_ANGLE_UNIT ( ) SI_UNIT ( $, .RADIAN. ) );
#3171 =( NAMED_UNIT ( * ) PLANE_ANGLE_UNIT ( ) SI_UNIT ( $, .RADIAN. ) );
#3172 = EDGE_CURVE ( 'NONE', #514, #1432, #3326, .T. ) ;
#3173 = SURFACE_SIDE_STYLE ('',( #383 ) ) ;
#3174 = FACE_OUTER_BOUND ( 'NONE', #4486, .T. ) ;
#3175 = VERTEX_POINT ( 'NONE', #1950 ) ;
#3176 = UNCERTAINTY_MEASURE_WITH_UNIT (LENGTH_MEASURE( 1.000000000000000082E-05 ), #1956, 'distance_accuracy_value', 'NONE');
#3177 = LINE ( 'NONE', #1377, #1955 ) ;
#3178 = SURFACE_STYLE_FILL_AREA ( #98 ) ;
#3179 = FACE_OUTER_BOUND ( 'NONE', #2324, .T. ) ;
#3180 = DIRECTION ( 'NONE',  ( 5.782411586589324901E-15, 1.000000000000000000, 0.000000000000000000 ) ) ;
#3181 =( GEOMETRIC_REPRESENTATION_CONTEXT ( 3 ) GLOBAL_UNCERTAINTY_ASSIGNED_CONTEXT ( ( #2902 ) ) GLOBAL_UNIT_ASSIGNED_CONTEXT ( ( #2571, #1585, #1944 ) ) REPRESENTATION_CONTEXT ( 'NONE', 'WORKASPACE' ) );
#3182 = DIRECTION ( 'NONE',  ( 0.000000000000000000, 0.000000000000000000, 1.000000000000000000 ) ) ;
#3183 = COLOUR_RGB ( '',0.000000000000000000, 0.7529411764705882248, 0.000000000000000000 ) ;
#3184 = ORIENTED_EDGE ( 'NONE', *, *, #3871, .T. ) ;
#3185 = AXIS2_PLACEMENT_3D ( 'NONE', #845, #1220, #2928 ) ;
#3186 = CARTESIAN_POINT ( 'NONE',  ( -6.028333332969734393, 3.352362337368096856, -1.239999999999999991 ) ) ;
#3187 = ORIENTED_EDGE ( 'NONE', *, *, #2359, .T. ) ;
#3188 = ORIENTED_EDGE ( 'NONE', *, *, #2131, .T. ) ;
#3189 = EDGE_CURVE ( 'NONE', #900, #1464, #2090, .T. ) ;
#3190 = SURFACE_STYLE_USAGE ( .BOTH. , #67 ) ;
#3191 = MECHANICAL_DESIGN_GEOMETRIC_PRESENTATION_REPRESENTATION (  '', ( #1945 ), #4293 ) ;
#3192 = CARTESIAN_POINT ( 'NONE',  ( 6.850000000000000533, -4.679999999999999716, -0.8750000000000000000 ) ) ;
#3193 = DIRECTION ( 'NONE',  ( 0.000000000000000000, -1.000000000000000000, 0.000000000000000000 ) ) ;
#3194 = VERTEX_POINT ( 'NONE', #1298 ) ;
#3195 = AXIS2_PLACEMENT_3D ( 'NONE', #622, #665, #1020 ) ;
#3196 = EDGE_CURVE ( 'NONE', #1456, #1487, #240, .T. ) ;
#3197 = CIRCLE ( 'NONE', #1239, 0.9000000000000000222 ) ;
#3198 =( NAMED_UNIT ( * ) PLANE_ANGLE_UNIT ( ) SI_UNIT ( $, .RADIAN. ) );
#3199 = CARTESIAN_POINT ( 'NONE',  ( -6.849999999999998757, -0.2499999999999982792, 1.239999999999999991 ) ) ;
#3200 = EDGE_CURVE ( 'NONE', #3670, #2729, #4009, .T. ) ;
#3201 = SURFACE_STYLE_USAGE ( .BOTH. , #2091 ) ;
#3202 = LINE ( 'NONE', #102, #1714 ) ;
#3203 =( GEOMETRIC_REPRESENTATION_CONTEXT ( 3 ) GLOBAL_UNCERTAINTY_ASSIGNED_CONTEXT ( ( #2505 ) ) GLOBAL_UNIT_ASSIGNED_CONTEXT ( ( #2186, #2583, #479 ) ) REPRESENTATION_CONTEXT ( 'NONE', 'WORKASPACE' ) );
#3204 = SURFACE_STYLE_FILL_AREA ( #3254 ) ;
#3205 = ORIENTED_EDGE ( 'NONE', *, *, #1311, .T. ) ;
#3206 = SPHERICAL_SURFACE ( 'NONE', #2274, 0.07499999999999999722 ) ;
#3207 = UNCERTAINTY_MEASURE_WITH_UNIT (LENGTH_MEASURE( 1.000000000000000082E-05 ), #4281, 'distance_accuracy_value', 'NONE');
#3208 = CARTESIAN_POINT ( 'NONE',  ( 2.495000000000002327, -3.919999999999999929, 0.2050000000000002098 ) ) ;
#3209 = EDGE_LOOP ( 'NONE', ( #4313, #3093, #3510, #2714 ) ) ;
#3210 = EDGE_LOOP ( 'NONE', ( #4340, #4305, #207, #1077 ) ) ;
#3211 = DIRECTION ( 'NONE',  ( 0.000000000000000000, 0.000000000000000000, -1.000000000000000000 ) ) ;
#3212 = CARTESIAN_POINT ( 'NONE',  ( -5.479999999999996874, 2.062500000000001332, 0.000000000000000000 ) ) ;
#3213 = VERTEX_POINT ( 'NONE', #4403 ) ;
#3214 = UNCERTAINTY_MEASURE_WITH_UNIT (LENGTH_MEASURE( 1.000000000000000082E-05 ), #1479, 'distance_accuracy_value', 'NONE');
#3215 = SURFACE_STYLE_FILL_AREA ( #824 ) ;
#3216 = SURFACE_STYLE_FILL_AREA ( #1823 ) ;
#3217 = SURFACE_STYLE_USAGE ( .BOTH. , #1573 ) ;
#3218 =( NAMED_UNIT ( * ) PLANE_ANGLE_UNIT ( ) SI_UNIT ( $, .RADIAN. ) );
#3219 = ADVANCED_FACE ( 'NONE', ( #3395 ), #3734, .F. ) ;
#3220 = COLOUR_RGB ( '',0.8431372549019607865, 0.8431372549019607865, 0.8431372549019607865 ) ;
#3221 = STYLED_ITEM ( 'NONE', ( #1583 ), #272 ) ;
#3222 = PRESENTATION_STYLE_ASSIGNMENT (( #3248 ) ) ;
#3223 = DIRECTION ( 'NONE',  ( 0.000000000000000000, -1.000000000000000000, 0.000000000000000000 ) ) ;
#3224 = PRESENTATION_STYLE_ASSIGNMENT (( #3131 ) ) ;
#3225 = PRESENTATION_LAYER_ASSIGNMENT (  '', '', ( #2647 ) ) ;
#3226 = SURFACE_STYLE_FILL_AREA ( #831 ) ;
#3227 = PRESENTATION_LAYER_ASSIGNMENT (  '', '', ( #1339 ) ) ;
#3228 = EDGE_CURVE ( 'NONE', #4190, #2059, #3016, .T. ) ;
#3229 = ORIENTED_EDGE ( 'NONE', *, *, #37, .F. ) ;
#3230 = SURFACE_STYLE_USAGE ( .BOTH. , #3961 ) ;
#3231 = TOROIDAL_SURFACE ( 'NONE', #1972, 1.739118706646819668, 0.07499999999999999722 ) ;
#3232 = CARTESIAN_POINT ( 'NONE',  ( 6.850000000000000533, 4.299999999999999822, 1.239999999999999991 ) ) ;
#3233 = DIRECTION ( 'NONE',  ( 0.000000000000000000, 0.000000000000000000, -1.000000000000000000 ) ) ;
#3234 = AXIS2_PLACEMENT_3D ( 'NONE', #1643, #4432, #4014 ) ;
#3235 = ORIENTED_EDGE ( 'NONE', *, *, #96, .F. ) ;
#3236 = COLOUR_RGB ( '',0.2862745098039215508, 0.2862745098039215508, 0.2862745098039215508 ) ;
#3237 = DIRECTION ( 'NONE',  ( 0.000000000000000000, -9.983553641455746582E-16, 1.000000000000000000 ) ) ;
#3238 = SURFACE_SIDE_STYLE ('',( #1839 ) ) ;
#3239 = STYLED_ITEM ( 'NONE', ( #2841 ), #1824 ) ;
#3240 = VERTEX_POINT ( 'NONE', #3713 ) ;
#3241 = PLANE ( 'NONE',  #4153 ) ;
#3242 = PRESENTATION_LAYER_ASSIGNMENT (  '', '', ( #2375 ) ) ;
#3243 =( LENGTH_UNIT ( ) NAMED_UNIT ( * ) SI_UNIT ( .MILLI., .METRE. ) );
#3244 =( NAMED_UNIT ( * ) PLANE_ANGLE_UNIT ( ) SI_UNIT ( $, .RADIAN. ) );
#3245 =( NAMED_UNIT ( * ) PLANE_ANGLE_UNIT ( ) SI_UNIT ( $, .RADIAN. ) );
#3246 = SURFACE_STYLE_USAGE ( .BOTH. , #486 ) ;
#3247 = FACE_OUTER_BOUND ( 'NONE', #2990, .T. ) ;
#3248 = SURFACE_STYLE_USAGE ( .BOTH. , #2931 ) ;
#3249 = EDGE_CURVE ( 'NONE', #2253, #1832, #617, .T. ) ;
#3250 = MANIFOLD_SOLID_BREP ( 'Fillet4', #2861 ) ;
#3251 = CARTESIAN_POINT ( 'NONE',  ( -6.974999999999997868, 3.353743151311522119, 1.239999999999999991 ) ) ;
#3252 = FILL_AREA_STYLE ('',( #146 ) ) ;
#3253 = CYLINDRICAL_SURFACE ( 'NONE', #1872, 0.07499999999999998335 ) ;
#3254 = FILL_AREA_STYLE ('',( #1809 ) ) ;
#3255 = ORIENTED_EDGE ( 'NONE', *, *, #1830, .F. ) ;
#3256 = DIRECTION ( 'NONE',  ( 0.000000000000000000, -1.000000000000000000, 0.000000000000000000 ) ) ;
#3257 = AXIS2_PLACEMENT_3D ( 'NONE', #3158, #3865, #2864 ) ;
#3258 = EDGE_CURVE ( 'NONE', #3194, #3240, #276, .T. ) ;
#3259 = SPHERICAL_SURFACE ( 'NONE', #2232, 0.07499999999999999722 ) ;
#3260 = ORIENTED_EDGE ( 'NONE', *, *, #4341, .T. ) ;
#3261 = ORIENTED_EDGE ( 'NONE', *, *, #2677, .F. ) ;
#3262 = CARTESIAN_POINT ( 'NONE',  ( -5.554999999999997051, 2.062500000000001332, 0.000000000000000000 ) ) ;
#3263 = FILL_AREA_STYLE ('',( #2258 ) ) ;
#3264 = CARTESIAN_POINT ( 'NONE',  ( -5.554999999999997051, -0.7734378409091343665, 1.165000000000000036 ) ) ;
#3265 = ORIENTED_EDGE ( 'NONE', *, *, #4207, .F. ) ;
#3266 = MANIFOLD_SOLID_BREP ( 'Boss-Extrude4', #1191 ) ;
#3267 = FILL_AREA_STYLE_COLOUR ( '', #1452 ) ;
#3268 = AXIS2_PLACEMENT_3D ( 'NONE', #2135, #2082, #2108 ) ;
#3269 = FILL_AREA_STYLE_COLOUR ( '', #2281 ) ;
#3270 = CARTESIAN_POINT ( 'NONE',  ( -6.974918791823103703, 2.062500000000001332, 0.000000000000000000 ) ) ;
#3271 = CIRCLE ( 'NONE', #4073, 0.07499999999999998335 ) ;
#3272 = CARTESIAN_POINT ( 'NONE',  ( -5.554999999999997051, 3.351671556616683478, 1.239999999999999991 ) ) ;
#3273 = LINE ( 'NONE', #489, #2529 ) ;
#3274 = FILL_AREA_STYLE ('',( #511 ) ) ;
#3275 = AXIS2_PLACEMENT_3D ( 'NONE', #3936, #507, #2953 ) ;
#3276 =( NAMED_UNIT ( * ) SI_UNIT ( $, .STERADIAN. ) SOLID_ANGLE_UNIT ( ) );
#3277 = VERTEX_POINT ( 'NONE', #1470 ) ;
#3278 = DIRECTION ( 'NONE',  ( 1.000000000000000000, -0.000000000000000000, -0.000000000000000000 ) ) ;
#3279 = DIRECTION ( 'NONE',  ( -1.000000000000000000, 0.000000000000000000, -0.000000000000000000 ) ) ;
#3280 = ADVANCED_FACE ( 'NONE', ( #127 ), #442, .F. ) ;
#3281 = EDGE_LOOP ( 'NONE', ( #3074, #3663, #3255, #864 ) ) ;
#3282 = DIRECTION ( 'NONE',  ( 0.000000000000000000, -0.000000000000000000, -1.000000000000000000 ) ) ;
#3283 = DIRECTION ( 'NONE',  ( -0.000000000000000000, 0.000000000000000000, -1.000000000000000000 ) ) ;
#3284 =( LENGTH_UNIT ( ) NAMED_UNIT ( * ) SI_UNIT ( .MILLI., .METRE. ) );
#3285 = EDGE_CURVE ( 'NONE', #308, #901, #305, .T. ) ;
#3286 = ORIENTED_EDGE ( 'NONE', *, *, #3189, .T. ) ;
#3287 = SURFACE_STYLE_FILL_AREA ( #2854 ) ;
#3288 =( NAMED_UNIT ( * ) SI_UNIT ( $, .STERADIAN. ) SOLID_ANGLE_UNIT ( ) );
#3289 = PLANE ( 'NONE',  #4140 ) ;
#3290 = SURFACE_STYLE_FILL_AREA ( #933 ) ;
#3291 = PRESENTATION_STYLE_ASSIGNMENT (( #2590 ) ) ;
#3292 =( LENGTH_UNIT ( ) NAMED_UNIT ( * ) SI_UNIT ( .MILLI., .METRE. ) );
#3293 = DIRECTION ( 'NONE',  ( 1.000000000000000000, 0.000000000000000000, 0.000000000000000000 ) ) ;
#3294 = EDGE_LOOP ( 'NONE', ( #2410, #704, #4380, #3103 ) ) ;
#3295 =( NAMED_UNIT ( * ) SI_UNIT ( $, .STERADIAN. ) SOLID_ANGLE_UNIT ( ) );
#3296 = CARTESIAN_POINT ( 'NONE',  ( -8.569999999999998508, -2.307774158913503015, -0.9000000000000000222 ) ) ;
#3297 = DIRECTION ( 'NONE',  ( 0.000000000000000000, 0.000000000000000000, -1.000000000000000000 ) ) ;
#3298 = ORIENTED_EDGE ( 'NONE', *, *, #2092, .F. ) ;
#3299 = VECTOR ( 'NONE', #893, 1000.000000000000000 ) ;
#3300 =( GEOMETRIC_REPRESENTATION_CONTEXT ( 3 ) GLOBAL_UNCERTAINTY_ASSIGNED_CONTEXT ( ( #3163 ) ) GLOBAL_UNIT_ASSIGNED_CONTEXT ( ( #78, #3695, #1600 ) ) REPRESENTATION_CONTEXT ( 'NONE', 'WORKASPACE' ) );
#3301 = ORIENTED_EDGE ( 'NONE', *, *, #3135, .T. ) ;
#3302 = ADVANCED_FACE ( 'NONE', ( #490 ), #1940, .T. ) ;
#3303 = DIRECTION ( 'NONE',  ( 0.000000000000000000, -0.7419345830478506487, -0.6704722771879625398 ) ) ;
#3304 = PRESENTATION_LAYER_ASSIGNMENT (  '', '', ( #1837 ) ) ;
#3305 = VERTEX_POINT ( 'NONE', #3866 ) ;
#3306 = UNCERTAINTY_MEASURE_WITH_UNIT (LENGTH_MEASURE( 1.000000000000000082E-05 ), #73, 'distance_accuracy_value', 'NONE');
#3307 = STYLED_ITEM ( 'NONE', ( #92 ), #1440 ) ;
#3308 = SURFACE_STYLE_USAGE ( .BOTH. , #3330 ) ;
#3309 = EDGE_CURVE ( 'NONE', #2157, #2233, #2256, .T. ) ;
#3310 = COLOUR_RGB ( '',0.2862745098039215508, 0.2862745098039215508, 0.2862745098039215508 ) ;
#3311 = DIRECTION ( 'NONE',  ( -1.000000000000000000, 0.000000000000000000, -0.000000000000000000 ) ) ;
#3312 = DIRECTION ( 'NONE',  ( -0.000000000000000000, 1.000000000000000000, -0.000000000000000000 ) ) ;
#3313 = DIRECTION ( 'NONE',  ( 1.000000000000000000, 0.000000000000000000, -0.000000000000000000 ) ) ;
#3314 = VECTOR ( 'NONE', #1045, 1000.000000000000000 ) ;
#3315 =( LENGTH_UNIT ( ) NAMED_UNIT ( * ) SI_UNIT ( .MILLI., .METRE. ) );
#3316 = DIRECTION ( 'NONE',  ( -1.000000000000000000, 0.000000000000000000, 0.000000000000000000 ) ) ;
#3317 = ORIENTED_EDGE ( 'NONE', *, *, #3172, .F. ) ;
#3318 = LINE ( 'NONE', #1757, #552 ) ;
#3319 = SURFACE_STYLE_FILL_AREA ( #1920 ) ;
#3320 = FILL_AREA_STYLE_COLOUR ( '', #1079 ) ;
#3321 = ORIENTED_EDGE ( 'NONE', *, *, #3564, .F. ) ;
#3322 =( GEOMETRIC_REPRESENTATION_CONTEXT ( 3 ) GLOBAL_UNCERTAINTY_ASSIGNED_CONTEXT ( ( #4277 ) ) GLOBAL_UNIT_ASSIGNED_CONTEXT ( ( #3110, #656, #2008 ) ) REPRESENTATION_CONTEXT ( 'NONE', 'WORKASPACE' ) );
#3323 = EDGE_LOOP ( 'NONE', ( #2373, #993, #1389, #2822 ) ) ;
#3324 = SURFACE_STYLE_USAGE ( .BOTH. , #2993 ) ;
#3325 =( NAMED_UNIT ( * ) SI_UNIT ( $, .STERADIAN. ) SOLID_ANGLE_UNIT ( ) );
#3326 = LINE ( 'NONE', #232, #3777 ) ;
#3327 = DIRECTION ( 'NONE',  ( 0.000000000000000000, 1.000000000000000000, -0.000000000000000000 ) ) ;
#3328 = EDGE_LOOP ( 'NONE', ( #589, #1117, #4358, #497 ) ) ;
#3329 = MECHANICAL_DESIGN_GEOMETRIC_PRESENTATION_REPRESENTATION (  '', ( #1652 ), #292 ) ;
#3330 = SURFACE_SIDE_STYLE ('',( #1910 ) ) ;
#3331 = PRESENTATION_STYLE_ASSIGNMENT (( #2355 ) ) ;
#3332 = DIRECTION ( 'NONE',  ( 0.000000000000000000, 0.000000000000000000, -1.000000000000000000 ) ) ;
#3333 = FILL_AREA_STYLE_COLOUR ( '', #1271 ) ;
#3334 = FILL_AREA_STYLE ('',( #3743 ) ) ;
#3335 = CARTESIAN_POINT ( 'NONE',  ( -6.974999999999996980, -0.7734378409091344775, 1.165000000000000036 ) ) ;
#3336 = VECTOR ( 'NONE', #1980, 1000.000000000000000 ) ;
#3337 = FILL_AREA_STYLE ('',( #853 ) ) ;
#3338 = CARTESIAN_POINT ( 'NONE',  ( -7.669999999999998153, -2.307774158913503015, 0.9000000000000000222 ) ) ;
#3339 = DIRECTION ( 'NONE',  ( 2.017120320903264442E-16, -1.000000000000000000, 0.000000000000000000 ) ) ;
#3340 = EDGE_CURVE ( 'NONE', #2059, #3240, #1244, .T. ) ;
#3341 = EDGE_LOOP ( 'NONE', ( #2567, #4080, #2124, #1050 ) ) ;
#3342 =( NAMED_UNIT ( * ) SI_UNIT ( $, .STERADIAN. ) SOLID_ANGLE_UNIT ( ) );
#3343 = VECTOR ( 'NONE', #549, 1000.000000000000000 ) ;
#3344 = PRESENTATION_LAYER_ASSIGNMENT (  '', '', ( #1453 ) ) ;
#3345 = DIRECTION ( 'NONE',  ( 0.000000000000000000, 0.000000000000000000, -1.000000000000000000 ) ) ;
#3346 =( NAMED_UNIT ( * ) PLANE_ANGLE_UNIT ( ) SI_UNIT ( $, .RADIAN. ) );
#3347 = MECHANICAL_DESIGN_GEOMETRIC_PRESENTATION_REPRESENTATION (  '', ( #3854 ), #2089 ) ;
#3348 = MECHANICAL_DESIGN_GEOMETRIC_PRESENTATION_REPRESENTATION (  '', ( #1168 ), #4078 ) ;
#3349 = ORIENTED_EDGE ( 'NONE', *, *, #1984, .T. ) ;
#3350 = ORIENTED_EDGE ( 'NONE', *, *, #3860, .F. ) ;
#3351 = DIRECTION ( 'NONE',  ( 0.000000000000000000, 0.000000000000000000, -1.000000000000000000 ) ) ;
#3352 = ORIENTED_EDGE ( 'NONE', *, *, #931, .T. ) ;
#3353 = PRESENTATION_STYLE_ASSIGNMENT (( #3308 ) ) ;
#3354 = FILL_AREA_STYLE ('',( #3064 ) ) ;
#3355 = SURFACE_STYLE_USAGE ( .BOTH. , #1353 ) ;
#3356 = DIRECTION ( 'NONE',  ( -2.891205793294662451E-15, -1.000000000000000000, -0.000000000000000000 ) ) ;
#3357 = DIRECTION ( 'NONE',  ( 1.000000000000000000, -0.000000000000000000, -0.000000000000000000 ) ) ;
#3358 = EDGE_CURVE ( 'NONE', #822, #807, #670, .T. ) ;
#3359 =( NAMED_UNIT ( * ) PLANE_ANGLE_UNIT ( ) SI_UNIT ( $, .RADIAN. ) );
#3360 = DIRECTION ( 'NONE',  ( 1.000000000000000000, 0.000000000000000000, 0.000000000000000000 ) ) ;
#3361 = ORIENTED_EDGE ( 'NONE', *, *, #3833, .T. ) ;
#3362 = CARTESIAN_POINT ( 'NONE',  ( -6.501666666303766107, 3.353052868532173658, 1.239999999999999991 ) ) ;
#3363 = DIRECTION ( 'NONE',  ( 0.000000000000000000, 0.000000000000000000, 1.000000000000000000 ) ) ;
#3364 = EDGE_CURVE ( 'NONE', #3175, #1918, #1851, .T. ) ;
#3365 = CYLINDRICAL_SURFACE ( 'NONE', #3397, 0.07499999999999998335 ) ;
#3366 =( GEOMETRIC_REPRESENTATION_CONTEXT ( 3 ) GLOBAL_UNCERTAINTY_ASSIGNED_CONTEXT ( ( #2483 ) ) GLOBAL_UNIT_ASSIGNED_CONTEXT ( ( #1275, #1320, #1946 ) ) REPRESENTATION_CONTEXT ( 'NONE', 'WORKASPACE' ) );
#3367 = SURFACE_SIDE_STYLE ('',( #4004 ) ) ;
#3368 = ORIENTED_EDGE ( 'NONE', *, *, #2218, .F. ) ;
#3369 = ORIENTED_EDGE ( 'NONE', *, *, #2102, .F. ) ;
#3370 =( GEOMETRIC_REPRESENTATION_CONTEXT ( 3 ) GLOBAL_UNCERTAINTY_ASSIGNED_CONTEXT ( ( #1743 ) ) GLOBAL_UNIT_ASSIGNED_CONTEXT ( ( #2926, #2555, #1840 ) ) REPRESENTATION_CONTEXT ( 'NONE', 'WORKASPACE' ) );
#3371 = SURFACE_STYLE_USAGE ( .BOTH. , #1279 ) ;
#3372 = PRESENTATION_LAYER_ASSIGNMENT (  '', '', ( #1689 ) ) ;
#3373 = VECTOR ( 'NONE', #832, 1000.000000000000000 ) ;
#3374 = EDGE_LOOP ( 'NONE', ( #564, #2072, #2150 ) ) ;
#3375 = DIRECTION ( 'NONE',  ( 0.000000000000000000, -1.000000000000000000, 0.000000000000000000 ) ) ;
#3376 = PRESENTATION_LAYER_ASSIGNMENT (  '', '', ( #270 ) ) ;
#3377 = FILL_AREA_STYLE ('',( #1976 ) ) ;
#3378 = STYLED_ITEM ( 'NONE', ( #4261 ), #1396 ) ;
#3379 = CARTESIAN_POINT ( 'NONE',  ( -1.994999999999997664, -7.299999999999998934, -0.2049999999999997935 ) ) ;
#3380 = DIRECTION ( 'NONE',  ( 1.000000000000000000, 0.000000000000000000, -0.000000000000000000 ) ) ;
#3381 = AXIS2_PLACEMENT_3D ( 'NONE', #255, #525, #3669 ) ;
#3382 = DIRECTION ( 'NONE',  ( 0.000000000000000000, -1.000000000000000000, 0.000000000000000000 ) ) ;
#3383 = CARTESIAN_POINT ( 'NONE',  ( -5.554999999999997051, 0.3250000000000017319, -1.165000000000000036 ) ) ;
#3384 = ORIENTED_EDGE ( 'NONE', *, *, #5, .F. ) ;
#3385 = COLOUR_RGB ( '',0.2862745098039215508, 0.2862745098039215508, 0.2862745098039215508 ) ;
#3386 = DIRECTION ( 'NONE',  ( 0.000000000000000000, 0.000000000000000000, -1.000000000000000000 ) ) ;
#3387 = STYLED_ITEM ( 'NONE', ( #4229 ), #2015 ) ;
#3388 = DIRECTION ( 'NONE',  ( -0.000000000000000000, 1.000000000000000000, -0.000000000000000000 ) ) ;
#3389 = EDGE_LOOP ( 'NONE', ( #2271, #4374, #657 ) ) ;
#3390 = EDGE_CURVE ( 'NONE', #269, #2960, #1384, .T. ) ;
#3391 = EDGE_LOOP ( 'NONE', ( #994, #3808, #3624, #2599 ) ) ;
#3392 = UNCERTAINTY_MEASURE_WITH_UNIT (LENGTH_MEASURE( 1.000000000000000082E-05 ), #545, 'distance_accuracy_value', 'NONE');
#3393 = STYLED_ITEM ( 'NONE', ( #3578 ), #2398 ) ;
#3394 = CARTESIAN_POINT ( 'NONE',  ( 0.5050000000000024469, -3.919999999999999929, -0.2049999999999997935 ) ) ;
#3395 = FACE_OUTER_BOUND ( 'NONE', #3617, .T. ) ;
#3396 = DIRECTION ( 'NONE',  ( 0.000000000000000000, 0.000000000000000000, -1.000000000000000000 ) ) ;
#3397 = AXIS2_PLACEMENT_3D ( 'NONE', #4478, #2342, #3455 ) ;
#3398 = ORIENTED_EDGE ( 'NONE', *, *, #1858, .T. ) ;
#3399 = EDGE_CURVE ( 'NONE', #2960, #3941, #3933, .T. ) ;
#3400 =( GEOMETRIC_REPRESENTATION_CONTEXT ( 3 ) GLOBAL_UNCERTAINTY_ASSIGNED_CONTEXT ( ( #1400 ) ) GLOBAL_UNIT_ASSIGNED_CONTEXT ( ( #3915, #466, #1828 ) ) REPRESENTATION_CONTEXT ( 'NONE', 'WORKASPACE' ) );
#3401 = DIRECTION ( 'NONE',  ( 4.083567615233792188E-15, 0.6705035971223017865, -0.7419062786134472676 ) ) ;
#3402 = CARTESIAN_POINT ( 'NONE',  ( -5.554999999999997051, -3.799999999999998046, -1.165000000000000036 ) ) ;
#3403 = FILL_AREA_STYLE_COLOUR ( '', #19 ) ;
#3404 = PRESENTATION_STYLE_ASSIGNMENT (( #2657 ) ) ;
#3405 = CARTESIAN_POINT ( 'NONE',  ( -7.049999999999997158, 0.3250000000000017319, -1.165000000000000036 ) ) ;
#3406 = FILL_AREA_STYLE ('',( #2769 ) ) ;
#3407 = CARTESIAN_POINT ( 'NONE',  ( -7.049999999999997158, 0.000000000000000000, 1.165000000000000036 ) ) ;
#3408 = AXIS2_PLACEMENT_3D ( 'NONE', #1580, #3316, #1227 ) ;
#3409 = FILL_AREA_STYLE ('',( #2686 ) ) ;
#3410 = DIRECTION ( 'NONE',  ( -0.000000000000000000, -1.000000000000000000, -0.000000000000000000 ) ) ;
#3411 = FILL_AREA_STYLE_COLOUR ( '', #2934 ) ;
#3412 = ORIENTED_EDGE ( 'NONE', *, *, #3692, .F. ) ;
#3413 = STYLED_ITEM ( 'NONE', ( #3875 ), #3041 ) ;
#3414 = VERTEX_POINT ( 'NONE', #2933 ) ;
#3415 = VECTOR ( 'NONE', #3756, 1000.000000000000000 ) ;
#3416 = COLOUR_RGB ( '',0.000000000000000000, 0.7529411764705882248, 0.000000000000000000 ) ;
#3417 = FILL_AREA_STYLE_COLOUR ( '', #3488 ) ;
#3418 = EDGE_CURVE ( 'NONE', #4272, #1503, #17, .T. ) ;
#3419 = ORIENTED_EDGE ( 'NONE', *, *, #3895, .T. ) ;
#3420 = STYLED_ITEM ( 'NONE', ( #1529 ), #4429 ) ;
#3421 = PRESENTATION_LAYER_ASSIGNMENT (  '', '', ( #2404 ) ) ;
#3422 = MECHANICAL_DESIGN_GEOMETRIC_PRESENTATION_REPRESENTATION (  '', ( #3420 ), #3203 ) ;
#3423 =( LENGTH_UNIT ( ) NAMED_UNIT ( * ) SI_UNIT ( .MILLI., .METRE. ) );
#3424 = EDGE_CURVE ( 'NONE', #3827, #3583, #1162, .T. ) ;
#3425 = CARTESIAN_POINT ( 'NONE',  ( -7.049999999999997158, 0.3053808212728375548, -0.07611990194374761154 ) ) ;
#3426 =( NAMED_UNIT ( * ) SI_UNIT ( $, .STERADIAN. ) SOLID_ANGLE_UNIT ( ) );
#3427 = FILL_AREA_STYLE_COLOUR ( '', #2895 ) ;
#3428 = DIRECTION ( 'NONE',  ( -1.000000000000000000, -0.000000000000000000, -0.000000000000000000 ) ) ;
#3429 = SURFACE_STYLE_FILL_AREA ( #2047 ) ;
#3430 =( LENGTH_UNIT ( ) NAMED_UNIT ( * ) SI_UNIT ( .MILLI., .METRE. ) );
#3431 = FILL_AREA_STYLE_COLOUR ( '', #2065 ) ;
#3432 =( NAMED_UNIT ( * ) SI_UNIT ( $, .STERADIAN. ) SOLID_ANGLE_UNIT ( ) );
#3433 = ORIENTED_EDGE ( 'NONE', *, *, #38, .F. ) ;
#3434 = CARTESIAN_POINT ( 'NONE',  ( 2.495000000000002327, -7.299999999999998934, 0.2050000000000001821 ) ) ;
#3435 = UNCERTAINTY_MEASURE_WITH_UNIT (LENGTH_MEASURE( 1.000000000000000082E-05 ), #1049, 'distance_accuracy_value', 'NONE');
#3436 = STYLED_ITEM ( 'NONE', ( #130 ), #213 ) ;
#3437 = LINE ( 'NONE', #1367, #3539 ) ;
#3438 = CIRCLE ( 'NONE', #4020, 0.07499999999999994171 ) ;
#3439 =( GEOMETRIC_REPRESENTATION_CONTEXT ( 3 ) GLOBAL_UNCERTAINTY_ASSIGNED_CONTEXT ( ( #1391 ) ) GLOBAL_UNIT_ASSIGNED_CONTEXT ( ( #151, #2249, #4306 ) ) REPRESENTATION_CONTEXT ( 'NONE', 'WORKASPACE' ) );
#3440 = VERTEX_POINT ( 'NONE', #4372 ) ;
#3441 = EDGE_CURVE ( 'NONE', #875, #471, #366, .T. ) ;
#3442 =( GEOMETRIC_REPRESENTATION_CONTEXT ( 3 ) GLOBAL_UNCERTAINTY_ASSIGNED_CONTEXT ( ( #2054 ) ) GLOBAL_UNIT_ASSIGNED_CONTEXT ( ( #2415, #1371, #4152 ) ) REPRESENTATION_CONTEXT ( 'NONE', 'WORKASPACE' ) );
#3443 = PRESENTATION_LAYER_ASSIGNMENT (  '', '', ( #3082 ) ) ;
#3444 = FILL_AREA_STYLE_COLOUR ( '', #1975 ) ;
#3445 = SURFACE_STYLE_FILL_AREA ( #932 ) ;
#3446 = EDGE_CURVE ( 'NONE', #3034, #3623, #4046, .T. ) ;
#3447 = DIRECTION ( 'NONE',  ( -0.000000000000000000, 1.000000000000000000, -0.000000000000000000 ) ) ;
#3448 = CARTESIAN_POINT ( 'NONE',  ( 6.849999999999999645, -4.299999999999999822, 1.239999999999999991 ) ) ;
#3449 = FILL_AREA_STYLE ('',( #3427 ) ) ;
#3450 = SURFACE_SIDE_STYLE ('',( #1687 ) ) ;
#3451 = EDGE_CURVE ( 'NONE', #1432, #2967, #3998, .T. ) ;
#3452 = SURFACE_SIDE_STYLE ('',( #2794 ) ) ;
#3453 = AXIS2_PLACEMENT_3D ( 'NONE', #1896, #2619, #1318 ) ;
#3454 = CARTESIAN_POINT ( 'NONE',  ( -7.049999999999997158, 1.818390749886862778, 0.9000000000000000222 ) ) ;
#3455 = DIRECTION ( 'NONE',  ( 0.000000000000000000, 0.000000000000000000, 1.000000000000000000 ) ) ;
#3456 = AXIS2_PLACEMENT_3D ( 'NONE', #3155, #7, #4208 ) ;
#3457 = DIRECTION ( 'NONE',  ( -0.000000000000000000, 0.000000000000000000, 1.000000000000000000 ) ) ;
#3458 = VERTEX_POINT ( 'NONE', #895 ) ;
#3459 = ORIENTED_EDGE ( 'NONE', *, *, #2131, .F. ) ;
#3460 = CARTESIAN_POINT ( 'NONE',  ( -8.569999999999998508, 1.818390749886862556, 5.510910596163088939E-17 ) ) ;
#3461 = STYLED_ITEM ( 'NONE', ( #3404 ), #1913 ) ;
#3462 = VECTOR ( 'NONE', #2755, 1000.000000000000000 ) ;
#3463 = ORIENTED_EDGE ( 'NONE', *, *, #2586, .T. ) ;
#3464 = SHAPE_DEFINITION_REPRESENTATION ( #182, #3097 ) ;
#3465 = MECHANICAL_DESIGN_GEOMETRIC_PRESENTATION_REPRESENTATION (  '', ( #2740 ), #3322 ) ;
#3466 = FILL_AREA_STYLE_COLOUR ( '', #2039 ) ;
#3467 = CARTESIAN_POINT ( 'NONE',  ( -6.974999999999996980, 0.2500000000000017208, -1.165000000000000036 ) ) ;
#3468 = ORIENTED_EDGE ( 'NONE', *, *, #1089, .F. ) ;
#3469 = CIRCLE ( 'NONE', #2526, 0.9000000000000000222 ) ;
#3470 = DIRECTION ( 'NONE',  ( -1.000000000000000000, 0.000000000000000000, 0.000000000000000000 ) ) ;
#3471 = FILL_AREA_STYLE_COLOUR ( '', #2443 ) ;
#3472 = DIRECTION ( 'NONE',  ( 1.000000000000000000, -0.000000000000000000, -0.000000000000000000 ) ) ;
#3473 = SPHERICAL_SURFACE ( 'NONE', #1299, 0.9000000000000000222 ) ;
#3474 = EDGE_CURVE ( 'NONE', #695, #450, #243, .T. ) ;
#3475 = PRESENTATION_LAYER_ASSIGNMENT (  '', '', ( #509 ) ) ;
#3476 = SURFACE_STYLE_FILL_AREA ( #2070 ) ;
#3477 = EDGE_CURVE ( 'NONE', #3483, #1886, #4390, .T. ) ;
#3478 = ORIENTED_EDGE ( 'NONE', *, *, #374, .T. ) ;
#3479 = ORIENTED_EDGE ( 'NONE', *, *, #288, .T. ) ;
#3480 = UNCERTAINTY_MEASURE_WITH_UNIT (LENGTH_MEASURE( 1.000000000000000082E-05 ), #405, 'distance_accuracy_value', 'NONE');
#3481 = CARTESIAN_POINT ( 'NONE',  ( -2.504999999999998561, -3.919999999999999929, -0.2049999999999997657 ) ) ;
#3482 = FILL_AREA_STYLE_COLOUR ( '', #3036 ) ;
#3483 = VERTEX_POINT ( 'NONE', #938 ) ;
#3484 =( GEOMETRIC_REPRESENTATION_CONTEXT ( 3 ) GLOBAL_UNCERTAINTY_ASSIGNED_CONTEXT ( ( #1174 ) ) GLOBAL_UNIT_ASSIGNED_CONTEXT ( ( #3763, #3694, #2058 ) ) REPRESENTATION_CONTEXT ( 'NONE', 'WORKASPACE' ) );
#3485 = CARTESIAN_POINT ( 'NONE',  ( 5.505000000000001670, -7.299999999999998934, -0.2049999999999997935 ) ) ;
#3486 = DIRECTION ( 'NONE',  ( -0.000000000000000000, -0.000000000000000000, -1.000000000000000000 ) ) ;
#3487 = PRESENTATION_LAYER_ASSIGNMENT (  '', '', ( #3854 ) ) ;
#3488 = COLOUR_RGB ( '',0.8431372549019607865, 0.8431372549019607865, 0.8431372549019607865 ) ;
#3489 = ORIENTED_EDGE ( 'NONE', *, *, #3196, .F. ) ;
#3490 = UNCERTAINTY_MEASURE_WITH_UNIT (LENGTH_MEASURE( 1.000000000000000082E-05 ), #1397, 'distance_accuracy_value', 'NONE');
#3491 = CARTESIAN_POINT ( 'NONE',  ( -7.049999999999997158, 0.3250054494217260448, -0.07526951023559697029 ) ) ;
#3492 = CIRCLE ( 'NONE', #245, 0.07500000000000041356 ) ;
#3493 = SURFACE_SIDE_STYLE ('',( #4231 ) ) ;
#3494 = DIRECTION ( 'NONE',  ( -0.000000000000000000, 1.000000000000000000, -0.000000000000000000 ) ) ;
#3495 = CARTESIAN_POINT ( 'NONE',  ( -0.004999999999997627870, -7.299999999999998934, -0.2049999999999997935 ) ) ;
#3496 = ADVANCED_FACE ( 'NONE', ( #147 ), #3253, .T. ) ;
#3497 = SPHERICAL_SURFACE ( 'NONE', #1702, 0.9000000000000000222 ) ;
#3498 = FILL_AREA_STYLE_COLOUR ( '', #3183 ) ;
#3499 = SURFACE_STYLE_USAGE ( .BOTH. , #2195 ) ;
#3500 = UNCERTAINTY_MEASURE_WITH_UNIT (LENGTH_MEASURE( 1.000000000000000082E-05 ), #4342, 'distance_accuracy_value', 'NONE');
#3501 =( NAMED_UNIT ( * ) PLANE_ANGLE_UNIT ( ) SI_UNIT ( $, .RADIAN. ) );
#3502 = ORIENTED_EDGE ( 'NONE', *, *, #2500, .T. ) ;
#3503 = CARTESIAN_POINT ( 'NONE',  ( -7.049999999999997158, 1.818390749886862556, -0.9000000000000000222 ) ) ;
#3504 = EDGE_CURVE ( 'NONE', #3636, #929, #2733, .T. ) ;
#3505 = LINE ( 'NONE', #3296, #4264 ) ;
#3506 = SURFACE_STYLE_FILL_AREA ( #812 ) ;
#3507 = EDGE_LOOP ( 'NONE', ( #857, #1841, #110, #797 ) ) ;
#3508 = SURFACE_SIDE_STYLE ('',( #2182 ) ) ;
#3509 = CARTESIAN_POINT ( 'NONE',  ( -6.849999999999998757, -3.874999999999998224, -1.239999999999999991 ) ) ;
#3510 = ORIENTED_EDGE ( 'NONE', *, *, #3557, .T. ) ;
#3511 = CARTESIAN_POINT ( 'NONE',  ( 3.005000000000002558, -7.299999999999998934, 0.2050000000000001821 ) ) ;
#3512 =( GEOMETRIC_REPRESENTATION_CONTEXT ( 3 ) GLOBAL_UNCERTAINTY_ASSIGNED_CONTEXT ( ( #2801 ) ) GLOBAL_UNIT_ASSIGNED_CONTEXT ( ( #3243, #2140, #3882 ) ) REPRESENTATION_CONTEXT ( 'NONE', 'WORKASPACE' ) );
#3513 = VECTOR ( 'NONE', #3386, 1000.000000000000000 ) ;
#3514 = SURFACE_STYLE_USAGE ( .BOTH. , #2559 ) ;
#3515 = CARTESIAN_POINT ( 'NONE',  ( -5.479999999999996874, 0.3250000000000017319, 0.07520296500092159275 ) ) ;
#3516 = FACE_OUTER_BOUND ( 'NONE', #790, .T. ) ;
#3517 = STYLED_ITEM ( 'NONE', ( #1782 ), #521 ) ;
#3518 = LINE ( 'NONE', #3108, #3314 ) ;
#3519 = VECTOR ( 'NONE', #2178, 1000.000000000000000 ) ;
#3520 = SURFACE_SIDE_STYLE ('',( #1096 ) ) ;
#3521 = DIRECTION ( 'NONE',  ( -1.000000000000000000, 0.000000000000000000, 0.000000000000000000 ) ) ;
#3522 = ADVANCED_FACE ( 'NONE', ( #4070 ), #2682, .T. ) ;
#3523 = ORIENTED_EDGE ( 'NONE', *, *, #3871, .F. ) ;
#3524 = CARTESIAN_POINT ( 'NONE',  ( -7.049999999999997158, -3.799999999999998046, 1.239999999999999991 ) ) ;
#3525 = UNCERTAINTY_MEASURE_WITH_UNIT (LENGTH_MEASURE( 1.000000000000000082E-05 ), #3771, 'distance_accuracy_value', 'NONE');
#3526 = DIRECTION ( 'NONE',  ( 0.000000000000000000, 0.000000000000000000, 1.000000000000000000 ) ) ;
#3527 = VECTOR ( 'NONE', #1933, 1000.000000000000000 ) ;
#3528 = EDGE_CURVE ( 'NONE', #2866, #4005, #1961, .T. ) ;
#3529 = ORIENTED_EDGE ( 'NONE', *, *, #653, .F. ) ;
#3530 = ORIENTED_EDGE ( 'NONE', *, *, #3860, .T. ) ;
#3531 = PRESENTATION_LAYER_ASSIGNMENT (  '', '', ( #2292 ) ) ;
#3532 = FACE_OUTER_BOUND ( 'NONE', #3868, .T. ) ;
#3533 = LINE ( 'NONE', #1060, #668 ) ;
#3534 = PRESENTATION_STYLE_ASSIGNMENT (( #2830 ) ) ;
#3535 = EDGE_CURVE ( 'NONE', #3240, #3160, #3026, .T. ) ;
#3536 = ORIENTED_EDGE ( 'NONE', *, *, #3258, .F. ) ;
#3537 = UNCERTAINTY_MEASURE_WITH_UNIT (LENGTH_MEASURE( 1.000000000000000082E-05 ), #2636, 'distance_accuracy_value', 'NONE');
#3538 = PLANE ( 'NONE',  #2630 ) ;
#3539 = VECTOR ( 'NONE', #4170, 1000.000000000000000 ) ;
#3540 = FILL_AREA_STYLE ('',( #3471 ) ) ;
#3541 = SURFACE_STYLE_FILL_AREA ( #1177 ) ;
#3542 = DIRECTION ( 'NONE',  ( 0.000000000000000000, -0.000000000000000000, -1.000000000000000000 ) ) ;
#3543 =( NAMED_UNIT ( * ) SI_UNIT ( $, .STERADIAN. ) SOLID_ANGLE_UNIT ( ) );
#3544 = DIRECTION ( 'NONE',  ( -0.000000000000000000, -0.000000000000000000, 1.000000000000000000 ) ) ;
#3545 = MECHANICAL_DESIGN_GEOMETRIC_PRESENTATION_REPRESENTATION (  '', ( #1574 ), #3400 ) ;
#3546 = CARTESIAN_POINT ( 'NONE',  ( -6.974999999999996980, -0.7734378409091342554, -1.165000000000000036 ) ) ;
#3547 = SURFACE_STYLE_USAGE ( .BOTH. , #2797 ) ;
#3548 = CARTESIAN_POINT ( 'NONE',  ( -5.554999999999997051, 3.351671556616683034, -1.165000000000000036 ) ) ;
#3549 = CARTESIAN_POINT ( 'NONE',  ( -6.974999999999996980, -3.799999999999998046, -1.165000000000000036 ) ) ;
#3550 = ORIENTED_EDGE ( 'NONE', *, *, #3065, .F. ) ;
#3551 = COLOUR_RGB ( '',0.8431372549019607865, 0.8431372549019607865, 0.8431372549019607865 ) ;
#3552 = DIRECTION ( 'NONE',  ( -0.000000000000000000, -0.000000000000000000, -1.000000000000000000 ) ) ;
#3553 = LINE ( 'NONE', #3920, #283 ) ;
#3554 = DIRECTION ( 'NONE',  ( 0.000000000000000000, -1.000000000000000000, 0.000000000000000000 ) ) ;
#3555 = VERTEX_POINT ( 'NONE', #321 ) ;
#3556 = VERTEX_POINT ( 'NONE', #961 ) ;
#3557 = EDGE_CURVE ( 'NONE', #1301, #2233, #4365, .T. ) ;
#3558 = VECTOR ( 'NONE', #4205, 1000.000000000000000 ) ;
#3559 = CARTESIAN_POINT ( 'NONE',  ( -5.554999999999997051, -3.799999999999998046, -1.165000000000000036 ) ) ;
#3560 = ORIENTED_EDGE ( 'NONE', *, *, #3692, .T. ) ;
#3561 =( GEOMETRIC_REPRESENTATION_CONTEXT ( 3 ) GLOBAL_UNCERTAINTY_ASSIGNED_CONTEXT ( ( #408 ) ) GLOBAL_UNIT_ASSIGNED_CONTEXT ( ( #1531, #3245, #1180 ) ) REPRESENTATION_CONTEXT ( 'NONE', 'WORKASPACE' ) );
#3562 = AXIS2_PLACEMENT_3D ( 'NONE', #3101, #4488, #1372 ) ;
#3563 = PRESENTATION_STYLE_ASSIGNMENT (( #4251 ) ) ;
#3564 = EDGE_CURVE ( 'NONE', #2097, #2852, #689, .T. ) ;
#3565 = DIRECTION ( 'NONE',  ( 0.000000000000000000, -0.6704722771879616516, 0.7419345830478515369 ) ) ;
#3566 = PLANE ( 'NONE',  #1194 ) ;
#3567 =( GEOMETRIC_REPRESENTATION_CONTEXT ( 3 ) GLOBAL_UNCERTAINTY_ASSIGNED_CONTEXT ( ( #1444 ) ) GLOBAL_UNIT_ASSIGNED_CONTEXT ( ( #3831, #3144, #4156 ) ) REPRESENTATION_CONTEXT ( 'NONE', 'WORKASPACE' ) );
#3568 = PRESENTATION_STYLE_ASSIGNMENT (( #755 ) ) ;
#3569 = SURFACE_SIDE_STYLE ('',( #803 ) ) ;
#3570 = SURFACE_STYLE_USAGE ( .BOTH. , #2542 ) ;
#3571 = CARTESIAN_POINT ( 'NONE',  ( -6.974918791822921627, 3.409428355092355201, -1.215240934357544322 ) ) ;
#3572 = PRESENTATION_STYLE_ASSIGNMENT (( #1849 ) ) ;
#3573 = COLOUR_RGB ( '',0.8431372549019607865, 0.8431372549019607865, 0.8431372549019607865 ) ;
#3574 = EDGE_LOOP ( 'NONE', ( #2650, #2110, #3350 ) ) ;
#3575 = CARTESIAN_POINT ( 'NONE',  ( -5.554999999999997051, 0.3250000000000017319, 1.165000000000000036 ) ) ;
#3576 = UNCERTAINTY_MEASURE_WITH_UNIT (LENGTH_MEASURE( 1.000000000000000082E-05 ), #2981, 'distance_accuracy_value', 'NONE');
#3577 = SURFACE_STYLE_FILL_AREA ( #765 ) ;
#3578 = PRESENTATION_STYLE_ASSIGNMENT (( #2177 ) ) ;
#3579 = CARTESIAN_POINT ( 'NONE',  ( -5.554999999999997051, -3.799999999999998046, -1.165000000000000036 ) ) ;
#3580 = ORIENTED_EDGE ( 'NONE', *, *, #2307, .T. ) ;
#3581 = SURFACE_STYLE_FILL_AREA ( #3263 ) ;
#3582 = CARTESIAN_POINT ( 'NONE',  ( -5.554999999999997051, -0.7734378409091344775, 1.165000000000000258 ) ) ;
#3583 = VERTEX_POINT ( 'NONE', #1709 ) ;
#3584 = EDGE_CURVE ( 'NONE', #2016, #4271, #2337, .T. ) ;
#3585 = UNCERTAINTY_MEASURE_WITH_UNIT (LENGTH_MEASURE( 1.000000000000000082E-05 ), #2974, 'distance_accuracy_value', 'NONE');
#3586 = STYLED_ITEM ( 'NONE', ( #1032 ), #757 ) ;
#3587 = SURFACE_STYLE_FILL_AREA ( #2472 ) ;
#3588 = CARTESIAN_POINT ( 'NONE',  ( -5.479999999999996874, 0.2500000000000017208, -1.165000000000000036 ) ) ;
#3589 = EDGE_CURVE ( 'NONE', #2339, #1832, #3628, .T. ) ;
#3590 = MECHANICAL_DESIGN_GEOMETRIC_PRESENTATION_REPRESENTATION (  '', ( #2787 ), #476 ) ;
#3591 =( GEOMETRIC_REPRESENTATION_CONTEXT ( 3 ) GLOBAL_UNCERTAINTY_ASSIGNED_CONTEXT ( ( #995 ) ) GLOBAL_UNIT_ASSIGNED_CONTEXT ( ( #1942, #1964, #3295 ) ) REPRESENTATION_CONTEXT ( 'NONE', 'WORKASPACE' ) );
#3592 = DIRECTION ( 'NONE',  ( 0.000000000000000000, 0.000000000000000000, -1.000000000000000000 ) ) ;
#3593 = SPHERICAL_SURFACE ( 'NONE', #1222, 0.07499999999999999722 ) ;
#3594 = PRESENTATION_STYLE_ASSIGNMENT (( #3499 ) ) ;
#3595 = AXIS2_PLACEMENT_3D ( 'NONE', #2311, #869, #3023 ) ;
#3596 = UNCERTAINTY_MEASURE_WITH_UNIT (LENGTH_MEASURE( 1.000000000000000082E-05 ), #458, 'distance_accuracy_value', 'NONE');
#3597 = CARTESIAN_POINT ( 'NONE',  ( -5.479999999999996874, 0.3250000000000017319, 1.165000000000000036 ) ) ;
#3598 = ORIENTED_EDGE ( 'NONE', *, *, #2438, .F. ) ;
#3599 = PLANE ( 'NONE',  #41 ) ;
#3600 = COLOUR_RGB ( '',0.8431372549019607865, 0.8431372549019607865, 0.8431372549019607865 ) ;
#3601 = CARTESIAN_POINT ( 'NONE',  ( 6.850000000000000533, -3.919999999999999929, -0.8750000000000000000 ) ) ;
#3602 = MECHANICAL_DESIGN_GEOMETRIC_PRESENTATION_REPRESENTATION (  '', ( #55 ), #3161 ) ;
#3603 = ORIENTED_EDGE ( 'NONE', *, *, #3309, .F. ) ;
#3604 = PLANE ( 'NONE',  #2361 ) ;
#3605 = EDGE_LOOP ( 'NONE', ( #3301, #3795, #2083, #3187, #66, #136 ) ) ;
#3606 = FILL_AREA_STYLE_COLOUR ( '', #888 ) ;
#3607 =( GEOMETRIC_REPRESENTATION_CONTEXT ( 3 ) GLOBAL_UNCERTAINTY_ASSIGNED_CONTEXT ( ( #3306 ) ) GLOBAL_UNIT_ASSIGNED_CONTEXT ( ( #73, #1447, #1401 ) ) REPRESENTATION_CONTEXT ( 'NONE', 'WORKASPACE' ) );
#3608 = LINE ( 'NONE', #2634, #3116 ) ;
#3609 = AXIS2_PLACEMENT_3D ( 'NONE', #3665, #4031, #946 ) ;
#3610 = CARTESIAN_POINT ( 'NONE',  ( -7.049999999999997158, 2.062500000000001332, 0.000000000000000000 ) ) ;
#3611 = CARTESIAN_POINT ( 'NONE',  ( -6.849999999999998757, 3.875000000000001332, -1.239999999999999991 ) ) ;
#3612 = EDGE_CURVE ( 'NONE', #3440, #3556, #119, .T. ) ;
#3613 = MECHANICAL_DESIGN_GEOMETRIC_PRESENTATION_REPRESENTATION (  '', ( #427 ), #3040 ) ;
#3614 = FACE_OUTER_BOUND ( 'NONE', #4174, .T. ) ;
#3615 = CARTESIAN_POINT ( 'NONE',  ( -7.669999999999998153, 1.818390749886862556, 0.000000000000000000 ) ) ;
#3616 = FACE_OUTER_BOUND ( 'NONE', #1209, .T. ) ;
#3617 = EDGE_LOOP ( 'NONE', ( #963, #4034, #3138, #4444 ) ) ;
#3618 = PRESENTATION_LAYER_ASSIGNMENT (  '', '', ( #1081 ) ) ;
#3619 = FILL_AREA_STYLE ('',( #495 ) ) ;
#3620 = EDGE_CURVE ( 'NONE', #1487, #1503, #446, .T. ) ;
#3621 = FACE_OUTER_BOUND ( 'NONE', #3341, .T. ) ;
#3622 = VECTOR ( 'NONE', #2423, 1000.000000000000000 ) ;
#3623 = VERTEX_POINT ( 'NONE', #756 ) ;
#3624 = ORIENTED_EDGE ( 'NONE', *, *, #1640, .T. ) ;
#3625 = FILL_AREA_STYLE ('',( #2971 ) ) ;
#3626 = ORIENTED_EDGE ( 'NONE', *, *, #1498, .F. ) ;
#3627 = UNCERTAINTY_MEASURE_WITH_UNIT (LENGTH_MEASURE( 1.000000000000000082E-05 ), #2121, 'distance_accuracy_value', 'NONE');
#3628 = CIRCLE ( 'NONE', #2685, 0.07500000000000041356 ) ;
#3629 = AXIS2_PLACEMENT_3D ( 'NONE', #3402, #2333, #2678 ) ;
#3630 = FILL_AREA_STYLE_COLOUR ( '', #125 ) ;
#3631 = SURFACE_STYLE_FILL_AREA ( #892 ) ;
#3632 = VECTOR ( 'NONE', #2554, 1000.000000000000000 ) ;
#3633 = DIRECTION ( 'NONE',  ( 1.000000000000000000, -0.000000000000000000, -0.000000000000000000 ) ) ;
#3634 =( LENGTH_UNIT ( ) NAMED_UNIT ( * ) SI_UNIT ( .MILLI., .METRE. ) );
#3635 =( LENGTH_UNIT ( ) NAMED_UNIT ( * ) SI_UNIT ( .MILLI., .METRE. ) );
#3636 = VERTEX_POINT ( 'NONE', #2087 ) ;
#3637 = STYLED_ITEM ( 'NONE', ( #2095 ), #3302 ) ;
#3638 = LINE ( 'NONE', #1983, #3513 ) ;
#3639 = ADVANCED_FACE ( 'NONE', ( #3516 ), #3473, .T. ) ;
#3640 = CARTESIAN_POINT ( 'NONE',  ( -7.049999999999997158, 0.3053650459150654695, 0.07851904637053878921 ) ) ;
#3641 = EDGE_LOOP ( 'NONE', ( #1408, #839, #614, #1130 ) ) ;
#3642 = VERTEX_POINT ( 'NONE', #435 ) ;
#3643 = EDGE_CURVE ( 'NONE', #1063, #572, #2791, .T. ) ;
#3644 = DIRECTION ( 'NONE',  ( -0.000000000000000000, -0.000000000000000000, -1.000000000000000000 ) ) ;
#3645 =( NAMED_UNIT ( * ) SI_UNIT ( $, .STERADIAN. ) SOLID_ANGLE_UNIT ( ) );
#3646 = B_SPLINE_CURVE_WITH_KNOTS ( 'NONE', 3,
 ( #3491, #3425, #1002, #318, #3148, #386 ),
 .UNSPECIFIED., .F., .F.,
 ( 4, 2, 4 ),
 ( 0.000000000000000000, 0.5000000000000000000, 1.000000000000000000 ),
 .UNSPECIFIED. ) ;
#3647 = ORIENTED_EDGE ( 'NONE', *, *, #491, .F. ) ;
#3648 = CARTESIAN_POINT ( 'NONE',  ( -7.049999999999997158, -3.874999999999998224, 1.165000000000000036 ) ) ;
#3649 = DIRECTION ( 'NONE',  ( -1.000000000000000000, 0.000000000000000000, 0.000000000000000000 ) ) ;
#3650 = PRESENTATION_STYLE_ASSIGNMENT (( #1668 ) ) ;
#3651 = FACE_OUTER_BOUND ( 'NONE', #1593, .T. ) ;
#3652 = DIRECTION ( 'NONE',  ( 0.000000000000000000, 0.000000000000000000, -1.000000000000000000 ) ) ;
#3653 =( NAMED_UNIT ( * ) SI_UNIT ( $, .STERADIAN. ) SOLID_ANGLE_UNIT ( ) );
#3654 = EDGE_LOOP ( 'NONE', ( #1569, #1612, #1763, #2763 ) ) ;
#3655 = CARTESIAN_POINT ( 'NONE',  ( -5.554918791822923474, 3.407316617726019015, -1.215285391311694552 ) ) ;
#3656 = COLOUR_RGB ( '',1.000000000000000000, 0.000000000000000000, 0.000000000000000000 ) ;
#3657 = CIRCLE ( 'NONE', #4173, 0.07499999999999998335 ) ;
#3658 = LINE ( 'NONE', #562, #1644 ) ;
#3659 = FACE_OUTER_BOUND ( 'NONE', #3210, .T. ) ;
#3660 = ORIENTED_EDGE ( 'NONE', *, *, #1014, .T. ) ;
#3661 = COLOUR_RGB ( '',0.8431372549019607865, 0.8431372549019607865, 0.8431372549019607865 ) ;
#3662 = MECHANICAL_DESIGN_GEOMETRIC_PRESENTATION_REPRESENTATION (  '', ( #3736 ), #2719 ) ;
#3663 = ORIENTED_EDGE ( 'NONE', *, *, #4092, .T. ) ;
#3664 = SURFACE_STYLE_FILL_AREA ( #862 ) ;
#3665 = CARTESIAN_POINT ( 'NONE',  ( -7.669999999999998153, -2.307774158913503015, 0.000000000000000000 ) ) ;
#3666 = MECHANICAL_DESIGN_GEOMETRIC_PRESENTATION_REPRESENTATION (  '', ( #3307 ), #3964 ) ;
#3667 =( LENGTH_UNIT ( ) NAMED_UNIT ( * ) SI_UNIT ( .MILLI., .METRE. ) );
#3668 = CARTESIAN_POINT ( 'NONE',  ( -6.501646017772737984, 3.386387815276148405, -1.239999999999794822 ) ) ;
#3669 = DIRECTION ( 'NONE',  ( 0.000000000000000000, 0.000000000000000000, -1.000000000000000000 ) ) ;
#3670 = VERTEX_POINT ( 'NONE', #1755 ) ;
#3671 =( NAMED_UNIT ( * ) SI_UNIT ( $, .STERADIAN. ) SOLID_ANGLE_UNIT ( ) );
#3672 = ADVANCED_FACE ( 'NONE', ( #1779 ), #3884, .T. ) ;
#3673 = VECTOR ( 'NONE', #671, 1000.000000000000000 ) ;
#3674 = FILL_AREA_STYLE ('',( #3267 ) ) ;
#3675 = SURFACE_SIDE_STYLE ('',( #1261 ) ) ;
#3676 = STYLED_ITEM ( 'NONE', ( #2026 ), #1739 ) ;
#3677 = DIRECTION ( 'NONE',  ( 0.000000000000000000, 0.000000000000000000, -1.000000000000000000 ) ) ;
#3678 = DIRECTION ( 'NONE',  ( 0.000000000000000000, 0.000000000000000000, -1.000000000000000000 ) ) ;
#3679 = PRESENTATION_LAYER_ASSIGNMENT (  '', '', ( #3387 ) ) ;
#3680 = EDGE_LOOP ( 'NONE', ( #1793, #1718, #4021, #2944, #4062, #1277, #3708, #2996, #472, #385, #2272, #23 ) ) ;
#3681 =( NAMED_UNIT ( * ) PLANE_ANGLE_UNIT ( ) SI_UNIT ( $, .RADIAN. ) );
#3682 = AXIS2_PLACEMENT_3D ( 'NONE', #375, #2103, #3526 ) ;
#3683 = CARTESIAN_POINT ( 'NONE',  ( -5.479999999999996874, -0.7734378409091342554, -1.165000000000000036 ) ) ;
#3684 = VERTEX_POINT ( 'NONE', #1092 ) ;
#3685 = AXIS2_PLACEMENT_3D ( 'NONE', #2749, #1029, #3794 ) ;
#3686 = ORIENTED_EDGE ( 'NONE', *, *, #4480, .T. ) ;
#3687 = COLOUR_RGB ( '',0.2862745098039215508, 0.2862745098039215508, 0.2862745098039215508 ) ;
#3688 = DIRECTION ( 'NONE',  ( 0.000000000000000000, 0.000000000000000000, -1.000000000000000000 ) ) ;
#3689 = CARTESIAN_POINT ( 'NONE',  ( 2.495000000000002327, -7.299999999999998934, 0.2050000000000001821 ) ) ;
#3690 = ORIENTED_EDGE ( 'NONE', *, *, #463, .F. ) ;
#3691 = PRESENTATION_LAYER_ASSIGNMENT (  '', '', ( #2388 ) ) ;
#3692 = EDGE_CURVE ( 'NONE', #4333, #1528, #1802, .T. ) ;
#3693 = FILL_AREA_STYLE_COLOUR ( '', #1165 ) ;
#3694 =( NAMED_UNIT ( * ) PLANE_ANGLE_UNIT ( ) SI_UNIT ( $, .RADIAN. ) );
#3695 =( NAMED_UNIT ( * ) PLANE_ANGLE_UNIT ( ) SI_UNIT ( $, .RADIAN. ) );
#3696 = EDGE_CURVE ( 'NONE', #4334, #2915, #3608, .T. ) ;
#3697 = SURFACE_STYLE_USAGE ( .BOTH. , #3675 ) ;
#3698 = FACE_OUTER_BOUND ( 'NONE', #4276, .T. ) ;
#3699 = STYLED_ITEM ( 'NONE', ( #846 ), #3717 ) ;
#3700 = DIRECTION ( 'NONE',  ( 0.000000000000000000, -2.891205793294679017E-15, 1.000000000000000000 ) ) ;
#3701 = ORIENTED_EDGE ( 'NONE', *, *, #2673, .T. ) ;
#3702 = PLANE ( 'NONE',  #3732 ) ;
#3703 = AXIS2_PLACEMENT_3D ( 'NONE', #1567, #4312, #522 ) ;
#3704 = SURFACE_SIDE_STYLE ('',( #263 ) ) ;
#3705 = DIRECTION ( 'NONE',  ( 0.000000000000000000, -0.000000000000000000, -1.000000000000000000 ) ) ;
#3706 = VECTOR ( 'NONE', #1158, 1000.000000000000000 ) ;
#3707 = SURFACE_STYLE_USAGE ( .BOTH. , #4079 ) ;
#3708 = ORIENTED_EDGE ( 'NONE', *, *, #2975, .F. ) ;
#3709 = EDGE_LOOP ( 'NONE', ( #1189, #2644, #407, #2785 ) ) ;
#3710 = MECHANICAL_DESIGN_GEOMETRIC_PRESENTATION_REPRESENTATION (  '', ( #606 ), #3784 ) ;
#3711 = LINE ( 'NONE', #3114, #1666 ) ;
#3712 = DIRECTION ( 'NONE',  ( 0.000000000000000000, -2.409338161078898687E-16, 1.000000000000000000 ) ) ;
#3713 = CARTESIAN_POINT ( 'NONE',  ( -1.994999999999996776, -3.919999999999999929, 0.2050000000000002098 ) ) ;
#3714 = ORIENTED_EDGE ( 'NONE', *, *, #264, .T. ) ;
#3715 = SURFACE_STYLE_USAGE ( .BOTH. , #1663 ) ;
#3716 = PRESENTATION_STYLE_ASSIGNMENT (( #3355 ) ) ;
#3717 = ADVANCED_FACE ( 'NONE', ( #1551 ), #1890, .T. ) ;
#3718 = FILL_AREA_STYLE ('',( #2382 ) ) ;
#3719 = SURFACE_SIDE_STYLE ('',( #3746 ) ) ;
#3720 = ADVANCED_FACE ( 'NONE', ( #1847 ), #3289, .F. ) ;
#3721 = ORIENTED_EDGE ( 'NONE', *, *, #2060, .F. ) ;
#3722 = CARTESIAN_POINT ( 'NONE',  ( -6.974999999999996980, 0.3250000000000017319, 1.165000000000000036 ) ) ;
#3723 = DIRECTION ( 'NONE',  ( 0.000000000000000000, -1.000000000000000000, 0.000000000000000000 ) ) ;
#3724 = FACE_OUTER_BOUND ( 'NONE', #1501, .T. ) ;
#3725 = LINE ( 'NONE', #1363, #4193 ) ;
#3726 = AXIS2_PLACEMENT_3D ( 'NONE', #4288, #3918, #105 ) ;
#3727 = EDGE_CURVE ( 'NONE', #3916, #2339, #2561, .T. ) ;
#3728 = CARTESIAN_POINT ( 'NONE',  ( -6.849999999999996980, -3.919999999999999929, -0.8750000000000000000 ) ) ;
#3729 = ORIENTED_EDGE ( 'NONE', *, *, #2270, .F. ) ;
#3730 = ORIENTED_EDGE ( 'NONE', *, *, #3340, .F. ) ;
#3731 = PRESENTATION_LAYER_ASSIGNMENT (  '', '', ( #4248 ) ) ;
#3732 = AXIS2_PLACEMENT_3D ( 'NONE', #2663, #4001, #940 ) ;
#3733 = LINE ( 'NONE', #330, #1785 ) ;
#3734 = PLANE ( 'NONE',  #2696 ) ;
#3735 = DIRECTION ( 'NONE',  ( 0.000000000000000000, 0.000000000000000000, 1.000000000000000000 ) ) ;
#3736 = STYLED_ITEM ( 'NONE', ( #827 ), #484 ) ;
#3737 = VERTEX_POINT ( 'NONE', #2949 ) ;
#3738 = VECTOR ( 'NONE', #3030, 1000.000000000000000 ) ;
#3739 = STYLED_ITEM ( 'NONE', ( #2010 ), #738 ) ;
#3740 = SURFACE_SIDE_STYLE ('',( #4408 ) ) ;
#3741 = PRESENTATION_STYLE_ASSIGNMENT (( #3789 ) ) ;
#3742 = PRESENTATION_LAYER_ASSIGNMENT (  '', '', ( #55 ) ) ;
#3743 = FILL_AREA_STYLE_COLOUR ( '', #886 ) ;
#3744 =( NAMED_UNIT ( * ) SI_UNIT ( $, .STERADIAN. ) SOLID_ANGLE_UNIT ( ) );
#3745 = AXIS2_PLACEMENT_3D ( 'NONE', #3232, #1767, #2074 ) ;
#3746 = SURFACE_STYLE_FILL_AREA ( #3449 ) ;
#3747 = CARTESIAN_POINT ( 'NONE',  ( -6.001586011337731286, 3.407981069832422438, 1.215271397729692726 ) ) ;
#3748 =( GEOMETRIC_REPRESENTATION_CONTEXT ( 3 ) GLOBAL_UNCERTAINTY_ASSIGNED_CONTEXT ( ( #3076 ) ) GLOBAL_UNIT_ASSIGNED_CONTEXT ( ( #2748, #1272, #1673 ) ) REPRESENTATION_CONTEXT ( 'NONE', 'WORKASPACE' ) );
#3749 = DIRECTION ( 'NONE',  ( 1.000000000000000000, -0.000000000000000000, -0.000000000000000000 ) ) ;
#3750 = SURFACE_SIDE_STYLE ('',( #1653 ) ) ;
#3751 = DIRECTION ( 'NONE',  ( -0.001458342346038573288, -0.9999989366182354678, 0.000000000000000000 ) ) ;
#3752 = CARTESIAN_POINT ( 'NONE',  ( 4.995000000000001883, -3.919999999999999929, 0.2050000000000001821 ) ) ;
#3753 = ORIENTED_EDGE ( 'NONE', *, *, #3364, .T. ) ;
#3754 = VECTOR ( 'NONE', #3078, 1000.000000000000000 ) ;
#3755 = EDGE_CURVE ( 'NONE', #1590, #1269, #882, .T. ) ;
#3756 = DIRECTION ( 'NONE',  ( -1.000000000000000000, 0.000000000000000000, 0.000000000000000000 ) ) ;
#3757 = CARTESIAN_POINT ( 'NONE',  ( -5.554999999999997051, -3.874999999999998224, -1.165000000000000036 ) ) ;
#3758 =( NAMED_UNIT ( * ) SI_UNIT ( $, .STERADIAN. ) SOLID_ANGLE_UNIT ( ) );
#3759 = FILL_AREA_STYLE_COLOUR ( '', #3656 ) ;
#3760 = PRESENTATION_LAYER_ASSIGNMENT (  '', '', ( #3977 ) ) ;
#3761 = ORIENTED_EDGE ( 'NONE', *, *, #1498, .T. ) ;
#3762 = LINE ( 'NONE', #2737, #910 ) ;
#3763 =( LENGTH_UNIT ( ) NAMED_UNIT ( * ) SI_UNIT ( .MILLI., .METRE. ) );
#3764 = MECHANICAL_DESIGN_GEOMETRIC_PRESENTATION_REPRESENTATION (  '', ( #1292 ), #3107 ) ;
#3765 = CARTESIAN_POINT ( 'NONE',  ( -5.479999999999996874, -0.7177948700131261406, 1.215287769784172633 ) ) ;
#3766 = DIRECTION ( 'NONE',  ( 0.000000000000000000, 0.000000000000000000, 1.000000000000000000 ) ) ;
#3767 = CARTESIAN_POINT ( 'NONE',  ( -5.479999999999996874, 3.875000000000001332, 1.239999999999999991 ) ) ;
#3768 =( NAMED_UNIT ( * ) PLANE_ANGLE_UNIT ( ) SI_UNIT ( $, .RADIAN. ) );
#3769 = SURFACE_STYLE_USAGE ( .BOTH. , #3704 ) ;
#3770 = PRESENTATION_LAYER_ASSIGNMENT (  '', '', ( #951 ) ) ;
#3771 =( LENGTH_UNIT ( ) NAMED_UNIT ( * ) SI_UNIT ( .MILLI., .METRE. ) );
#3772 = SPHERICAL_SURFACE ( 'NONE', #2380, 0.9000000000000000222 ) ;
#3773 = EDGE_CURVE ( 'NONE', #1294, #775, #3951, .T. ) ;
#3774 = PRESENTATION_LAYER_ASSIGNMENT (  '', '', ( #1662 ) ) ;
#3775 = SURFACE_SIDE_STYLE ('',( #1407 ) ) ;
#3776 = ORIENTED_EDGE ( 'NONE', *, *, #424, .T. ) ;
#3777 = VECTOR ( 'NONE', #1637, 1000.000000000000000 ) ;
#3778 = EDGE_LOOP ( 'NONE', ( #1474, #2204, #637, #1606 ) ) ;
#3779 = FACE_OUTER_BOUND ( 'NONE', #2179, .T. ) ;
#3780 = AXIS2_PLACEMENT_3D ( 'NONE', #3270, #1181, #2520 ) ;
#3781 = DIRECTION ( 'NONE',  ( 0.000000000000000000, -1.000000000000000000, 0.000000000000000000 ) ) ;
#3782 = EDGE_CURVE ( 'NONE', #1528, #1627, #2217, .T. ) ;
#3783 = ORIENTED_EDGE ( 'NONE', *, *, #1935, .F. ) ;
#3784 =( GEOMETRIC_REPRESENTATION_CONTEXT ( 3 ) GLOBAL_UNCERTAINTY_ASSIGNED_CONTEXT ( ( #3537 ) ) GLOBAL_UNIT_ASSIGNED_CONTEXT ( ( #2636, #239, #934 ) ) REPRESENTATION_CONTEXT ( 'NONE', 'WORKASPACE' ) );
#3785 = CARTESIAN_POINT ( 'NONE',  ( -6.849999999999998757, 4.299999999999999822, 1.239999999999999991 ) ) ;
#3786 = DIRECTION ( 'NONE',  ( -1.000000000000000000, 0.000000000000000000, 0.000000000000000000 ) ) ;
#3787 = FILL_AREA_STYLE_COLOUR ( '', #1843 ) ;
#3788 = CARTESIAN_POINT ( 'NONE',  ( 0.000000000000000000, 0.2500000000000017208, -1.239999999999999991 ) ) ;
#3789 = SURFACE_STYLE_USAGE ( .BOTH. , #4038 ) ;
#3790 = CARTESIAN_POINT ( 'NONE',  ( 6.133260464790255205E-16, -3.874999999999997335, -1.239999999999999991 ) ) ;
#3791 = CARTESIAN_POINT ( 'NONE',  ( -2.504999999999997673, -3.919999999999999929, 0.2050000000000001821 ) ) ;
#3792 = SURFACE_STYLE_USAGE ( .BOTH. , #3838 ) ;
#3793 = SURFACE_SIDE_STYLE ('',( #1965 ) ) ;
#3794 = DIRECTION ( 'NONE',  ( 0.000000000000000000, -0.7424698189815652771, -0.6698795174518189510 ) ) ;
#3795 = ORIENTED_EDGE ( 'NONE', *, *, #457, .T. ) ;
#3796 = DIRECTION ( 'NONE',  ( -0.000000000000000000, 1.000000000000000000, -0.000000000000000000 ) ) ;
#3797 = UNCERTAINTY_MEASURE_WITH_UNIT (LENGTH_MEASURE( 1.000000000000000082E-05 ), #3284, 'distance_accuracy_value', 'NONE');
#3798 = FILL_AREA_STYLE_COLOUR ( '', #794 ) ;
#3799 = AXIS2_PLACEMENT_3D ( 'NONE', #481, #433, #800 ) ;
#3800 = STYLED_ITEM ( 'NONE', ( #1026 ), #428 ) ;
#3801 = ORIENTED_EDGE ( 'NONE', *, *, #1858, .F. ) ;
#3802 = ADVANCED_FACE ( 'NONE', ( #974 ), #4410, .T. ) ;
#3803 = COLOUR_RGB ( '',1.000000000000000000, 0.000000000000000000, 0.000000000000000000 ) ;
#3804 = AXIS2_PLACEMENT_3D ( 'NONE', #1007, #2385, #2024 ) ;
#3805 = DIRECTION ( 'NONE',  ( -1.000000000000000000, 0.000000000000000000, 0.000000000000000000 ) ) ;
#3806 = PRESENTATION_STYLE_ASSIGNMENT (( #1226 ) ) ;
#3807 = CARTESIAN_POINT ( 'NONE',  ( -5.554999999999997051, -3.799999999999998046, -1.165000000000000036 ) ) ;
#3808 = ORIENTED_EDGE ( 'NONE', *, *, #3441, .T. ) ;
#3809 = AXIS2_PLACEMENT_3D ( 'NONE', #2457, #3867, #1431 ) ;
#3810 = CARTESIAN_POINT ( 'NONE',  ( 4.995000000000001883, -7.299999999999998934, -0.2049999999999997935 ) ) ;
#3811 = ADVANCED_FACE ( 'NONE', ( #1621 ), #335, .F. ) ;
#3812 = DIRECTION ( 'NONE',  ( 1.000000000000000000, 0.000000000000000000, 0.000000000000000000 ) ) ;
#3813 =( LENGTH_UNIT ( ) NAMED_UNIT ( * ) SI_UNIT ( .MILLI., .METRE. ) );
#3814 = PRESENTATION_LAYER_ASSIGNMENT (  '', '', ( #3022 ) ) ;
#3815 =( NAMED_UNIT ( * ) SI_UNIT ( $, .STERADIAN. ) SOLID_ANGLE_UNIT ( ) );
#3816 = PRESENTATION_LAYER_ASSIGNMENT (  '', '', ( #4035 ) ) ;
#3817 = CYLINDRICAL_SURFACE ( 'NONE', #2221, 0.07499999999999998335 ) ;
#3818 = DIRECTION ( 'NONE',  ( 0.000000000000000000, 1.000000000000000000, -1.224646799147353207E-16 ) ) ;
#3819 = PRESENTATION_LAYER_ASSIGNMENT (  '', '', ( #2588 ) ) ;
#3820 = CARTESIAN_POINT ( 'NONE',  ( -7.049999999999997158, 0.3250772004300542806, 0.07851555761995052118 ) ) ;
#3821 = ORIENTED_EDGE ( 'NONE', *, *, #3013, .T. ) ;
#3822 = LINE ( 'NONE', #4330, #3145 ) ;
#3823 = AXIS2_PLACEMENT_3D ( 'NONE', #4159, #1753, #779 ) ;
#3824 = SURFACE_STYLE_USAGE ( .BOTH. , #1323 ) ;
#3825 = CARTESIAN_POINT ( 'NONE',  ( -6.974999999999996980, 0.2500000000000017208, 0.07851904637053880309 ) ) ;
#3826 = MECHANICAL_DESIGN_GEOMETRIC_PRESENTATION_REPRESENTATION (  '', ( #1006 ), #217 ) ;
#3827 = VERTEX_POINT ( 'NONE', #2379 ) ;
#3828 = CIRCLE ( 'NONE', #1861, 1.812581120294389558 ) ;
#3829 = CARTESIAN_POINT ( 'NONE',  ( -5.554918791822920809, 3.407316617726019459, 1.215285391311694330 ) ) ;
#3830 = CARTESIAN_POINT ( 'NONE',  ( -5.554999999999997051, 0.3250000000000017319, 1.165000000000000036 ) ) ;
#3831 =( LENGTH_UNIT ( ) NAMED_UNIT ( * ) SI_UNIT ( .MILLI., .METRE. ) );
#3832 = EDGE_LOOP ( 'NONE', ( #251, #183, #2625, #1563 ) ) ;
#3833 = EDGE_CURVE ( 'NONE', #4420, #2267, #8, .T. ) ;
#3834 = DIRECTION ( 'NONE',  ( -0.000000000000000000, -0.000000000000000000, 1.000000000000000000 ) ) ;
#3835 =( BOUNDED_SURFACE ( )  B_SPLINE_SURFACE ( 3, 2, ( 
 ( #941, #2664, #2642 ),
 ( #3362, #2364, #4417 ),
 ( #1607, #1630, #3048 ),
 ( #2319, #2294, #1008 ) ),
 .UNSPECIFIED., .F., .F., .F. ) 
 B_SPLINE_SURFACE_WITH_KNOTS ( ( 4, 4 ),
 ( 3, 3 ),
 ( 0.002996485491148719038, 0.004416487002240418978 ),
 ( 0.000000000000000000, 1.000000000000000000 ),
 .UNSPECIFIED. ) 
 GEOMETRIC_REPRESENTATION_ITEM ( )  RATIONAL_B_SPLINE_SURFACE ( (
 ( 1.000000000000000000, 0.9137502735340921056, 1.000000000000000000),
 ( 1.000000000000000000, 0.9138042849483704044, 1.000000000000000000),
 ( 1.000000000000000000, 0.9138583393247927678, 1.000000000000000000),
 ( 1.000000000000000000, 0.9139124367673088223, 1.000000000000000000) ) ) 
 REPRESENTATION_ITEM ( '' )  SURFACE ( )  );
#3836 = CARTESIAN_POINT ( 'NONE',  ( -4.146494224938296114, -3.874999999999998224, 0.000000000000000000 ) ) ;
#3837 = ADVANCED_FACE ( 'NONE', ( #3084 ), #4133, .T. ) ;
#3838 = SURFACE_SIDE_STYLE ('',( #3429 ) ) ;
#3839 = SURFACE_SIDE_STYLE ('',( #391 ) ) ;
#3840 = FACE_OUTER_BOUND ( 'NONE', #3574, .T. ) ;
#3841 = SURFACE_STYLE_USAGE ( .BOTH. , #3775 ) ;
#3842 = LINE ( 'NONE', #1051, #2420 ) ;
#3843 = UNCERTAINTY_MEASURE_WITH_UNIT (LENGTH_MEASURE( 1.000000000000000082E-05 ), #3141, 'distance_accuracy_value', 'NONE');
#3844 = PRESENTATION_LAYER_ASSIGNMENT (  '', '', ( #3699 ) ) ;
#3845 = DIRECTION ( 'NONE',  ( 1.000000000000000000, -0.000000000000000000, -0.000000000000000000 ) ) ;
#3846 = COLOUR_RGB ( '',0.8431372549019607865, 0.8431372549019607865, 0.8431372549019607865 ) ;
#3847 = DIRECTION ( 'NONE',  ( 1.000000000000000000, 0.000000000000000000, 0.000000000000000000 ) ) ;
#3848 = ORIENTED_EDGE ( 'NONE', *, *, #4117, .F. ) ;
#3849 =( GEOMETRIC_REPRESENTATION_CONTEXT ( 3 ) GLOBAL_UNCERTAINTY_ASSIGNED_CONTEXT ( ( #3947 ) ) GLOBAL_UNIT_ASSIGNED_CONTEXT ( ( #2345, #2610, #4282 ) ) REPRESENTATION_CONTEXT ( 'NONE', 'WORKASPACE' ) );
#3850 = TOROIDAL_SURFACE ( 'NONE', #3562, 1.737499999999999822, 0.07499999999999999722 ) ;
#3851 = SURFACE_SIDE_STYLE ('',( #1772 ) ) ;
#3852 = DIRECTION ( 'NONE',  ( 0.000000000000000000, 0.000000000000000000, -1.000000000000000000 ) ) ;
#3853 = LINE ( 'NONE', #751, #2948 ) ;
#3854 = STYLED_ITEM ( 'NONE', ( #4057 ), #3926 ) ;
#3855 = VECTOR ( 'NONE', #2347, 1000.000000000000000 ) ;
#3856 = VERTEX_POINT ( 'NONE', #406 ) ;
#3857 = UNCERTAINTY_MEASURE_WITH_UNIT (LENGTH_MEASURE( 1.000000000000000082E-05 ), #2724, 'distance_accuracy_value', 'NONE');
#3858 = SURFACE_STYLE_FILL_AREA ( #2471 ) ;
#3859 =( LENGTH_UNIT ( ) NAMED_UNIT ( * ) SI_UNIT ( .MILLI., .METRE. ) );
#3860 = EDGE_CURVE ( 'NONE', #1918, #2431, #3271, .T. ) ;
#3861 =( NAMED_UNIT ( * ) SI_UNIT ( $, .STERADIAN. ) SOLID_ANGLE_UNIT ( ) );
#3862 =( LENGTH_UNIT ( ) NAMED_UNIT ( * ) SI_UNIT ( .MILLI., .METRE. ) );
#3863 =( LENGTH_UNIT ( ) NAMED_UNIT ( * ) SI_UNIT ( .MILLI., .METRE. ) );
#3864 = EDGE_CURVE ( 'NONE', #1487, #1456, #734, .T. ) ;
#3865 = DIRECTION ( 'NONE',  ( 1.000000000000000000, -0.000000000000000000, -0.000000000000000000 ) ) ;
#3866 = CARTESIAN_POINT ( 'NONE',  ( -5.554918791822923474, 3.407316617726019015, -1.215285391311694552 ) ) ;
#3867 = DIRECTION ( 'NONE',  ( 0.000000000000000000, -1.000000000000000000, 0.000000000000000000 ) ) ;
#3868 = EDGE_LOOP ( 'NONE', ( #3261, #4084, #833, #429 ) ) ;
#3869 = LINE ( 'NONE', #2411, #35 ) ;
#3870 = CARTESIAN_POINT ( 'NONE',  ( -6.974999999999996980, 0.2500000000000017208, -1.239999999999999991 ) ) ;
#3871 = EDGE_CURVE ( 'NONE', #1918, #4420, #750, .T. ) ;
#3872 = SURFACE_STYLE_FILL_AREA ( #2551 ) ;
#3873 = EDGE_LOOP ( 'NONE', ( #1160, #1582, #162, #4287 ) ) ;
#3874 = LINE ( 'NONE', #4292, #2512 ) ;
#3875 = PRESENTATION_STYLE_ASSIGNMENT (( #4194 ) ) ;
#3876 = PRESENTATION_LAYER_ASSIGNMENT (  '', '', ( #768 ) ) ;
#3877 = SURFACE_SIDE_STYLE ('',( #1109 ) ) ;
#3878 = ORIENTED_EDGE ( 'NONE', *, *, #1774, .F. ) ;
#3879 = FACE_OUTER_BOUND ( 'NONE', #1900, .T. ) ;
#3880 = PRESENTATION_LAYER_ASSIGNMENT (  '', '', ( #3800 ) ) ;
#3881 = DIRECTION ( 'NONE',  ( -1.000000000000000000, 0.000000000000000000, -0.000000000000000000 ) ) ;
#3882 =( NAMED_UNIT ( * ) SI_UNIT ( $, .STERADIAN. ) SOLID_ANGLE_UNIT ( ) );
#3883 = PLANE ( 'NONE',  #228 ) ;
#3884 = PLANE ( 'NONE',  #3924 ) ;
#3885 = LINE ( 'NONE', #2236, #3958 ) ;
#3886 = PRESENTATION_LAYER_ASSIGNMENT (  '', '', ( #2718 ) ) ;
#3887 = MECHANICAL_DESIGN_GEOMETRIC_PRESENTATION_REPRESENTATION (  '', ( #3517 ), #3300 ) ;
#3888 = STYLED_ITEM ( 'NONE', ( #631 ), #1228 ) ;
#3889 = CARTESIAN_POINT ( 'NONE',  ( -5.554999999999997051, 0.3250000000000017319, -1.165000000000000036 ) ) ;
#3890 = CARTESIAN_POINT ( 'NONE',  ( -1.994999999999997664, -7.299999999999998934, 0.2050000000000001821 ) ) ;
#3891 = CARTESIAN_POINT ( 'NONE',  ( 2.495000000000002327, -7.299999999999998934, 0.2050000000000001821 ) ) ;
#3892 = ORIENTED_EDGE ( 'NONE', *, *, #3833, .F. ) ;
#3893 = AXIS2_PLACEMENT_3D ( 'NONE', #4086, #2351, #1586 ) ;
#3894 = SURFACE_SIDE_STYLE ('',( #1812 ) ) ;
#3895 = EDGE_CURVE ( 'NONE', #2626, #2803, #69, .T. ) ;
#3896 = UNCERTAINTY_MEASURE_WITH_UNIT (LENGTH_MEASURE( 1.000000000000000082E-05 ), #551, 'distance_accuracy_value', 'NONE');
#3897 = FILL_AREA_STYLE_COLOUR ( '', #4189 ) ;
#3898 = PRESENTATION_LAYER_ASSIGNMENT (  '', '', ( #1139 ) ) ;
#3899 = CARTESIAN_POINT ( 'NONE',  ( 0.000000000000000000, -7.299999999999998934, 0.000000000000000000 ) ) ;
#3900 = ORIENTED_EDGE ( 'NONE', *, *, #1179, .T. ) ;
#3901 = ORIENTED_EDGE ( 'NONE', *, *, #3390, .T. ) ;
#3902 = ADVANCED_FACE ( 'NONE', ( #1398 ), #2468, .T. ) ;
#3903 = AXIS2_PLACEMENT_3D ( 'NONE', #2389, #4477, #3363 ) ;
#3904 =( NAMED_UNIT ( * ) PLANE_ANGLE_UNIT ( ) SI_UNIT ( $, .RADIAN. ) );
#3905 = AXIS2_PLACEMENT_3D ( 'NONE', #1356, #259, #2681 ) ;
#3906 = ORIENTED_EDGE ( 'NONE', *, *, #2154, .T. ) ;
#3907 = UNCERTAINTY_MEASURE_WITH_UNIT (LENGTH_MEASURE( 1.000000000000000082E-05 ), #851, 'distance_accuracy_value', 'NONE');
#3908 = CIRCLE ( 'NONE', #1499, 0.07500000000000041356 ) ;
#3909 =( NAMED_UNIT ( * ) SI_UNIT ( $, .STERADIAN. ) SOLID_ANGLE_UNIT ( ) );
#3910 = DIRECTION ( 'NONE',  ( 0.000000000000000000, 0.000000000000000000, 1.000000000000000000 ) ) ;
#3911 = FILL_AREA_STYLE ('',( #1136 ) ) ;
#3912 = COLOUR_RGB ( '',0.000000000000000000, 0.7529411764705882248, 0.000000000000000000 ) ;
#3913 = CARTESIAN_POINT ( 'NONE',  ( -6.849999999999998757, 4.299999999999999822, 1.239999999999999991 ) ) ;
#3914 = TOROIDAL_SURFACE ( 'NONE', #3257, 0.9749999999999999778, 0.07499999999999999722 ) ;
#3915 =( LENGTH_UNIT ( ) NAMED_UNIT ( * ) SI_UNIT ( .MILLI., .METRE. ) );
#3916 = VERTEX_POINT ( 'NONE', #3467 ) ;
#3917 = MECHANICAL_DESIGN_GEOMETRIC_PRESENTATION_REPRESENTATION (  '', ( #509 ), #2159 ) ;
#3918 = DIRECTION ( 'NONE',  ( 0.000000000000000000, -0.000000000000000000, -1.000000000000000000 ) ) ;
#3919 = LINE ( 'NONE', #2777, #129 ) ;
#3920 = CARTESIAN_POINT ( 'NONE',  ( -6.849999999999996980, -4.299999999999999822, -1.239999999999999991 ) ) ;
#3921 = ORIENTED_EDGE ( 'NONE', *, *, #2218, .T. ) ;
#3922 = ORIENTED_EDGE ( 'NONE', *, *, #4092, .F. ) ;
#3923 = DIRECTION ( 'NONE',  ( 0.000000000000000000, 1.000000000000000000, -0.000000000000000000 ) ) ;
#3924 = AXIS2_PLACEMENT_3D ( 'NONE', #3836, #731, #3542 ) ;
#3925 = DIRECTION ( 'NONE',  ( 0.000000000000000000, -1.747203500983834616E-15, -1.000000000000000000 ) ) ;
#3926 = ADVANCED_FACE ( 'NONE', ( #3174 ), #2807, .F. ) ;
#3927 = ORIENTED_EDGE ( 'NONE', *, *, #1274, .F. ) ;
#3928 = MECHANICAL_DESIGN_GEOMETRIC_PRESENTATION_REPRESENTATION (  '', ( #3699 ), #1733 ) ;
#3929 = CIRCLE ( 'NONE', #3703, 1.739118706646819668 ) ;
#3930 =( LENGTH_UNIT ( ) NAMED_UNIT ( * ) SI_UNIT ( .MILLI., .METRE. ) );
#3931 = AXIS2_PLACEMENT_3D ( 'NONE', #3913, #828, #2220 ) ;
#3932 = FACE_OUTER_BOUND ( 'NONE', #1656, .T. ) ;
#3933 = CIRCLE ( 'NONE', #1953, 0.9000000000000000222 ) ;
#3934 =( NAMED_UNIT ( * ) PLANE_ANGLE_UNIT ( ) SI_UNIT ( $, .RADIAN. ) );
#3935 = FILL_AREA_STYLE_COLOUR ( '', #2426 ) ;
#3936 = CARTESIAN_POINT ( 'NONE',  ( -6.974999999999996980, 3.353743151311522563, -1.165000000000000036 ) ) ;
#3937 = CARTESIAN_POINT ( 'NONE',  ( -6.974959439888468893, 0.2500405879794879160, -0.07851728806463972865 ) ) ;
#3938 = VERTEX_POINT ( 'NONE', #3394 ) ;
#3939 = SURFACE_SIDE_STYLE ('',( #3319 ) ) ;
#3940 = B_SPLINE_CURVE_WITH_KNOTS ( 'NONE', 3,
 ( #204, #3640, #540, #1248, #4356, #2665 ),
 .UNSPECIFIED., .F., .F.,
 ( 4, 2, 4 ),
 ( 0.000000000000000000, 0.5000000000000000000, 1.000000000000000000 ),
 .UNSPECIFIED. ) ;
#3941 = VERTEX_POINT ( 'NONE', #3460 ) ;
#3942 = VERTEX_POINT ( 'NONE', #329 ) ;
#3943 = PRESENTATION_STYLE_ASSIGNMENT (( #4275 ) ) ;
#3944 = FILL_AREA_STYLE_COLOUR ( '', #2326 ) ;
#3945 = DIRECTION ( 'NONE',  ( 0.000000000000000000, -1.000000000000000000, 0.000000000000000000 ) ) ;
#3946 = EDGE_LOOP ( 'NONE', ( #2349, #2056, #1249 ) ) ;
#3947 = UNCERTAINTY_MEASURE_WITH_UNIT (LENGTH_MEASURE( 1.000000000000000082E-05 ), #2345, 'distance_accuracy_value', 'NONE');
#3948 = PRESENTATION_LAYER_ASSIGNMENT (  '', '', ( #3586 ) ) ;
#3949 = FILL_AREA_STYLE_COLOUR ( '', #3220 ) ;
#3950 = FACE_OUTER_BOUND ( 'NONE', #919, .T. ) ;
#3951 = LINE ( 'NONE', #2906, #3343 ) ;
#3952 = AXIS2_PLACEMENT_3D ( 'NONE', #3788, #686, #2659 ) ;
#3953 = CYLINDRICAL_SURFACE ( 'NONE', #1053, 1.812499999999999778 ) ;
#3954 = VECTOR ( 'NONE', #4022, 1000.000000000000000 ) ;
#3955 = EDGE_CURVE ( 'NONE', #4420, #1173, #2394, .T. ) ;
#3956 = CARTESIAN_POINT ( 'NONE',  ( 6.850000000000000533, -3.919999999999999929, -0.8750000000000000000 ) ) ;
#3957 = SURFACE_STYLE_FILL_AREA ( #4349 ) ;
#3958 = VECTOR ( 'NONE', #210, 1000.000000000000000 ) ;
#3959 = AXIS2_PLACEMENT_3D ( 'NONE', #3549, #2198, #1208 ) ;
#3960 = ORIENTED_EDGE ( 'NONE', *, *, #191, .F. ) ;
#3961 = SURFACE_SIDE_STYLE ('',( #2568 ) ) ;
#3962 = COLOUR_RGB ( '',0.8431372549019607865, 0.8431372549019607865, 0.8431372549019607865 ) ;
#3963 = CARTESIAN_POINT ( 'NONE',  ( -5.904918404375646190, 3.407837283357086466, -1.215274425538417358 ) ) ;
#3964 =( GEOMETRIC_REPRESENTATION_CONTEXT ( 3 ) GLOBAL_UNCERTAINTY_ASSIGNED_CONTEXT ( ( #3843 ) ) GLOBAL_UNIT_ASSIGNED_CONTEXT ( ( #3141, #2402, #2133 ) ) REPRESENTATION_CONTEXT ( 'NONE', 'WORKASPACE' ) );
#3965 = ORIENTED_EDGE ( 'NONE', *, *, #4171, .F. ) ;
#3966 = COLOUR_RGB ( '',0.2862745098039215508, 0.2862745098039215508, 0.2862745098039215508 ) ;
#3967 = CARTESIAN_POINT ( 'NONE',  ( 0.000000000000000000, -0.2499999999999982792, -1.239999999999999991 ) ) ;
#3968 = CARTESIAN_POINT ( 'NONE',  ( -7.049999999999997158, -3.799999999999998046, 1.165000000000000036 ) ) ;
#3969 = ORIENTED_EDGE ( 'NONE', *, *, #712, .T. ) ;
#3970 = PRESENTATION_LAYER_ASSIGNMENT (  '', '', ( #498 ) ) ;
#3971 =( NAMED_UNIT ( * ) PLANE_ANGLE_UNIT ( ) SI_UNIT ( $, .RADIAN. ) );
#3972 = EDGE_CURVE ( 'NONE', #3942, #4263, #1366, .T. ) ;
#3973 = VECTOR ( 'NONE', #3351, 1000.000000000000000 ) ;
#3974 = SURFACE_SIDE_STYLE ('',( #3290 ) ) ;
#3975 =( NAMED_UNIT ( * ) PLANE_ANGLE_UNIT ( ) SI_UNIT ( $, .RADIAN. ) );
#3976 = CARTESIAN_POINT ( 'NONE',  ( -5.554960688272311486, 0.2508086376864081535, -0.07848401549605900362 ) ) ;
#3977 = STYLED_ITEM ( 'NONE', ( #1859 ), #2452 ) ;
#3978 = EDGE_CURVE ( 'NONE', #1173, #3175, #3711, .T. ) ;
#3979 = DIRECTION ( 'NONE',  ( 0.000000000000000000, 0.000000000000000000, 1.000000000000000000 ) ) ;
#3980 = ORIENTED_EDGE ( 'NONE', *, *, #2359, .F. ) ;
#3981 = SURFACE_SIDE_STYLE ('',( #2201 ) ) ;
#3982 = CARTESIAN_POINT ( 'NONE',  ( -7.049999999999997158, 0.000000000000000000, 0.000000000000000000 ) ) ;
#3983 = AXIS2_PLACEMENT_3D ( 'NONE', #4066, #317, #278 ) ;
#3984 = ORIENTED_EDGE ( 'NONE', *, *, #3135, .F. ) ;
#3985 = DIRECTION ( 'NONE',  ( 0.000000000000000000, -1.000000000000000000, 0.000000000000000000 ) ) ;
#3986 = SURFACE_STYLE_USAGE ( .BOTH. , #524 ) ;
#3987 = ORIENTED_EDGE ( 'NONE', *, *, #4007, .T. ) ;
#3988 = AXIS2_PLACEMENT_3D ( 'NONE', #342, #1688, #1359 ) ;
#3989 = PLANE ( 'NONE',  #1721 ) ;
#3990 = SURFACE_STYLE_FILL_AREA ( #2585 ) ;
#3991 = PRESENTATION_LAYER_ASSIGNMENT (  '', '', ( #3052 ) ) ;
#3992 = PRESENTATION_LAYER_ASSIGNMENT (  '', '', ( #741 ) ) ;
#3993 = FACE_OUTER_BOUND ( 'NONE', #2601, .T. ) ;
#3994 = ADVANCED_FACE ( 'NONE', ( #616 ), #273, .T. ) ;
#3995 = MECHANICAL_DESIGN_GEOMETRIC_PRESENTATION_REPRESENTATION (  '', ( #2403 ), #1523 ) ;
#3996 = VECTOR ( 'NONE', #556, 1000.000000000000000 ) ;
#3997 =( LENGTH_UNIT ( ) NAMED_UNIT ( * ) SI_UNIT ( .MILLI., .METRE. ) );
#3998 = LINE ( 'NONE', #874, #2827 ) ;
#3999 = ORIENTED_EDGE ( 'NONE', *, *, #2620, .T. ) ;
#4000 = COLOUR_RGB ( '',1.000000000000000000, 0.000000000000000000, 0.000000000000000000 ) ;
#4001 = DIRECTION ( 'NONE',  ( 0.000000000000000000, 0.000000000000000000, -1.000000000000000000 ) ) ;
#4002 = ADVANCED_FACE ( 'NONE', ( #3779 ), #2144, .F. ) ;
#4003 = SURFACE_STYLE_FILL_AREA ( #3007 ) ;
#4004 = SURFACE_STYLE_FILL_AREA ( #2371 ) ;
#4005 = VERTEX_POINT ( 'NONE', #2909 ) ;
#4006 = ORIENTED_EDGE ( 'NONE', *, *, #2586, .F. ) ;
#4007 = EDGE_CURVE ( 'NONE', #3458, #619, #123, .T. ) ;
#4008 = DIRECTION ( 'NONE',  ( -2.017120320903264195E-16, 1.000000000000000000, 0.000000000000000000 ) ) ;
#4009 = LINE ( 'NONE', #2013, #1811 ) ;
#4010 = DIRECTION ( 'NONE',  ( 0.000000000000000000, 1.000000000000000000, 0.000000000000000000 ) ) ;
#4011 = VERTEX_POINT ( 'NONE', #1870 ) ;
#4012 =( NAMED_UNIT ( * ) SI_UNIT ( $, .STERADIAN. ) SOLID_ANGLE_UNIT ( ) );
#4013 =( LENGTH_UNIT ( ) NAMED_UNIT ( * ) SI_UNIT ( .MILLI., .METRE. ) );
#4014 = DIRECTION ( 'NONE',  ( 0.000000000000000000, -0.000000000000000000, 1.000000000000000000 ) ) ;
#4015 = CLOSED_SHELL ( 'NONE', ( #3639, #2278, #521, #1716, #1148, #1228, #3720, #2863, #4429, #1440, #1930, #1744, #1824, #3496, #2952, #1065, #180, #2641, #3302, #2754, #955, #566, #1799, #700, #1164, #738, #991, #1396, #1036, #4237, #788, #849, #3837, #4113, #2898, #3717 ) ) ;
#4016 = CYLINDRICAL_SURFACE ( 'NONE', #2881, 0.07499999999999998335 ) ;
#4017 = DIRECTION ( 'NONE',  ( 0.000000000000000000, 0.000000000000000000, -1.000000000000000000 ) ) ;
#4018 =( NAMED_UNIT ( * ) PLANE_ANGLE_UNIT ( ) SI_UNIT ( $, .RADIAN. ) );
#4019 = CARTESIAN_POINT ( 'NONE',  ( -5.479999999999996874, -0.7734378409091344775, -1.239999999999999991 ) ) ;
#4020 = AXIS2_PLACEMENT_3D ( 'NONE', #3121, #3401, #4129 ) ;
#4021 = ORIENTED_EDGE ( 'NONE', *, *, #2338, .T. ) ;
#4022 = DIRECTION ( 'NONE',  ( 1.000000000000000000, -0.000000000000000000, -0.000000000000000000 ) ) ;
#4023 = CARTESIAN_POINT ( 'NONE',  ( -2.504999999999997673, -7.299999999999998934, 0.2050000000000001821 ) ) ;
#4024 = CARTESIAN_POINT ( 'NONE',  ( -8.569999999999998508, -4.679999999999999716, -0.8750000000000000000 ) ) ;
#4025 = AXIS2_PLACEMENT_3D ( 'NONE', #3722, #630, #897 ) ;
#4026 = EDGE_CURVE ( 'NONE', #4149, #1269, #2329, .T. ) ;
#4027 = CARTESIAN_POINT ( 'NONE',  ( 6.850000000000000533, 4.299999999999999822, 1.239999999999999991 ) ) ;
#4028 = ORIENTED_EDGE ( 'NONE', *, *, #3249, .F. ) ;
#4029 = VECTOR ( 'NONE', #1747, 1000.000000000000000 ) ;
#4030 = VERTEX_POINT ( 'NONE', #3956 ) ;
#4031 = DIRECTION ( 'NONE',  ( 0.000000000000000000, 1.000000000000000000, -0.000000000000000000 ) ) ;
#4032 =( NAMED_UNIT ( * ) SI_UNIT ( $, .STERADIAN. ) SOLID_ANGLE_UNIT ( ) );
#4033 = EDGE_CURVE ( 'NONE', #471, #875, #3197, .T. ) ;
#4034 = ORIENTED_EDGE ( 'NONE', *, *, #705, .F. ) ;
#4035 = STYLED_ITEM ( 'NONE', ( #4076 ), #1716 ) ;
#4036 = LINE ( 'NONE', #4064, #2702 ) ;
#4037 = FACE_OUTER_BOUND ( 'NONE', #538, .T. ) ;
#4038 = SURFACE_SIDE_STYLE ('',( #2356 ) ) ;
#4039 = CARTESIAN_POINT ( 'NONE',  ( -5.554999999999997051, 0.3250000000000017319, 0.000000000000000000 ) ) ;
#4040 = CARTESIAN_POINT ( 'NONE',  ( -5.554960688272568170, 0.2508086381604333059, 0.07848401547552269486 ) ) ;
#4041 = VECTOR ( 'NONE', #3380, 1000.000000000000000 ) ;
#4042 = DIRECTION ( 'NONE',  ( 0.000000000000000000, 0.000000000000000000, -1.000000000000000000 ) ) ;
#4043 = CARTESIAN_POINT ( 'NONE',  ( 3.005000000000002558, -3.919999999999999929, 0.2050000000000002098 ) ) ;
#4044 = DIRECTION ( 'NONE',  ( 0.000000000000000000, 0.000000000000000000, 1.000000000000000000 ) ) ;
#4045 = CARTESIAN_POINT ( 'NONE',  ( -7.124999999999997335, -2.307774158913503015, 0.000000000000000000 ) ) ;
#4046 = LINE ( 'NONE', #2615, #4137 ) ;
#4047 = PRESENTATION_LAYER_ASSIGNMENT (  '', '', ( #4346 ) ) ;
#4048 = ORIENTED_EDGE ( 'NONE', *, *, #1113, .T. ) ;
#4049 = SURFACE_STYLE_FILL_AREA ( #4393 ) ;
#4050 =( GEOMETRIC_REPRESENTATION_CONTEXT ( 3 ) GLOBAL_UNCERTAINTY_ASSIGNED_CONTEXT ( ( #1488 ) ) GLOBAL_UNIT_ASSIGNED_CONTEXT ( ( #921, #2296, #2938 ) ) REPRESENTATION_CONTEXT ( 'NONE', 'WORKASPACE' ) );
#4051 = FACE_OUTER_BOUND ( 'NONE', #2936, .T. ) ;
#4052 = CARTESIAN_POINT ( 'NONE',  ( -6.974918791823103703, 2.062500000000001332, 0.000000000000000000 ) ) ;
#4053 = CARTESIAN_POINT ( 'NONE',  ( 6.850000000000000533, 4.299999999999999822, -1.239999999999999991 ) ) ;
#4054 = ORIENTED_EDGE ( 'NONE', *, *, #133, .F. ) ;
#4055 = STYLED_ITEM ( 'NONE', ( #3291 ), #2697 ) ;
#4056 = ORIENTED_EDGE ( 'NONE', *, *, #1762, .F. ) ;
#4057 = PRESENTATION_STYLE_ASSIGNMENT (( #4196 ) ) ;
#4058 = EDGE_CURVE ( 'NONE', #2967, #2016, #487, .T. ) ;
#4059 = CARTESIAN_POINT ( 'NONE',  ( -5.479999999999996874, -0.7734378409091344775, -1.165000000000000036 ) ) ;
#4060 = PRESENTATION_LAYER_ASSIGNMENT (  '', '', ( #586 ) ) ;
#4061 = DIRECTION ( 'NONE',  ( 0.000000000000000000, 0.000000000000000000, -1.000000000000000000 ) ) ;
#4062 = ORIENTED_EDGE ( 'NONE', *, *, #1334, .F. ) ;
#4063 =( GEOMETRIC_REPRESENTATION_CONTEXT ( 3 ) GLOBAL_UNCERTAINTY_ASSIGNED_CONTEXT ( ( #1131 ) ) GLOBAL_UNIT_ASSIGNED_CONTEXT ( ( #363, #2141, #4012 ) ) REPRESENTATION_CONTEXT ( 'NONE', 'WORKASPACE' ) );
#4064 = CARTESIAN_POINT ( 'NONE',  ( -5.479999999999996874, 0.000000000000000000, -1.239999999999999991 ) ) ;
#4065 = EDGE_CURVE ( 'NONE', #2687, #3175, #4370, .T. ) ;
#4066 = CARTESIAN_POINT ( 'NONE',  ( -6.974999999999996980, 0.3250000000000017319, 1.165000000000000036 ) ) ;
#4067 =( NAMED_UNIT ( * ) PLANE_ANGLE_UNIT ( ) SI_UNIT ( $, .RADIAN. ) );
#4068 = SURFACE_SIDE_STYLE ('',( #2680 ) ) ;
#4069 = STYLED_ITEM ( 'NONE', ( #2476 ), #3672 ) ;
#4070 = FACE_OUTER_BOUND ( 'NONE', #1536, .T. ) ;
#4071 = ORIENTED_EDGE ( 'NONE', *, *, #4344, .T. ) ;
#4072 = DIRECTION ( 'NONE',  ( -0.000000000000000000, -1.000000000000000000, 3.995646406333246751E-12 ) ) ;
#4073 = AXIS2_PLACEMENT_3D ( 'NONE', #1087, #1421, #2490 ) ;
#4074 = PRESENTATION_LAYER_ASSIGNMENT (  '', '', ( #3413 ) ) ;
#4075 = CARTESIAN_POINT ( 'NONE',  ( -7.049999999999997158, 0.2500000000000017208, 1.165000000000000036 ) ) ;
#4076 = PRESENTATION_STYLE_ASSIGNMENT (( #4418 ) ) ;
#4077 =( NAMED_UNIT ( * ) PLANE_ANGLE_UNIT ( ) SI_UNIT ( $, .RADIAN. ) );
#4078 =( GEOMETRIC_REPRESENTATION_CONTEXT ( 3 ) GLOBAL_UNCERTAINTY_ASSIGNED_CONTEXT ( ( #2582 ) ) GLOBAL_UNIT_ASSIGNED_CONTEXT ( ( #4184, #81, #59 ) ) REPRESENTATION_CONTEXT ( 'NONE', 'WORKASPACE' ) );
#4079 = SURFACE_SIDE_STYLE ('',( #613 ) ) ;
#4080 = ORIENTED_EDGE ( 'NONE', *, *, #2242, .T. ) ;
#4081 = ORIENTED_EDGE ( 'NONE', *, *, #4316, .F. ) ;
#4082 = VECTOR ( 'NONE', #3447, 1000.000000000000000 ) ;
#4083 = CARTESIAN_POINT ( 'NONE',  ( -5.554999999999997051, -0.7734378409091342554, 1.165000000000000036 ) ) ;
#4084 = ORIENTED_EDGE ( 'NONE', *, *, #3504, .F. ) ;
#4085 = FILL_AREA_STYLE ('',( #1954 ) ) ;
#4086 = CARTESIAN_POINT ( 'NONE',  ( -7.049999999999997158, 0.000000000000000000, -1.239999999999999991 ) ) ;
#4087 = CARTESIAN_POINT ( 'NONE',  ( -2.504999999999997673, -3.919999999999999929, 0.2050000000000001821 ) ) ;
#4088 = FILL_AREA_STYLE ('',( #597 ) ) ;
#4089 = FILL_AREA_STYLE ('',( #3333 ) ) ;
#4090 = DIRECTION ( 'NONE',  ( 1.000000000000000000, 1.582776894139421947E-16, 0.000000000000000000 ) ) ;
#4091 = CARTESIAN_POINT ( 'NONE',  ( -6.424919399964831968, 3.408610639006776299, 1.215258143471107388 ) ) ;
#4092 = EDGE_CURVE ( 'NONE', #1126, #3737, #1310, .T. ) ;
#4093 = CARTESIAN_POINT ( 'NONE',  ( -6.974999999999996980, 0.000000000000000000, 1.239999999999999991 ) ) ;
#4094 = DIRECTION ( 'NONE',  ( 0.000000000000000000, 0.000000000000000000, -1.000000000000000000 ) ) ;
#4095 = FACE_OUTER_BOUND ( 'NONE', #2694, .T. ) ;
#4096 = PRESENTATION_LAYER_ASSIGNMENT (  '', '', ( #3739 ) ) ;
#4097 = LINE ( 'NONE', #2667, #638 ) ;
#4098 = ORIENTED_EDGE ( 'NONE', *, *, #2242, .F. ) ;
#4099 = EDGE_LOOP ( 'NONE', ( #1481, #547, #290 ) ) ;
#4100 = PRESENTATION_LAYER_ASSIGNMENT (  '', '', ( #2787 ) ) ;
#4101 = SURFACE_STYLE_USAGE ( .BOTH. , #1296 ) ;
#4102 = LINE ( 'NONE', #2778, #3462 ) ;
#4103 = PRESENTATION_STYLE_ASSIGNMENT (( #1324 ) ) ;
#4104 = CIRCLE ( 'NONE', #2126, 0.07500000000000041356 ) ;
#4105 = AXIS2_PLACEMENT_3D ( 'NONE', #2587, #3356, #2240 ) ;
#4106 = ORIENTED_EDGE ( 'NONE', *, *, #13, .F. ) ;
#4107 =( NAMED_UNIT ( * ) PLANE_ANGLE_UNIT ( ) SI_UNIT ( $, .RADIAN. ) );
#4108 =( NAMED_UNIT ( * ) PLANE_ANGLE_UNIT ( ) SI_UNIT ( $, .RADIAN. ) );
#4109 = MECHANICAL_DESIGN_GEOMETRIC_PRESENTATION_REPRESENTATION (  '', ( #1556 ), #4260 ) ;
#4110 = DIRECTION ( 'NONE',  ( 0.000000000000000000, 0.000000000000000000, 1.000000000000000000 ) ) ;
#4111 = CARTESIAN_POINT ( 'NONE',  ( -5.554999999999997051, -0.7734378409091344775, -1.165000000000000036 ) ) ;
#4112 = PRESENTATION_LAYER_ASSIGNMENT (  '', '', ( #2516 ) ) ;
#4113 = ADVANCED_FACE ( 'NONE', ( #2192 ), #2563, .T. ) ;
#4114 = SPHERICAL_SURFACE ( 'NONE', #434, 0.07499999999999999722 ) ;
#4115 =( LENGTH_UNIT ( ) NAMED_UNIT ( * ) SI_UNIT ( .MILLI., .METRE. ) );
#4116 = SURFACE_SIDE_STYLE ('',( #4395 ) ) ;
#4117 = EDGE_CURVE ( 'NONE', #752, #572, #2885, .T. ) ;
#4118 = DIRECTION ( 'NONE',  ( 1.000000000000000000, 0.000000000000000000, -0.000000000000000000 ) ) ;
#4119 = SURFACE_STYLE_FILL_AREA ( #3092 ) ;
#4120 = ORIENTED_EDGE ( 'NONE', *, *, #4199, .T. ) ;
#4121 = LINE ( 'NONE', #3434, #2037 ) ;
#4122 = UNCERTAINTY_MEASURE_WITH_UNIT (LENGTH_MEASURE( 1.000000000000000082E-05 ), #3430, 'distance_accuracy_value', 'NONE');
#4123 =( GEOMETRIC_REPRESENTATION_CONTEXT ( 3 ) GLOBAL_UNCERTAINTY_ASSIGNED_CONTEXT ( ( #2492 ) ) GLOBAL_UNIT_ASSIGNED_CONTEXT ( ( #4147, #2691, #1990 ) ) REPRESENTATION_CONTEXT ( 'NONE', 'WORKASPACE' ) );
#4124 = DIRECTION ( 'NONE',  ( 1.000000000000000000, 0.000000000000000000, 0.000000000000000000 ) ) ;
#4125 = PRESENTATION_STYLE_ASSIGNMENT (( #2346 ) ) ;
#4126 = PRESENTATION_LAYER_ASSIGNMENT (  '', '', ( #866 ) ) ;
#4127 = ORIENTED_EDGE ( 'NONE', *, *, #4377, .T. ) ;
#4128 = AXIS2_PLACEMENT_3D ( 'NONE', #3889, #80, #2455 ) ;
#4129 = DIRECTION ( 'NONE',  ( 0.000000000000000000, -0.7419062786134473786, -0.6705035971223017865 ) ) ;
#4130 = LINE ( 'NONE', #4385, #4369 ) ;
#4131 = CARTESIAN_POINT ( 'NONE',  ( 4.995000000000001883, -7.299999999999998934, -0.2049999999999997935 ) ) ;
#4132 = PRESENTATION_STYLE_ASSIGNMENT (( #1558 ) ) ;
#4133 = CYLINDRICAL_SURFACE ( 'NONE', #2086, 0.07499999999999998335 ) ;
#4134 = CARTESIAN_POINT ( 'NONE',  ( -5.554999999999997051, 3.351671556616683478, 1.239999999999999991 ) ) ;
#4135 = DIRECTION ( 'NONE',  ( 1.000000000000000000, 0.000000000000000000, 0.000000000000000000 ) ) ;
#4136 = FILL_AREA_STYLE ('',( #2424 ) ) ;
#4137 = VECTOR ( 'NONE', #3339, 1000.000000000000000 ) ;
#4138 = DIRECTION ( 'NONE',  ( 0.000000000000000000, -1.000000000000000000, 0.000000000000000000 ) ) ;
#4139 = SURFACE_STYLE_USAGE ( .BOTH. , #3051 ) ;
#4140 = AXIS2_PLACEMENT_3D ( 'NONE', #826, #192, #3311 ) ;
#4141 = ORIENTED_EDGE ( 'NONE', *, *, #72, .T. ) ;
#4142 = AXIS2_PLACEMENT_3D ( 'NONE', #2035, #2760, #4154 ) ;
#4143 = LINE ( 'NONE', #3162, #1616 ) ;
#4144 = EDGE_CURVE ( 'NONE', #4190, #3194, #1554, .T. ) ;
#4145 =( NAMED_UNIT ( * ) PLANE_ANGLE_UNIT ( ) SI_UNIT ( $, .RADIAN. ) );
#4146 = COLOUR_RGB ( '',0.000000000000000000, 0.7529411764705882248, 0.000000000000000000 ) ;
#4147 =( LENGTH_UNIT ( ) NAMED_UNIT ( * ) SI_UNIT ( .MILLI., .METRE. ) );
#4148 =( GEOMETRIC_REPRESENTATION_CONTEXT ( 3 ) GLOBAL_UNCERTAINTY_ASSIGNED_CONTEXT ( ( #3627 ) ) GLOBAL_UNIT_ASSIGNED_CONTEXT ( ( #2121, #786, #3653 ) ) REPRESENTATION_CONTEXT ( 'NONE', 'WORKASPACE' ) );
#4149 = VERTEX_POINT ( 'NONE', #3571 ) ;
#4150 = AXIS2_PLACEMENT_3D ( 'NONE', #24, #1423, #1446 ) ;
#4151 = EDGE_CURVE ( 'NONE', #3583, #1126, #4368, .T. ) ;
#4152 =( NAMED_UNIT ( * ) SI_UNIT ( $, .STERADIAN. ) SOLID_ANGLE_UNIT ( ) );
#4153 = AXIS2_PLACEMENT_3D ( 'NONE', #142, #2493, #1888 ) ;
#4154 = DIRECTION ( 'NONE',  ( 0.000000000000000000, 0.000000000000000000, 1.000000000000000000 ) ) ;
#4155 = SURFACE_STYLE_FILL_AREA ( #3102 ) ;
#4156 =( NAMED_UNIT ( * ) SI_UNIT ( $, .STERADIAN. ) SOLID_ANGLE_UNIT ( ) );
#4157 = ORIENTED_EDGE ( 'NONE', *, *, #1629, .F. ) ;
#4158 = SURFACE_STYLE_USAGE ( .BOTH. , #729 ) ;
#4159 = CARTESIAN_POINT ( 'NONE',  ( -6.974999999999996980, -3.799999999999998046, -1.165000000000000036 ) ) ;
#4160 = CARTESIAN_POINT ( 'NONE',  ( -5.535297383936262250, 0.2516630638752856419, -0.07901396974077663782 ) ) ;
#4161 = CARTESIAN_POINT ( 'NONE',  ( -5.778252401535199034, 3.407648874080726920, 1.215278393059768147 ) ) ;
#4162 = SURFACE_SIDE_STYLE ('',( #2067 ) ) ;
#4163 = DIRECTION ( 'NONE',  ( -0.000000000000000000, 0.000000000000000000, -1.000000000000000000 ) ) ;
#4164 = SPHERICAL_SURFACE ( 'NONE', #1981, 0.07499999999999999722 ) ;
#4165 = EDGE_LOOP ( 'NONE', ( #2595, #3536, #1798, #1617 ) ) ;
#4166 = CARTESIAN_POINT ( 'NONE',  ( -2.504999999999997673, -7.299999999999998934, -0.2049999999999997935 ) ) ;
#4167 = UNCERTAINTY_MEASURE_WITH_UNIT (LENGTH_MEASURE( 1.000000000000000082E-05 ), #1473, 'distance_accuracy_value', 'NONE');
#4168 = FACE_OUTER_BOUND ( 'NONE', #3391, .T. ) ;
#4169 = MECHANICAL_DESIGN_GEOMETRIC_PRESENTATION_REPRESENTATION (  '', ( #3143 ), #258 ) ;
#4170 = DIRECTION ( 'NONE',  ( 0.000000000000000000, -1.000000000000000000, 0.000000000000000000 ) ) ;
#4171 = EDGE_CURVE ( 'NONE', #2097, #3118, #527, .T. ) ;
#4172 = LINE ( 'NONE', #2462, #4029 ) ;
#4173 = AXIS2_PLACEMENT_3D ( 'NONE', #3575, #3256, #177 ) ;
#4174 = EDGE_LOOP ( 'NONE', ( #4422, #1522, #3603, #4416 ) ) ;
#4175 = MECHANICAL_DESIGN_GEOMETRIC_PRESENTATION_REPRESENTATION (  '', ( #197 ), #842 ) ;
#4176 = EDGE_CURVE ( 'NONE', #901, #3305, #4217, .T. ) ;
#4177 = ORIENTED_EDGE ( 'NONE', *, *, #1989, .T. ) ;
#4178 = UNCERTAINTY_MEASURE_WITH_UNIT (LENGTH_MEASURE( 1.000000000000000082E-05 ), #3813, 'distance_accuracy_value', 'NONE');
#4179 =( GEOMETRIC_REPRESENTATION_CONTEXT ( 3 ) GLOBAL_UNCERTAINTY_ASSIGNED_CONTEXT ( ( #1078 ) ) GLOBAL_UNIT_ASSIGNED_CONTEXT ( ( #2488, #3170, #1836 ) ) REPRESENTATION_CONTEXT ( 'NONE', 'WORKASPACE' ) );
#4180 = SURFACE_STYLE_USAGE ( .BOTH. , #387 ) ;
#4181 = MECHANICAL_DESIGN_GEOMETRIC_PRESENTATION_REPRESENTATION (  '', ( #3378 ), #781 ) ;
#4182 = STYLED_ITEM ( 'NONE', ( #1745 ), #1635 ) ;
#4183 = LINE ( 'NONE', #2430, #1502 ) ;
#4184 =( LENGTH_UNIT ( ) NAMED_UNIT ( * ) SI_UNIT ( .MILLI., .METRE. ) );
#4185 = PRESENTATION_LAYER_ASSIGNMENT (  '', '', ( #3676 ) ) ;
#4186 = ORIENTED_EDGE ( 'NONE', *, *, #4310, .T. ) ;
#4187 = CARTESIAN_POINT ( 'NONE',  ( -0.004999999999997627870, -7.299999999999998934, -0.2049999999999997935 ) ) ;
#4188 =( GEOMETRIC_REPRESENTATION_CONTEXT ( 3 ) GLOBAL_UNCERTAINTY_ASSIGNED_CONTEXT ( ( #1571 ) ) GLOBAL_UNIT_ASSIGNED_CONTEXT ( ( #4452, #2721, #3744 ) ) REPRESENTATION_CONTEXT ( 'NONE', 'WORKASPACE' ) );
#4189 = COLOUR_RGB ( '',0.2862745098039215508, 0.2862745098039215508, 0.2862745098039215508 ) ;
#4190 = VERTEX_POINT ( 'NONE', #3379 ) ;
#4191 = ADVANCED_FACE ( 'NONE', ( #4387 ), #2358, .T. ) ;
#4192 =( NAMED_UNIT ( * ) PLANE_ANGLE_UNIT ( ) SI_UNIT ( $, .RADIAN. ) );
#4193 = VECTOR ( 'NONE', #2409, 1000.000000000000000 ) ;
#4194 = SURFACE_STYLE_USAGE ( .BOTH. , #3851 ) ;
#4195 = DIRECTION ( 'NONE',  ( 1.000000000000000000, -0.000000000000000000, -0.000000000000000000 ) ) ;
#4196 = SURFACE_STYLE_USAGE ( .BOTH. , #47 ) ;
#4197 = ORIENTED_EDGE ( 'NONE', *, *, #1989, .F. ) ;
#4198 = EDGE_CURVE ( 'NONE', #822, #2915, #962, .T. ) ;
#4199 = EDGE_CURVE ( 'NONE', #1301, #3942, #2704, .T. ) ;
#4200 = DIRECTION ( 'NONE',  ( 0.000000000000000000, 0.000000000000000000, -1.000000000000000000 ) ) ;
#4201 = LINE ( 'NONE', #1378, #2806 ) ;
#4202 = APPLICATION_CONTEXT ( 'automotive_design' ) ;
#4203 = DIRECTION ( 'NONE',  ( 1.000000000000000000, 0.000000000000000000, 0.000000000000000000 ) ) ;
#4204 = PRESENTATION_LAYER_ASSIGNMENT (  '', '', ( #1652 ) ) ;
#4205 = DIRECTION ( 'NONE',  ( 1.000000000000000000, 0.000000000000000000, 0.000000000000000000 ) ) ;
#4206 = PRESENTATION_STYLE_ASSIGNMENT (( #3792 ) ) ;
#4207 = EDGE_CURVE ( 'NONE', #3034, #3414, #257, .T. ) ;
#4208 = DIRECTION ( 'NONE',  ( -1.000000000000000000, 0.000000000000000000, 0.000000000000000000 ) ) ;
#4209 = LINE ( 'NONE', #1454, #1438 ) ;
#4210 =( NAMED_UNIT ( * ) SI_UNIT ( $, .STERADIAN. ) SOLID_ANGLE_UNIT ( ) );
#4211 = ORIENTED_EDGE ( 'NONE', *, *, #1334, .T. ) ;
#4212 = SURFACE_STYLE_FILL_AREA ( #2823 ) ;
#4213 = UNCERTAINTY_MEASURE_WITH_UNIT (LENGTH_MEASURE( 1.000000000000000082E-05 ), #2860, 'distance_accuracy_value', 'NONE');
#4214 = SURFACE_SIDE_STYLE ('',( #3872 ) ) ;
#4215 = MECHANICAL_DESIGN_GEOMETRIC_PRESENTATION_REPRESENTATION (  '', ( #1662 ), #3567 ) ;
#4216 = ORIENTED_EDGE ( 'NONE', *, *, #4065, .F. ) ;
#4217 = CIRCLE ( 'NONE', #2251, 0.07499999999999996947 ) ;
#4218 = CIRCLE ( 'NONE', #599, 1.737499999999999822 ) ;
#4219 =( LENGTH_UNIT ( ) NAMED_UNIT ( * ) SI_UNIT ( .MILLI., .METRE. ) );
#4220 = LINE ( 'NONE', #2851, #1307 ) ;
#4221 = FACE_OUTER_BOUND ( 'NONE', #1776, .T. ) ;
#4222 = PRESENTATION_STYLE_ASSIGNMENT (( #2515 ) ) ;
#4223 = CARTESIAN_POINT ( 'NONE',  ( -5.554999999999997051, -3.874999999999998224, -1.239999999999999991 ) ) ;
#4224 = COLOUR_RGB ( '',0.2862745098039215508, 0.2862745098039215508, 0.2862745098039215508 ) ;
#4225 = PRESENTATION_LAYER_ASSIGNMENT (  '', '', ( #3637 ) ) ;
#4226 = ORIENTED_EDGE ( 'NONE', *, *, #4233, .F. ) ;
#4227 = UNCERTAINTY_MEASURE_WITH_UNIT (LENGTH_MEASURE( 1.000000000000000082E-05 ), #2731, 'distance_accuracy_value', 'NONE');
#4228 = CARTESIAN_POINT ( 'NONE',  ( -8.569999999999998508, -4.679999999999999716, 0.8750000000000000000 ) ) ;
#4229 = PRESENTATION_STYLE_ASSIGNMENT (( #2813 ) ) ;
#4230 = CARTESIAN_POINT ( 'NONE',  ( -5.554999999999997051, -0.7177948700131260296, 1.215287769784172855 ) ) ;
#4231 = SURFACE_STYLE_FILL_AREA ( #709 ) ;
#4232 = CARTESIAN_POINT ( 'NONE',  ( -6.974999999999996980, -3.799999999999998046, -1.165000000000000036 ) ) ;
#4233 = EDGE_CURVE ( 'NONE', #1769, #2267, #647, .T. ) ;
#4234 = LINE ( 'NONE', #2965, #3527 ) ;
#4235 = FILL_AREA_STYLE ('',( #2145 ) ) ;
#4236 = FILL_AREA_STYLE ('',( #2865 ) ) ;
#4237 = ADVANCED_FACE ( 'NONE', ( #1309 ), #976, .T. ) ;
#4238 = ORIENTED_EDGE ( 'NONE', *, *, #2510, .F. ) ;
#4239 = FILL_AREA_STYLE_COLOUR ( '', #1908 ) ;
#4240 =( LENGTH_UNIT ( ) NAMED_UNIT ( * ) SI_UNIT ( .MILLI., .METRE. ) );
#4241 =( NAMED_UNIT ( * ) PLANE_ANGLE_UNIT ( ) SI_UNIT ( $, .RADIAN. ) );
#4242 =( NAMED_UNIT ( * ) SI_UNIT ( $, .STERADIAN. ) SOLID_ANGLE_UNIT ( ) );
#4243 = ORIENTED_EDGE ( 'NONE', *, *, #2537, .T. ) ;
#4244 = EDGE_LOOP ( 'NONE', ( #3987, #896, #1058, #3260 ) ) ;
#4245 = CARTESIAN_POINT ( 'NONE',  ( -5.554999999999997051, 0.2500000000000017208, -0.07851904637053880309 ) ) ;
#4246 = DIRECTION ( 'NONE',  ( -0.000000000000000000, 0.000000000000000000, 1.000000000000000000 ) ) ;
#4247 = FILL_AREA_STYLE_COLOUR ( '', #1057 ) ;
#4248 = STYLED_ITEM ( 'NONE', ( #3806 ), #898 ) ;
#4249 = COLOUR_RGB ( '',0.2862745098039215508, 0.2862745098039215508, 0.2862745098039215508 ) ;
#4250 = ORIENTED_EDGE ( 'NONE', *, *, #3451, .T. ) ;
#4251 = SURFACE_STYLE_USAGE ( .BOTH. , #778 ) ;
#4252 =( LENGTH_UNIT ( ) NAMED_UNIT ( * ) SI_UNIT ( .MILLI., .METRE. ) );
#4253 = DIRECTION ( 'NONE',  ( -0.000000000000000000, 0.000000000000000000, 1.000000000000000000 ) ) ;
#4254 = CARTESIAN_POINT ( 'NONE',  ( -5.515851000592753017, 0.2580829822292657894, 0.07741152819161123411 ) ) ;
#4255 = FILL_AREA_STYLE ('',( #2856 ) ) ;
#4256 = VECTOR ( 'NONE', #400, 1000.000000000000000 ) ;
#4257 = PRESENTATION_LAYER_ASSIGNMENT (  '', '', ( #3736 ) ) ;
#4258 = SPHERICAL_SURFACE ( 'NONE', #989, 0.07499999999999999722 ) ;
#4259 = DIRECTION ( 'NONE',  ( 0.000000000000000000, 0.000000000000000000, -1.000000000000000000 ) ) ;
#4260 =( GEOMETRIC_REPRESENTATION_CONTEXT ( 3 ) GLOBAL_UNCERTAINTY_ASSIGNED_CONTEXT ( ( #131 ) ) GLOBAL_UNIT_ASSIGNED_CONTEXT ( ( #2858, #4067, #2263 ) ) REPRESENTATION_CONTEXT ( 'NONE', 'WORKASPACE' ) );
#4261 = PRESENTATION_STYLE_ASSIGNMENT (( #440 ) ) ;
#4262 = DIRECTION ( 'NONE',  ( 0.000000000000000000, -5.782411586589358033E-15, 1.000000000000000000 ) ) ;
#4263 = VERTEX_POINT ( 'NONE', #4134 ) ;
#4264 = VECTOR ( 'NONE', #4375, 1000.000000000000000 ) ;
#4265 = UNCERTAINTY_MEASURE_WITH_UNIT (LENGTH_MEASURE( 1.000000000000000082E-05 ), #74, 'distance_accuracy_value', 'NONE');
#4266 = EDGE_CURVE ( 'NONE', #3194, #1195, #1777, .T. ) ;
#4267 = CARTESIAN_POINT ( 'NONE',  ( -7.049999999999997158, 3.353743151311522563, 1.165000000000000036 ) ) ;
#4268 = PRESENTATION_STYLE_ASSIGNMENT (( #134 ) ) ;
#4269 = AXIS2_PLACEMENT_3D ( 'NONE', #2117, #1713, #1404 ) ;
#4270 = DIRECTION ( 'NONE',  ( -1.000000000000000000, -0.000000000000000000, -0.000000000000000000 ) ) ;
#4271 = VERTEX_POINT ( 'NONE', #1354 ) ;
#4272 = VERTEX_POINT ( 'NONE', #52 ) ;
#4273 =( GEOMETRIC_REPRESENTATION_CONTEXT ( 3 ) GLOBAL_UNCERTAINTY_ASSIGNED_CONTEXT ( ( #4122 ) ) GLOBAL_UNIT_ASSIGNED_CONTEXT ( ( #3430, #3090, #247 ) ) REPRESENTATION_CONTEXT ( 'NONE', 'WORKASPACE' ) );
#4274 = EDGE_CURVE ( 'NONE', #2803, #563, #3177, .T. ) ;
#4275 = SURFACE_STYLE_USAGE ( .BOTH. , #3508 ) ;
#4276 = EDGE_LOOP ( 'NONE', ( #3965, #3468, #1100, #4482 ) ) ;
#4277 = UNCERTAINTY_MEASURE_WITH_UNIT (LENGTH_MEASURE( 1.000000000000000082E-05 ), #3110, 'distance_accuracy_value', 'NONE');
#4278 = STYLED_ITEM ( 'NONE', ( #4268 ), #2313 ) ;
#4279 =( NAMED_UNIT ( * ) SI_UNIT ( $, .STERADIAN. ) SOLID_ANGLE_UNIT ( ) );
#4280 = STYLED_ITEM ( 'NONE', ( #2071 ), #2612 ) ;
#4281 =( LENGTH_UNIT ( ) NAMED_UNIT ( * ) SI_UNIT ( .MILLI., .METRE. ) );
#4282 =( NAMED_UNIT ( * ) SI_UNIT ( $, .STERADIAN. ) SOLID_ANGLE_UNIT ( ) );
#4283 = CARTESIAN_POINT ( 'NONE',  ( -5.554999999999997051, -0.7734378409091344775, -1.239999999999999991 ) ) ;
#4284 = VECTOR ( 'NONE', #1603, 1000.000000000000000 ) ;
#4285 = FACE_OUTER_BOUND ( 'NONE', #70, .T. ) ;
#4286 = DIRECTION ( 'NONE',  ( -0.000000000000000000, 1.000000000000000000, 5.782411586589358033E-15 ) ) ;
#4287 = ORIENTED_EDGE ( 'NONE', *, *, #546, .T. ) ;
#4288 = CARTESIAN_POINT ( 'NONE',  ( -5.554999999999997051, -3.799999999999998046, 1.165000000000000036 ) ) ;
#4289 = CARTESIAN_POINT ( 'NONE',  ( -5.704918625766335794, 3.407539765344812732, -1.215280691443565875 ) ) ;
#4290 = ORIENTED_EDGE ( 'NONE', *, *, #1281, .F. ) ;
#4291 = ORIENTED_EDGE ( 'NONE', *, *, #1327, .F. ) ;
#4292 = CARTESIAN_POINT ( 'NONE',  ( -5.479999999999996874, -0.7405483178270076960, -1.165000000000000036 ) ) ;
#4293 =( GEOMETRIC_REPRESENTATION_CONTEXT ( 3 ) GLOBAL_UNCERTAINTY_ASSIGNED_CONTEXT ( ( #3857 ) ) GLOBAL_UNIT_ASSIGNED_CONTEXT ( ( #2724, #3768, #669 ) ) REPRESENTATION_CONTEXT ( 'NONE', 'WORKASPACE' ) );
#4294 = CARTESIAN_POINT ( 'NONE',  ( -6.849999999999998757, -3.874999999999998224, 1.239999999999999991 ) ) ;
#4295 = PLANE ( 'NONE',  #692 ) ;
#4296 = EDGE_CURVE ( 'NONE', #3147, #900, #2786, .T. ) ;
#4297 = ORIENTED_EDGE ( 'NONE', *, *, #1984, .F. ) ;
#4298 = MECHANICAL_DESIGN_GEOMETRIC_PRESENTATION_REPRESENTATION (  '', ( #1457 ), #164 ) ;
#4299 = LINE ( 'NONE', #3648, #943 ) ;
#4300 = PRESENTATION_LAYER_ASSIGNMENT (  '', '', ( #1168 ) ) ;
#4301 = VECTOR ( 'NONE', #3045, 1000.000000000000000 ) ;
#4302 = CARTESIAN_POINT ( 'NONE',  ( -6.501666666303782982, 3.353052868533263453, 1.239999999999999991 ) ) ;
#4303 = SURFACE_STYLE_USAGE ( .BOTH. , #2913 ) ;
#4304 = DIRECTION ( 'NONE',  ( -1.000000000000000000, -0.000000000000000000, -0.000000000000000000 ) ) ;
#4305 = ORIENTED_EDGE ( 'NONE', *, *, #3755, .F. ) ;
#4306 =( NAMED_UNIT ( * ) SI_UNIT ( $, .STERADIAN. ) SOLID_ANGLE_UNIT ( ) );
#4307 = PLANE ( 'NONE',  #3091 ) ;
#4308 = DIRECTION ( 'NONE',  ( -1.000000000000000000, 0.000000000000000000, 0.000000000000000000 ) ) ;
#4309 = ORIENTED_EDGE ( 'NONE', *, *, #3773, .T. ) ;
#4310 = EDGE_CURVE ( 'NONE', #3213, #3737, #3646, .T. ) ;
#4311 = LINE ( 'NONE', #1578, #4327 ) ;
#4312 = DIRECTION ( 'NONE',  ( -1.000000000000000000, 0.000000000000000000, 0.000000000000000000 ) ) ;
#4313 = ORIENTED_EDGE ( 'NONE', *, *, #362, .T. ) ;
#4314 = UNCERTAINTY_MEASURE_WITH_UNIT (LENGTH_MEASURE( 1.000000000000000082E-05 ), #569, 'distance_accuracy_value', 'NONE');
#4315 = DIRECTION ( 'NONE',  ( 1.000000000000000000, 0.000000000000000000, -0.000000000000000000 ) ) ;
#4316 = EDGE_CURVE ( 'NONE', #900, #1748, #379, .T. ) ;
#4317 = MECHANICAL_DESIGN_GEOMETRIC_PRESENTATION_REPRESENTATION (  '', ( #4388 ), #3366 ) ;
#4318 = VECTOR ( 'NONE', #762, 1000.000000000000000 ) ;
#4319 = CARTESIAN_POINT ( 'NONE',  ( -6.974999999999996980, 0.3250000000000017319, -1.239999999999999991 ) ) ;
#4320 = DIRECTION ( 'NONE',  ( -0.000000000000000000, 1.000000000000000000, -0.000000000000000000 ) ) ;
#4321 = FACE_OUTER_BOUND ( 'NONE', #426, .T. ) ;
#4322 = AXIS2_PLACEMENT_3D ( 'NONE', #187, #3945, #2579 ) ;
#4323 = LINE ( 'NONE', #576, #2509 ) ;
#4324 =( GEOMETRIC_REPRESENTATION_CONTEXT ( 3 ) GLOBAL_UNCERTAINTY_ASSIGNED_CONTEXT ( ( #717 ) ) GLOBAL_UNIT_ASSIGNED_CONTEXT ( ( #2174, #1475, #2867 ) ) REPRESENTATION_CONTEXT ( 'NONE', 'WORKASPACE' ) );
#4325 =( NAMED_UNIT ( * ) SI_UNIT ( $, .STERADIAN. ) SOLID_ANGLE_UNIT ( ) );
#4326 = SURFACE_SIDE_STYLE ('',( #1892 ) ) ;
#4327 = VECTOR ( 'NONE', #536, 1000.000000000000000 ) ;
#4328 = CARTESIAN_POINT ( 'NONE',  ( -7.124999999999997335, -2.307774158913503015, 0.000000000000000000 ) ) ;
#4329 = ORIENTED_EDGE ( 'NONE', *, *, #4233, .T. ) ;
#4330 = CARTESIAN_POINT ( 'NONE',  ( -8.569999999999998508, -3.919999999999999929, -0.8750000000000000000 ) ) ;
#4331 = DIRECTION ( 'NONE',  ( 0.000000000000000000, 0.000000000000000000, 1.000000000000000000 ) ) ;
#4332 = AXIS2_PLACEMENT_3D ( 'NONE', #868, #437, #1202 ) ;
#4333 = VERTEX_POINT ( 'NONE', #3511 ) ;
#4334 = VERTEX_POINT ( 'NONE', #2764 ) ;
#4335 = MECHANICAL_DESIGN_GEOMETRIC_PRESENTATION_REPRESENTATION (  '', ( #4182 ), #2370 ) ;
#4336 = CARTESIAN_POINT ( 'NONE',  ( -5.554999999999997051, 0.000000000000000000, -1.239999999999999991 ) ) ;
#4337 =( NAMED_UNIT ( * ) PLANE_ANGLE_UNIT ( ) SI_UNIT ( $, .RADIAN. ) );
#4338 = DIRECTION ( 'NONE',  ( 0.000000000000000000, -0.000000000000000000, -1.000000000000000000 ) ) ;
#4339 =( LENGTH_UNIT ( ) NAMED_UNIT ( * ) SI_UNIT ( .MILLI., .METRE. ) );
#4340 = ORIENTED_EDGE ( 'NONE', *, *, #4026, .T. ) ;
#4341 = EDGE_CURVE ( 'NONE', #1432, #3458, #410, .T. ) ;
#4342 =( LENGTH_UNIT ( ) NAMED_UNIT ( * ) SI_UNIT ( .MILLI., .METRE. ) );
#4343 = DIRECTION ( 'NONE',  ( 1.000000000000000000, -0.000000000000000000, -0.000000000000000000 ) ) ;
#4344 = EDGE_CURVE ( 'NONE', #2915, #807, #2096, .T. ) ;
#4345 = SURFACE_STYLE_FILL_AREA ( #533 ) ;
#4346 = STYLED_ITEM ( 'NONE', ( #4125 ), #2278 ) ;
#4347 = PRESENTATION_STYLE_ASSIGNMENT (( #2951 ) ) ;
#4348 = CARTESIAN_POINT ( 'NONE',  ( -6.974999999999996980, -0.7734378409091344775, -1.165000000000000258 ) ) ;
#4349 = FILL_AREA_STYLE ('',( #535 ) ) ;
#4350 = SURFACE_SIDE_STYLE ('',( #1206 ) ) ;
#4351 = DIRECTION ( 'NONE',  ( 0.000000000000000000, 0.000000000000000000, -1.000000000000000000 ) ) ;
#4352 = EDGE_CURVE ( 'NONE', #1236, #3916, #3492, .T. ) ;
#4353 = VERTEX_POINT ( 'NONE', #2381 ) ;
#4354 = COLOUR_RGB ( '',0.000000000000000000, 0.7529411764705882248, 0.000000000000000000 ) ;
#4355 = FACE_OUTER_BOUND ( 'NONE', #1348, .T. ) ;
#4356 = CARTESIAN_POINT ( 'NONE',  ( -6.994634954084934186, 0.2500000000000017764, 0.07851904637053878921 ) ) ;
#4357 = ORIENTED_EDGE ( 'NONE', *, *, #3589, .T. ) ;
#4358 = ORIENTED_EDGE ( 'NONE', *, *, #1039, .T. ) ;
#4359 = CARTESIAN_POINT ( 'NONE',  ( -7.049999999999997158, 0.3250000000000017319, 1.165000000000000036 ) ) ;
#4360 =( NAMED_UNIT ( * ) PLANE_ANGLE_UNIT ( ) SI_UNIT ( $, .RADIAN. ) );
#4361 = SURFACE_STYLE_FILL_AREA ( #293 ) ;
#4362 = PRESENTATION_STYLE_ASSIGNMENT (( #3986 ) ) ;
#4363 = ORIENTED_EDGE ( 'NONE', *, *, #316, .F. ) ;
#4364 = UNCERTAINTY_MEASURE_WITH_UNIT (LENGTH_MEASURE( 1.000000000000000082E-05 ), #3859, 'distance_accuracy_value', 'NONE');
#4365 = CIRCLE ( 'NONE', #3988, 0.07499999999999998335 ) ;
#4366 = CARTESIAN_POINT ( 'NONE',  ( -6.849999999999996980, -4.299999999999999822, 1.239999999999999991 ) ) ;
#4367 = CARTESIAN_POINT ( 'NONE',  ( 2.495000000000002327, -3.919999999999999929, 0.2050000000000001821 ) ) ;
#4368 = B_SPLINE_CURVE_WITH_KNOTS ( 'NONE', 3,
 ( #4040, #956, #2312, #1936 ),
 .UNSPECIFIED., .F., .F.,
 ( 4, 4 ),
 ( 0.04774454489276273167, 0.9522034088602485680 ),
 .UNSPECIFIED. ) ;
#4369 = VECTOR ( 'NONE', #1256, 1000.000000000000000 ) ;
#4370 = CIRCLE ( 'NONE', #2762, 0.07499999999999998335 ) ;
#4371 = EDGE_CURVE ( 'NONE', #727, #1294, #666, .T. ) ;
#4372 = CARTESIAN_POINT ( 'NONE',  ( 0.5050000000000024469, -7.299999999999998934, 0.2050000000000001821 ) ) ;
#4373 = AXIS2_PLACEMENT_3D ( 'NONE', #298, #4412, #2656 ) ;
#4374 = ORIENTED_EDGE ( 'NONE', *, *, #573, .T. ) ;
#4375 = DIRECTION ( 'NONE',  ( 1.000000000000000000, -0.000000000000000000, -0.000000000000000000 ) ) ;
#4376 = STYLED_ITEM ( 'NONE', ( #1974 ), #3097 ) ;
#4377 = EDGE_CURVE ( 'NONE', #3277, #2729, #338, .T. ) ;
#4378 = PRESENTATION_STYLE_ASSIGNMENT (( #2988 ) ) ;
#4379 = CARTESIAN_POINT ( 'NONE',  ( -6.974999999999996980, 2.062500000000001332, 0.000000000000000000 ) ) ;
#4380 = ORIENTED_EDGE ( 'NONE', *, *, #3006, .F. ) ;
#4381 = ORIENTED_EDGE ( 'NONE', *, *, #2446, .F. ) ;
#4382 = PRESENTATION_STYLE_ASSIGNMENT (( #2995 ) ) ;
#4383 =( NAMED_UNIT ( * ) PLANE_ANGLE_UNIT ( ) SI_UNIT ( $, .RADIAN. ) );
#4384 = ORIENTED_EDGE ( 'NONE', *, *, #2160, .F. ) ;
#4385 = CARTESIAN_POINT ( 'NONE',  ( 0.5050000000000024469, -7.299999999999998934, -0.2049999999999997935 ) ) ;
#4386 = SURFACE_STYLE_USAGE ( .BOTH. , #1599 ) ;
#4387 = FACE_OUTER_BOUND ( 'NONE', #1250, .T. ) ;
#4388 = STYLED_ITEM ( 'NONE', ( #967 ), #700 ) ;
#4389 = DIRECTION ( 'NONE',  ( 1.000000000000000000, -0.000000000000000000, -0.000000000000000000 ) ) ;
#4390 = LINE ( 'NONE', #2591, #519 ) ;
#4391 = CIRCLE ( 'NONE', #1332, 0.07499999999999998335 ) ;
#4392 = ORIENTED_EDGE ( 'NONE', *, *, #2773, .T. ) ;
#4393 = FILL_AREA_STYLE ('',( #2961 ) ) ;
#4394 = DIRECTION ( 'NONE',  ( 0.000000000000000000, -1.000000000000000000, 0.000000000000000000 ) ) ;
#4395 = SURFACE_STYLE_FILL_AREA ( #3409 ) ;
#4396 = MECHANICAL_DESIGN_GEOMETRIC_PRESENTATION_REPRESENTATION (  '', ( #1689 ), #1258 ) ;
#4397 = VERTEX_POINT ( 'NONE', #2447 ) ;
#4398 = MECHANICAL_DESIGN_GEOMETRIC_PRESENTATION_REPRESENTATION (  '', ( #1837 ), #1264 ) ;
#4399 = VECTOR ( 'NONE', #1922, 1000.000000000000000 ) ;
#4400 = ORIENTED_EDGE ( 'NONE', *, *, #2646, .T. ) ;
#4401 = ADVANCED_FACE ( 'NONE', ( #4491 ), #2741, .T. ) ;
#4402 = MECHANICAL_DESIGN_GEOMETRIC_PRESENTATION_REPRESENTATION (  '', ( #3022 ), #3024 ) ;
#4403 = CARTESIAN_POINT ( 'NONE',  ( -7.049999999999997158, 0.3250054494217260448, -0.07526951023559697029 ) ) ;
#4404 = SURFACE_STYLE_FILL_AREA ( #254 ) ;
#4405 = VERTEX_POINT ( 'NONE', #1152 ) ;
#4406 = ADVANCED_FACE ( 'NONE', ( #502 ), #1465, .F. ) ;
#4407 = SURFACE_SIDE_STYLE ('',( #3019 ) ) ;
#4408 = SURFACE_STYLE_FILL_AREA ( #596 ) ;
#4409 = PRESENTATION_LAYER_ASSIGNMENT (  '', '', ( #1921 ) ) ;
#4410 = PLANE ( 'NONE',  #1520 ) ;
#4411 = FACE_OUTER_BOUND ( 'NONE', #1817, .T. ) ;
#4412 = DIRECTION ( 'NONE',  ( -1.000000000000000000, 0.000000000000000000, 0.000000000000000000 ) ) ;
#4413 = VECTOR ( 'NONE', #2138, 1000.000000000000000 ) ;
#4414 = CARTESIAN_POINT ( 'NONE',  ( -5.554999999999997051, 0.000000000000000000, 1.165000000000000036 ) ) ;
#4415 = AXIS2_PLACEMENT_3D ( 'NONE', #591, #883, #3712 ) ;
#4416 = ORIENTED_EDGE ( 'NONE', *, *, #1527, .F. ) ;
#4417 = CARTESIAN_POINT ( 'NONE',  ( -6.501585458126678319, 3.408724713982098642, 1.215255740241304894 ) ) ;
#4418 = SURFACE_STYLE_USAGE ( .BOTH. , #4116 ) ;
#4419 = LINE ( 'NONE', #612, #1998 ) ;
#4420 = VERTEX_POINT ( 'NONE', #841 ) ;
#4421 = COLOUR_RGB ( '',1.000000000000000000, 0.000000000000000000, 0.000000000000000000 ) ;
#4422 = ORIENTED_EDGE ( 'NONE', *, *, #2446, .T. ) ;
#4423 = SURFACE_SIDE_STYLE ('',( #14 ) ) ;
#4424 = DIRECTION ( 'NONE',  ( -0.000000000000000000, 1.000000000000000000, -0.000000000000000000 ) ) ;
#4425 = SURFACE_STYLE_FILL_AREA ( #592 ) ;
#4426 = ORIENTED_EDGE ( 'NONE', *, *, #4176, .F. ) ;
#4427 =( NAMED_UNIT ( * ) PLANE_ANGLE_UNIT ( ) SI_UNIT ( $, .RADIAN. ) );
#4428 = CARTESIAN_POINT ( 'NONE',  ( 2.495000000000002327, -3.919999999999999929, -0.2049999999999997935 ) ) ;
#4429 = ADVANCED_FACE ( 'NONE', ( #2214 ), #3241, .T. ) ;
#4430 =( NAMED_UNIT ( * ) SI_UNIT ( $, .STERADIAN. ) SOLID_ANGLE_UNIT ( ) );
#4431 = COLOUR_RGB ( '',1.000000000000000000, 0.000000000000000000, 0.000000000000000000 ) ;
#4432 = DIRECTION ( 'NONE',  ( 0.000000000000000000, 1.000000000000000000, 0.000000000000000000 ) ) ;
#4433 = DIRECTION ( 'NONE',  ( 0.000000000000000000, 1.000000000000000000, 0.000000000000000000 ) ) ;
#4434 = PRESENTATION_STYLE_ASSIGNMENT (( #979 ) ) ;
#4435 = PLANE ( 'NONE',  #145 ) ;
#4436 = CARTESIAN_POINT ( 'NONE',  ( -6.824918957650353057, 3.409205361409903379, 1.215245626795873557 ) ) ;
#4437 = LINE ( 'NONE', #4093, #1619 ) ;
#4438 = VECTOR ( 'NONE', #1725, 1000.000000000000000 ) ;
#4439 = CARTESIAN_POINT ( 'NONE',  ( -6.028333332969586955, 3.352362337363691047, -1.239999999999999991 ) ) ;
#4440 = FILL_AREA_STYLE_COLOUR ( '', #1141 ) ;
#4441 = FILL_AREA_STYLE_COLOUR ( '', #3912 ) ;
#4442 = VECTOR ( 'NONE', #3357, 1000.000000000000000 ) ;
#4443 = ORIENTED_EDGE ( 'NONE', *, *, #3528, .F. ) ;
#4444 = ORIENTED_EDGE ( 'NONE', *, *, #3258, .T. ) ;
#4445 = UNCERTAINTY_MEASURE_WITH_UNIT (LENGTH_MEASURE( 1.000000000000000082E-05 ), #2168, 'distance_accuracy_value', 'NONE');
#4446 = STYLED_ITEM ( 'NONE', ( #3650 ), #4237 ) ;
#4447 =( NAMED_UNIT ( * ) SI_UNIT ( $, .STERADIAN. ) SOLID_ANGLE_UNIT ( ) );
#4448 = PRESENTATION_LAYER_ASSIGNMENT (  '', '', ( #21 ) ) ;
#4449 = ORIENTED_EDGE ( 'NONE', *, *, #3955, .T. ) ;
#4450 = ADVANCED_FACE ( 'NONE', ( #3879 ), #3538, .F. ) ;
#4451 = FILL_AREA_STYLE_COLOUR ( '', #1876 ) ;
#4452 =( LENGTH_UNIT ( ) NAMED_UNIT ( * ) SI_UNIT ( .MILLI., .METRE. ) );
#4453 =( NAMED_UNIT ( * ) SI_UNIT ( $, .STERADIAN. ) SOLID_ANGLE_UNIT ( ) );
#4454 = SURFACE_STYLE_USAGE ( .BOTH. , #3068 ) ;
#4455 = DIRECTION ( 'NONE',  ( -0.000000000000000000, 0.000000000000000000, 1.000000000000000000 ) ) ;
#4456 = LINE ( 'NONE', #4075, #3738 ) ;
#4457 = SURFACE_STYLE_FILL_AREA ( #1631 ) ;
#4458 = MECHANICAL_DESIGN_GEOMETRIC_PRESENTATION_REPRESENTATION (  '', ( #768 ), #1121 ) ;
#4459 = COLOUR_RGB ( '',1.000000000000000000, 0.000000000000000000, 0.000000000000000000 ) ;
#4460 =( NAMED_UNIT ( * ) SI_UNIT ( $, .STERADIAN. ) SOLID_ANGLE_UNIT ( ) );
#4461 = LINE ( 'NONE', #3524, #978 ) ;
#4462 = DIRECTION ( 'NONE',  ( 1.000000000000000000, 0.000000000000000000, 0.000000000000000000 ) ) ;
#4463 = CARTESIAN_POINT ( 'NONE',  ( 6.850000000000000533, -4.299999999999999822, -0.8750000000000000000 ) ) ;
#4464 = SURFACE_STYLE_FILL_AREA ( #3079 ) ;
#4465 = VECTOR ( 'NONE', #1480, 1000.000000000000000 ) ;
#4466 = COLOUR_RGB ( '',1.000000000000000000, 0.000000000000000000, 0.000000000000000000 ) ;
#4467 = EDGE_LOOP ( 'NONE', ( #224, #3721, #1142, #3053 ) ) ;
#4468 = MECHANICAL_DESIGN_GEOMETRIC_PRESENTATION_REPRESENTATION (  '', ( #3888 ), #847 ) ;
#4469 = CARTESIAN_POINT ( 'NONE',  ( 3.005000000000002558, -7.299999999999998934, -0.2049999999999997935 ) ) ;
#4470 =( NAMED_UNIT ( * ) SI_UNIT ( $, .STERADIAN. ) SOLID_ANGLE_UNIT ( ) );
#4471 =( NAMED_UNIT ( * ) PLANE_ANGLE_UNIT ( ) SI_UNIT ( $, .RADIAN. ) );
#4472 = SURFACE_SIDE_STYLE ('',( #2705 ) ) ;
#4473 =( GEOMETRIC_REPRESENTATION_CONTEXT ( 3 ) GLOBAL_UNCERTAINTY_ASSIGNED_CONTEXT ( ( #2151 ) ) GLOBAL_UNIT_ASSIGNED_CONTEXT ( ( #4240, #398, #3164 ) ) REPRESENTATION_CONTEXT ( 'NONE', 'WORKASPACE' ) );
#4474 = FILL_AREA_STYLE ('',( #626 ) ) ;
#4475 = ADVANCED_FACE ( 'NONE', ( #1931 ), #2652, .F. ) ;
#4476 = FACE_OUTER_BOUND ( 'NONE', #2136, .T. ) ;
#4477 = DIRECTION ( 'NONE',  ( -1.000000000000000000, 0.000000000000000000, 0.000000000000000000 ) ) ;
#4478 = CARTESIAN_POINT ( 'NONE',  ( -6.974999999999996980, 0.000000000000000000, 1.165000000000000036 ) ) ;
#4479 = VECTOR ( 'NONE', #2449, 1000.000000000000000 ) ;
#4480 = EDGE_CURVE ( 'NONE', #3277, #752, #4036, .T. ) ;
#4481 = DIRECTION ( 'NONE',  ( 1.000000000000000000, 0.000000000000000000, 0.000000000000000000 ) ) ;
#4482 = ORIENTED_EDGE ( 'NONE', *, *, #2837, .F. ) ;
#4483 = LINE ( 'NONE', #2752, #474 ) ;
#4484 = UNCERTAINTY_MEASURE_WITH_UNIT (LENGTH_MEASURE( 1.000000000000000082E-05 ), #1877, 'distance_accuracy_value', 'NONE');
#4485 = CARTESIAN_POINT ( 'NONE',  ( -5.554999999999997051, -2.062499999999998224, 0.000000000000000000 ) ) ;
#4486 = EDGE_LOOP ( 'NONE', ( #3463, #128, #378, #1947 ) ) ;
#4487 = SURFACE_STYLE_USAGE ( .BOTH. , #380 ) ;
#4488 = DIRECTION ( 'NONE',  ( 1.000000000000000000, -0.000000000000000000, -0.000000000000000000 ) ) ;
#4489 = DIRECTION ( 'NONE',  ( 0.000000000000000000, 1.000000000000000000, 0.000000000000000000 ) ) ;
#4490 = ORIENTED_EDGE ( 'NONE', *, *, #2946, .F. ) ;
#4491 = FACE_OUTER_BOUND ( 'NONE', #715, .T. ) ;
ENDSEC;
END-ISO-10303-21;
